core_id,core,odd,fives,turns,residual
1,126953125,13,10,352647,205
2,1953125,1,9,5425,125
3,1171875,3,8,3255,75
4,28228759765625,37,17,78413221571,65
5,28564453125,117,12,79345703,45
6,299072265625,49,14,830756293,145
7,40283203125,33,13,111897786,165
8,306396484375,251,13,851101345,175
9,3564453125,73,11,9901258,245
10,34912109375,143,12,96978081,215
11,118408203125,97,13,328911675,125
12,196533203125,161,13,545925564,85
13,16357421875,67,12,45437282,355
14,52490234375,43,13,145806206,215
15,262451171875,43,14,729031032,355
16,60791015625,249,12,168863932,105
17,531005859375,87,14,1475016276,15
18,93994140625,77,13,261094835,25
19,3857421875,79,11,10715060,275
20,81787109375,67,13,227186414,335
21,189208984375,31,14,525580512,55
22,4345703125,89,11,12071397,205
23,11474609375,47,12,31873914,335
24,36376953125,149,12,101047092,5
25,1275634765625,209,14,3543429904,185
26,177001953125,29,14,491672092,5
27,7659912109375,251,15,21277533637,55
28,201416015625,33,14,559488932,105
29,4638671875,19,12,12885199,235
30,1519775390625,249,14,4221598307,105
31,47607421875,39,13,132242838,195
32,6103515625,1,14,16954210,25
33,5908203125,121,11,16411675,125
34,823974609375,27,15,2288818359,135
35,4150390625,17,12,11528862,305
36,174560546875,143,13,484890407,355
37,32958984375,27,13,91552734,135
38,820159912109375,43,19,2278221978081,215
39,41748046875,171,12,115966796,315
40,184326171875,151,13,512017144,35
41,84228515625,69,13,233968098,345
42,20751953125,17,13,57644314,85
43,4833984375,99,11,13427734,135
44,57373046875,47,13,159369574,235
45,61767578125,253,12,171576605,325
46,86669921875,71,13,240749782,355
47,26611328125,109,12,73920355,325
48,5712890625,117,11,15869140,225
49,849609375,87,10,2360026,15
50,518798828125,17,15,1441107855,325
51,5419921875,111,11,15055338,195
52,20263671875,83,12,56287977,155
53,1043701171875,171,14,2899169921,315
54,4302978515625,141,15,11952718098,345
55,33447265625,137,12,92909071,65
56,18310546875,3,14,50862630,75
57,123291015625,101,13,342475043,145
58,2001953125,41,11,5560980,325
59,736236572265625,193,18,2045101589626,265
60,29754638671875,39,17,82651774088,195
61,5810546875,119,11,16140407,355
62,1324462890625,217,14,3679063585,25
63,408935546875,67,14,1135932074,235
64,6011962890625,197,15,16699896918,145
65,498046875,51,10,1383463,195
66,169677734375,139,13,471327039,335
67,458984375,47,10,1274956,215
68,289306640625,237,13,803629557,105
69,4052734375,83,11,11257595,175
70,5126953125,21,12,14241536,165
71,2392578125,49,11,6646050,125
72,233154296875,191,13,647650824,235
73,457763671875,3,16,1271565755,75
74,1397705078125,229,14,3882514105,325
75,909423828125,149,14,2526177300,125
76,13671875,7,9,37977,155
77,390625,1,8,1085,25
78,677490234375,111,14,1881917317,255
79,37109375,19,9,103081,215
80,32196044921875,211,16,89433458116,115
81,6396484375,131,11,17768012,55
82,634765625,13,11,1763237,305
83,3076171875,63,11,8544921,315
84,53955078125,221,12,149875217,5
85,277099609375,227,13,769721137,55
86,177764892578125,233,17,493791368272,205
87,49072265625,201,12,136311848,345
88,145263671875,119,13,403510199,235
89,3369140625,69,11,9358723,345
90,225830078125,37,14,627305772,205
91,7080078125,29,12,19666883,245
92,3662109375,3,13,10172526,15
93,3271484375,67,11,9087456,215
94,62255859375,51,13,172932942,255
95,9002685546875,59,16,25007459852,155
96,2783203125,57,11,7731119,285
97,286865234375,47,14,796847873,95
98,264892578125,217,13,735812717,5
99,5859375,3,9,16276,15
100,181884765625,149,13,505235460,25
101,167236328125,137,13,464545355,325
102,1263427734375,207,14,3509521484,135
103,27587890625,113,12,76633029,185
104,25390625,13,9,70529,185
105,34423828125,141,12,95621744,285
106,42724609375,7,14,118679470,175
107,1904296875,39,11,5289713,195
108,80078125,41,9,222439,85
109,3955078125,81,11,10986328,45
110,42236328125,173,12,117323133,245
111,1202392578125,197,14,3339979383,245
112,8642578125,177,11,24007161,165
113,6201171875,127,11,17225477,155
114,1483154296875,243,14,4119873046,315
115,54931640625,9,14,152587890,225
116,1080322265625,177,14,3000895182,105
117,7763671875,159,11,21565755,75
118,25146484375,103,12,69851345,175
119,3814697265625,1,18,10596381293,145
120,848388671875,139,14,2356635199,235
121,701904296875,23,15,1949734157,355
122,22216796875,91,12,61713324,235
123,7421875,19,8,20616,115
124,4547119140625,149,15,12630886501,265
125,2294921875,47,11,6374782,355
126,537109375,11,11,1491970,175
127,79345703125,13,14,220404730,325
128,206298828125,169,13,573052300,125
129,750732421875,123,14,2085367838,195
130,27008056640625,177,16,75022379557,105
131,12451171875,51,12,34586588,195
132,35888671875,147,12,99690755,75
133,283203125,29,10,786675,125
134,52001953125,213,12,144449869,285
135,8251953125,169,11,22922092,5
136,787353515625,129,14,2187093098,345
137,21209716796875,139,16,58915879991,115
138,595703125,61,10,1654730,325
139,37841796875,31,13,105116102,155
140,37078857421875,243,16,102996826171,315
141,6787109375,139,11,18853081,215
142,6640625,17,8,18446,65
143,7177734375,147,11,19938151,15
144,186767578125,153,13,518798828,45
145,5340576171875,7,17,14834933810,275
146,48828125,1,11,135633,245
147,24658203125,101,12,68495008,245
148,279541015625,229,13,776502821,65
149,543212890625,89,14,1508924696,65
150,2587890625,53,11,7188585,25
151,235595703125,193,13,654432508,245
152,7232666015625,237,15,20090738932,105
153,579833984375,19,15,1610649956,215
154,1153564453125,189,14,3204345703,45
155,6317138671875,207,15,17547607421,315
156,19683837890625,129,16,54677327473,345
157,157470703125,129,13,437418619,285
158,1239013671875,203,14,3441704644,35
159,21484375,11,9,59678,295
160,7476806640625,49,16,20768907335,25
161,122833251953125,161,17,341203477647,205
162,9765625,1,10,27126,265
163,32470703125,133,12,90196397,205
164,33935546875,139,12,94265407,355
165,179443359375,147,13,498453776,15
166,198974609375,163,13,552707248,95
167,220947265625,181,13,613742404,185
168,260009765625,213,13,722249348,345
169,830078125,17,11,2305772,205
170,89111328125,73,13,247531467,5
171,43701171875,179,12,121392144,35
172,234375,3,7,651,15
173,4443359375,91,11,12342664,335
174,8544921875,7,13,23735894,35
175,69427490234375,91,17,192854139539,335
176,44921875,23,9,124782,355
177,2613067626953125,137,19,7258521185980,325
178,50048828125,41,13,139024522,205
179,2960205078125,97,15,8222791883,245
180,91552734375,3,15,254313151,15
181,133056640625,109,13,369601779,185
182,51025390625,209,12,141737196,65
183,5224609375,107,11,14512803,295
184,52734375,27,9,146484,135
185,3466796875,71,11,9629991,115
186,1611328125,33,11,4475911,165
187,1708984375,7,12,4747178,295
188,39794921875,163,12,110541449,235
189,281982421875,231,13,783284505,75
190,517578125,53,10,1437717,5
191,28076171875,23,13,77989366,115
192,159912109375,131,13,444200303,295
193,537872314453125,141,18,1494089762369,285
194,530242919921875,139,18,1472896999782,355
195,172119140625,141,13,478108723,345
196,1177978515625,193,14,3272162543,145
197,860595703125,141,14,2390543619,285
198,208740234375,171,13,579833984,135
199,72265625,37,9,200737,305
200,361328125,37,10,1003689,85
201,5517578125,113,11,15326605,325
202,311279296875,51,14,864664713,195
203,19775390625,81,12,54931640,225
204,7373046875,151,11,20480685,275
205,751953125,77,10,2088758,245
206,667572021484375,7,20,1854366726345,175
207,183868408203125,241,17,510745578342,5
208,35400390625,29,13,98334418,145
209,419921875,43,10,1166449,235
210,19359588623046875,203,20,53776635064019,35
211,15106201171875,99,16,41961669921,315
212,18768310546875,123,16,52134195963,195
213,6884765625,141,11,19124348,345
214,52978515625,217,12,147162543,145
215,30029296875,123,12,83414713,195
216,2197265625,9,12,6103515,225
217,38330078125,157,12,106472439,85
218,26702880859375,7,18,74174669053,295
219,247802734375,203,13,688340928,295
220,2978515625,61,11,8273654,185
221,5035400390625,33,16,13987223307,105
222,3082275390625,101,15,8561876085,25
223,301513671875,247,13,837537977,155
224,4736328125,97,11,13156467,5
225,26092529296875,171,16,72479248046,315
226,238037109375,39,14,661214192,255
227,255126953125,209,13,708685980,325
228,5029296875,103,11,13970269,35
229,38818359375,159,12,107828776,15
230,54443359375,223,12,151231553,295
231,51513671875,211,12,143093532,355
232,970458984375,159,14,2695719401,15
233,5828857421875,191,15,16191270616,115
234,230712890625,189,13,640869140,225
235,1336669921875,219,14,3712972005,75
236,131988525390625,173,17,366634792751,265
237,41015625,21,9,113932,105
238,14892578125,61,12,41368272,205
239,61279296875,251,12,170220269,35
240,372314453125,61,14,1034206814,85
241,21240234375,87,12,59000651,15
242,36865234375,151,12,102403428,295
243,37353515625,153,12,103759765,225
244,15869140625,13,13,44080946,65
245,2099609375,43,11,5832248,95
246,478515625,49,10,1329210,25
247,33416748046875,219,16,92824300130,75
248,546875,7,7,1519,35
249,1659393310546875,87,19,4609425862630,75
250,5322265625,109,11,14784071,65
251,6561279296875,43,16,18225775824,235
252,921630859375,151,14,2560085720,175
253,10528564453125,69,16,29246012369,285
254,7171630859375,47,16,19921196831,215
255,15411376953125,101,16,42809380425,125
256,147705078125,121,13,410291883,245
257,39306640625,161,12,109185112,305
258,18798828125,77,12,52218967,5
259,9521484375,39,12,26448567,255
260,164794921875,27,14,457763671,315
261,689697265625,113,14,1915825737,305
262,40771484375,167,12,113254123,95
263,738525390625,121,14,2051459418,145
264,31280517578125,41,17,86890326605,325
265,2734375,7,8,7595,175
266,19989013671875,131,16,55525037977,155
267,56884765625,233,12,158013237,305
268,3759765625,77,11,10443793,145
269,3125,1,5,8,245
270,10986328125,9,13,30517578,45
271,47119140625,193,12,130886501,265
272,7415771484375,243,15,20599365234,135
273,302734375,31,10,840928,295
274,50537109375,207,12,140380859,135
275,17333984375,71,12,48149956,215
276,23651123046875,31,17,65697564019,35
277,3021240234375,99,15,8392333984,135
278,224609375,23,10,623914,335
279,48583984375,199,12,134955512,55
280,4296875,11,8,11935,275
281,60546875,31,9,168185,275
282,380859375,39,10,1057942,255
283,5523681640625,181,15,15343560112,305
284,23193359375,19,13,64425998,95
285,791015625,81,10,2197265,225
286,1287841796875,211,14,3577338324,235
287,19287109375,79,12,53575303,295
288,1300048828125,213,14,3611246744,285
289,272216796875,223,13,756157769,35
290,34637451171875,227,16,96215142144,35
291,284423828125,233,13,790066189,85
292,33203125,17,9,92230,325
293,31005859375,127,12,86127387,55
294,269775390625,221,13,749376085,25
295,142822265625,117,13,396728515,225
296,31494140625,129,12,87483723,345
297,1214599609375,199,14,3373887803,295
298,4931640625,101,11,13699001,265
299,45654296875,187,12,126817491,115
300,1226806640625,201,14,3407796223,345
301,1092529296875,179,14,3034803602,155
302,703125,9,7,1953,45
303,245361328125,201,13,681559244,285
304,31982421875,131,12,88840060,275
305,1434326171875,47,15,3984239366,115
306,5950927734375,39,16,16530354817,255
307,46630859375,191,12,129530164,335
308,296630859375,243,13,823974609,135
309,29052734375,119,12,80702039,335
310,30517578125,1,15,84771050,125
311,191497802734375,251,17,531938340928,295
312,185546875,19,10,515407,355
313,223388671875,183,13,620524088,195
314,43212890625,177,12,120035807,105
315,69580078125,57,13,193277994,285
316,78125,1,7,217,5
317,958251953125,157,14,2661810980,325
318,3509521484375,23,16,9748670789,335
319,216064453125,177,13,600179036,165
320,67138671875,11,14,186496310,275
321,545501708984375,143,18,1515282524956,215
322,68359375,7,10,189887,55
323,250244140625,41,14,695122612,305
324,526905059814453125,221,22,1463625166151258,245
325,576171875,59,10,1600477,155
326,257568359375,211,13,715467664,335
327,673828125,69,10,1871744,285
328,439453125,9,11,1220703,45
329,1806640625,37,11,5018446,65
330,120849609375,99,13,335693359,135
331,8984375,23,8,24956,215
332,111083984375,91,13,308566623,95
333,4248046875,87,11,11800130,75
334,1141357421875,187,14,3170437282,355
335,6298828125,129,11,17496744,285
336,3753662109375,123,15,10426839192,255
337,654296875,67,10,1817491,115
338,16021728515625,21,17,44504801432,105
339,5767822265625,189,15,16021728515,225
340,4608154296875,151,15,12800428602,155
341,56396484375,231,12,156656901,15
342,135498046875,111,13,376383463,195
343,308837890625,253,13,857883029,185
344,322265625,33,10,895182,105
345,16880035400390625,177,20,46888987223307,105
346,1123046875,23,11,3119574,235
347,712890625,73,10,1980251,265
348,83984375,43,9,233289,335
349,1513671875,31,11,4204644,35
350,58837890625,241,12,163438585,25
351,162353515625,133,13,450981987,305
352,263671875,27,10,732421,315
353,341796875,7,11,949435,275
354,12939453125,53,12,35942925,125
355,592041015625,97,14,1644558376,265
356,58349609375,239,12,162082248,95
357,885009765625,29,15,2458360460,25
358,5615234375,23,12,15597873,95
359,17578125,9,9,48828,45
360,44677734375,183,12,124104817,255
361,2655029296875,87,15,7375081380,75
362,17822265625,73,12,49506293,145
363,12969970703125,17,17,36027696397,205
364,294189453125,241,13,817192925,125
365,1025390625,21,11,2848307,105
366,5279541015625,173,15,14665391710,25
367,21514892578125,141,16,59763590494,285
368,45166015625,37,13,125461154,185
369,38909912109375,51,17,108083089192,255
370,108642578125,89,13,301784939,85
371,949859619140625,249,18,2638498942057,105
372,10498046875,43,12,29161241,115
373,1458740234375,239,14,4052056206,215
374,110626220703125,29,18,307295057508,245
375,21728515625,89,12,60356987,305
376,2880859375,59,11,8002387,55
377,3173828125,13,12,8816189,85
378,6744384765625,221,15,18734402126,265
379,1031494140625,169,14,2865261501,265
380,506591796875,83,14,1407199435,275
381,53466796875,219,12,148518880,75
382,9033203125,37,12,25092230,325
383,55419921875,227,12,153944227,155
384,22705078125,93,12,63069661,165
385,146484375,3,11,406901,15
386,74462890625,61,13,206841362,305
387,615234375,63,10,1708984,135
388,244140625,1,12,678168,145
389,7293701171875,239,15,20260281032,355
390,7666015625,157,11,21294487,305
391,41259765625,169,12,114610460,25
392,213623046875,7,15,593397352,155
393,2685546875,11,12,7459852,155
394,1316070556640625,69,19,3655751546223,345
395,102996826171875,27,18,286102294921,315
396,32806396484375,43,17,91128879123,95
397,10009765625,41,12,27804904,185
398,6494140625,133,11,18039279,185
399,27923583984375,183,16,77565511067,255
400,166015625,17,10,461154,185
401,1409912109375,231,14,3916422526,15
402,6005859375,123,11,16682942,255
403,55908203125,229,12,155300564,85
404,1104736328125,181,14,3068712022,205
405,555419921875,91,14,1542833116,115
406,57861328125,237,12,160725911,165
407,726318359375,119,14,2017550998,95
408,59814453125,49,13,166151258,245
409,775146484375,127,14,2153184678,295
410,1556396484375,51,15,4323323567,255
411,15926361083984375,167,20,44239891899956,215
412,6622314453125,217,15,18395317925,125
413,46142578125,189,12,128173828,45
414,14404296875,59,12,40011935,275
415,191650390625,157,13,532362196,65
416,1470947265625,241,14,4085964626,265
417,16845703125,69,12,46793619,285
418,113525390625,93,13,315348307,105
419,2490234375,51,11,6917317,255
420,7861328125,161,11,21837022,205
421,211181640625,173,13,586615668,145
422,145721435546875,191,17,404781765407,355
423,24261474609375,159,16,67392985026,15
424,106201171875,87,13,295003255,75
425,2777099609375,91,15,7714165581,215
426,11328125,29,8,31467,5
427,11962890625,49,12,33230251,265
428,7598876953125,249,15,21107991536,165
429,27099609375,111,12,75276692,255
430,2765655517578125,29,20,7682376437717,5
431,27618408203125,181,16,76717800564,85
432,4364013671875,143,15,12122260199,235
433,933837890625,153,14,2593994140,225
434,34332275390625,9,18,95367431640,225
435,96435546875,79,13,267876519,35
436,130615234375,107,13,362820095,175
437,17547607421875,23,17,48743353949,235
438,1220703125,1,13,3390842,5
439,6439208984375,211,15,17886691623,95
440,799560546875,131,14,2221001519,35
441,556640625,57,10,1546223,345
442,48095703125,197,12,133599175,125
443,247955322265625,13,19,688764784071,65
444,1251220703125,41,15,3475613064,85
445,240478515625,197,13,667995876,265
446,186920166015625,49,18,519222683376,265
447,303955078125,249,13,844319661,165
448,1507568359375,247,14,4187689887,55
449,771484375,79,10,2143012,55
450,2574920654296875,27,20,7152557373046,315
451,732421875,3,12,2034505,75
452,3631591796875,119,15,10087754991,115
453,836181640625,137,14,2322726779,185
454,5218505859375,171,15,14495849609,135
455,164031982421875,43,18,455644395616,115
456,714111328125,117,14,1983642578,45
457,4425048828125,29,16,12291802300,125
458,228271484375,187,13,634087456,215
459,6866455078125,9,17,19073486328,45
460,29296875,3,10,81380,75
461,946044921875,31,15,2627902560,275
462,24169921875,99,12,67138671,315
463,113677978515625,149,17,315772162543,145
464,5078125,13,8,14105,325
465,1544189453125,253,14,4289415147,205
466,25634765625,21,13,71207682,105
467,1983642578125,13,16,5510118272,205
468,49560546875,203,12,137668185,275
469,11749267578125,77,16,32636854383,245
470,6195068359375,203,15,17208523220,175
471,148773193359375,39,18,413258870442,255
472,5645751953125,37,16,15682644314,85
473,26123046875,107,12,72564019,35
474,14495849609375,19,17,40266248914,335
475,888671875,91,10,2468532,355
476,4541015625,93,11,12613932,105
477,13580322265625,89,16,37723117404,185
478,76171875,39,9,211588,195
479,60302734375,247,12,167507595,175
480,137939453125,113,13,383165147,205
481,1055908203125,173,14,2933078342,5
482,1312255859375,43,15,3645155164,335
483,156402587890625,41,18,434451633029,185
484,872802734375,143,14,2424452039,335
485,2918243408203125,153,19,8106231689453,45
486,107421875,11,10,298394,35
487,7568359375,31,12,21023220,175
488,28839111328125,189,16,80108642578,45
489,3515625,9,8,9765,225
490,8203125,21,8,22786,165
491,1190185546875,39,15,3306070963,195
492,3936767578125,129,15,10935465494,285
493,44189453125,181,12,122748480,325
494,13885498046875,91,16,38570827907,355
495,55694580078125,73,17,154707166883,245
496,4913330078125,161,15,13648139105,325
497,252685546875,207,13,701904296,315
498,1361083984375,223,14,3780788845,175
499,15716552734375,103,16,43657090928,295
500,9375,3,5,26,15
501,67901611328125,89,17,188615587022,205
502,74005126953125,97,17,205569797092,5
503,15625,1,6,43,145
504,994873046875,163,14,2763536241,115
505,64453125,33,9,179036,165
506,400390625,41,10,1112196,65
507,242919921875,199,13,674777560,275
508,1446533203125,237,14,4018147786,165
509,982666015625,161,14,2729627821,65
510,29541015625,121,12,82058376,265
511,6982421875,143,11,19395616,115
512,34942626953125,229,16,97062852647,205
513,438690185546875,23,19,1218583848741,115
514,3570556640625,117,15,9918212890,225
515,76904296875,63,13,213623046,315
516,87738037109375,23,18,243716769748,95
517,20599365234375,27,17,57220458984,135
518,189971923828125,249,17,527699788411,165
519,640869140625,21,15,1780192057,105
520,218505859375,179,13,606960720,175
521,10013580322265625,21,21,27815500895182,105
522,56640625,29,9,157335,25
523,267333984375,219,13,742594401,15
524,155029296875,127,13,430636935,275
525,31890869140625,209,16,88585747612,305
526,130462646484375,171,17,362396240234,135
527,7537841796875,247,15,20938449435,275
528,291748046875,239,13,810411241,115
529,1007080078125,33,15,2797444661,165
530,64697265625,53,13,179714626,265
531,1773834228515625,93,19,4927317301432,105
532,101318359375,83,13,281439887,55
533,1416015625,29,11,3933376,265
534,6500244140625,213,15,18056233723,345
535,2716064453125,89,15,7544623480,325
536,810546875,83,10,2251519,35
537,8349609375,171,11,23193359,135
538,4241943359375,139,15,11783175998,95
539,4791259765625,157,15,13309054904,185
540,274658203125,9,15,762939453,45
541,4486083984375,147,15,12461344401,15
542,23345947265625,153,16,64849853515,225
543,13427734375,11,13,37299262,55
544,135040283203125,177,17,375111897786,165
545,23681640625,97,12,65782335,25
546,29144287109375,191,16,80956353081,215
547,46875,3,6,130,75
548,9822845458984375,103,20,27285681830512,55
549,125885009765625,33,18,349680582682,105
550,8392333984375,11,17,23312038845,175
551,168609619140625,221,17,468360053168,145
552,628662109375,103,14,1746283637,55
553,30059814453125,197,16,83499484592,5
554,6988525390625,229,15,19412570529,185
555,5401611328125,177,15,15004475911,165
556,396728515625,13,15,1102023654,185
557,897216796875,147,14,2492268880,75
558,87890625,9,10,244140,225
559,1385498046875,227,14,3848605685,275
560,3326416015625,109,15,9240044487,305
561,136566162109375,179,17,379350450303,295
562,455379486083984375,191,22,1264943016899956,215
563,36773681640625,241,16,102149115668,145
564,3204345703125,21,16,8900960286,165
565,55789947509765625,117,21,154972076416015,225
566,41961669921875,11,18,116560194227,155
567,705718994140625,37,19,1960330539279,185
568,653076171875,107,14,1814100477,155
569,1165771484375,191,14,3238254123,95
570,1531982421875,251,14,4255506727,155
571,675201416015625,177,18,1875559488932,105
572,6256103515625,41,16,17378065321,65
573,927734375,19,11,2577039,335
574,6927490234375,227,15,19243028428,295
575,140380859375,23,14,389946831,215
576,5462646484375,179,15,15174018012,55
577,2105712890625,69,15,5849202473,345
578,347900390625,57,14,966389973,345
579,6683349609375,219,15,18564860026,15
580,2460479736328125,129,19,6834665934244,285
581,3875732421875,127,15,10765923394,35
582,194091796875,159,13,539143880,75
583,1129150390625,37,15,3136528862,305
584,6591796875,27,12,18310546,315
585,6072998046875,199,15,16869439019,35
586,827789306640625,217,18,2299414740668,145
587,869140625,89,10,2414279,185
588,115203857421875,151,17,320010715060,275
589,789642333984375,207,18,2193450927734,135
590,625,1,4,1,265
591,98876953125,81,13,274658203,45
592,150146484375,123,13,417073567,255
593,1348876953125,221,14,3746880425,125
594,7275390625,149,11,20209418,145
595,59326171875,243,12,164794921,315
596,1800537109375,59,15,5001491970,175
597,1019287109375,167,14,2831353081,215
598,4100799560546875,43,20,11391109890407,355
599,30975341796875,203,16,86042616102,155
600,2880096435546875,151,19,8000267876519,35
601,174713134765625,229,17,485314263237,305
602,37384033203125,49,17,103844536675,125
603,25177001953125,33,17,69936116536,165
604,165557861328125,217,17,459882948133,245
605,99609375,51,9,276692,255
606,482177734375,79,14,1339382595,175
607,4180908203125,137,15,11613633897,205
608,15380859375,63,12,42724609,135
609,104427337646484375,219,21,290075937906901,15
610,9130859375,187,11,25363498,95
611,72021484375,59,13,200059678,295
612,8154296875,167,11,22650824,235
613,7354736328125,241,15,20429823133,245
614,13275146484375,87,16,36875406901,15
615,37994384765625,249,16,105539957682,105
616,103759765625,17,14,288221571,65
617,7781982421875,51,16,21616617838,195
618,421142578125,69,14,1169840494,285
619,116729736328125,153,17,324249267578,45
620,23956298828125,157,16,66545274522,205
621,5889892578125,193,15,16360812717,5
622,33111572265625,217,16,91976589626,265
623,494384765625,81,14,1373291015,225
624,193023681640625,253,17,536176893446,65
625,115234375,59,9,320095,175
626,7049560546875,231,15,19582112630,75
627,9423828125,193,11,26177300,125
628,19073486328125,1,19,52981906467,5
629,125732421875,103,13,349256727,155
630,22125244140625,29,17,61459011501,265
631,5584716796875,183,15,15513102213,195
632,205078125,21,10,569661,165
633,9912109375,203,11,27533637,55
634,1318359375,27,11,3662109,135
635,1495361328125,49,15,4153781467,5
636,38299560546875,251,16,106387668185,275
637,4730224609375,31,16,13139512803,295
638,152587890625,1,16,423855251,265
639,4852294921875,159,15,13478597005,75
640,1373291015625,9,16,3814697265,225
641,203857421875,167,13,566270616,115
642,99945068359375,131,17,277625189887,55
643,20904541015625,137,16,58068169487,305
644,7470703125,153,11,20751953,45
645,7110595703125,233,15,19751654730,325
646,804901123046875,211,18,2235836452907,355
647,8056640625,33,12,22379557,105
648,3337860107421875,7,21,9271833631727,155
649,4119873046875,27,16,11444091796,315
650,908203125,93,10,2522786,165
651,4367828369140625,229,19,12132856580946,65
652,32501220703125,213,16,90281168619,285
653,255584716796875,67,18,709957546657,355
654,811767578125,133,14,2254909939,85
655,84686279296875,111,17,235239664713,195
656,347137451171875,91,18,964270697699,235
657,8935546875,183,11,24820963,195
658,128173828125,21,14,356038411,165
659,13916015625,57,12,38655598,345
660,78582763671875,103,17,218285454644,35
661,1068115234375,7,16,2966986762,55
662,665283203125,109,14,1848008897,205
663,6689453125,137,11,18581814,85
664,693359375,71,10,1925998,95
665,86212158203125,113,17,239478217230,325
666,30364990234375,199,16,84347195095,175
667,24871826171875,163,16,69088406032,355
668,859375,11,7,2387,55
669,759124755859375,199,18,2108679877387,55
670,1116943359375,183,14,3102620442,255
671,109195709228515625,229,21,303321414523654,185
672,23040771484375,151,16,64002143012,55
673,121307373046875,159,17,336964925130,75
674,5706787109375,187,15,15852186414,335
675,1010894775390625,53,19,2808041042751,265
676,34027099609375,223,16,94519721137,55
677,124359130859375,163,17,345442030164,335
678,762939453125,1,17,2119276258,245
679,553131103515625,29,19,1536475287543,145
680,445556640625,73,14,1237657335,25
681,16326904296875,107,16,45352511935,275
682,3997802734375,131,15,11105007595,175
683,2193450927734375,23,20,6092919243706,215
684,2410888671875,79,15,6696912977,155
685,3387451171875,111,15,9409586588,195
686,150299072265625,197,17,417497422960,25
687,591278076171875,31,19,1642439100477,155
688,6134033203125,201,15,17038981119,285
689,7958984375,163,11,22108289,335
690,2593994140625,17,16,7205539279,185
691,182342529296875,239,17,506507025824,235
692,10546875,27,8,29296,315
693,63323974609375,83,17,175899929470,175
694,3147125244140625,33,20,8742014567057,105
695,5096435546875,167,15,14156765407,355
696,1103515625,113,10,3065321,65
697,115966796875,19,14,322129991,115
698,2899169921875,19,16,8053249782,355
699,6805419921875,223,15,18903944227,155
700,139617919921875,183,17,387827555338,195
701,107574462890625,141,17,298817952473,345
702,858306884765625,9,20,2384185791015,225
703,37689208984375,247,16,104692247178,295
704,408172607421875,107,18,1133812798394,35
705,17242431640625,113,16,47895643446,65
706,583648681640625,153,18,1621246337890,225
707,179290771484375,47,18,498029920789,335
708,14591217041015625,153,20,40531158447265,225
709,144195556640625,189,17,400543212890,225
710,567626953125,93,14,1576741536,165
711,3108978271484375,163,19,8636050754123,95
712,469970703125,77,14,1305474175,125
713,20294189453125,133,16,56372748480,325
714,49591064453125,13,18,137752956814,85
715,28533935546875,187,16,79260932074,235
716,36468505859375,239,16,101301405164,335
717,27313232421875,179,16,75870090060,275
718,614166259765625,161,18,1706017388237,305
719,323486328125,53,14,898573133,245
720,45013427734375,59,17,125037299262,55
721,2288818359375,3,17,6357828776,15
722,3692626953125,121,15,10257297092,5
723,14801025390625,97,16,41113959418,145
724,35552978515625,233,16,98758273654,185
725,7720947265625,253,15,21447075737,305
726,10107421875,207,11,28076171,315
727,75531005859375,99,17,209808349609,135
728,17852783203125,117,16,49591064453,45
729,36163330078125,237,16,100453694661,165
730,1678466796875,11,16,4662407769,35
731,72479248046875,19,18,201331244574,235
732,60272216796875,79,17,167422824435,275
733,1861572265625,61,15,5171034071,65
734,8697509765625,57,16,24159749348,345
735,4215240478515625,221,19,11709001329210,25
736,2166748046875,71,15,6018744574,235
737,17833709716796875,187,20,49538082546657,355
738,57220458984375,3,19,158945719401,15
739,629425048828125,33,19,1748402913411,165
740,10302734375,211,11,28618706,215
741,598907470703125,157,18,1663631863064,85
742,118255615234375,31,18,328487820095,175
743,2349853515625,77,15,6527370876,265
744,38604736328125,253,16,107235378689,85
745,720977783203125,189,18,2002716064453,45
746,96893310546875,127,17,269148084852,155
747,119781494140625,157,17,332726372612,305
748,35247802734375,231,16,97910563151,15
749,112152099609375,147,17,311533610026,15
750,128936767578125,169,17,358157687717,5
751,24566650390625,161,16,68240695529,185
752,70095062255859375,147,21,194708506266276,15
753,616455078125,101,14,1712375217,5
754,157928466796875,207,17,438690185546,315
755,188446044921875,247,17,523461235894,35
756,1005859375,103,10,2794053,295
757,445842742919921875,187,22,1238452063666449,235
758,1044921875,107,10,2902560,275
759,116825103759765625,49,22,324514177110460,25
760,1422119140625,233,14,3950330946,65
761,4329681396484375,227,19,12026892768012,55
762,21820068359375,143,16,60611300998,95
763,4058837890625,133,15,11274549696,65
764,22430419921875,147,16,62306722005,75
765,18463134765625,121,16,51286485460,25
766,133514404296875,7,19,370873345269,35
767,433349609375,71,14,1203748914,335
768,339508056640625,89,18,943077935112,305
769,30670166015625,201,16,85194905598,345
770,9918212890625,13,17,27550591362,305
771,12664794921875,83,16,35179985894,35
772,947265625,97,10,2631293,145
773,8837890625,181,11,24549696,65
774,4669189453125,153,15,12969970703,45
775,147247314453125,193,17,409020317925,125
776,3833770751953125,201,19,10649363199869,285
777,362396240234375,19,19,1006656222873,95
778,4062652587890625,213,19,11285146077473,345
779,3265380859375,107,15,9070502387,55
780,21457672119140625,9,22,59604644775390,225
781,142669677734375,187,17,396304660373,95
782,2838134765625,93,15,7883707682,105
783,957489013671875,251,18,2659691704644,35
784,522613525390625,137,18,1451704237196,65
785,298023223876953125,1,25,827842288547092,5
786,3143310546875,103,15,8731418185,275
787,16937255859375,111,16,47047932942,255
788,751495361328125,197,18,2087487114800,125
789,415802001953125,109,18,1155005560980,325
790,95367431640625,1,20,264909532335,25
791,109100341796875,143,17,303056504991,115
792,698089599609375,183,18,1939137776692,255
793,14781951904296875,31,21,41060977511935,275
794,98419189453125,129,17,273386637369,285
795,12493133544921875,131,20,34703148735894,35
796,266730785369873046875,179,26,740918848249647352,155
797,3986358642578125,209,19,11073218451605,325
798,11730194091796875,123,20,32583872477213,195
799,2227783203125,73,15,6188286675,125
800,392913818359375,103,18,1091427273220,175
801,153350830078125,201,17,425974527994,285
802,4444122314453125,233,19,12344784206814,85
803,942230224609375,247,18,2617306179470,175
804,194549560546875,51,18,540415445963,195
805,26397705078125,173,16,73326958550,125
806,5157470703125,169,15,14326307508,245
807,33721923828125,221,16,93672010633,245
808,6378173828125,209,15,17717149522,205
809,4863739013671875,51,20,13510386149088,195
810,70953369140625,93,17,197092692057,105
811,2117156982421875,111,19,5880991617838,195
812,12302398681640625,129,20,34173329671223,345
813,9814453125,201,11,27262369,285
814,23937225341796875,251,20,66492292616102,155
815,154876708984375,203,17,430213080512,55
816,865936279296875,227,18,2405378553602,155
817,797271728515625,209,18,2214643690321,65
818,12255859375,251,11,34044053,295
819,926971435546875,243,18,2574920654296,315
820,3528594970703125,37,20,9801652696397,205
821,364780426025390625,153,22,1013278961181640,225
822,1125335693359375,59,19,3125932481553,295
823,1617431640625,53,15,4492865668,145
824,20313262939453125,213,20,56425730387369,285
825,10833740234375,71,16,30093722873,95
826,120639801025390625,253,21,335110558403862,305
827,1739501953125,57,15,4831949869,285
828,604248046875,99,14,1678466796,315
829,11444091796875,3,18,31789143880,75
830,10791015625,221,11,29975043,145
831,4974365234375,163,15,13817681206,215
832,606536865234375,159,18,1684824625651,15
833,104522705078125,137,17,290340847439,85
834,160980224609375,211,17,447167290581,215
835,644683837890625,169,18,1790788438585,25
836,621795654296875,163,18,1727210150824,235
837,170135498046875,223,17,472598605685,275
838,469207763671875,123,18,1303354899088,195
839,162506103515625,213,17,451405843098,345
840,1064453125,109,10,2956814,85
841,209808349609375,11,19,582800971137,55
842,2532958984375,83,15,7035997178,295
843,6961822509765625,73,20,19338395860460,25
844,3448486328125,113,15,9579128689,85
845,25482177734375,167,16,70783827039,335
846,61511993408203125,129,21,170866648356119,285
847,659942626953125,173,18,1833173963758,245
848,335693359375,11,15,932481553,295
849,159454345703125,209,17,442928738064,85
850,2062320709228515625,173,23,5728668636745876,265
851,19378662109375,127,16,53829616970,175
852,31585693359375,207,16,87738037109,135
853,354766845703125,93,18,985463460286,165
854,9228515625,189,11,25634765,225
855,8447265625,173,11,23464626,265
856,904083251953125,237,18,2511342366536,165
857,151824951171875,199,17,421735975477,155
858,22735595703125,149,16,63154432508,245
859,106048583984375,139,17,294579399956,215
860,9326171875,191,11,25906032,355
861,1583099365234375,83,19,4397498236762,55
862,461578369140625,121,18,1282162136501,265
863,4024505615234375,211,19,11179182264539,335
864,90789794921875,119,17,252193874782,355
865,12874603271484375,27,21,35762786865234,135
866,1392364501953125,73,19,3867679172092,5
867,331878662109375,87,18,921885172526,15
868,19931793212890625,209,20,55366092258029,185
869,14972686767578125,157,20,41590796576605,325
870,11138916015625,73,16,30941433376,265
871,3414154052734375,179,19,9483761257595,175
872,576019287109375,151,18,1600053575303,295
873,8087158203125,53,16,22464328342,5
874,2044677734375,67,15,5679660373,95
875,514984130859375,27,19,1430511474609,135
876,3719329833984375,39,20,10331471761067,255
877,972747802734375,51,19,2702077229817,255
878,286102294921875,3,20,794728597005,75
879,48065185546875,63,17,133514404296,315
880,12054443359375,79,16,33484564887,55
881,8740234375,179,11,24278428,295
882,101470947265625,133,17,281863742404,185
883,881195068359375,231,18,2447764078776,15
884,517368316650390625,217,22,1437134212917751,265
885,560760498046875,147,18,1557668050130,75
886,167083740234375,219,17,464121500651,15
887,176239013671875,231,17,489552815755,75
888,180816650390625,237,17,502268473307,105
889,127410888671875,167,17,353919135199,235
890,896453857421875,47,19,2490149603949,235
891,171661376953125,9,19,476837158203,45
892,35858154296875,47,17,99605984157,355
893,51116943359375,67,17,141991509331,215
894,9619140625,197,11,26719835,25
895,109375,7,6,303,295
896,138092041015625,181,17,383589002821,65
897,4482269287109375,47,20,12450748019748,95
898,95703125,49,9,265842,5
899,64849853515625,17,18,180138481987,305
900,850677490234375,223,18,2362993028428,295
901,22983551025390625,241,20,63843197292751,265
902,9357929229736328125,157,24,25994247860378689,85
903,2803802490234375,147,19,7788340250651,15
904,1922607421875,63,15,5340576171,315
905,18787384033203125,197,20,52187177870008,245
906,682830810546875,179,18,1896752251519,35
907,25787353515625,169,16,71631537543,145
908,360107421875,59,14,1000298394,35
909,370025634765625,97,18,1027848985460,25
910,843048095703125,221,18,2341800265842,5
911,2471923828125,81,15,6866455078,45
912,11083984375,227,11,30788845,175
913,9716796875,199,11,26991102,155
914,16632080078125,109,16,46200222439,85
915,9307861328125,61,16,25855170355,325
916,4177093505859375,219,19,11603037516276,15
917,14019012451171875,147,20,38941701253255,75
918,18215179443359375,191,20,50597720675998,95
919,2651214599609375,139,19,7364484998914,335
920,22029876708984375,231,20,61194101969401,15
921,19168853759765625,201,20,53246815999348,345
922,91796875,47,9,254991,115
923,966796875,99,10,2685546,315
924,1850128173828125,97,19,5139244927300,125
925,3223419189453125,169,19,8953942192925,125
926,80108642578125,21,18,222524007161,165
927,1277923583984375,67,19,3549787733289,335
928,225067138671875,59,18,625186496310,275
929,4291534423828125,9,21,11920928955078,45
930,52642822265625,69,17,146230061848,345
931,565052032470703125,237,22,1569588979085286,165
932,3452301025390625,181,19,9589725070529,185
933,5245208740234375,11,21,14570024278428,295
934,3871917724609375,203,19,10755327012803,295
935,499725341796875,131,18,1388125949435,275
936,74863433837890625,157,21,207953982883029,185
937,43487548828125,57,17,120798746744,285
938,9613037109375,63,16,26702880859,135
939,21839141845703125,229,20,60664282904730,325
940,11865234375,243,11,32958984,135
941,400543212890625,21,19,1112620035807,105
942,89263916015625,117,17,247955322265,225
943,476837158203125,1,21,1324547661675,125
944,12359619140625,81,16,34332275390,225
945,453948974609375,119,18,1260969373914,335
946,14190673828125,93,16,39418538411,165
947,207424163818359375,87,22,576178232828776,15
948,173187255859375,227,17,481075710720,175
949,8296966552734375,87,20,23047129313151,15
950,221729278564453125,93,22,615914662679036,165
951,4673004150390625,49,20,12980567084418,145
952,3185272216796875,167,19,8847978379991,115
953,4558563232421875,239,19,12662675645616,115
954,1657009124755859375,139,23,4602803124321831,215
955,92315673828125,121,17,256432427300,125
956,185394287109375,243,17,514984130859,135
957,20122528076171875,211,20,55895911322699,235
958,22411346435546875,47,21,62253740098741,115
959,58746337890625,77,17,163184271918,145
960,9250640869140625,97,20,25696224636501,265
961,2841949462890625,149,19,7894304063585,25
962,11539459228515625,121,20,32054053412543,145
963,30994415283203125,13,22,86095598008897,205
964,384521484375,63,14,1068115234,135
965,10223388671875,67,16,28398301866,115
966,3681182861328125,193,19,10225507948133,245
967,1926422119140625,101,19,5351172553168,145
968,3299713134765625,173,19,9165869818793,145
969,77056884765625,101,17,214046902126,265
970,23746490478515625,249,20,65962473551432,105
971,431537628173828125,181,22,1198715633816189,85
972,141143798828125,37,18,392066107855,325
973,507354736328125,133,18,1409318712022,205
974,80585479736328125,169,21,223848554823133,245
975,89168548583984375,187,21,247690412733289,335
976,873565673828125,229,18,2426571316189,85
977,24318695068359375,51,21,67551930745442,255
978,13256072998046875,139,20,36822424994574,235
979,766754150390625,201,18,2129872639973,345
980,5435943603515625,57,20,15099843343098,345
981,31948089599609375,67,21,88744693332248,95
982,3032684326171875,159,19,8424123128255,75
983,29449462890625,193,16,81804063585,25
984,782012939453125,41,19,2172258165147,205
985,4253387451171875,223,19,11814965142144,35
986,10693359375,219,11,29703776,15
987,98705291748046875,207,21,274181365966796,315
988,18596649169921875,39,21,51657358805338,195
989,2727508544921875,143,19,7576412624782,355
990,13828277587890625,29,21,38411882188585,25
991,4749298095703125,249,19,13192494710286,165
992,20885467529296875,219,20,58015187581380,75
993,17070770263671875,179,20,47418806287977,155
994,66375732421875,87,17,184377034505,75
995,2079010009765625,109,19,5775027804904,185
996,18157958984375,119,16,50438774956,215
997,1621246337890625,17,20,4503462049696,65
998,110149383544921875,231,21,305970509847005,75
999,22792816162109375,239,20,63313378228081,215
1000,301361083984375,79,18,837114122178,295
1001,82492828369140625,173,21,229146745469835,25
1002,11376953125,233,11,31602647,205
1003,115871429443359375,243,21,321865081787109,135
1004,690460205078125,181,18,1917945014105,325
1005,934600830078125,49,19,2596113416883,245
1006,54168701171875,71,17,150468614366,115
1007,11348724365234375,119,20,31524234347873,95
1008,40531158447265625,17,22,112586551242404,185
1009,10205078125,209,11,28347439,85
1010,607967376708984375,51,23,1688798268636067,255
1011,88214874267578125,37,22,245041317409939,85
1012,97751617431640625,41,22,271532270643446,65
1013,3070831298828125,161,19,8530086941189,85
1014,919342041015625,241,18,2553727891710,25
1015,6973743438720703125,117,24,19371509552001953,45
1016,39041042327880859375,131,25,108447339799669053,295
1017,3604888916015625,189,19,10013580322265,225
1018,91075897216796875,191,21,252988603379991,115
1019,14209747314453125,149,20,39471520317925,125
1020,278472900390625,73,18,773535834418,145
1021,3261566162109375,171,19,9059906005859,135
1022,270843505859375,71,18,752343071831,215
1023,81539154052734375,171,21,226497650146484,135
1024,4787445068359375,251,19,13298458523220,175
1025,446319580078125,117,18,1239776611328,45
1026,20503997802734375,43,21,56955549452039,335
1027,4634857177734375,243,19,12874603271484,135
1028,74207782745361328125,249,25,206132729848225911,165
1029,568389892578125,149,18,1578860812717,5
1030,16689300537109375,7,22,46359168158637,55
1031,7915496826171875,83,20,21987491183810,275
1032,10400390625,213,11,28889973,345
1033,12158203125,249,11,33772786,165
1034,3795623779296875,199,19,10543399386935,275
1035,93841552734375,123,17,260670979817,255
1036,307559967041015625,129,22,854333241780598,345
1037,637054443359375,167,18,1769595675998,95
1038,18405914306640625,193,20,51127539740668,145
1039,114917755126953125,241,21,319215986463758,245
1040,965118408203125,253,18,2680884467230,325
1041,1544952392578125,81,19,4291534423828,45
1042,593662261962890625,249,22,1649061838785807,105
1043,652313232421875,171,18,1811981201171,315
1044,240325927734375,63,18,667572021484,135
1045,362098217010498046875,243,26,1005828380584716796,315
1046,10204315185546875,107,20,28345319959852,155
1047,835418701171875,219,18,2320607503255,75
1048,1735687255859375,91,19,4821353488498,95
1049,25890767574310302734375,139,29,71918798817528618706,215
1050,51021575927734375,107,21,141726599799262,55
1051,33855438232421875,71,21,94042883978949,235
1052,4825592041015625,253,19,13404422336154,185
1053,10595703125,217,11,29432508,245
1054,888824462890625,233,18,2468956841362,305
1055,1337890625,137,10,3716362,305
1056,713348388671875,187,18,1981523301866,115
1057,3948211669921875,207,19,10967254638671,315
1058,338256359100341796875,227,26,939600997500949435,275
1059,911712646484375,239,18,2532535129123,95
1060,3643035888671875,191,19,10119544135199,235
1061,1015625,13,7,2821,65
1062,331401824951171875,139,22,920560624864366,115
1063,16498565673828125,173,20,45829349093967,5
1064,728607177734375,191,18,2023908827039,335
1065,3566741943359375,187,19,9907616509331,215
1066,12060546875,247,11,33501519,35
1067,774383544921875,203,18,2151065402560,275
1068,1354217529296875,71,19,3761715359157,355
1069,113010406494140625,237,21,313917795817057,105
1070,10967254638671875,23,21,30464596218532,355
1071,2956390380859375,31,20,8212195502387,55
1072,108242034912109375,227,21,300672319200303,295
1073,17261505126953125,181,20,47948625352647,205
1074,369548797607421875,31,23,1026524437798394,35
1075,574588775634765625,241,22,1596079932318793,145
1076,531673431396484375,223,22,1476870642768012,55
1077,1239776611328125,13,20,3443823920355,325
1078,83160400390625,109,17,231001112196,65
1079,293731689453125,77,18,815921359592,5
1080,2682209014892578125,9,25,7450580596923828,45
1081,30040740966796875,63,21,83446502685546,315
1082,402927398681640625,169,22,1119242774115668,145
1083,77724456787109375,163,21,215901268853081,215
1084,3490447998046875,183,19,9695688883463,195
1085,1108646392822265625,93,23,3079573313395182,105
1086,2586841583251953125,217,23,7185671064588758,245
1087,2777576446533203125,233,23,7715490129258897,205
1088,503063201904296875,211,22,1397397783067491,115
1089,21648406982421875,227,20,60134463840060,275
1090,812530517578125,213,18,2257029215494,285
1091,112056732177734375,47,22,311268700493706,215
1092,46539306640625,61,17,129275851779,185
1093,2384185791015625,1,22,6622738308376,265
1094,106334686279296875,223,21,295374128553602,155
1095,212192535400390625,89,22,589423709445529,185
1096,71048736572265625,149,21,197357601589626,265
1097,61798095703125,81,17,171661376953,45
1098,336170196533203125,141,22,933806101481119,285
1099,202178955078125,53,18,561608208550,125
1100,316619873046875,83,18,879499647352,155
1101,9441375732421875,99,20,26226043701171,315
1102,3635883331298828125,61,24,10099675920274522,205
1103,4138946533203125,217,19,11497073703342,5
1104,85353851318359375,179,21,237094031439887,55
1105,743865966796875,39,19,2066294352213,195
1106,2110004425048828125,177,23,5861123402913411,165
1107,3757476806640625,197,19,10437435574001,265
1108,2040863037109375,107,19,5669063991970,175
1109,423431396484375,111,18,1176198323567,255
1110,76770782470703125,161,21,213252173529730,325
1111,598430633544921875,251,22,1662307315402560,275
1112,100612640380859375,211,21,279479556613498,95
1113,340938568115234375,143,22,947051578097873,95
1114,101566314697265625,213,21,282128651936848,345
1115,15163421630859375,159,20,42120615641276,15
1116,1497566699981689453125,201,27,4159907499949137369,285
1117,27120113372802734375,91,25,75333648257785373,95
1118,493526458740234375,207,22,1370906829833984,135
1119,64373016357421875,27,22,178813934326171,315
1120,113964080810546875,239,21,316566891140407,355
1121,2689361572265625,141,19,7470448811848,345
1122,21266937255859375,223,20,59074825710720,175
1123,24127960205078125,253,20,67022111680772,205
1124,59902667999267578125,201,25,166396299997965494,285
1125,7343292236328125,77,20,20398033989800,125
1126,68187713623046875,143,21,189410315619574,235
1127,111328125,57,9,309244,285
1128,385284423828125,101,18,1070234510633,245
1129,18024444580078125,189,20,50067901611328,45
1130,317096710205078125,133,22,880824195014105,325
1131,293254852294921875,123,22,814596811930338,195
1132,6580352783203125,69,20,18278757731119,285
1133,18978118896484375,199,20,52716996934678,295
1134,2944469451904296875,247,23,8179081810845269,35
1135,2498626708984375,131,19,6940629747178,295
1136,8487701416015625,89,20,23576948377821,65
1137,102519989013671875,43,22,284777747260199,235
1138,15354156494140625,161,20,42650434705946,65
1139,377655029296875,99,18,1049041748046,315
1140,16117095947265625,169,20,44769710964626,265
1141,1049041748046875,11,20,2914004855685,275
1142,2269744873046875,119,19,6304846869574,235
1143,40435791015625,53,17,112321641710,25
1144,2536773681640625,133,19,7046593560112,305
1145,1609325408935546875,27,24,4470348358154296,315
1146,21076202392578125,221,20,58545006646050,125
1147,1162109375,119,10,3228081,215
1148,54836273193359375,23,22,152322981092664,335
1149,10788440704345703125,181,24,29967890845404730,325
1150,15544891357421875,163,20,43180253770616,115
1151,492095947265625,129,18,1366933186848,345
1152,217437744140625,57,18,603993733723,345
1153,1633167266845703125,137,23,4536575741238064,85
1154,83446502685546875,7,23,231795840793185,275
1155,412464141845703125,173,22,1145733727349175,125
1156,1697540283203125,89,19,4715389675564,85
1157,7152557373046875,3,22,19868214925130,75
1158,263214111328125,69,18,731150309244,285
1159,6771087646484375,71,20,18808576795789,335
1160,92983245849609375,39,22,258286794026692,255
1161,1279296875,131,10,3553602,155
1162,986328125,101,10,2739800,125
1163,130859375,67,9,363498,95
1164,3015995025634765625,253,23,8377763960096571,65
1165,1288950443267822265625,173,27,3580417897966172960,25
1166,14603137969970703125,49,25,40564272138807508,245
1167,13065338134765625,137,20,36292605929904,185
1168,550746917724609375,231,22,1529852549235026,15
1169,93936920166015625,197,21,260935889350043,145
1170,483989715576171875,203,22,1344415876600477,155
1171,4596710205078125,241,19,12768639458550,125
1172,324249267578125,17,19,900692409939,85
1173,274181365966796875,23,23,761614905463324,235
1174,308990478515625,81,18,858306884765,225
1175,11157989501953125,117,20,30994415283203,45
1176,2324581146240234375,39,24,6457169850667317,255
1177,23365020751953125,49,21,64902835422092,5
1178,8869171142578125,93,20,24636586507161,165
1179,81634521484375,107,17,226762559678,295
1180,4405975341796875,231,19,12238820393880,75
1181,92029571533203125,193,21,255637698703342,5
1182,6198883056640625,13,21,17219119601779,185
1183,2801418304443359375,47,24,7781717512342664,335
1184,16307830810546875,171,20,45299530029296,315
1185,7724761962890625,81,20,21457672119140,225
1186,484466552734375,127,18,1345740424262,55
1187,1163482666015625,61,19,3231896294487,305
1188,19550323486328125,41,21,54306454128689,85
1189,103515625,53,9,287543,145
1190,846385955810546875,71,23,2351072099473741,115
1191,232696533203125,61,18,646379258897,205
1192,461004674434661865234375,99,31,1280568540096282958984,135
1193,4711151123046875,247,19,13086530897352,155
1194,3376007080078125,177,19,9377797444661,165
1195,107288360595703125,9,23,298023223876953,45
1196,3910064697265625,41,20,10861290825737,305
1197,22602081298828125,237,20,62783559163411,165
1198,584125518798828125,49,23,1622570885552300,125
1199,53882598876953125,113,21,149673885769314,85
1200,183582305908203125,77,22,509950849745008,245
1201,14722347259521484375,247,24,40895409054226345,175
1202,10888671875,223,11,30246310,275
1203,1430511474609375,3,21,3973642985026,15
1204,40233135223388671875,27,26,111758708953857421,315
1205,20694732666015625,217,20,57485368516710,25
1206,78678131103515625,33,22,218550364176432,105
1207,2231597900390625,117,19,6198883056640,225
1208,1083984375,111,10,3011067,255
1209,1468658447265625,77,19,4079606797960,25
1210,22220611572265625,233,20,61723921034071,65
1211,11181640625,229,11,31060112,305
1212,1561641693115234375,131,23,4337893591986762,55
1213,541210174560546875,227,22,1503361596001519,35
1214,74803829193115234375,251,25,207788414425320095,175
1215,14400482177734375,151,20,40001339382595,175
1216,3874301910400390625,13,25,10761949751112196,65
1217,2253055572509765625,189,23,6258487701416015,225
1218,12683868408203125,133,20,35232967800564,85
1219,431060791015625,113,18,1197391086154,185
1220,17452239990234375,183,20,48478444417317,255
1221,822544097900390625,69,23,2284844716389973,345
1222,37670135498046875,79,21,104639265272352,155
1223,236034393310546875,99,22,655651092529296,315
1224,469684600830078125,197,22,1304679446750217,5
1225,8678436279296875,91,20,24106767442491,115
1226,63419342041015625,133,21,176164839002821,65
1227,2307891845703125,121,19,6410810682508,245
1228,9059906005859375,19,21,25166405571831,215
1229,6854534149169921875,23,25,19040372636583116,115
1230,1964569091796875,103,19,5457136366102,155
1231,11279296875,231,11,31331380,75
1232,87261199951171875,183,21,242392222086588,195
1233,4589557647705078125,77,24,12748771243625217,5
1234,117778778076171875,247,21,327163272433810,275
1235,2994537353515625,157,19,8318159315321,65
1236,398159027099609375,167,22,1105997297498914,335
1237,1084804534912109375,91,23,3013345930311414,335
1238,94890594482421875,199,21,263584984673394,35
1239,422000885009765625,177,22,1172224680582682,105
1240,1800060272216796875,151,23,5000167422824435,275
1241,1156330108642578125,97,23,3212028079562717,5
1242,69141387939453125,29,22,192059410942925,125
1243,48160552978515625,101,21,133779313829210,25
1244,159740447998046875,67,22,443723466661241,115
1245,73909759521484375,31,22,205304887559678,295
1246,13446807861328125,141,20,37352244059244,285
1247,1087188720703125,57,19,3019968668619,285
1248,2372264862060546875,199,23,6589624616834852,155
1249,47206878662109375,99,21,131130218505859,135
1250,407695770263671875,171,22,1132488250732421,315
1251,44345855712890625,93,21,123182932535807,105
1252,15735626220703125,33,21,43710072835286,165
1253,388622283935546875,163,22,1079506344265407,355
1254,10776519775390625,113,20,29934777153862,305
1255,512599945068359375,43,23,1423888736300998,95
1256,72002410888671875,151,21,200006696912977,155
1257,36656856536865234375,123,25,101824601491292317,255
1258,6008148193359375,63,20,16689300537109,135
1259,1506805419921875,79,19,4185570610894,35
1260,1201171875,123,10,3336588,195
1261,27179718017578125,57,21,75499216715494,285
1262,474452972412109375,199,22,1317924923366970,175
1263,5626678466796875,59,20,15629662407769,35
1264,13411045074462890625,9,26,37252902984619140,225
1265,1811981201171875,19,20,5033281114366,115
1266,121593475341796875,51,22,337759653727213,195
1267,4520416259765625,237,19,12556711832682,105
1268,450611114501953125,189,22,1251697540283203,45
1269,345706939697265625,29,23,960297054714626,265
1270,119686126708984375,251,21,332461463080512,55
1271,45597553253173828125,153,25,126659870147705078,45
1272,2422332763671875,127,19,6728702121310,275
1273,2038478851318359375,171,23,5662441253662109,135
1274,118732452392578125,249,21,329812367757161,165
1275,240802764892578125,101,22,668896569146050,125
1276,119140625,61,9,330946,65
1277,2229213714599609375,187,23,6192260318332248,95
1278,64074993133544921875,43,26,177986092037624782,355
1279,9715557098388671875,163,24,26987658606635199,235
1280,56743621826171875,119,21,157621171739366,115
1281,2157688140869140625,181,23,5993578169080946,65
1282,58650970458984375,123,21,162919362386067,255
1283,569820404052734375,239,22,1582834455702039,335
1284,579357147216796875,243,22,1609325408935546,315
1285,59604644775390625,1,24,165568457709418,145
1286,264644622802734375,111,22,735123952229817,255
1287,703334808349609375,59,23,1953707800971137,55
1288,16015625,41,8,44487,305
1289,1982421875,203,10,5506727,155
1290,23174285888671875,243,20,64373016357421,315
1291,11767578125,241,11,32687717,5
1292,1298828125,133,10,3607855,325
1293,105381011962890625,221,21,292725033230251,265
1294,2348423004150390625,197,23,6523397233751085,25
1295,111103057861328125,233,21,308619605170355,325
1296,19741058349609375,207,20,54836273193359,135
1297,965595245361328125,81,23,2682209014892578,45
1298,169277191162109375,71,22,470214419894748,95
1299,10585784912109375,111,20,29404958089192,255
1300,9632110595703125,101,20,26755862765842,5
1301,436305999755859375,183,22,1211961110432942,255
1302,1396484375,143,10,3879123,95
1303,14453125,37,8,40147,205
1304,39577484130859375,83,21,109937455919053,295
1305,1259765625,129,10,3499348,345
1306,12890625,33,8,35807,105
1307,197265625,101,9,547960,25
1308,158203125,81,9,439453,45
1309,1328125,17,7,3689,85
1310,1181640625,121,10,3282335,25
1311,24735927581787109375,83,25,68710909949408637,55
1312,13637542724609375,143,20,37882063123914,335
1313,2872943878173828125,241,23,7980399661593967,5
1314,2002716064453125,21,20,5563100179036,165
1315,1240234375,127,10,3445095,175
1316,460147857666015625,193,22,1278188493516710,25
1317,12353515625,253,11,34315321,65
1318,2155303955078125,113,19,5986955430772,205
1319,13530254364013671875,227,24,37584039900037977,155
1320,1787109375,183,10,4964192,255
1321,11669921875,239,11,32416449,235
1322,65326690673828125,137,21,181463029649522,205
1323,11572265625,237,11,32145182,105
1324,1494140625,153,10,4150390,225
1325,17642974853515625,37,21,49008263481987,305
1326,70035457611083984375,47,26,194542937808566623,95
1327,45299530029296875,19,22,125832027859157,355
1328,1474609375,151,10,4096137,55
1329,4708766937255859375,79,24,13079908159044053,295
1330,2276897430419921875,191,23,6324715084499782,355
1331,12109375,31,8,33637,55
1332,72956085205078125,153,21,202655792236328,45
1333,2346038818359375,123,19,6516774495442,255
1334,1895427703857421875,159,23,5265076955159505,75
1335,51975250244140625,109,21,144375695122612,305
1336,49114227294921875,103,21,136428409152560,275
1337,350475311279296875,147,22,973542531331380,75
1338,1142578125,117,10,3173828,45
1339,23555755615234375,247,20,65432654486762,55
1340,134765625,69,9,374348,345
1341,1552734375,159,10,4313151,15
1342,2634525299072265625,221,23,7318125830756293,145
1343,138671875,71,9,385199,235
1344,355243682861328125,149,22,986788007948133,245
1345,1669921875,171,10,4638671,315
1346,140625,9,6,390,225
1347,2080078125,213,10,5777994,285
1348,1357421875,139,10,3770616,115
1349,171875,11,6,477,155
1350,1796875,23,7,4991,115
1351,177734375,91,9,493706,215
1352,1640625,21,7,4557,105
1353,1767578125,181,10,4909939,85
1354,5817413330078125,61,20,16159481472439,85
1355,239908695220947265625,161,26,666413042280409071,65
1356,560283660888671875,47,23,1556343502468532,355
1357,5185604095458984375,87,24,14404455820719401,15
1358,2086162567138671875,7,25,5794896019829644,35
1359,498294830322265625,209,22,1384152306450737,305
1360,125,1,3,0,125
1361,150390625,77,9,417751,265
1362,142578125,73,9,396050,125
1363,1748046875,179,10,4855685,275
1364,66280364990234375,139,21,184112124972873,95
1365,2706050872802734375,227,23,7516807980007595,175
1366,71227550506591796875,239,25,197854306962754991,115
1367,488758087158203125,41,23,1357661353217230,325
1368,9596347808837890625,161,24,26656521691216362,305
1369,12111663818359375,127,20,33643510606553,295
1370,75817108154296875,159,21,210603078206380,75
1371,1653097569942474365234375,71,32,4591937694284651014539,335
1372,2515316009521484375,211,23,6986988915337456,215
1373,2849102020263671875,239,23,7914172278510199,235
1374,34809112548828125,73,21,96691979302300,125
1375,86307525634765625,181,21,239743126763237,305
1376,226497650146484375,19,23,629160139295789,335
1377,123046875,63,9,341796,315
1378,1752376556396484375,147,23,4867712656656901,15
1379,251829624176025390625,169,26,699526733822292751,265
1380,7534027099609375,79,20,20927853054470,175
1381,269412994384765625,113,22,748369428846571,65
1382,379085540771484375,159,22,1053015391031901,15
1383,250339508056640625,21,23,695387522379557,105
1384,4731118679046630859375,127,28,13141996330685085720,175
1385,4954636096954345703125,133,28,13762878047095404730,325
1386,1888275146484375,99,19,5245208740234,135
1387,9052455425262451171875,243,28,25145709514617919921,315
1388,10192394256591796875,171,24,28312206268310546,315
1389,10669231414794921875,179,24,29636753929985894,35
1390,213086605072021484375,143,26,591907236311170789,335
1391,360012054443359375,151,22,1000033484564887,55
1392,379979610443115234375,51,27,1055498917897542317,255
1393,60558319091796875,127,21,168217553032769,35
1394,326633453369140625,137,22,907315148247612,305
1395,99658966064453125,209,21,276830461290147,205
1396,441074371337890625,37,23,1225206587049696,65
1397,145435333251953125,61,22,403987036810980,325
1398,67234039306640625,141,21,186761220296223,345
1399,7927417755126953125,133,24,22020604875352647,205
1400,1201629638671875,63,19,3337860107421,315
1401,96797943115234375,203,21,268883175320095,175
1402,84400177001953125,177,21,234444936116536,165
1403,10395050048828125,109,20,28875139024522,205
1404,35762786865234375,3,23,99341074625651,15
1405,178813934326171875,3,24,496705373128255,75
1406,4947185516357421875,83,24,13742181989881727,155
1407,2729892730712890625,229,23,7583035363091362,305
1408,383853912353515625,161,22,1066260867648654,185
1409,536441802978515625,9,24,1490116119384765,225
1410,299513339996337890625,201,26,831981499989827473,345
1411,46253204345703125,97,21,128481123182508,245
1412,555515289306640625,233,22,1543098025851779,185
1413,2419948577880859375,203,23,6722079383002387,55
1414,522136688232421875,219,22,1450379689534505,75
1415,2181529998779296875,183,23,6059805552164713,195
1416,507831573486328125,213,22,1410643259684244,285
1417,3039836883544921875,51,24,8443991343180338,195
1418,1533203125,157,10,4258897,205
1419,312328338623046875,131,22,867578718397352,155
1420,38623809814453125,81,21,107288360595703,45
1421,6735324859619140625,113,24,18709235721164279,185
1422,464916229248046875,39,23,1291433970133463,195
1423,174045562744140625,73,22,483459896511501,265
1424,8009374141693115234375,43,29,22248261504703097873,95
1425,6389617919921875,67,20,17748938666449,235
1426,216960906982421875,91,22,602669186062282,355
1427,2467632293701171875,207,23,6854534149169921,315
1428,7212162017822265625,121,24,20033783382839626,265
1429,10907649993896484375,183,24,30299027760823567,255
1430,1943111419677734375,163,23,5397531721327039,335
1431,302791595458984375,127,22,841087765163845,175
1432,2610683441162109375,219,23,7251898447672526,15
1433,8106231689453125,17,21,22517310248480,325
1434,32901763916015625,69,21,91393788655598,345
1435,1776218414306640625,149,23,4933940039740668,145
1436,1303851604461669921875,7,29,3621810012393527560,275
1437,603199005126953125,253,22,1675552792019314,85
1438,2133846282958984375,179,23,5927350785997178,295
1439,2539157867431640625,213,23,7053216298421223,345
1440,1370906829833984375,23,24,3808074527316623,95
1441,278949737548828125,117,22,774860382080078,45
1442,426769256591796875,179,22,1185470157199435,275
1443,8381903171539306640625,9,30,23283064365386962890,225
1444,22351741790771484375,3,27,62088171641031901,15
1445,79631805419921875,167,21,221199459499782,355
1446,2014636993408203125,169,23,5596213870578342,5
1447,154972076416015625,13,23,430477990044487,305
1448,1847743988037109375,31,24,5132622188991970,175
1449,11861324310302734375,199,24,32948123084174262,55
1450,193119049072265625,81,22,536441802978515,225
1451,479221343994140625,201,22,1331170399983723,345
1452,95844268798828125,201,21,266234079996744,285
1453,62465667724609375,131,21,173515743679470,175
1454,1680850982666015625,141,23,4669030507405598,345
1455,11146068572998046875,187,24,30961301591661241,115
1456,3278255462646484375,11,25,9106265174018012,55
1457,52928924560546875,111,21,147024790445963,195
1458,1013278961181640625,17,24,2814663781060112,305
1459,1466274261474609375,123,23,4072984059651692,255
1460,188350677490234375,79,22,523196326361762,55
1461,62882900238037109375,211,25,174674722883436414,335
1462,11920928955078125,1,23,33113691541883,245
1463,11622905731201171875,39,25,32285849253336588,195
1464,631809234619140625,53,23,1755025651719835,25
1465,66459178924560546875,223,25,184608830346001519,35
1466,41484832763671875,87,21,115235646565755,75
1467,2896785736083984375,243,23,8046627044677734,135
1468,321865081787109375,27,23,894069671630859,135
1469,9238719940185546875,31,25,25663110944959852,155
1470,9119510650634765625,153,24,25331974029541015,225
1471,798702239990234375,67,23,2218617333306206,215
1472,1376953125,141,10,3824869,285
1473,37252902984619140625,1,28,103480286068386501,265
1474,255107879638671875,107,22,708632998996310,275
1475,11980533599853515625,201,24,33279259999593098,345
1476,2753734588623046875,231,23,7649262746175130,75
1477,1132488250732421875,19,24,3145800696478949,235
1478,8285045623779296875,139,24,23014015621609157,355
1479,1275539398193359375,107,23,3543164994981553,295
1480,1227855682373046875,103,23,3410710228814019,35
1481,222586095333099365234375,239,30,618294709258609347873,95
1482,4351139068603515625,73,24,12086497412787543,145
1483,1484375,19,7,4123,95
1484,4470348358154296875,3,26,12417634328206380,75
1485,21755695343017578125,73,25,60432487063937717,5
1486,40829181671142578125,137,25,113414393530951605,325
1487,2992153167724609375,251,23,8311536577012803,295
1488,129640102386474609375,87,26,360111395517985026,15
1489,71823596954345703125,241,25,199509991539849175,125
1490,9834766387939453125,33,25,27318795522054036,165
1491,14483928680419921875,243,24,40233135223388671,315
1492,42617321014404296875,143,25,118381447262234157,355
1493,50067901611328125,21,22,139077504475911,165
1494,103473663330078125,217,21,287426842583550,125
1495,1455078125,149,10,4041883,245
1496,131130218505859375,11,23,364250606960720,175
1497,278651714324951171875,187,26,774032539791531032,355
1498,1823902130126953125,153,23,5066394805908203,45
1499,326335430145263671875,219,26,906487305959065755,75
1500,24028122425079345703125,129,29,66744784514109293619,285
1501,11742115020751953125,197,24,32616986168755425,125
1502,308454036712646484375,207,26,856816768646240234,135
1503,42438507080078125,89,21,117884741889105,325
1504,27716159820556640625,93,25,76989332834879557,105
1505,1060962677001953125,89,23,2947118547227647,205
1506,679492950439453125,57,23,1887480417887369,285
1507,1299381256103515625,109,23,3609392378065321,65
1508,374019145965576171875,251,26,1038942072126600477,155
1509,12695789337158203125,213,24,35266081492106119,285
1510,374317169189453125,157,22,1039769914415147,205
1511,10430812835693359375,7,26,28974480099148220,175
1512,9424984455108642578125,253,28,26180512375301784939,85
1513,288486480712890625,121,22,801351335313585,25
1514,2562999725341796875,43,24,7119443681504991,115
1515,13172626495361328125,221,24,36590629153781467,5
1516,1080334186553955078125,29,28,3000928295983208550,125
1517,1990795135498046875,167,23,5529986487494574,235
1518,210106372833251953125,141,26,583628813425699869,285
1519,5781650543212890625,97,24,16060140397813585,25
1520,1037120819091796875,87,23,2880891164143880,75
1521,15234375,39,8,42317,255
1522,192224979400634765625,129,26,533958276112874348,345
1523,2205371856689453125,37,24,6126032935248480,325
1524,202655792236328125,17,23,562932756212022,205
1525,10073184967041015625,169,24,27981069352891710,25
1526,393390655517578125,33,23,1092751820882161,165
1527,10311603546142578125,173,24,28643343183729383,245
1528,1899898052215576171875,51,28,5277494589487711588,195
1529,11026859283447265625,37,25,30630164676242404,185
1530,54538249969482421875,183,25,151495138804117838,195
1531,28125941753387451171875,151,29,78127615981631808810,275
1532,1435546875,147,10,3987630,75
1533,6258487701416015625,21,25,17384688059488932,105
1534,275671482086181640625,37,27,765754116906060112,305
1535,1795589923858642578125,241,27,4987749788496229383,245
1536,4112720489501953125,69,24,11424223581949869,285
1537,774860382080078125,13,24,2152389950222439,85
1538,36716461181640625,77,21,101990169949001,265
1539,2236328125,229,10,6212022,205
1540,1728515625,177,10,4801432,105
1541,150203704833984375,63,22,417232513427734,135
1542,63478946685791015625,213,25,176330407460530598,345
1543,9000301361083984375,151,24,25000837114122178,295
1544,1586973667144775390625,213,27,4408260186513264973,345
1545,45001506805419921875,151,25,125004185570610894,35
1546,1689453125,173,10,4692925,125
1547,1943359375,199,10,5398220,175
1548,1423060894012451171875,191,27,3952946927812364366,115
1549,5662441253662109375,19,25,15729003482394748,95
1550,2968311309814453125,249,23,8245309193929036,165
1551,2109375,27,7,5859,135
1552,917911529541015625,77,23,2549754248725043,145
1553,14007091522216796875,47,25,38908587561713324,235
1554,281631946563720703125,189,26,782310962677001953,45
1555,90122222900390625,189,21,250339508056640,225
1556,1630859375,167,10,4530164,335
1557,2119140625,217,10,5886501,265
1558,201165676116943359375,27,27,558793544769287109,135
1559,335276126861572265625,9,28,931322574615478515,225
1560,341236591339111328125,229,26,947879420386420355,325
1561,2491474151611328125,209,23,6920761532253689,85
1562,424683094024658203125,57,27,1179675261179606119,285
1563,7562339305877685546875,203,28,21006498071882459852,155
1564,12457370758056640625,209,24,34603807661268446,65
1565,894069671630859375,3,25,2483526865641276,15
1566,12934207916259765625,217,24,35928355322943793,145
1567,39637088775634765625,133,25,110103024376763237,305
1568,417232513427734375,7,24,1158979203965928,295
1569,5054473876953125,53,20,14040205213758,245
1570,8165836334228515625,137,24,22682878706190321,65
1571,29087066650390625,61,21,80797407362196,65
1572,1871585845947265625,157,23,5198849572075737,305
1573,1251697540283203125,21,24,3476937611897786,165
1574,67651271820068359375,227,25,187920199500189887,55
1575,57697296142578125,121,21,160270267062717,5
1576,68843364715576171875,231,25,191231568654378255,75
1577,491854734718799591064453125,169,35,1366263151996665530734592,5
1578,8881092071533203125,149,24,24669700198703342,5
1579,164508819580078125,69,22,456968943277994,285
1580,805594027042388916015625,173,31,2237761186228858100043,145
1581,1513957977294921875,127,23,4205438825819227,155
1582,13053417205810546875,219,24,36259492238362630,75
1583,257790088653564453125,173,26,716083579593234592,5
1584,1966953277587890625,33,24,5463759104410807,105
1585,13649463653564453125,229,24,37915176815456814,85
1586,14841556549072265625,249,24,41226545969645182,105
1587,2443790435791015625,41,24,6788306766086154,185
1588,545978546142578125,229,22,1516607072618272,205
1589,15079975128173828125,253,24,41888819800482855,325
1590,140666961669921875,59,22,390741560194227,155
1591,126659870147705078125,17,27,351832972632514105,325
1592,314414501190185546875,211,26,873373614417182074,235
1593,8523464202880859375,143,24,23676289452446831,215
1594,12218952178955078125,41,25,33941533830430772,205
1595,173828125,89,9,482855,325
1596,8046627044677734375,27,25,22351741790771484,135
1597,14126300811767578125,237,24,39239724477132161,165
1598,10550022125244140625,177,24,29305617014567057,105
1599,162109375,83,9,450303,295
1600,989437103271484375,83,23,2748436397976345,175
1601,154296875,79,9,428602,155
1602,75399875640869140625,253,25,209444099002414279,185
1603,1706182956695556640625,229,27,4739397101932101779,185
1604,48577785491943359375,163,25,134938293033175998,95
1605,47385692596435546875,159,25,131626923878987630,75
1606,7808208465576171875,131,24,21689467959933810,275
1607,588893890380859375,247,22,1635816362169053,295
1608,259876251220703125,109,22,721878475613064,85
1609,231266021728515625,97,22,642405615912543,145
1610,35464763641357421875,119,25,98513232337103949,235
1611,260770320892333984375,7,28,724362002478705512,55
1612,2300739288330078125,193,23,6390942467583550,125
1613,13291835784912109375,223,24,36921766069200303,295
1614,320374965667724609375,43,27,889930460188123914,335
1615,69439411163330078125,233,25,192887253231472439,85
1616,126361846923828125,53,22,351005130343967,5
1617,917352735996246337890625,197,31,2548202044434017605251,265
1618,14364719390869140625,241,24,39901998307969835,25
1619,245571136474609375,103,22,682142045762803,295
1620,2658367156982421875,223,23,7384353213840060,275
1621,283718109130859375,119,22,788105858696831,215
1622,1676380634307861328125,9,29,4656612873077392578,45
1623,25272369384765625,53,21,70201026068793,145
1624,1394748687744140625,117,23,3874301910400390,225
1625,19967555999755859375,67,25,55465433332655164,335
1626,1650390625,169,10,4584418,145
1627,25518238544464111328125,137,29,70883995956844753689,85
1628,50961971282958984375,171,25,141561031341552734,135
1629,28133392333984375,59,21,78148312038845,175
1630,43392181396484375,91,21,120533837212456,215
1631,2825260162353515625,237,23,7847944895426432,105
1632,34868717193603515625,117,25,96857547760009765,225
1633,12099742889404296875,203,24,33610396915011935,275
1634,1418590545654296875,119,23,3940529293484157,355
1635,1490116119384765625,1,26,4139211442735460,25
1636,53942203521728515625,181,25,149839454227023654,185
1637,6020069122314453125,101,24,16722414228651258,245
1638,2396106719970703125,201,23,6655851999918619,285
1639,12576580047607421875,211,24,34934944576687282,355
1640,58114528656005859375,39,26,161429246266682942,255
1641,916421413421630859375,123,27,2545615037282307942,255
1642,11384487152099609375,191,24,31623575422498914,335
1643,156462192535400390625,21,27,434617201487223307,105
1644,1585483551025390625,133,23,4404120975070529,185
1645,8761882781982421875,147,24,24338563283284505,75
1646,64671039581298828125,217,25,179641776614718967,5
1647,2920627593994140625,49,24,8112854427761501,265
1648,1442432403564453125,121,23,4006756676567925,125
1649,7092952728271484375,119,24,19702646467420789,335
1650,13768672943115234375,231,24,38246313730875651,15
1651,56922435760498046875,191,25,158117877112494574,235
1652,14960765838623046875,251,24,41557682885064019,35
1653,68247318267822265625,229,25,189575884077284071,65
1654,67055225372314453125,9,27,186264514923095703,45
1655,169921875,87,9,472005,75
1656,6966292858123779296875,187,28,19350813494788275824,235
1657,9126961231231689453125,49,29,25352670086754692925,125
1658,1919269561767578125,161,23,5331304338243272,205
1659,655651092529296875,11,24,1821253034803602,155
1660,976026058197021484375,131,27,2711183494991726345,175
1661,7338821887969970703125,197,28,20385616355472140842,5
1662,7331371307373046875,123,24,20364920298258463,195
1663,195205211639404296875,131,26,542236698998345269,35
1664,46789646148681640625,157,25,129971239301893446,65
1665,1323223114013671875,111,23,3675619761149088,195
1666,135600566864013671875,91,26,376668241288926866,115
1667,28908252716064453125,97,25,80300701989067925,125
1668,9477138519287109375,159,24,26325384775797526,15
1669,39301812648773193359375,211,29,109171701802147759331,215
1670,28498470783233642578125,153,29,79162418842315673828,45
1671,216066837310791015625,29,27,600185659196641710,25
1672,141561031341552734375,19,27,393225087059868706,215
1673,248849391937255859375,167,26,691248310936821831,215
1674,208984375,107,9,580512,55
1675,2158203125,221,10,5995008,245
1676,43809413909912109375,147,25,121692816416422526,15
1677,26635825634002685546875,143,29,73988404538896348741,115
1678,8679926395416259765625,233,28,24110906653934054904,185
1679,159442424774169921875,107,26,442895624372694227,155
1680,1347064971923828125,113,23,3741847144232855,325
1681,20563602447509765625,69,25,57121117909749348,345
1682,254809856414794921875,171,26,707805156707763671,315
1683,4827976226806640625,81,24,13411045074462890,225
1684,1704692840576171875,143,23,4735257890489366,115
1685,1646578311920166015625,221,27,4573828644222683376,265
1686,3397464752197265625,57,24,9437402089436848,345
1687,1826171875,187,10,5072699,235
1688,1572265625,161,10,4367404,185
1689,6139278411865234375,103,24,17053551144070095,175
1690,16796875,43,8,46657,355
1691,26524066925048828125,89,25,73677963680691189,85
1692,941753387451171875,79,23,2615981631808810,275
1693,1591796875,163,10,4421657,355
1694,26226043701171875,11,22,72850121392144,35
1695,53346157073974609375,179,25,148183769649929470,175
1696,21159648895263671875,71,25,58776802486843532,355
1697,52154064178466796875,7,27,144872400495741102,155
1698,123679637908935546875,83,26,343554549747043185,275
1699,3993511199951171875,67,24,11093086666531032,355
1700,62286853790283203125,209,25,173019038306342230,325
1701,317394733428955078125,213,26,881652037302652994,285
1702,197887420654296875,83,22,549687279595269,35
1703,22947788238525390625,77,25,63743856218126085,25
1704,58710575103759765625,197,25,163084930843777126,265
1705,18775463104248046875,63,25,52154064178466796,315
1706,47981739044189453125,161,25,133282608456081814,85
1707,1728534698486328125,29,24,4801485273573133,245
1708,73015689849853515625,49,26,202821360694037543,145
1709,12814998626708984375,43,25,35597218407524956,215
1710,439584255218505859375,59,27,1221067375606960720,175
1711,29504299163818359375,99,25,81956386566162109,135
1712,153481960296630859375,103,26,426338778601752387,55
1713,13887882232666015625,233,24,38577450646294487,305
1714,1010484993457794189453125,217,31,2806902759604983859592,5
1715,1204013824462890625,101,23,3344482845730251,265
1716,11265277862548828125,189,24,31292438507080078,45
1717,55730342864990234375,187,25,154806507958306206,215
1718,8404254913330078125,141,24,23345152537027994,285
1719,135898590087890625,57,22,377496083577473,345
1720,9953975677490234375,167,24,27649932437472873,95
1721,51558017730712890625,173,25,143216715918646918,145
1722,236928462982177734375,159,26,658134619394938151,15
1723,1512467861175537109375,203,27,4201299614376491970,175
1724,1537799835205078125,129,23,4271666208902994,285
1725,7785856723785400390625,209,28,21627379788292778862,305
1726,60498714447021484375,203,25,168051984575059678,295
1727,329315662384033203125,221,26,914765728844536675,125
1728,7688999176025390625,129,24,21358331044514973,345
1729,181640625,93,9,504557,105
1730,14245510101318359375,239,24,39570861392550998,95
1731,185333192348480224609375,199,30,514814423190222846137,55
1732,290572643280029296875,39,27,807146231333414713,195
1733,50365924835205078125,169,25,139905346764458550,125
1734,34272670745849609375,23,26,95201863182915581,215
1735,25331974029541015625,17,26,70366594526502821,65
1736,57518482208251953125,193,25,159773561689588758,245
1737,1035630702972412109375,139,27,2876751952701144748,95
1738,219047069549560546875,147,26,608464082082112630,75
1739,1750886440277099609375,47,28,4863573445214165581,215
1740,350177288055419921875,47,27,972714689042833116,115
1741,70631504058837890625,237,25,196198622385660807,105
1742,34458935260772705078125,37,30,95719264613257514105,325
1743,353157520294189453125,237,26,980993111928304036,165
1744,1094304025173187255859375,47,32,3039733403258853488498,95
1745,31888484954833984375,107,25,88579124874538845,175
1746,44405460357666015625,149,25,123348500993516710,25
1747,272691249847412109375,183,26,757475694020589192,255
1748,368058681488037109375,247,26,1022385226355658637,55
1749,75995922088623046875,51,26,211099783579508463,195
1750,1691281795501708984375,227,27,4698004987504747178,295
1751,6817281246185302734375,183,28,18936892350514729817,255
1752,311434268951416015625,209,26,865095191531711154,185
1753,1542270183563232421875,207,27,4284083843231201171,315
1754,5424022674560546875,91,24,15066729651557074,235
1755,5900859832763671875,99,24,16391277313232421,315
1756,323355197906494140625,217,26,898208883073594835,25
1757,5304813385009765625,89,24,14735592736138237,305
1758,356137752532958984375,239,26,989271534813774956,215
1759,23543834686279296875,79,25,65399540795220269,35
1760,33080577850341796875,111,25,91890494028727213,195
1761,812113285064697265625,109,27,2255870236290825737,305
1762,1875,3,4,5,75
1763,230967998504638671875,31,27,641577773623996310,275
1764,61094760894775390625,41,26,169707669152153862,305
1765,359117984771728515625,241,26,997549957699245876,265
1766,6377696990966796875,107,24,17715824974907769,35
1767,15199184417724609375,51,25,42219956715901692,255
1768,6295740604400634765625,169,28,17488168345557318793,145
1769,5178153514862060546875,139,28,14383759763505723741,115
1770,1180171966552734375,99,23,3278255462646484,135
1771,72419643402099609375,243,25,201165676116943359,135
1772,18179416656494140625,61,25,50498379601372612,305
1773,1845703125,189,10,5126953,45
1774,25928020477294921875,87,25,72022279103597005,75
1775,3159046173095703125,53,24,8775128258599175,125
1776,46193599700927734375,31,26,128315554724799262,55
1777,233948230743408203125,157,26,649856196509467230,325
1778,2021484375,207,10,5615234,135
1779,12338161468505859375,207,24,34272670745849609,135
1780,4880130290985107421875,131,28,13555917474958631727,155
1781,43213367462158203125,29,26,120037131839328342,5
1782,36321580410003662109375,39,30,100893278916676839192,255
1783,4805624485015869140625,129,28,13348956902821858723,345
1784,150501728057861328125,101,26,418060355716281467,5
1785,8642673492431640625,29,25,24007426367865668,145
1786,1810491085052490234375,243,27,5029141902923583984,135
1787,1274049282073974609375,171,27,3539025783538818359,135
1788,225007534027099609375,151,26,625020927853054470,175
1789,181607902050018310546875,39,31,504466394583384195963,195
1790,886619091033935546875,119,27,2462830808427598741,115
1791,42021274566650390625,141,25,116725762685139973,345
1792,6742775440216064453125,181,28,18729931778377956814,85
1793,8754432201385498046875,47,29,24317867226070827907,355
1794,12479722499847412109375,67,29,34665895832909478081,215
1795,28312206268310546875,19,26,78645017411973741,115
1796,20703125,53,8,57508,245
1797,344216823577880859375,231,26,956157843271891276,15
1798,37811696529388427734375,203,29,105032490359412299262,55
1799,32484531402587890625,109,25,90234809451633029,185
1800,78976154327392578125,53,26,219378206464979383,245
1801,45262277126312255859375,243,29,125728547573089599609,135
1802,11503696441650390625,193,24,31954712337917751,265
1803,144541263580322265625,97,26,401503509945339626,265
1804,7450580596923828125,1,27,20696057213677300,125
1805,41425228118896484375,139,25,115070078108045789,335
1806,1005828380584716796875,27,28,2793967723846435546,315
1807,870227813720703125,73,23,2417299482557508,245
1808,30696392059326171875,103,25,85267755720350477,155
1809,3143213689327239990234375,27,33,8731149137020111083984,135
1810,6496906280517578125,109,24,18046961890326605,325
1811,347197055816650390625,233,26,964436266157362196,65
1812,484287738800048828125,13,28,1345243718889024522,205
1813,108778476715087890625,73,26,302162435319688585,25
1814,36060810089111328125,121,25,100168916914198133,245
1815,302493572235107421875,203,26,840259922875298394,35
1816,59306621551513671875,199,25,164740615420871310,275
1817,73611736297607421875,247,25,204477045271131727,155
1818,1363456249237060546875,183,27,3787378470102945963,195
1819,5611218512058258056640625,241,32,15586718089050716824001,265
1820,1631677150726318359375,219,27,4532436529795328776,15
1821,1169741153717041015625,157,27,3249280982547336154,185
1822,7264316082000732421875,39,29,20178655783335367838,195
1823,5252659320831298828125,141,28,14590720335642496744,285
1824,678002834320068359375,91,27,1883341206444634331,215
1825,982545316219329833984375,211,31,2729292545053693983289,335
1826,205822288990020751953125,221,30,571728580527835422092,5
1827,666477717459201812744140625,229,35,1851326992942227257622612,305
1828,751018524169921875,63,23,2086162567138671,315
1829,177323818206787109375,119,26,492566161685519748,95
1830,718864612281322479248046875,247,35,1996846145225895775689019,35
1831,1110136508941650390625,149,27,3083712524837917751,265
1832,1974403858184814453125,53,28,5484455161624484592,5
1833,296533107757568359375,199,26,823703077104356553,295
1834,88475644588470458984375,19,31,245765679412417941623,95
1835,168383121490478515625,113,26,467730893029106987,305
1836,24139881134033203125,81,25,67055225372314453,45
1837,52750110626220703125,177,25,146528085072835286,165
1838,287592411041259765625,193,26,798867808447943793,145
1839,5543231964111328125,93,24,15397866566975911,165
1840,1452863216400146484375,39,28,4035731156667073567,255
1841,19371509552001953125,13,26,53809748755560980,325
1842,1765787601470947265625,237,27,4904965559641520182,105
1843,782310962677001953125,21,28,2173086007436116536,165
1844,1884996891021728515625,253,27,5236102475060356987,305
1845,284612178802490234375,191,26,790589385562472873,95
1846,120699405670166015625,81,26,335276126861572265,225
1847,226311385631561279296875,243,30,628642737865447998046,315
1848,198185443878173828125,133,26,550515121883816189,85
1849,990927219390869140625,133,27,2752575609419080946,65
1850,4231929779052734375,71,24,11755360497368706,215
1851,8232891559600830078125,221,28,22869143221113416883,245
1852,23283064365386962890625,1,32,64675178792741563585,25
1853,1601874828338623046875,43,28,4449652300940619574,235
1854,237487256526947021484375,51,31,659686823685963948567,255
1855,6444752216339111328125,173,28,17902089489830864800,125
1856,727176666259765625,61,23,2019935184054904,185
1857,193359375,99,9,537109,135
1858,856816768646240234375,23,28,2380046579572889539,335
1859,189453125,97,9,526258,245
1860,46007335186004638671875,247,29,127798153294457329644,35
1861,526779331266880035400390625,181,35,1463275920185777876112196,65
1862,269711017608642578125,181,26,749197271135118272,205
1863,663101673126220703125,89,27,1841949092017279730,325
1864,49173831939697265625,33,26,136593977610270182,105
1865,5066394805908203125,17,25,14073318905300564,85
1866,17583370208740234375,59,25,48842695024278428,295
1867,1020729541778564453125,137,27,2835359838273790147,205
1868,5699694156646728515625,153,28,15832483768463134765,225
1869,1962890625,201,10,5452473,345
1870,1437962055206298828125,193,27,3994339042239718967,5
1871,8903443813323974609375,239,28,24731788370344373914,335
1872,47124922275543212890625,253,29,130902561876508924696,65
1873,7569789886474609375,127,24,21027194129096137,55
1874,1870095729827880859375,251,27,5194710360633002387,55
1875,2495944499969482421875,67,28,6933179166581895616,115
1876,108964741230010986328125,117,30,302679836750030517578,45
1877,227987766265869140625,153,26,633299350738525390,225
1878,242888927459716796875,163,26,674691465165879991,115
1879,218860805034637451171875,47,31,607946680651770697699,235
1880,6616115570068359375,111,24,18378098805745442,255
1881,1229345798492431640625,33,28,3414849440256754557,105
1882,3516674041748046875,59,24,9768539004855685,275
1883,114738941192626953125,77,26,318719281090630425,125
1884,216998159885406494140625,233,30,602772666348351372612,305
1885,34831464290618896484375,187,29,96754067473941379123,95
1886,65863132476806640625,221,25,182953145768907335,25
1887,207126140594482421875,139,26,575350390540228949,235
1888,1259148120880126953125,169,27,3497633669111463758,245
1889,41909515857696533203125,9,31,116415321826934814453,45
1890,61690807342529296875,207,25,171363353729248046,315
1891,102818012237548828125,69,26,285605589548746744,285
1892,543892383575439453125,73,27,1510812176598442925,125
1893,371038913726806640625,249,26,1030663649241129557,105
1894,46379864215850830078125,249,29,128832956155141194661,165
1895,1214444637298583984375,163,27,3373457325829399956,215
1896,603497028350830078125,81,27,1676380634307861328,45
1897,171363353729248046875,23,27,476009315914577907,355
1898,1855194568634033203125,249,27,5153318246205647786,165
1899,619329512119293212890625,133,31,1720359755886925591362,305
1900,180304050445556640625,121,26,500844584570990668,145
1901,394880771636962890625,53,27,1096891032324896918,145
1902,55134296417236328125,37,26,153150823381212022,205
1903,5625188350677490234375,151,28,15625523196326361762,55
1904,47497451305389404296875,51,30,131937364737192789713,195
1905,1840293407440185546875,247,27,5111926131778293185,275
1906,162422657012939453125,109,26,451174047258165147,205
1907,30100345611572265625,101,25,83612071143256293,145
1908,49769878387451171875,167,25,138249662187364366,115
1909,4447065293788909912109375,191,32,12352959149413638644748,95
1910,2719461917877197265625,73,28,7554060882992214626,265
1911,1065433025360107421875,143,27,2959536181555853949,235
1912,376999378204345703125,253,26,1047220495012071397,205
1913,42282044887542724609375,227,29,117450124687618679470,175
1914,409781932830810546875,11,28,1138283146752251519,35
1915,365078449249267578125,49,27,1014106803470187717,5
1916,1557171344757080078125,209,27,4325475957658555772,205
1917,146217644214630126953125,157,30,406160122818417019314,85
1918,245869159698486328125,33,27,682969888051350911,165
1919,66123902797698974609375,71,30,183677507771386040581,215
1920,1408159732818603515625,189,27,3911554813385009765,225
1921,37848949432373046875,127,25,105135970645480685,275
1922,5327165126800537109375,143,28,14797680907779269748,95
1923,65267086029052734375,219,25,181297461191813151,15
1924,23828125,61,8,66189,85
1925,31851232051849365234375,171,29,88475644588470458984,135
1926,8977949619293212890625,241,28,24938748942481146918,145
1927,9872019290924072265625,53,29,27422275808122422960,25
1928,165402889251708984375,111,26,459452470143636067,255
1929,1616775989532470703125,217,27,4491044415367974175,125
1930,573694705963134765625,77,27,1593596405453152126,265
1931,222027301788330078125,149,26,616742504967583550,125
1932,44144690036773681640625,237,29,122624138991038004557,105
1933,293552875518798828125,197,26,815424654218885633,245
1934,4912726581096649169921875,211,32,13646462725268469916449,235
1935,1467764377593994140625,197,27,4077123271094428168,145
1936,255859375,131,9,710720,175
1937,3755092620849609375,63,24,10430812835693359,135
1938,9499490261077880859375,51,29,26387472947438557942,255
1939,26263296604156494140625,141,29,72953601678212483723,345
1940,305473804473876953125,41,27,848538345760769314,85
1941,204145908355712890625,137,26,567071967654758029,185
1942,1348555088043212890625,181,27,3745986355675591362,305
1943,1184642314910888671875,159,27,3290673096974690755,75
1944,6221234798431396484375,167,28,17281207773420545789,335
1945,19208528101444244384765625,33,34,53357022504011789957682,105
1946,194646418094635009765625,209,30,540684494707319471571,65
1947,1721084117889404296875,231,27,4780789216359456380,75
1948,1333653926849365234375,179,27,3704594241248236762,55
1949,6370246410369873046875,171,28,17695128917694091796,315
1950,56326389312744140625,189,25,156462192535400390,225
1951,722706317901611328125,97,27,2007517549726698133,245
1952,30733644962310791015625,33,30,85371236006418863932,105
1953,3012246452271938323974609375,207,36,8367351256310939788818359,135
1954,1378357410430908203125,37,28,3828770584530300564,85
1955,3315508365631103515625,89,28,9209745460086398654,185
1956,9275972843170166015625,249,28,25766591231028238932,105
1957,46752393245697021484375,251,29,129867759015825059678,295
1958,235624611377716064453125,253,30,654512809382544623480,325
1959,2570450305938720703125,69,28,7140139738718668619,285
1960,25145709514617919921875,27,30,69849193096160888671,315
1961,105798244476318359375,71,26,293884012434217664,335
1962,4135072231292724609375,111,28,11486311753590901692,255
1963,1139938831329345703125,153,27,3166496753692626953,45
1964,1244246959686279296875,167,27,3456241554684109157,355
1965,149942934513092041015625,161,30,416508151425255669487,305
1966,99837779998779296875,67,26,277327166663275824,235
1967,186264514923095703125,1,29,517401430341932508,245
1968,21420419216156005859375,23,30,59501164489322238498,95
1969,8158385753631591796875,219,28,22662182648976643880,75
1970,454485416412353515625,61,27,1262459490034315321,65
1971,1865234375,191,10,5181206,215
1972,2644956111907958984375,71,28,7347100310855441623,95
1973,213272869586944580078125,229,30,592424637741512722439,85
1974,7934868335723876953125,213,28,22041300932566324869,285
1975,7189810276031494140625,193,28,19971695211198594835,25
1976,9201467037200927734375,247,28,25559630658891465928,295
1977,31478703022003173828125,169,29,87440841727786593967,5
1978,5657784640789031982421875,243,32,15716068446636199951171,315
1979,263750553131103515625,177,26,732640425364176432,105
1980,1029111444950103759765625,221,31,2858642902639177110460,25
1981,8307397365570068359375,223,28,23076103793250189887,55
1982,3515742719173431396484375,151,32,9765951997703976101345,175
1983,935979187488555908203125,201,31,2599942187468210856119,285
1984,33676624298095703125,113,25,93546178605821397,205
1985,3017485141754150390625,81,28,8381903171539306640,225
1986,19140625,49,8,53168,145
1987,32968819141387939453125,177,29,91580053170522054036,165
1988,5471520125865936279296875,47,33,15198667016294267442491,115
1989,93877315521240234375,63,26,260770320892333984,135
1990,1527369022369384765625,41,28,4242691728803846571,65
1991,179745256900787353515625,193,30,499292380279964870876,265
1992,1199543476104736328125,161,27,3332065211402045355,325
1993,618398189544677734375,83,27,1717772748735215928,295
1994,558793544769287109375,3,29,1552204291025797526,15
1995,1482665538787841796875,199,27,4118515385521782769,35
1996,71711838245391845703125,77,30,199199550681644015842,5
1997,3329478204250335693359375,143,32,9248550567362043592664,335
1998,3762543201446533203125,101,28,10451508892907036675,125
1999,31292438507080078125,21,26,86923440297444661,165
2000,8828938007354736328125,237,28,24524827798207600911,165
2001,759027898311614990234375,163,31,2108410828643374972873,95
2002,3539025783538818359375,19,29,9830627176496717664,335
2003,16577541828155517578125,89,29,46048727300431993272,205
2004,16950070858001708984375,91,29,47083530161115858289,335
2005,1187436282634735107421875,51,32,3298434118429819742838,195
2006,136904418468475341796875,147,30,380290051301320393880,75
2007,38444995880126953125,129,25,106791655222574869,285
2008,2272427082061767578125,61,28,6312297450171576605,325
2009,2793967723846435546875,3,30,7761021455128987630,75
2010,833533704280853271484375,179,31,2315371400780147976345,175
2011,17695128917694091796875,19,30,49153135882483588324,235
2012,1661479473114013671875,223,27,4615220758650037977,155
2013,6072223186492919921875,163,28,16867286629146999782,355
2014,21792948246002197265625,117,29,60535967350006103515,225
2015,99651515483856201171875,107,30,276809765232933892144,35
2016,332295894622802734375,223,26,923044151730007595,175
2017,111758708953857421875,3,28,310440858205159505,75
2018,183284282684326171875,123,26,509123007456461588,195
2019,16391277313232421875,11,26,45531325870090060,275
2020,138580799102783203125,93,26,384946664174397786,165
2021,901520252227783203125,121,27,2504222922854953342,5
2022,248046875,127,9,689019,35
2023,1393258571624755859375,187,27,3870162698957655164,335
2024,32596290111541748046875,7,31,90545250309838189019,35
2025,7040798664093017578125,189,28,19557774066925048828,45
2026,852160155773162841796875,183,31,2367111543814341227213,195
2027,1825392246246337890625,49,28,5070534017350938585,25
2028,22165477275848388671875,119,29,61570770210689968532,355
2029,84936618804931640625,57,26,235935052235921223,345
2030,293366611003875732421875,63,31,814907252788543701171,315
2031,183470547199249267578125,197,30,509640408886803521050,125
2032,81956386566162109375,11,27,227656629350450303,295
2033,367872416973114013671875,79,31,1021867824925316704644,35
2034,1095235347747802734375,147,27,3042320410410563151,15
2035,90897083282470703125,61,26,252491898006863064,85
2036,220723450183868408203125,237,30,613120694955190022786,165
2037,8456408977508544921875,227,28,23490024937523735894,35
2038,2138671875,219,10,5940755,75
2039,103376805782318115234375,111,30,287157793839772542317,255
2040,6891787052154541015625,37,29,19143852922651502821,65
2041,5401670932769775390625,29,29,15004641479916042751,265
2042,228174030780792236328125,49,31,633816752168867323133,245
2043,1572072505950927734375,211,27,4366868072085910373,95
2044,4582107067108154296875,123,28,12728075186411539713,195
2045,386498868465423583984375,83,31,1073607967959509955512,55
2046,6519258022308349609375,7,30,18109050061967637803,295
2047,228515625,117,9,634765,225
2048,45634806156158447265625,49,30,126763350433773464626,265
2049,827014446258544921875,111,27,2297262350718180338,195
2050,588595867156982421875,79,27,1634988519880506727,155
2051,749714672565460205078125,161,31,2082540757126278347439,85
2052,1318752765655517578125,177,27,3663202126820882161,165
2053,103027559816837310791015625,177,34,286187666157881418863932,105
2054,8530914783477783203125,229,28,23696985509660508897,205
2055,209547579288482666015625,9,32,582076609134674072265,225
2056,96857547760009765625,13,27,269048743777804904,185
2057,22538006305694580078125,121,29,62605573071373833550,125
2058,5550682544708251953125,149,28,15418562624189588758,245
2059,3986060619354248046875,107,28,11072390609317355685,275
2060,946223735809326171875,127,27,2628399266137017144,35
2061,737607479095458984375,99,27,2048909664154052734,135
2062,5476176738739013671875,147,28,15211602052052815755,75
2063,73574483394622802734375,79,30,204373564985063340928,295
2064,7413327693939208984375,199,28,20592576927608913845,175
2065,16987323760986328125,57,25,47187010447184244,285
2066,5848705768585205078125,157,28,16246404912736680772,205
2067,6593763828277587890625,177,28,18316010634104410807,105
2068,41164457798004150390625,221,29,114345716105567084418,145
2069,499188899993896484375,67,27,1386635833316379123,95
2070,684522092342376708984375,147,31,1901450256506601969401,15
2071,4358589649200439453125,117,28,12107193470001220703,45
2072,871717929840087890625,117,27,2421438694000244140,225
2073,841915607452392578125,113,27,2338654465145534939,85
2074,40046870708465576171875,43,30,111241307523515489366,115
2075,1780688762664794921875,239,27,4946357674068874782,355
2076,41536986827850341796875,223,29,115380518966250949435,275
2077,898726284503936767578125,193,31,2496461901399824354383,245
2078,1178123056888580322265625,253,31,3272564046912723117404,185
2079,3613531589508056640625,97,28,10037587748633490668,145
2080,127591192722320556640625,137,30,354419979784223768446,65
2081,84750354290008544921875,91,30,235417650805579291449,235
2082,147521495819091796875,99,26,409781932830810546,315
2083,172294676303863525390625,37,31,478596323066287570529,185
2084,161118805408477783203125,173,30,447552237245771620008,245
2085,637955963611602783203125,137,31,1772099898921118842230,325
2086,5029141902923583984375,27,29,13969838619232177734,135
2087,14714896678924560546875,79,29,40874712997012668185,275
2088,2868473529815673828125,77,28,7967982027265760633,245
2089,18359375,47,8,50998,95
2090,97788870334625244140625,21,31,271635750929514567057,105
2091,189244747161865234375,127,26,525679853227403428,295
2092,21769665181636810302734375,187,33,60471292171213361952039,335
2093,1125037670135498046875,151,27,3125104639265272352,155
2094,6668269634246826171875,179,28,18522971206241183810,275
2095,120140612125396728515625,129,30,333723922570546468098,345
2096,1084990799427032470703125,233,31,3013863331741756863064,85
2097,22002495825290679931640625,189,33,61118043959140777587890,225
2098,53085386753082275390625,57,30,147459407647450764973,345
2099,28870999813079833984375,31,30,80197221702999538845,175
2100,5923211574554443359375,159,28,16453365484873453776,15
2101,117719173431396484375,79,26,326997703976101345,175
2102,7487833499908447265625,201,28,20799537499745686848,345
2103,27380883693695068359375,147,29,76058010260264078776,15
2104,675208866596221923828125,29,32,1875580184989505343967,5
2105,861473381519317626953125,37,32,2392981615331437852647,205
2106,4060566425323486328125,109,28,11279351181454128689,85
2107,3166496753692626953125,17,29,8795824315812852647,205
2108,23632310330867767333984375,203,33,65645306474632687038845,175
2109,7115304470062255859375,191,28,19764734639061821831,215
2110,37066638469696044921875,199,29,102962884638044569227,155
2111,21875,7,5,60,275
2112,54948031902313232421875,59,30,152633421950870090060,275
2113,155530869960784912109375,167,30,432030194335513644748,95
2114,12107193470001220703125,13,30,33631092972225613064,85
2115,6146728992462158203125,33,29,17074247201283772786,165
2116,27008354663848876953125,29,30,75023207399580213758,245
2117,140629708766937255859375,151,30,390638079908159044053,295
2118,5797483026981353759765625,249,32,16104119519392649332682,105
2119,4209578037261962890625,113,28,11693272325727674696,65
2120,148080289363861083984375,159,30,411334137121836344401,15
2121,43399631977081298828125,233,29,120554533269670274522,205
2122,752508640289306640625,101,27,2090301778581407335,25
2123,29243528842926025390625,157,29,81232024563683403862,305
2124,2048909664154052734375,11,29,5691415733761257595,175
2125,13969838619232177734375,3,31,38805107275644938151,15
2126,4307366907596588134765625,37,33,11964908076657189263237,305
2127,38929283618927001953125,209,29,108136898941463894314,85
2128,31106173992156982421875,167,29,86406038867102728949,235
2129,2491287887096405029296875,107,32,6920244130823347303602,155
2130,7860362529754638671875,211,28,21834340360429551866,115
2131,1923828125,197,10,5343967,5
2132,648200511932373046875,87,27,1800556977589925130,75
2133,23046875,59,8,64019,35
2134,44889748096466064453125,241,29,124693744712405734592,5
2135,486033968627452850341796875,167,35,1350094357298480139838324,235
2136,5774199962615966796875,31,29,16039444340599907769,35
2137,514090061187744140625,69,27,1428027947743733723,345
2138,3464519977569580078125,93,28,9623666604359944661,165
2139,1884765625,193,10,5235460,25
2140,1154839992523193359375,31,28,3207888868119981553,295
2141,693835318088531494140625,149,31,1927320328023698594835,25
2142,196509063243865966796875,211,30,545858509010738796657,355
2143,17345882952213287353515625,149,33,48183008200592464870876,265
2144,101514160633087158203125,109,30,281983779536353217230,325
2145,37439167499542236328125,201,29,103997687498728434244,285
2146,3934837877750396728515625,169,32,10930105215973324245876,265
2147,15087425708770751953125,81,29,41909515857696533203,45
2148,38184225559234619140625,41,30,106067293220096164279,185
2149,200234353542327880859375,43,31,556206537617577446831,215
2150,528991222381591796875,71,27,1469420062171088324,235
2151,2060546875,211,10,5723741,115
2152,24773180484771728515625,133,29,68814390235477023654,185
2153,5103647708892822265625,137,28,14176799191368950737,305
2154,11362135410308837890625,61,29,31561487250857883029,185
2155,961124897003173828125,129,27,2669791380564371744,285
2156,349245965480804443359375,3,33,970127681891123453776,15
2157,132620334625244140625,89,26,368389818403455946,65
2158,166706740856170654296875,179,30,463074280156029595269,35
2159,767409801483154296875,103,27,2131693893008761935,275
2160,4656612873077392578125,1,31,12935035758548312717,5
2161,2421438694000244140625,13,29,6726218594445122612,305
2162,2041015625,209,10,5669487,305
2163,353515625,181,9,981987,305
2164,2470703125,253,10,6863064,85
2165,1735985279083251953125,233,27,4822181330786810980,325
2166,57625584304332733154296875,99,34,160071067512035369873046,315
2167,203959643840789794921875,219,30,566554566224416097005,75
2168,32223761081695556640625,173,29,89510447449154324001,265
2169,224448740482330322265625,241,30,623468723562028672960,25
2170,973232090473175048828125,209,31,2703422473536597357855,325
2171,216796875,111,9,602213,195
2172,4586763679981231689453125,197,32,12741010222170088026258,245
2173,4433095455169677734375,119,28,12314154042137993706,215
2174,23655593395233154296875,127,29,65709981653425428602,155
2175,20838342607021331787109375,179,33,57884285019503699408637,55
2176,215135514736175537109375,231,30,597598652044932047526,15
2177,4027970135211944580078125,173,32,11188805931144290500217,5
2178,7711350917816162109375,207,28,21420419216156005859,135
2179,27753412723541259765625,149,29,77092813120947943793,145
2180,9350478649139404296875,251,28,25973551803165011935,275
2181,22910535335540771484375,123,29,63640375932057698567,255
2182,3608874976634979248046875,31,33,10024652712874942355685,275
2183,5997717380523681640625,161,28,16660326057010226779,185
2184,498257577419281005859375,107,31,1384048826164669460720,175
2185,39674341678619384765625,213,29,110206504662831624348,345
2186,174343585968017578125,117,26,484287738800048828,45
2187,2942979335784912109375,79,28,8174942599402533637,55
2188,81025063991546630859375,87,30,225069622198740641276,15
2189,30361115932464599609375,163,29,84336433145734998914,335
2190,203125,13,6,564,85
2191,151805579662322998046875,163,30,421682165728674994574,235
2192,129453837871551513671875,139,30,359593994087643093532,355
2193,3091990947723388671875,83,28,8588863743676079644,35
2194,159256160259246826171875,171,30,442378222942352294921,315
2195,187195837497711181640625,201,30,519988437493642171223,345
2196,43772161006927490234375,47,30,121589336130354139539,335
2197,18812716007232666015625,101,29,52257544464535183376,265
2198,13751559890806674957275390625,189,37,38198777474462985992431640,225
2199,174157321453094482421875,187,30,483770337369706895616,115
2200,469386577606201171875,63,27,1303851604461669921,315
2201,707805156707763671875,19,28,1966125435299343532,355
2202,8605420589447021484375,231,28,23903946081797281901,15
2203,1513399183750152587890625,13,33,4203886621528201633029,185
2204,35576522350311279296875,191,29,98823673195309109157,355
2205,38556754589080810546875,207,29,107102096080780029296,315
2206,201171875,103,9,558810,275
2207,1057051122188568115234375,227,31,2936253117190466986762,55
2208,5518086254596710205078125,237,32,15328017373879750569661,165
2209,797212123870849609375,107,27,2214478121863471137,55
2210,64261257648468017578125,69,30,178503493467966715494,285
2211,4726462066173553466796875,203,32,13129061294926537407769,35
2212,4353933036327362060546875,187,32,12094258434242672390407,355
2213,3688037395477294921875,99,28,10244548320770263671,315
2214,908039510250091552734375,39,32,2522331972916920979817,255
2215,131316483020782470703125,141,30,364768008391062418619,285
2216,3096647560596466064453125,133,32,8601798779434627956814,85
2217,110827386379241943359375,119,30,307853851053449842664,335
2218,202096998691558837890625,217,30,561380551920996771918,145
2219,8083879947662353515625,217,28,22455222076839870876,265
2220,35949051380157470703125,193,29,99858476055992974175,125
2221,7636845111846923828125,41,29,21213458644019232855,325
2222,4819594323635101318359375,207,32,13387762010097503662109,135
2223,19921875,51,8,55338,195
2224,35203993320465087890625,189,29,97788870334625244140,225
2225,20302832126617431640625,109,29,56396755907270643446,65
2226,15795230865478515625,53,25,43875641292995876,265
2227,2398155629634857177734375,103,32,6661543415652381049262,55
2228,29988586902618408203125,161,29,83301630285051133897,205
2229,29616057872772216796875,159,29,82266827424367268880,75
2230,3390014171600341796875,91,28,9416706032223171657,355
2231,479631125926971435546875,103,31,1332308683130476209852,155
2232,112690031528472900390625,121,30,313027865356869167751,265
2233,26193447411060333251953125,9,35,72759576141834259033203,45
2234,1112930476665496826171875,239,31,3091473546293046739366,115
2235,34086406230926513671875,183,29,94684461752573649088,195
2236,507570803165435791015625,109,31,1409918897681766086154,185
2237,1001171767711639404296875,43,32,2781032688087887234157,355
2238,880099833011627197265625,189,31,2444721758365631103515,225
2239,1050531864166259765625,141,27,2918144067128499348,345
2240,2265625,29,7,6293,145
2241,25029294192790985107421875,43,34,69525817202197180853949,235
2242,87916851043701171875,59,26,244213475121392144,35
2243,2314453125,237,10,6429036,165
2244,42654573917388916015625,229,29,118484927548302544487,305
2245,212890625,109,9,591362,305
2246,4074536263942718505859375,7,34,11318156288729773627387,55
2247,19185245037078857421875,103,29,53292347325219048394,35
2248,4507601261138916015625,121,28,12521114614274766710,25
2249,40419399738311767578125,217,29,112276110384199354383,245
2250,2216796875,227,10,6157769,35
2251,33713877201080322265625,181,29,93649658891889784071,65
2252,135041773319244384765625,29,31,375116036997901068793,145
2253,4773028194904327392578125,41,33,13258411652512020534939,85
2254,86612999439239501953125,93,30,240591665108998616536,165
2255,692903995513916015625,93,27,1924733320871988932,105
2256,954605638980865478515625,41,32,2651682330502404106987,305
2257,3911554813385009765625,21,29,10865430037180582682,105
2258,931322574615478515625,1,30,2587007151709662543,145
2259,15017576515674591064453125,129,33,41715490321318308512369,285
2260,33341348171234130859375,179,29,92614856031205919053,295
2261,516884028911590576171875,111,31,1435788969198862711588,195
2262,28521753847599029541015625,49,34,79227094021108415391710,25
2263,842846930027008056640625,181,31,2341241472297244601779,185
2264,69849193096160888671875,3,32,194025536378224690755,75
2265,51222741603851318359375,11,31,142285393344031439887,55
2266,177882611751556396484375,191,30,494118365976545545789,335
2267,10244548320770263671875,11,30,28457078668806287977,155
2268,92200934886932373046875,99,30,256113708019256591796,315
2269,153668224811553955078125,33,31,426856180032094319661,165
2270,43027102947235107421875,231,29,119519730408986409505,75
2271,1122243702411651611328125,241,31,3117343617810143364800,125
2272,138767063617706298828125,149,30,385464065604739718967,5
2273,82887709140777587890625,89,30,230243636502159966362,305
2274,77299773693084716796875,83,30,214721593591901991102,155
2275,1150183379650115966796875,247,31,3194953832361433241102,155
2276,488944351673126220703125,21,32,1358178754647572835286,165
2277,18440186977386474609375,99,29,51222741603851318359,135
2278,168569386005401611328125,181,30,468248294459448920355,325
2279,672298483550548553466796875,231,35,1867495787640412648518880,75
2280,21047890186309814453125,113,29,58466361628638373480,325
2281,991858541965484619140625,213,31,2755162616570790608723,345
2282,231899321079254150390625,249,30,644164780775705973307,105
2283,36694109439849853515625,197,29,101928081777360704210,25
2284,198371708393096923828125,213,30,551032523314158121744,285
2285,1168809831142425537109375,251,31,3246693975395626491970,175
2286,24400651454925537109375,131,29,67779587374793158637,55
2287,3702007234096527099609375,159,32,10283353428045908610026,15
2288,2910383045673370361328125,1,35,8084397349092695448133,245
2289,133179128170013427734375,143,30,369942022694481743706,215
2290,232421875,119,9,645616,115
2291,123865902423858642578125,133,30,344071951177385118272,205
2292,4540197551250457763671875,39,33,12611659864584604899088,195
2293,18067657947540283203125,97,29,50187938743167453342,5
2294,118277966976165771484375,127,30,328549908267127143012,55
2295,79162418842315673828125,17,31,219895607895321316189,85
2296,240234375,123,9,667317,255
2297,20605511963367462158203125,177,33,57237533231576283772786,165
2298,786967575550079345703125,169,31,2186021043194664849175,125
2299,4284083843231201171875,23,29,11900232897864447699,235
2300,107102096080780029296875,23,31,297505822446611192491,115
2301,16647391021251678466796875,143,33,46242752836810217963324,235
2302,105239450931549072265625,113,30,292331808143191867404,185
2303,15459954738616943359375,83,29,42944318718380398220,175
2304,18510036170482635498046875,159,33,51416767140229543050130,75
2305,189058482646942138671875,203,30,525162451797061496310,275
2306,656582415103912353515625,141,31,1823840041955312093098,345
2307,2333984375,239,10,6483289,335
2308,11132215149700641632080078125,153,37,30922819860279560089111328,45
2309,114669091999530792236328125,197,34,318525255554252200656467,5
2310,2165324985980987548828125,93,32,6014791627724965413411,165
2311,97206793725490570068359375,167,34,270018871459696027967664,335
2312,470317900180816650390625,101,31,1306438611613379584418,145
2313,19930303096771240234375,107,29,55361953046586778428,295
2314,18117134459316730499267578125,249,37,50325373498102029164632161,165
2315,321306288242340087890625,69,31,892517467339833577473,345
2316,1159496605396270751953125,249,31,3220823903878529866536,165
2317,29453076422214508056640625,253,33,81814101172818077935112,305
2318,3241002559661865234375,87,28,9002784887949625651,15
2319,633299350738525390625,17,28,1759164863162570529,185
2320,3837049007415771484375,103,28,10658469465043809678,295
2321,647269189357757568359375,139,31,1797969970438215467664,335
2322,3422610461711883544921875,147,32,9507251282533009847005,75
2323,62398612499237060546875,67,30,173329479164547390407,355
2324,3888271749019622802734375,167,32,10800754858387841118706,215
2325,1131556928157806396484375,243,31,3143213689327239990234,135
2326,114552676677703857421875,123,30,318201879660288492838,195
2327,796280801296234130859375,171,31,2211891114711761474609,135
2328,5890615284442901611328125,253,32,16362820234563615587022,205
2329,777654349803924560546875,167,31,2160150971677568223741,115
2330,9531504474580287933349609375,131,37,26476401318278577592637803,295
2331,56388671509921550750732421875,31,39,156635198638670974307590060,275
2332,19907020032405853271484375,171,33,55297277867794036865234,135
2333,146101228892803192138671875,251,34,405836746924453311496310,275
2334,3841705620288848876953125,33,33,10671404500802357991536,165
2335,12852251529693603515625,69,29,35700698693593343098,345
2336,4167668521404266357421875,179,32,11576857003900739881727,155
2337,220703125,113,9,613064,85
2338,3795139491558074951171875,163,32,10542054143216874864366,115
2339,11414158507250249385833740234375,251,41,31705995853472914960649278428,295
2340,287109375,147,9,797526,15
2341,1047737896442413330078125,9,33,2910383045673370361328,45
2342,567524693906307220458984375,39,36,1576457483073075612386067,255
2343,192783772945404052734375,207,30,535510480403900146484,135
2344,10989606380462646484375,59,29,30526684390174018012,55
2345,10617077350616455078125,57,29,29491881529490152994,285
2346,22700987756252288818359375,39,34,63058299322923024495442,255
2347,157393515110015869140625,169,30,437204208638932969835,25
2348,27995383788947947323322296142578125,197,46,77764954969299853675895267062717,5
2349,125146470963954925537109375,43,35,347629086010985904269748,95
2350,405125319957733154296875,87,31,1125348110993703206380,75
2351,13224780559539794921875,71,29,36735501554277208116,115
2352,1019798219203948974609375,219,31,2832772831122080485026,15
2353,814907252788543701171875,7,33,2263631257745954725477,155
2354,144937075674533843994140625,249,34,402602987984816233317057,105
2355,251953125,129,9,699869,285
2356,112340785562992095947265625,193,34,312057737674978044297960,25
2357,2373046875,243,10,6591796,315
2358,22265625,57,8,61848,345
2359,125728547573089599609375,27,31,349245965480804443359,135
2360,176019966602325439453125,189,30,488944351673126220703,45
2361,3565219230949878692626953125,49,37,9903386752638551923963758,245
2362,170432031154632568359375,183,30,473422308762868245442,255
2363,17578713595867156982421875,151,33,48829759988519880506727,155
2364,129803083837032318115234375,223,34,360564121769534216986762,55
2365,2255859375,231,10,6266276,15
2366,712461769580841064453125,153,31,1979060471057891845703,45
2367,768341124057769775390625,33,32,2134280900160471598307,105
2368,721774995326995849609375,31,32,2004930542574988471137,55
2369,190921127796173095703125,41,31,530336466100480821397,205
2370,211410224437713623046875,227,30,587250623438093397352,155
2371,12150849215686321258544921875,167,37,33752358932462003495958116,115
2372,162981450557708740234375,7,32,452726251549190945095,175
2373,414438545703887939453125,89,31,1151218182510799831814,85
2374,21536834537982940673828125,37,34,59824540383285946316189,85
2375,14342367649078369140625,77,29,39839910136328803168,145
2376,302679836750030517578125,13,32,840777324305640326605,325
2377,2346932888031005859375,63,28,6519258022308349609,135
2378,212457962334156036376953125,73,35,590161006483766767713758,245
2379,22933818399906158447265625,197,33,63705051110850440131293,145
2380,2197921276092529296875,59,28,6105336878034803602,155
2381,24796463549137115478515625,213,33,68879065414269765218098,345
2382,107684172689914703369140625,37,35,299122701916429731580946,65
2383,591389834880828857421875,127,31,1642749541335635715060,275
2384,142608769237995147705078125,49,35,396135470105542076958550,125
2385,233761966228485107421875,251,30,649338795079125298394,35
2386,30078125,77,8,83550,125
2387,230036675930023193359375,247,30,638990766472286648220,175
2388,3236345946788787841796875,139,32,8989849852191077338324,235
2389,4400499165058135986328125,189,32,12223608791828155517578,45
2390,554136931896209716796875,119,31,1539269255267249213324,235
2391,15832483768463134765625,17,30,43979121579064263237,305
2392,95926225185394287109375,103,30,266461736626095241970,175
2393,2123415470123291015625,57,28,5898376305898030598,345
2394,1103617250919342041015625,237,31,3065603474775950113932,105
2395,736326910555362701416015625,253,35,2045352529320451948377821,65
2396,2258457243442535400390625,97,32,6273492342895931667751,265
2397,48385118134319782257080078125,133,38,134403105928666061825222439,85
2398,5937181413173675537109375,51,33,16492170592149098714192,255
2399,17322599887847900390625,93,29,48118333021799723307,105
2400,23166649043560028076171875,199,33,64351802898777855767144,35
2401,20675361156463623046875,111,29,57431558767954508463,195
2402,75437128543853759765625,81,30,209547579288482666015,225
2403,1140870153903961181640625,49,32,3169083760844336615668,145
2404,90338289737701416015625,97,30,250939693715837266710,25
2405,94878487288951873779296875,163,34,263551353580421871609157,355
2406,889413058757781982421875,191,31,2470591829882727728949,235
2407,16205012798309326171875,87,29,45013924439748128255,75
2408,40791928768157958984375,219,29,113310913244883219401,15
2409,42491592466831207275390625,73,34,118032201296753353542751,265
2410,703148543834686279296875,151,31,1953190399540795220269,35
2411,5704350769519805908203125,49,33,15845418804221683078342,5
2412,24330802261829376220703125,209,33,67585561838414933946397,205
2413,122003257274627685546875,131,30,338897936873965793185,275
2414,4866160452365875244140625,209,32,13517112367682986789279,185
2415,94063580036163330078125,101,30,261287722322675916883,245
2416,963918864727020263671875,207,31,2677552402019500732421,315
2417,451691448688507080078125,97,31,1254698468579186333550,125
2418,1038424670696258544921875,223,31,2884512974156273735894,35
2419,75087882578372955322265625,129,34,208577451606591542561848,345
2420,665895640850067138671875,143,31,1849710113472408718532,355
2421,27823261916637420654296875,239,33,77286838657326168484157,355
2422,12456439435482025146484375,107,33,34601220654116736518012,55
2423,17113052308559417724609375,147,33,47536256412665049235026,15
2424,5192123353481292724609375,223,32,14422564870781368679470,175
2425,544823706150054931640625,117,31,1513399183750152587890,225
2426,28515625,73,8,79210,25
2427,294921875,151,9,819227,155
2428,21071173250675201416015625,181,33,58531036807431115044487,305
2429,15716068446636199951171875,27,34,43655745685100555419921,315
2430,2072192728519439697265625,89,32,5756090912553999159071,65
2431,10404619388282299041748046875,143,37,28901720523006386227077907,355
2432,19557774066925048828125,21,30,54327150185902913411,165
2433,926665961742401123046875,199,31,2574072115951114230685,275
2434,13853423297405242919921875,119,33,38481731381681230333116,115
2435,945292413234710693359375,203,31,2625812258985307481553,295
2436,44517219066619873046875,239,29,123658941851721869574,235
2437,3469176590442657470703125,149,32,9636601640118492974175,125
2438,164844095706939697265625,177,30,457900265852610270182,105
2439,4214234650135040283203125,181,32,11706207361486223008897,205
2440,395812094211578369140625,17,32,1099478039476606580946,65
2441,16181729733943939208984375,139,33,44949249260955386691623,95
2442,8963979780673980712890625,77,33,24899943835205501980251,265
2443,142492353916168212890625,153,30,395812094211578369140,225
2444,2177734375,223,10,6049262,55
2445,2578125,33,7,7161,165
2446,56810677051544189453125,61,30,157807436254289415147,205
2447,13620592653751373291015625,117,33,37834979593753814697265,225
2448,5005858838558197021484375,43,33,13905163440439436170789,335
2449,445288605988025665283203125,153,35,1236912794411182403564453,45
2450,2956949174404144287109375,127,32,8213747706678178575303,295
2451,610016286373138427734375,131,31,1694489684369828965928,295
2452,2353515625,241,10,6537543,145
2453,4633329808712005615234375,199,32,12870360579755571153428,295
2454,144354999065399169921875,31,31,400986108514997694227,155
2455,4959292709827423095703125,213,32,13775813082853953043619,285
2456,3981404006481170654296875,171,32,11059455573558807373046,315
2457,5098991096019744873046875,219,32,14163864155610402425130,75
2458,2211891114711761474609375,19,33,6144141985310448540581,215
2459,296875,19,6,824,235
2460,526197254657745361328125,113,31,1461659040715959337022,205
2461,1935404725372791290283203125,133,36,5376124237146642473008897,205
2462,4121102392673492431640625,177,32,11447506646315256754557,105
2463,339932739734649658203125,73,31,944257610374026828342,5
2464,3282912075519561767578125,141,32,9119200209776560465494,285
2465,2275390625,233,10,6320529,185
2466,13597309589385986328125,73,29,37770304414961073133,245
2467,628642737865447998046875,27,32,1746229827404022216796,315
2468,27590431272983551025390625,237,33,76640086869398752848307,105
2469,26171875,67,8,72699,235
2470,207684934139251708984375,223,30,576902594831254747178,295
2471,8658389560878276824951171875,119,37,24051082113550768958197699,235
2472,24609375,63,8,68359,135
2473,2604792825877666473388671875,179,36,7235535627437962426079644,35
2474,2770684659481048583984375,119,32,7696346276336246066623,95
2475,442378222942352294921875,19,32,1228828397062089708116,115
2476,1746229827404022216796875,3,34,4850638409455617268880,75
2477,2817250788211822509765625,121,32,7825696633921729193793,145
2478,563450157642364501953125,121,31,1565139326784345838758,245
2479,3003515303134918212890625,129,32,8343098064263661702473,345
2480,2080923877656459808349609375,143,36,5780344104601277245415581,215
2481,20139850676059722900390625,173,33,55944029655721452501085,25
2482,10826624929904937744140625,93,33,30073958138624827067057,105
2483,60535967350006103515625,13,31,168155464861128065321,65
2484,116415321826934814453125,1,33,323375893963707817925,125
2485,137952156364917755126953125,237,34,383200434346993764241536,165
2486,15483237802982330322265625,133,33,43008993897173139784071,65
2487,19441358745098114013671875,167,33,54003774291939205593532,355
2488,118161551654338836669921875,203,34,328226532373163435194227,155
2489,67986547946929931640625,73,30,188851522074805365668,145
2490,148429535329341888427734375,51,35,412304264803727467854817,255
2491,600703060626983642578125,129,31,1668619612852732340494,285
2492,451109372079372406005859375,31,36,1253081589109367794460720,175
2493,572763383388519287109375,123,31,1591009398301442464192,255
2494,5331821739673614501953125,229,32,14810615943537818060980,325
2495,3376044332981109619140625,29,33,9377900924947526719835,25
2496,86729414761066436767578125,149,34,240915041002962324354383,245
2497,3655441105365753173828125,157,32,10154003070460425482855,325
2498,2451171875,251,10,6808810,275
2499,122818164527416229248046875,211,34,341161568131711747911241,115
2500,14551915228366851806640625,1,36,40421986745463477240668,145
2501,2118758857250213623046875,91,32,5885441270139482286241,115
2502,274740159511566162109375,59,31,763167109754350450303,295
2503,62282197177410125732421875,107,34,173006103270583682590060,275
2504,256113708019256591796875,11,32,711426966720157199435,275
2505,619911588728427886962890625,213,35,1721976635356744130452473,345
2506,1066364347934722900390625,229,31,2962123188707563612196,65
2507,5602487362921237945556640625,77,37,15562464897003438737657335,25
2508,358559191226959228515625,77,31,995997753408220079210,25
2509,5844049155712127685546875,251,32,16233469876978132459852,155
2510,2537854015827178955078125,109,32,7049594488408830430772,205
2511,742147676646709442138671875,51,36,2061521324018637339274088,195
2512,2575688995420932769775390625,177,36,7154691653947035471598307,105
2513,91386027634143829345703125,157,34,253850076761510637071397,205
2514,21304003894329071044921875,183,33,59177788595358530680338,195
2515,2677552402019500732421875,23,33,7437645561165279812282,355
2516,89057721197605133056640625,153,34,247382558882236480712890,225
2517,1004082150757312774658203125,69,36,2789117085436979929606119,285
2518,101863406598567962646484375,7,36,282953907218244340684678,295
2519,1885928213596343994140625,81,32,5238689482212066650390,225
2520,870786607265472412109375,187,31,2418851686848534478081,215
2521,10593794286251068115234375,91,33,29427206350697411431206,215
2522,28012436814606189727783203125,77,38,77812324485017193688286675,125
2523,29220245778560638427734375,251,33,81167349384890662299262,55
2524,433064997196197509765625,93,31,1202958325544993082682,105
2525,2863816916942596435546875,123,32,7955046991507212320963,195
2526,683940015733242034912109375,47,36,1899833377036783430311414,335
2527,3748573362827301025390625,161,32,10412703785631391737196,65
2528,5238689482212066650390625,9,34,14551915228366851806640,225
2529,25960616767406463623046875,223,33,72112824353906843397352,155
2530,5145557224750518798828125,221,32,14293214513195885552300,125
2531,637373887002468109130859375,219,35,1770483019451300303141276,15
2532,79744495451450347900390625,137,34,221512487365139855278862,305
2533,123982317745685577392578125,213,34,344395327071348826090494,285
2534,80908648669719696044921875,139,34,224746246304776933458116,115
2535,2444721758365631103515625,21,33,6790893773237864176432,105
2536,293948687613010406494140625,101,35,816524132258362240261501,265
2537,824220478534698486328125,177,31,2289501329263051350911,165
2538,11757947504520416259765625,101,33,32660965290334489610460,25
2539,115833245217800140380859375,199,34,321759014493889278835720,175
2540,555883161723613739013671875,191,35,1544119893676704830593532,355
2541,740401446819305419921875,159,31,2056670685609181722005,75
2542,43655745685100555419921875,3,36,121265960236390431722005,75
2543,11990778148174285888671875,103,33,33307717078261905246310,275
2544,14086253941059112548828125,121,33,39128483169608645968967,5
2545,27357600629329681396484375,47,34,75993335081471337212456,215
2546,135623849928379058837890625,233,34,376732916467719607883029,185
2547,28056092560291290283203125,241,33,77933590445253584120008,245
2548,18742866814136505126953125,161,33,52063518928156958685980,325
2549,3050081431865692138671875,131,32,8472448421849144829644,35
2550,133295543491840362548828125,229,34,370265398588445451524522,205
2551,5564652383327484130859375,239,32,15457367731465233696831,215
2552,265426933765411376953125,57,31,737297038237253824869,285
2553,11059455573558807373046875,19,34,30720709926552242702907,355
2554,23399479687213897705078125,201,33,64998554686705271402994,285
2555,5424953997135162353515625,233,32,15069316658708784315321,65
2556,3507011570036411285400390625,241,36,9741698805656698015001085,25
2557,5378387868404388427734375,231,32,14939966301123301188151,15
2558,58203125,149,8,161675,125
2559,275390625,141,9,764973,345
2560,455078125,233,9,1264105,325
2561,27734375,71,8,77039,335
2562,92578125,237,8,257161,165
2563,33984375,87,8,94401,15
2564,51171875,131,8,142144,35
2565,447265625,229,9,1242404,185
2566,40234375,103,8,111762,55
2567,392578125,201,9,1090494,285
2568,451171875,231,9,1253255,75
2569,298828125,153,9,830078,45
2570,8046875,103,7,22352,155
2571,58984375,151,8,163845,175
2572,53515625,137,8,148654,185
2573,32421875,83,8,90060,275
2574,369140625,189,9,1025390,225
2575,30859375,79,8,85720,175
2576,10078125,129,7,27994,285
2577,462890625,237,9,1285807,105
2578,259765625,133,9,721571,65
2579,26891939342021942138671875,231,33,74699831505616505940755,75
2580,6635673344135284423828125,57,33,18432425955931345621744,285
2581,265625,17,6,737,305
2582,1411535777151584625244140625,97,36,3920932714309957292344835,25
2583,2421875,31,7,6727,155
2584,3359375,43,7,9331,215
2585,25,1,2,0,25
2586,26953125,69,8,74869,285
2587,318359375,163,9,884331,215
2588,267578125,137,9,743272,205
2589,54296875,139,8,150824,235
2590,375,3,3,1,15
2591,349609375,179,9,971137,55
2592,279296875,143,9,775824,235
2593,42578125,109,8,118272,205
2594,3203125,41,7,8897,205
2595,328125,21,6,911,165
2596,77488948591053485870361328125,213,38,215247079419593016306559244,285
2597,306640625,157,9,851779,185
2598,28125,9,5,78,45
2599,2412109375,247,10,6700303,295
2600,2431640625,249,10,6754557,105
2601,236328125,121,9,656467,5
2602,291015625,149,9,808376,265
2603,373046875,191,9,1036241,115
2604,2890625,37,7,8029,185
2605,271484375,139,9,754123,95
2606,3562308847904205322265625,153,32,9895302355289459228515,225
2607,44819898903369903564453125,77,34,124499719176027509901258,245
2608,310546875,159,9,862630,75
2609,376953125,193,9,1047092,5
2610,38671875,99,8,107421,315
2611,330078125,169,9,916883,245
2612,62890625,161,8,174696,65
2613,408203125,209,9,1133897,205
2614,412109375,211,9,1144748,95
2615,388671875,199,9,1079644,35
2616,515625,33,6,1432,105
2617,41796875,107,8,116102,155
2618,326171875,167,9,906032,355
2619,44140625,113,8,122612,305
2620,365234375,187,9,1014539,335
2621,34765625,89,8,96571,65
2622,4609375,59,7,12803,295
2623,5625,9,4,15,225
2624,3671875,47,7,10199,235
2625,5234375,67,7,14539,335
2626,453125,29,6,1258,245
2627,31640625,81,8,87890,225
2628,333984375,171,9,927734,135
2629,90221874415874481201171875,31,35,250616317821873558892144,35
2630,5750916898250579833984375,247,32,15974769161807166205512,55
2631,314453125,161,9,873480,325
2632,427734375,219,9,1188151,15
2633,36328125,93,8,100911,165
2634,47265625,121,8,131293,145
2635,3046875,39,7,8463,195
2636,345703125,177,9,960286,165
2637,51953125,133,8,144314,85
2638,45703125,117,8,126953,45
2639,39453125,101,8,109592,5
2640,3984375,51,7,11067,255
2641,359375,23,6,998,95
2642,337890625,173,9,938585,25
2643,34375,11,5,95,175
2644,357421875,183,9,992838,195
2645,37890625,97,8,105251,265
2646,4765625,61,7,13237,305
2647,396484375,203,9,1101345,175
2648,6171875,79,7,17144,35
2649,2025626599788665771484375,87,32,5626740554968516031901,15
2650,4375,7,4,12,55
2651,431640625,221,9,1199001,265
2652,3828125,49,7,10633,245
2653,35546875,91,8,98741,115
2654,640625,41,6,1779,185
2655,609375,39,6,1692,255
2656,46484375,119,8,129123,95
2657,421875,27,6,1171,315
2658,37834979593753814697265625,13,35,105097165538205040825737,305
2659,435546875,223,9,1209852,155
2660,2954038791358470916748046875,203,36,8205663309329085879855685,275
2661,48046875,123,8,133463,195
2662,82072801887989044189453125,141,34,227980005244414011637369,285
2663,1644366420805454254150390625,113,36,4567684502237372928195529,185
2664,22235326468944549560546875,191,33,61764795747068193223741,115
2665,8265487849712371826171875,71,33,22959688471423255072699,235
2666,14042598195374011993408203125,193,37,39007217209372255537245008,245
2667,1420266926288604736328125,61,32,3945185906357235378689,85
2668,59375,19,5,164,335
2669,4453125,57,7,12369,285
2670,63671875,163,8,176866,115
2671,494140625,253,9,1372612,305
2672,409375,131,5,1137,55
2673,16640625,213,7,46223,345
2674,11953125,153,7,33203,45
2675,2625,21,3,7,105
2676,4,4,0,0,4
2677,18671875,239,7,51866,115
2678,20625,33,4,57,105
2679,6625,53,3,18,145
2680,709375,227,5,1970,175
2681,19765625,253,7,54904,185
2682,19375,31,4,53,295
2683,17421875,223,7,48394,35
2684,178125,57,5,494,285
2685,15,3,1,0,15
2686,23125,37,4,64,85
2687,10234375,131,7,28428,295
2688,190625,61,5,529,185
2689,2359375,151,6,6553,295
2690,18828125,241,7,52300,125
2691,2703125,173,6,7508,245
2692,225,9,2,0,225
2693,2484375,159,6,6901,15
2694,221875,71,5,616,115
2695,175,7,2,0,175
2696,196875,63,5,546,315
2697,2953125,189,6,8203,45
2698,19453125,249,7,54036,165
2699,3296875,211,6,9157,355
2700,215625,69,5,598,345
2701,13046875,167,7,36241,115
2702,428125,137,5,1189,85
2703,68,68,0,0,68
2704,86328125,221,8,239800,125
2705,35,7,1,0,35
2706,12734375,163,7,35373,95
2707,7734375,99,7,21484,135
2708,1578125,101,6,4383,245
2709,24375,39,4,67,255
2710,1703125,109,6,4730,325
2711,209375,67,5,581,215
2712,16484375,211,7,45789,335
2713,14140625,181,7,39279,185
2714,90625,29,5,251,265
2715,14765625,189,7,41015,225
2716,1296875,83,6,3602,155
2717,378125,121,5,1050,125
2718,1765625,113,6,4904,185
2719,18125,29,4,50,125
2720,1984375,127,6,5512,55
2721,1859375,119,6,5164,335
2722,18203125,233,7,50564,85
2723,19609375,251,7,54470,175
2724,1203125,77,6,3342,5
2725,2515625,161,6,6987,305
2726,228125,73,5,633,245
2727,2,2,0,0,2
2728,235,47,1,0,235
2729,1734375,111,6,4817,255
2730,2640625,169,6,7335,25
2731,2234375,143,6,6206,215
2732,25625,41,4,71,65
2733,315625,101,5,876,265
2734,2125,17,3,5,325
2735,275,11,2,0,275
2736,1890625,121,6,5251,265
2737,14609375,187,7,40581,215
2738,3,3,0,0,3
2739,1921875,123,6,5338,195
2740,309375,99,5,859,135
2741,2203125,141,6,6119,285
2742,3921875,251,6,10894,35
2743,103125,33,5,286,165
2744,26625,213,3,73,345
2745,13828125,177,7,38411,165
2746,2390625,153,6,6640,225
2747,2859375,183,6,7942,255
2748,18984375,243,7,52734,135
2749,1828125,117,6,5078,45
2750,8125,13,4,22,205
2751,5,1,1,0,5
2752,6015625,77,7,16710,25
2753,26426278054714202880859375,227,33,73406327929761674669053,295
2754,8498318493366241455078125,73,33,23606440259350670708550,125
2755,330619513988494873046875,71,31,918387538856930202907,355
2756,416015625,213,9,1155598,345
2757,1932494342327117919921875,83,32,5368039839797549777560,275
2758,3953125,253,6,10980,325
2759,796875,51,6,2213,195
2760,2671875,171,6,7421,315
2761,1046875,67,6,2907,355
2762,77734375,199,8,215928,295
2763,62109375,159,8,172526,15
2764,29375,47,4,81,215
2765,17734375,227,7,49262,55
2766,423828125,217,9,1177300,125
2767,14296875,183,7,39713,195
2768,1671875,107,6,4644,35
2769,1421875,91,6,3949,235
2770,696875,223,5,1935,275
2771,15859375,203,7,44053,295
2772,16171875,207,7,44921,315
2773,17890625,229,7,49696,65
2774,115625,37,5,321,65
2775,17109375,219,7,47526,15
2776,278125,89,5,772,205
2777,75390625,193,8,209418,145
2778,459375,147,5,1276,15
2779,14921875,191,7,41449,235
2780,15390625,197,7,42751,265
2781,76953125,197,8,213758,245
2782,2078125,133,6,5772,205
2783,7890625,101,7,21918,145
2784,5546875,71,7,15407,355
2785,12265625,157,7,34071,65
2786,15078125,193,7,41883,245
2787,184375,59,5,512,55
2788,13203125,169,7,36675,125
2789,15703125,201,7,43619,285
2790,83203125,213,8,231119,285
2791,1390625,89,6,3862,305
2792,1609375,103,6,4470,175
2793,2046875,131,6,5685,275
2794,9140625,117,7,25390,225
2795,321875,103,5,894,35
2796,128125,41,5,355,325
2797,2015625,129,6,5598,345
2798,439467839896678924560546875,151,35,1220743999712997012668185,275
2799,4921875,63,7,13671,315
2800,484375,31,6,1345,175
2801,65625,21,5,182,105
2802,578125,37,6,1605,325
2803,53125,17,5,147,205
2804,5390625,69,7,14973,345
2805,384765625,197,9,1068793,145
2806,49609375,127,8,137803,295
2807,40625,13,5,112,305
2808,311993062496185302734375,67,31,866647395822736952039,335
2809,5703125,73,7,15842,5
2810,466796875,239,9,1296657,355
2811,16880221664905548095703125,29,34,46889504624737633599175,125
2812,443359375,227,9,1231553,295
2813,50390625,129,8,139973,345
2814,340514816343784332275390625,117,35,945874489843845367431640,225
2815,96042640507221221923828125,33,35,266785112520058949788411,165
2816,4140625,53,7,11501,265
2817,404296875,207,9,1123046,315
2818,474609375,243,9,1318359,135
2819,8032657206058502197265625,69,33,22312936683495839436848,345
2820,1979060471057891845703125,17,33,5497390197383032904730,325
2821,15948899090290069580078125,137,33,44302497473027971055772,205
2822,4679895937442779541015625,201,32,12999710937341054280598,345
2823,246800482273101806640625,53,31,685556895203060574001,265
2824,99535100162029266357421875,171,34,276486389338970184326171,315
2825,535510480403900146484375,23,32,1487529112233055962456,215
2826,5285255610942840576171875,227,32,14681265585952334933810,275
2827,3070454113185405731201171875,211,36,8529039203292793697781032,355
2828,25262124836444854736328125,217,33,70172568990124596489800,125
2829,9429641067981719970703125,81,33,26193447411060333251953,45
2830,165891833603382110595703125,57,35,460810648898283640543619,285
2831,456930138170719146728515625,157,35,1269250383807553185356987,305
2832,1295120455324649810791015625,89,36,3597556820346249474419487,305
2833,1839362084865570068359375,79,32,5109339124626583523220,175
2834,20372681319713592529296875,7,35,56590781443648868136935,275
2835,1606531441211700439453125,69,32,4462587336699167887369,285
2836,731088221073150634765625,157,31,2030800614092085096571,65
2837,7799826562404632568359375,67,33,21666184895568423800998,95
2838,520958565175533294677734375,179,35,1447107125487592485215928,295
2839,2284650690853595733642578125,157,36,6346251919037765926784939,85
2840,16414560377597808837890625,141,33,45596001048882802327473,345
2841,57421875,147,8,159505,75
2842,490234375,251,9,1361762,55
2843,482421875,247,9,1340060,275
2844,486328125,249,9,1350911,165
2845,55078125,141,8,152994,285
2846,43359375,111,8,120442,255
2847,59765625,153,8,166015,225
2848,61328125,157,8,170355,325
2849,6328125,81,7,17578,45
2850,6875,11,4,19,35
2851,7265625,93,7,20182,105
2852,55859375,143,8,155164,335
2853,74609375,191,8,207248,95
2854,1,1,0,0,1
2855,6796875,87,7,18880,75
2856,75,3,2,0,75
2857,6484375,83,7,18012,55
2858,71484375,183,8,198567,255
2859,470703125,241,9,1307508,245
2860,11796875,151,7,32769,35
2861,67578125,173,8,187717,5
2862,525,21,2,1,165
2863,73046875,187,8,202907,355
2864,8671875,111,7,24088,195
2865,10859375,139,7,30164,335
2866,66015625,169,8,183376,265
2867,11484375,147,7,31901,15
2868,11640625,149,7,32335,25
2869,7109375,91,7,19748,95
2870,10625,17,4,29,185
2871,65234375,167,8,181206,215
2872,16953125,217,7,47092,5
2873,12421875,159,7,34505,75
2874,471875,151,5,1310,275
2875,69921875,179,8,194227,155
2876,425,17,2,1,65
2877,98828125,253,8,274522,205
2878,90234375,231,8,250651,15
2879,1265625,81,6,3515,225
2880,19296875,247,7,53602,155
2881,3171875,203,6,8810,275
2882,2328125,149,6,6467,5
2883,31875,51,4,88,195
2884,134375,43,5,373,95
2885,2765625,177,6,7682,105
2886,2375,19,3,6,215
2887,26875,43,4,74,235
2888,1625,13,3,4,185
2889,69140625,177,8,192057,105
2890,30625,49,4,85,25
2891,10703125,137,7,29730,325
2892,653125,209,5,1814,85
2893,2171875,139,6,6032,355
2894,1546875,99,6,4296,315
2895,734375,47,6,2039,335
2896,159375,51,5,442,255
2897,12578125,161,7,34939,85
2898,73828125,189,8,205078,45
2899,2140625,137,6,5946,65
2900,84375,27,5,234,135
2901,18515625,237,7,51432,105
2902,253125,81,5,703,45
2903,3390625,217,6,9418,145
2904,3078125,197,6,8550,125
2905,16328125,209,7,45355,325
2906,290625,93,5,807,105
2907,3328125,213,6,9244,285
2908,465625,149,5,1293,145
2909,61875,99,4,171,315
2910,15546875,199,7,43185,275
2911,2609375,167,6,7248,95
2912,3265625,209,6,9071,65
2913,10360963642597198486328125,89,33,28780454562769995795355,325
2914,13387762010097503662109375,23,34,37188227805826399061414,335
2915,423751771450042724609375,91,31,1177088254027896457248,95
2916,121654011309146881103515625,209,34,337927809192074669731987,305
2917,3157765604555606842041015625,217,36,8771571123765574561225043,145
2918,66796875,171,8,185546,315
2919,240625,77,5,668,145
2920,303125,97,5,842,5
2921,1140625,73,6,3168,145
2922,81640625,209,8,226779,185
2923,921875,59,6,2560,275
2924,1078125,69,6,2994,285
2925,97265625,249,8,270182,105
2926,1375,11,3,3,295
2927,79296875,203,8,220269,35
2928,14375,23,4,39,335
2929,146875,47,5,407,355
2930,13125,21,4,36,165
2931,11875,19,4,32,355
2932,17265625,221,7,47960,25
2933,89453125,229,8,248480,325
2934,71875,23,5,199,235
2935,3546875,227,6,9852,155
2936,165625,53,5,460,25
2937,10390625,133,7,28862,305
2938,11015625,141,7,30598,345
2939,765625,49,6,2126,265
2940,13984375,179,7,38845,175
2941,80859375,207,8,224609,135
2942,13515625,173,7,37543,145
2943,9609375,123,7,26692,255
2944,18046875,231,7,50130,75
2945,11734664440155029296875,63,29,32596290111541748046,315
2946,3215973265469074249267578125,221,36,8933259070747428470187717,5
2947,2351589500904083251953125,101,32,6532193058066897922092,5
2948,128638930618762969970703125,221,34,357330362829897138807508,245
2949,93714334070682525634765625,161,34,260317594640784793429904,185
2950,85565261542797088623046875,147,34,237681282063325246175130,75
2951,116997398436069488525390625,201,34,324992773433526357014973,345
2952,2724118530750274658203125,117,32,7566995918750762939453,45
2953,84401108324527740478515625,29,35,234447523123688167995876,265
2954,1178705133497714996337890625,81,36,3274180926382541656494140,225
2955,19674189388751983642578125,169,33,54650526079866621229383,245
2956,730506144464015960693359375,251,35,2029183734622266557481553,295
2957,276486389338970184326171875,19,36,768017748163806067572699,235
2958,582076609134674072265625,1,34,1616879469818539089626,265
2959,701402314007282257080078125,241,35,1948339761131339603000217,5
2960,3681634552776813507080078125,253,36,10226762646602259741889105,325
2961,40163286030292510986328125,69,34,111564683417479197184244,285
2962,427826307713985443115234375,147,35,1188406410316626230875651,15
2963,9196810424327850341796875,79,33,25546695623132917616102,155
2964,643194653093814849853515625,221,35,1786651814149485694037543,145
2965,410364009439945220947265625,141,35,1139900026222070058186848,345
2966,671875,43,6,1866,115
2967,7578125,97,7,21050,125
2968,84765625,217,8,235460,25
2969,55,11,1,0,55
2970,6953125,89,7,19314,85
2971,56875,91,4,157,355
2972,51875,83,4,144,35
2973,33125,53,4,92,5
2974,41875,67,4,116,115
2975,365625,117,5,1015,225
2976,2546875,163,6,7074,235
2977,93359375,239,8,259331,215
2978,475,19,2,1,115
2979,3859375,247,6,10720,175
2980,490625,157,5,1362,305
2981,503125,161,5,1397,205
2982,121875,39,5,338,195
2983,16875,27,4,46,315
2984,6,6,0,0,6
2985,284375,91,5,789,335
2986,478125,153,5,1328,45
2987,4625,37,3,12,305
2988,571875,183,5,1588,195
2989,1359375,87,6,3776,15
2990,355,71,1,0,355
2991,153125,49,5,425,125
2992,87675289250910282135009765625,241,38,243542470141417450375027126,265
2993,828125,53,6,2300,125
2994,340625,109,5,946,65
2995,984375,63,6,2734,135
2996,953125,61,6,2647,205
2997,496875,159,5,1380,75
2998,8359375,107,7,23220,175
2999,2828125,181,6,7855,325
3000,2453125,157,6,6814,85
3001,1515625,97,6,4210,25
3002,1453125,93,6,4036,165
3003,91015625,233,8,252821,65
3004,9296875,119,7,25824,235
3005,85546875,219,8,237630,75
3006,70703125,181,8,196397,205
3007,875,7,3,2,155
3008,1075677573680877685546875,231,31,2987993260224660237630,75
3009,14784745872020721435546875,127,33,41068738533390892876519,35
3010,724685378372669219970703125,249,35,2013014939924081166585286,165
3011,404543243348598480224609375,139,35,1123731231523884667290581,215
3012,58673322200775146484375,63,30,162981450557708740234,135
3013,2459273673593997955322265625,169,36,6831315759983327653672960,25
3014,707223080098628997802734375,243,35,1964508555829524993896484,135
3015,55297277867794036865234375,19,35,153603549632761213514539,335
3016,6593836587853729724884033203125,29,42,18316212744038138124677870008,245
3017,2630986273288726806640625,113,32,7308295203579796685112,305
3018,614090822637081146240234375,211,35,1705807840658558739556206,215
3019,11171875,143,7,31032,355
3020,1125,9,3,3,45
3021,8515625,109,7,23654,185
3022,3375,27,3,9,135
3023,2025,81,2,5,225
3024,78515625,201,8,218098,345
3025,3594323061406612396240234375,247,36,9984230726129478878445095,175
3026,18044374883174896240234375,31,34,50123263564374711778428,295
3027,18975697457790374755859375,163,33,52710270716084374321831,215
3028,9921875,127,7,27560,275
3029,88671875,227,8,246310,275
3030,440625,141,5,1223,345
3031,271875,87,5,755,75
3032,7,7,0,0,7
3033,132131390273571014404296875,227,34,367031639648808373345269,35
3034,2139131538569927215576171875,147,36,5942032051583131154378255,75
3035,76033757068216800689697265625,209,38,211204880745046668582492404,185
3036,87109375,223,8,241970,175
3037,4260800778865814208984375,183,32,11835557719071706136067,255
3038,7101334631443023681640625,61,33,19725929531786176893446,65
3039,100699253380298614501953125,173,34,279720148278607262505425,125
3040,11277734301984310150146484375,31,38,31327039727734194861518012,55
3041,2051820047199726104736328125,141,36,5699500131110350290934244,285
3042,49476511776447296142578125,17,35,137434754934575822618272,205
3043,16807462088763713836669921875,231,37,46687394691010316212972005,75
3044,532600097358226776123046875,183,35,1479444714883963267008463,195
3045,602449290454387664794921875,207,35,1673470251262187957763671,315
3046,584986992180347442626953125,201,35,1624963867167631785074869,285
3047,49360096454620361328125,53,30,137111379040612114800,125
3048,544241629540920257568359375,187,35,1511782304280334048800998,95
3049,2584420144557952880859375,111,32,7178944845994313557942,255
3050,1109375,71,6,3081,215
3051,1234375,79,6,3428,295
3052,3609375,231,6,10026,15
3053,415625,133,5,1154,185
3054,4125,33,3,11,165
3055,590625,189,5,1640,225
3056,54375,87,4,151,15
3057,678125,217,5,1883,245
3058,58125,93,4,161,165
3059,434375,139,5,1206,215
3060,728125,233,5,2022,205
3061,3578125,229,6,9939,85
3062,38125,61,4,105,325
3063,44375,71,4,123,95
3064,634375,203,5,1762,55
3065,2984375,191,6,8289,335
3066,148125,237,4,411,165
3067,403125,129,5,1119,285
3068,2921875,187,6,8116,115
3069,35625,57,4,98,345
3070,36875,59,4,102,155
3071,8625,69,3,23,345
3072,45625,73,4,126,265
3073,725,29,2,2,5
3074,603125,193,5,1675,125
3075,43125,69,4,119,285
3076,2296875,147,6,6380,75
3077,3890625,249,6,10807,105
3078,3140625,201,6,8723,345
3079,3625,29,3,10,25
3080,628125,201,5,1744,285
3081,365,73,1,1,5
3082,96484375,247,8,268012,55
3083,201907823793590068817138671875,111,39,560855066093305746714274088,195
3084,50640664994716644287109375,87,34,140668513874212900797526,15
3085,3189779818058013916015625,137,32,8860499494605594211154,185
3086,299769453704357147216796875,103,35,832692926956547631157769,35
3087,5052424967288970947265625,217,32,14034513798024919297960,25
3088,2305023372173309326171875,99,32,6402842700481414794921,315
3089,3448803909122943878173828125,237,36,9580010858674844106038411,165
3090,96875,31,5,269,35
3091,9453125,121,7,26258,245
3092,94921875,243,8,263671,315
3093,396875,127,5,1102,155
3094,13359375,171,7,37109,135
3095,325,13,2,0,325
3096,1975,79,2,5,175
3097,384375,123,5,1067,255
3098,259375,83,5,720,175
3099,2875,23,3,7,355
3100,48125,77,4,133,245
3101,9,9,0,0,9
3102,19625,157,3,54,185
3103,31125,249,3,86,165
3104,49375,79,4,137,55
3105,353125,113,5,980,325
3106,82421875,211,8,228949,235
3107,890625,57,6,2473,345
3108,3234375,207,6,8984,135
3109,3796875,243,6,10546,315
3110,98370946943759918212890625,169,34,273252630399333106146918,145
3111,305590219795703887939453125,21,36,848861721654733022054036,165
3112,654836185276508331298828125,9,37,1818989403545856475830078,45
3113,2517481334507465362548828125,173,36,6993003706965181562635633,245
3114,130967237055301666259765625,9,36,363797880709171295166015,225
3115,29685907065868377685546875,51,34,82460852960745493570963,195
3116,98046875,251,8,272352,155
3117,70625,113,4,196,65
3118,3484375,223,6,9678,295
3119,334375,107,5,928,295
3120,1925,77,2,5,125
3121,3109375,199,6,8637,55
3122,88125,141,4,244,285
3123,119325704872608184814453125,41,35,331460291312800513373480,325
3124,72759576141834259033203125,1,37,202109933727317386203342,5
3125,2796875,179,6,7769,35
3126,3015625,193,6,8376,265
3127,675,27,2,1,315
3128,11292286217212677001953125,97,33,31367461714479658338758,245
3129,8828125,113,7,24522,205
3130,22468157112598419189453125,193,33,62411547534995608859592,5
3131,468571670353412628173828125,161,35,1301587973203923967149522,205
3132,25494955480098724365234375,219,33,70819320778052012125651,15
3133,8731149137020111083984375,3,35,24253192047278086344401,15
3134,177533365786075592041015625,61,35,493148238294654422336154,185
3135,288127921521663665771484375,99,35,800355337560176849365234,135
3136,106520019471645355224609375,183,34,295888942976792653401692,255
3137,3501554601825773715972900390625,77,41,9726540560627149211035834418,145
3138,26659108698368072509765625,229,33,74053079717689090304904,185
3139,5748006515204906463623046875,79,37,15966684764458073510064019,35
3140,631553120911121368408203125,217,35,1754314224753114912245008,245
3141,47657522372901439666748046875,131,38,132382006591392887963189019,35
3142,73125,117,4,203,45
3143,596875,191,5,1657,355
3144,665625,213,5,1848,345
3145,2779415808618068695068359375,191,36,7720599468383524152967664,335
3146,13154931366443634033203125,113,33,36541476017898983425564,85
3147,246875,79,5,685,275
3148,45,9,1,0,45
3149,363797880709171295166015625,1,38,1010549668636586931016710,25
3150,94140625,241,8,261501,265
3151,24563632905483245849609375,211,33,68232313626342349582248,95
3152,11714291758835315704345703125,161,37,32539699330098099178738064,85
3153,974978320300579071044921875,67,36,2708273111946052975124782,355
3154,15497789718210697174072265625,213,37,43049415883918603261311848,345
3155,18277205526828765869140625,157,33,50770015352302127414279,185
3156,62937033362686634063720703125,173,38,174825092674129539065890842,5
3157,76875,123,4,213,195
3158,3734375,239,6,10373,95
3159,12732925824820995330810546875,7,39,35369238402280542585584852,155
3160,1336957211606204509735107421875,147,40,3713770032239456971486409505,75
3161,92550180852413177490234375,159,34,257083835701147715250651,15
3162,15250407159328460693359375,131,33,42362242109245724148220,175
3163,14319084584712982177734375,123,33,39775234957536061604817,255
3164,1559965312480926513671875,67,32,4333236979113684760199,235
3165,14188117347657680511474609375,39,38,39411437076826890309651692,255
3166,30850060284137725830078125,53,34,85694611900382571750217,5
3167,1993612386286258697509765625,137,36,5537812184128496381971571,65
3168,625732354819774627685546875,43,36,1738145430054929521348741,115
3169,2168235369026660919189453125,149,36,6022876025074058108859592,5
3170,1792795956134796142578125,77,32,4979988767041100396050,125
3171,925,37,2,2,205
3172,778125,249,5,2161,165
3173,12375,99,3,34,135
3174,1225,49,2,3,145
3175,1440639607608318328857421875,99,36,4001776687800884246826171,315
3176,6125,49,3,17,5
3177,4875,39,3,13,195
3178,92040863819420337677001953125,253,38,255669066165056493547227647,205
3179,1699663698673248291015625,73,32,4721288051870134141710,25
3180,24097971618175506591796875,207,33,66938810050487518310546,315
3181,509317032992839813232421875,7,37,1414769536091221703423394,35
3182,27124769985675811767578125,233,33,75346583293543921576605,325
3183,28987415134906768798828125,249,33,80520597596963246663411,165
3184,134459696710109710693359375,231,34,373499157528082529703776,15
3185,4493631422519683837890625,193,32,12482309506999121771918,145
3186,480213202536106109619140625,33,36,1333925562600294748942057,105
3187,9662471711635589599609375,83,33,26840199198987748887803,295
3188,509375,163,5,1414,335
3189,5125,41,3,14,85
3190,2075,83,2,5,275
3191,85625,137,4,237,305
3192,346875,111,5,963,195
3193,73923729360103607177734375,127,34,205343692666954464382595,175
3194,573345459997653961181640625,197,35,1592626277771261003282335,25
3195,12223608791828155517578125,21,34,33954468866189320882161,165
3196,446875,143,5,1241,115
3197,3703125,237,6,10286,165
3198,39375,63,4,109,135
3199,740625,237,5,2057,105
3200,200816430151462554931640625,69,35,557823417087395985921223,345
3201,65,13,1,0,65
3202,9385985322296619415283203125,129,37,26072181450823942820231119,285
3203,6868503987789154052734375,59,33,19079177743858761257595,175
3204,139116309583187103271484375,239,34,386434193286630842420789,335
3205,43291947804391384124755859375,119,38,120255410567753844790988498,95
3206,34342519938945770263671875,59,34,95395888719293806287977,155
3207,147265382111072540283203125,253,34,409070505864090389675564,85
3208,83236955106258392333984375,143,34,231213764184051089816623,95
3209,474392436444759368896484375,163,35,1317756767902109358045789,335
3210,143772922456264495849609375,247,34,399369229045179155137803,295
3211,28754584491252899169921875,247,33,79873845809035831027560,275
3212,270665623247623443603515625,93,35,751848953465620676676432,105
3213,515137799084186553955078125,177,35,1430938330789407094319661,165
3214,38999132812023162841796875,67,34,108330924477842119004991,115
3215,126310624182224273681640625,217,34,350862844950622982449001,265
3216,69267116487026214599609375,119,34,192408656908406151665581,215
3217,3421875,219,6,9505,75
3218,10113581083714962005615234375,139,37,28093280788097116682264539,335
3219,1280568540096282958984375,11,33,3557134833600785997178,295
3220,497675500810146331787109375,171,35,1382431946694850921630859,135
3221,334694050252437591552734375,23,36,929705695145659976535373,95
3222,3186869435012340545654296875,219,36,8852415097256501515706380,75
3223,12922100722789764404296875,111,33,35894724229971567789713,195
3224,2313754521310329437255859375,159,36,6427095892528692881266276,15
3225,20125,161,3,55,325
3226,1664375304244458675384521484375,183,40,4623264734012385209401448567,255
3227,3765625,241,6,10460,25
3228,284053385257720947265625,61,31,789037181271447075737,305
3229,3640625,233,6,10112,305
3230,80625,129,4,223,345
3231,18408172763884067535400390625,253,37,51133813233011298709445529,185
3232,13460521586239337921142578125,37,38,37390337739553716447618272,205
3233,136788003146648406982421875,47,35,379966675407356686062282,355
3234,4583853296935558319091796875,63,37,12732925824820995330810546,315
3235,371875,119,5,1032,355
3236,3875,31,3,10,275
3237,3453125,221,6,9592,5
3238,10375,83,3,28,295
3239,113504938781261444091796875,39,35,315291496614615122477213,195
3240,1760781742632389068603515625,121,36,4891060396201080746120876,265
3241,6375,51,3,17,255
3242,540625,173,5,1501,265
3243,50625,81,4,140,225
3244,615625,197,5,1710,25
3245,659375,211,5,1831,215
3246,528125,169,5,1467,5
3247,553125,177,5,1536,165
3248,9125,73,3,25,125
3249,5375,43,3,14,335
3250,144375,231,4,401,15
3251,60625,97,4,168,145
3252,534375,171,5,1484,135
3253,9895302355289459228515625,17,34,27486950986915164523654,185
3254,51804818212985992431640625,89,34,143902272813849978976779,185
3255,10128132998943328857421875,87,33,28133702774842580159505,75
3256,87893567979335784912109375,151,34,244148799942599402533637,55
3257,78580342233180999755859375,27,35,218278728425502777099609,135
3258,559375,179,5,1553,295
3259,116875,187,4,324,235
3260,68125,109,4,189,85
3261,22,22,0,0,22
3262,86220097728073596954345703125,237,38,239500271466871102650960286,165
3263,565625,181,5,1571,65
3264,790625,253,5,2196,65
3265,12587406672537326812744140625,173,37,34965018534825907813178168,145
3266,1120497472584247589111328125,77,36,3112492979400687747531467,5
3267,375439412891864776611328125,129,35,1042887258032957712809244,285
3268,377185642719268798828125,81,31,1047737896442413330078,45
3269,7875,63,3,21,315
3270,32014213502407073974609375,11,35,88928370840019649929470,175
3271,1025,41,2,2,305
3272,7625,61,3,21,65
3273,55625,89,4,154,185
3274,753125,241,5,2092,5
3275,83125,133,4,230,325
3276,129375,207,4,359,135
3277,521875,167,5,1449,235
3278,81875,131,4,227,155
3279,575,23,2,1,215
3280,114375,183,4,317,255
3281,771875,247,5,2144,35
3282,7375,59,3,20,175
3283,11,11,0,0,11
3284,64375,103,4,178,295
3285,621875,199,5,1727,155
3286,5875,47,3,16,115
3287,23875,191,3,66,115
3288,9875,79,3,27,155
3289,63125,101,4,175,125
3290,104375,167,4,289,335
3291,646875,207,5,1796,315
3292,89375,143,4,248,95
3293,68102963268756866455078125,117,34,189174897968769073486328,45
3294,1318767317570745944976806640625,29,41,3663242548807627624935574001,265
3295,1234002411365509033203125,53,32,3427784476015302870008,245
3296,58789737522602081298828125,101,34,163304826451672448052300,125
3297,89130480773746967315673828125,49,39,247584668815963798099093967,5
3298,25727786123752593994140625,221,33,71466072565979427761501,265
3299,328873284161090850830078125,113,35,913536900447474585639105,325
3300,16,16,0,0,16
3301,71595422923564910888671875,123,34,198876174787680308024088,195
3302,94375,151,4,262,55
3303,9240466170012950897216796875,127,37,25667961583369308047824435,275
3304,7566995918750762939453125,13,34,21019433107641008165147,205
3305,1075,43,2,2,355
3306,86875,139,4,241,115
3307,11625,93,3,32,105
3308,130625,209,4,362,305
3309,975,39,2,2,255
3310,15375,123,3,42,255
3311,108125,173,4,300,125
3312,113125,181,4,314,85
3313,721875,231,5,2005,75
3314,74375,119,4,206,215
3315,131875,211,4,366,115
3316,759375,243,5,2109,135
3317,110625,177,4,307,105
3318,135625,217,4,376,265
3319,690625,221,5,1918,145
3320,584375,187,5,1623,95
3321,1175,47,2,3,95
3322,93125,149,4,258,245
3323,2325,93,2,6,165
3324,684375,219,5,1901,15
3325,784375,251,5,2178,295
3326,27125,217,3,75,125
3327,143125,229,4,397,205
3328,775,31,2,2,55
3329,141875,227,4,394,35
3330,10875,87,3,30,75
3331,106875,171,4,296,315
3332,66875,107,4,185,275
3333,12625,101,3,35,25
3334,45984052121639251708984375,79,34,127733478115664588080512,55
3335,23865140974521636962890625,41,34,66292058262560102674696,65
3336,68757799454033374786376953125,189,38,190993887372314929962158203,45
3337,110012479126453399658203125,189,34,305590219795703887939453,45
3338,1353328116238117218017578125,93,36,3759244767328103383382161,165
3339,9822542779147624969482421875,27,38,27284841053187847137451171,315
3340,69375,111,4,192,255
3341,100625,161,4,279,185
3342,2425,97,2,6,265
3343,1425,57,2,3,345
3344,91875,147,4,255,75
3345,14125,113,3,39,85
3346,133125,213,4,369,285
3347,75625,121,4,210,25
3348,18,18,0,0,18
3349,7125,57,3,19,285
3350,1575,63,2,4,135
3351,95625,153,4,265,225
3352,715625,229,5,1987,305
3353,118125,189,4,328,45
3354,17,17,0,0,17
3355,150625,241,4,418,145
3356,12125,97,3,33,245
3357,111875,179,4,310,275
3358,746875,239,5,2074,235
3359,124375,199,4,345,175
3360,8375,67,3,23,95
3361,123125,197,4,342,5
3362,1525,61,2,4,85
3363,98125,157,4,272,205
3364,101875,163,4,282,355
3365,79375,127,4,220,175
3366,9625,77,3,26,265
3367,825,33,2,2,105
3368,135,27,1,0,135
3369,15125,121,3,42,5
3370,24,24,0,0,24
3371,85,17,1,0,85
3372,105,21,1,0,105
3373,22375,179,3,62,55
3374,1475,59,2,4,35
3375,19,19,0,0,19
3376,10125,81,3,28,45
3377,13625,109,3,37,305
3378,156875,251,4,435,275
3379,77416189014911651611328125,133,34,215044969485865698920355,325
3380,84764906205236911773681640625,233,38,235458072792324754926893446,65
3381,11859810911118984222412109375,163,37,32943919197552733951144748,95
3382,596628524363040924072265625,41,36,1657301456564002566867404,185
3383,422005541622638702392578125,29,36,1172237615618440839979383,245
3384,8,8,0,0,8
3385,28875,231,3,80,75
3386,185,37,1,0,185
3387,13,13,0,0,13
3388,16125,129,3,44,285
3389,14,14,0,0,14
3390,26,26,0,0,26
3391,105625,169,4,293,145
3392,13375,107,3,37,55
3393,99375,159,4,276,15
3394,21375,171,3,59,135
3395,145625,233,4,404,185
3396,12,12,0,0,12
3397,14625,117,3,40,225
3398,195,39,1,0,195
3399,20875,167,3,57,355
3400,145,29,1,0,145
3401,8875,71,3,24,235
3402,11125,89,3,30,325
3403,17625,141,3,48,345
3404,11375,91,3,31,215
3405,95,19,1,0,95
3406,17375,139,3,48,95
3407,154375,247,4,428,295
3408,255,51,1,0,255
3409,1275,51,2,3,195
3410,2925,117,2,8,45
3411,23,23,0,0,23
3412,5775291356258094310760498046875,127,41,16042475989605817529890272352,155
3413,3710738383233547210693359375,51,37,10307606620093186696370442,255
3414,381260178983211517333984375,131,35,1059056052731143103705512,55
3415,241561792790889739990234375,83,35,671004979974693722195095,175
3416,1825,73,2,5,25
3417,2525,101,2,7,5
3418,23375,187,3,64,335
3419,37,37,0,0,37
3420,119375,191,4,331,215
3421,125625,201,4,348,345
3422,19875,159,3,55,75
3423,205,41,1,0,205
3424,158125,253,4,439,85
3425,3925,157,2,10,325
3426,2775,111,2,7,255
3427,265,53,1,0,265
3428,24125,193,3,67,5
3429,22625,181,3,62,305
3430,1725,69,2,4,285
3431,1775,71,2,4,335
3432,1675,67,2,4,235
3433,120625,193,4,335,25
3434,16375,131,3,45,175
3435,126875,203,4,352,155
3436,19125,153,3,53,45
3437,115,23,1,0,115
3438,18375,147,3,51,15
3439,17125,137,3,47,205
3440,1325,53,2,3,245
3441,24625,197,3,68,145
3442,151875,243,4,421,315
3443,215,43,1,0,215
3444,165,33,1,0,165
3445,3475,139,2,9,235
3446,16625,133,3,46,65
3447,4425,177,2,12,105
3448,13875,111,3,38,195
3449,26375,211,3,73,95
3450,139375,223,4,387,55
3451,17875,143,3,49,235
3452,433647073805332183837890625,149,35,1204575205014811621771918,145
3453,61118043959140777587890625,21,35,169772344330946604410807,105
3454,105355866253376007080078125,181,34,292655184037155575222439,85
3455,352156348526477813720703125,121,35,978212079240216149224175,125
3456,70431269705295562744140625,121,34,195642415848043229844835,25
3457,27375,219,3,76,15
3458,28,28,0,0,28
3459,4175,167,2,11,215
3460,20375,163,3,56,215
3461,2275,91,2,6,115
3462,3225,129,2,8,345
3463,155,31,1,0,155
3464,21125,169,3,58,245
3465,136875,219,4,380,75
3466,5325,213,2,14,285
3467,12875,103,3,35,275
3468,14875,119,3,41,115
3469,2725,109,2,7,205
3470,28625,229,3,79,185
3471,21,21,0,0,21
3472,27875,223,3,77,155
3473,18625,149,3,51,265
3474,435,87,1,1,75
3475,2825,113,2,7,305
3476,285,57,1,0,285
3477,3075,123,2,8,195
3478,2225,89,2,6,65
3479,138125,221,4,383,245
3480,51,51,0,0,51
3481,39,39,0,0,39
3482,38,38,0,0,38
3483,28375,227,3,78,295
3484,33,33,0,0,33
3485,21625,173,3,60,25
3486,149375,239,4,414,335
3487,155625,249,4,432,105
3488,25875,207,3,71,315
3489,3725,149,2,10,125
3490,25375,203,3,70,175
3491,2175,87,2,6,15
3492,3525,141,2,9,285
3493,15875,127,3,44,35
3494,2475,99,2,6,315
3495,24875,199,3,69,35
3496,22125,177,3,61,165
3497,27625,221,3,76,265
3498,3975,159,2,11,15
3499,485,97,1,1,125
3500,17811544239521026611328125,153,33,49476511776447296142578,45
3501,12005330063402652740478515625,33,38,33348139065007368723551432,105
3502,10841176845133304595947265625,149,37,30114380125370290544297960,25
3503,2255546860396862030029296875,31,37,6265407945546838972303602,155
3504,10259100235998630523681640625,141,37,28497500655551751454671223,345
3505,63446350395679473876953125,109,34,176239862210220760769314,85
3506,305,61,1,0,305
3507,3175,127,2,8,295
3508,4925,197,2,13,245
3509,245,49,1,0,245
3510,25125,201,3,69,285
3511,3675,147,2,10,75
3512,515,103,1,1,155
3513,3025,121,2,8,145
3514,29,29,0,0,29
3515,5475,219,2,15,75
3516,295,59,1,0,295
3517,2575,103,2,7,55
3518,48,48,0,0,48
3519,3575,143,2,9,335
3520,34,34,0,0,34
3521,29625,237,3,82,105
3522,18875,151,3,52,155
3523,2975,119,2,8,95
3524,27,27,0,0,27
3525,405,81,1,1,45
3526,31625,253,3,87,305
3527,745,149,1,2,25
3528,26125,209,3,72,205
3529,23625,189,3,65,225
3530,545,109,1,1,185
3531,17826096154749393463134765625,49,38,49516933763192759619818793,145
3532,16952981241047382354736328125,233,37,47091614558464950985378689,85
3533,5225,209,2,14,185
3534,3425,137,2,9,185
3535,395,79,1,1,35
3536,5275,211,2,14,235
3537,3775,151,2,10,175
3538,645,129,1,1,285
3539,3325,133,2,9,85
3540,4075,163,2,11,115
3541,44,44,0,0,44
3542,3275,131,2,9,35
3543,415,83,1,1,55
3544,315,63,1,0,315
3545,715,143,1,1,355
3546,335,67,1,0,335
3547,30875,247,3,85,275
3548,79,79,0,0,79
3549,43,43,0,0,43
3550,5575,223,2,15,175
3551,5025,201,2,13,345
3552,445,89,1,1,85
3553,935,187,1,2,215
3554,695,139,1,1,335
3555,4325,173,2,12,5
3556,5925,237,2,16,165
3557,3825,153,2,10,225
3558,41,41,0,0,41
3559,29875,239,3,82,355
3560,36,36,0,0,36
3561,4775,191,2,13,95
3562,47,47,0,0,47
3563,345,69,1,0,345
3564,685,137,1,1,325
3565,29125,233,3,80,325
3566,32,32,0,0,32
3567,4225,169,2,11,265
3568,385,77,1,1,25
3569,22875,183,3,63,195
3570,42,42,0,0,42
3571,4475,179,2,12,155
3572,5425,217,2,15,25
3573,955,191,1,2,235
3574,895,179,1,2,175
3575,4675,187,2,12,355
3576,31,31,0,0,31
3577,31375,251,3,87,55
3578,394720700569450855255126953125,217,39,1096446390470696820153130425,125
3579,264844857156276702880859375,91,35,735680158767435285780164,335
3580,392901711165904998779296875,27,36,1091393642127513885498046,315
3581,48312358558177947998046875,83,34,134200995994938744439019,35
3582,2633896656334400177001953125,181,36,7316379600928889380560980,325
3583,4275,171,2,11,315
3584,53,53,0,0,53
3585,665,133,1,1,305
3586,505,101,1,1,145
3587,57,57,0,0,57
3588,585,117,1,1,225
3589,805,161,1,2,85
3590,52,52,0,0,52
3591,595,119,1,1,235
3592,5825,233,2,16,65
3593,885,177,1,2,165
3594,5975,239,2,16,215
3595,555,111,1,1,195
3596,5075,203,2,14,35
3597,58,58,0,0,58
3598,4725,189,2,13,45
3599,5775,231,2,16,15
3600,1045,209,1,2,325
3601,69,69,0,0,69
3602,1205,241,1,3,125
3603,915,183,1,2,195
3604,86,86,0,0,86
3605,56,56,0,0,56
3606,5175,207,2,14,135
3607,30375,243,3,84,135
3608,84,84,0,0,84
3609,59,59,0,0,59
3610,76,76,0,0,76
3611,66,66,0,0,66
3612,74,74,0,0,74
3613,5525,221,2,15,125
3614,54,54,0,0,54
3615,61,61,0,0,61
3616,6025,241,2,16,265
3617,615,123,1,1,255
3618,64,64,0,0,64
3619,5725,229,2,15,325
3620,535,107,1,1,175
3621,6275,251,2,17,155
3622,4825,193,2,13,145
3623,49,49,0,0,49
3624,495,99,1,1,135
3625,30125,241,3,83,245
3626,1215,243,1,3,135
3627,605,121,1,1,245
3628,73,73,0,0,73
3629,705,141,1,1,345
3630,89,89,0,0,89
3631,455,91,1,1,95
3632,6325,253,2,17,205
3633,5675,227,2,15,275
3634,1466833055019378662109375,63,32,4074536263942718505859,135
3635,7334165275096893310546875,63,33,20372681319713592529296,315
3636,2546585164964199066162109375,7,38,7073847680456108517116970,175
3637,10550138540565967559814453125,29,38,29305940390461020999484592,5
3638,15061232261359691619873046875,207,37,41836756281554698944091796,315
3639,59953890740871429443359375,103,34,166538585391309526231553,295
3640,77,77,0,0,77
3641,785,157,1,2,65
3642,88,88,0,0,88
3643,765,153,1,2,45
3644,83,83,0,0,83
3645,102,102,0,0,102
3646,815,163,1,2,95
3647,755,151,1,2,35
3648,735,147,1,2,15
3649,82,82,0,0,82
3650,113,113,0,0,113
3651,63,63,0,0,63
3652,4025,161,2,11,65
3653,71,71,0,0,71
3654,136,136,0,0,136
3655,6175,247,2,17,55
3656,835,167,1,2,115
3657,93,93,0,0,93
3658,655,131,1,1,295
3659,46,46,0,0,46
3660,72,72,0,0,72
3661,87,87,0,0,87
3662,99,99,0,0,99
3663,2675,107,2,7,155
3664,133,133,0,0,133
3665,67,67,0,0,67
3666,81,81,0,0,81
3667,119,119,0,0,119
3668,1005,201,1,2,285
3669,1155,231,1,3,75
3670,845,169,1,2,125
3671,795,159,1,2,75
3672,855,171,1,2,135
3673,590807758271694183349609375,203,35,1641132661865817175971137,55
3674,140280462801456451416015625,241,34,389667952226267920600043,145
3675,465,93,1,1,105
3676,6225,249,2,17,105
3677,649015419185161590576171875,223,35,1802820608847671084933810,275
3678,153,153,0,0,153
3679,36670826375484466552734375,63,34,101863406598567962646484,135
