slot,n,m,core,fives,tens
1,208,14,126953125,10,36
2,160,13,1953125,8,38
3,192,14,1171875,8,38
4,185,16,28228759765625,16,30
5,234,13,28564453125,12,34
6,245,13,299072265625,13,33
7,132,15,40283203125,13,33
8,251,13,306396484375,13,33
9,146,12,3564453125,11,35
10,143,12,34912109375,12,34
11,194,14,118408203125,13,33
12,161,13,196533203125,13,33
13,134,13,16357421875,12,34
14,215,12,52490234375,12,34
15,215,13,262451171875,13,33
16,249,12,60791015625,12,34
17,174,15,531005859375,14,32
18,154,14,93994140625,13,33
19,158,12,3857421875,11,35
20,134,14,81787109375,13,33
21,155,13,189208984375,13,33
22,178,12,4345703125,11,35
23,188,14,11474609375,12,34
24,149,12,36376953125,12,34
25,209,14,1275634765625,14,32
26,145,13,177001953125,13,33
27,251,15,7659912109375,15,31
28,165,13,201416015625,13,33
29,190,12,4638671875,11,35
30,249,14,1519775390625,14,32
31,195,12,47607421875,12,34
32,250,12,6103515625,11,35
33,242,12,5908203125,11,35
34,135,14,823974609375,14,32
35,170,12,4150390625,11,35
36,143,13,174560546875,13,33
37,216,16,32958984375,13,33
38,215,18,820159912109375,18,28
39,171,12,41748046875,12,34
40,151,13,184326171875,13,33
41,138,14,84228515625,13,33
42,170,13,20751953125,12,34
43,198,12,4833984375,11,35
44,235,12,57373046875,12,34
45,253,12,61767578125,12,34
46,142,14,86669921875,13,33
47,218,13,26611328125,12,34
48,234,12,5712890625,11,35
49,174,11,849609375,10,36
50,170,15,518798828125,14,32
51,222,12,5419921875,11,35
52,166,13,20263671875,12,34
53,171,14,1043701171875,14,32
54,141,15,4302978515625,15,31
55,137,12,33447265625,12,34
56,150,13,18310546875,12,34
57,202,14,123291015625,13,33
58,164,13,2001953125,11,35
59,193,18,736236572265625,18,28
60,195,16,29754638671875,16,30
61,238,12,5810546875,11,35
62,217,14,1324462890625,14,32
63,134,15,408935546875,14,32
64,197,15,6011962890625,15,31
65,204,12,498046875,10,36
66,139,13,169677734375,13,33
67,188,12,458984375,10,36
68,237,13,289306640625,13,33
69,166,12,4052734375,11,35
70,210,12,5126953125,11,35
71,196,13,2392578125,11,35
72,191,13,233154296875,13,33
73,240,19,457763671875,15,31
74,229,14,1397705078125,14,32
75,149,14,909423828125,14,32
76,224,14,13671875,9,37
77,160,12,390625,7,39
78,222,15,677490234375,14,32
79,152,12,37109375,9,37
80,211,16,32196044921875,16,30
81,168,15,5126953125,12,34
82,131,11,6396484375,11,35
83,208,15,634765625,11,35
84,252,13,3076171875,11,35
85,221,12,53955078125,12,34
86,227,13,277099609375,13,33
87,233,17,177764892578125,17,29
88,201,12,49072265625,12,34
89,238,14,145263671875,13,33
90,172,16,262451171875,14,32
91,138,12,3369140625,11,35
92,185,13,225830078125,13,33
93,145,11,7080078125,11,35
94,150,12,3662109375,11,35
95,134,12,3271484375,11,35
96,204,15,62255859375,13,33
97,236,18,9002685546875,16,30
98,228,13,2783203125,11,35
99,188,16,286865234375,14,32
100,217,13,264892578125,13,33
101,240,12,5859375,8,38
102,149,13,181884765625,13,33
103,137,13,167236328125,13,33
104,207,14,1263427734375,14,32
105,226,13,27587890625,12,34
106,208,13,25390625,9,37
107,141,12,34423828125,12,34
108,140,15,42724609375,13,33
109,156,13,1904296875,11,35
110,164,11,80078125,9,37
111,162,12,3955078125,11,35
112,173,12,42236328125,12,34
113,197,14,1202392578125,14,32
114,177,11,8642578125,11,35
115,254,12,6201171875,11,35
116,243,14,1483154296875,14,32
117,225,12,54931640625,12,34
118,177,14,1080322265625,14,32
119,159,11,7763671875,11,35
120,206,13,25146484375,12,34
121,250,16,3814697265625,15,31
122,139,14,848388671875,14,32
123,130,11,634765625,10,36
124,230,15,701904296875,14,32
125,182,13,22216796875,12,34
126,152,11,7421875,8,38
127,149,15,4547119140625,15,31
128,188,13,2294921875,11,35
129,176,15,537109375,11,35
130,208,18,79345703125,14,32
131,169,13,206298828125,13,33
132,246,15,750732421875,14,32
133,177,16,27008056640625,16,30
134,204,14,12451171875,12,34
135,147,12,35888671875,12,34
136,232,13,283203125,10,36
137,213,12,52001953125,12,34
138,169,11,8251953125,11,35
139,129,14,787353515625,14,32
140,139,16,21209716796875,16,30
141,244,12,595703125,10,36
142,155,12,37841796875,12,34
143,243,16,37078857421875,16,30
144,139,11,6787109375,11,35
145,136,11,6640625,8,38
146,147,11,7177734375,11,35
147,153,13,186767578125,13,33
148,175,15,5340576171875,15,31
149,200,12,48828125,9,37
150,202,13,24658203125,12,34
151,229,13,279541015625,13,33
152,178,15,543212890625,14,32
153,212,13,2587890625,11,35
154,193,13,235595703125,13,33
155,237,15,7232666015625,15,31
156,190,15,579833984375,14,32
157,189,14,1153564453125,14,32
158,207,15,6317138671875,15,31
159,129,16,19683837890625,16,30
160,129,13,157470703125,13,33
161,203,14,1239013671875,14,32
162,176,13,21484375,9,37
163,196,18,7476806640625,16,30
164,161,17,122833251953125,17,29
165,160,14,9765625,9,37
166,133,12,32470703125,12,34
167,139,12,33935546875,12,34
168,147,13,179443359375,13,33
169,163,13,198974609375,13,33
170,181,13,220947265625,13,33
171,213,13,260009765625,13,33
172,136,14,830078125,11,35
173,146,14,89111328125,13,33
174,179,12,43701171875,12,34
175,192,13,234375,7,39
176,182,12,4443359375,11,35
177,175,11,8544921875,11,35
178,182,18,69427490234375,17,29
179,184,12,44921875,9,37
180,137,19,2613067626953125,19,27
181,205,12,50048828125,12,34
182,194,16,2960205078125,15,31
183,150,14,91552734375,13,33
184,218,14,133056640625,13,33
185,209,12,51025390625,12,34
186,214,12,5224609375,11,35
187,216,12,52734375,9,37
188,142,12,3466796875,11,35
189,132,13,1611328125,11,35
190,140,13,1708984375,11,35
191,163,12,39794921875,12,34
192,231,13,281982421875,13,33
193,212,12,517578125,10,36
194,230,13,28076171875,12,34
195,131,13,159912109375,13,33
196,141,18,537872314453125,18,28
197,139,18,530242919921875,18,28
198,141,13,172119140625,13,33
199,193,14,1177978515625,14,32
200,141,14,860595703125,14,32
201,171,13,208740234375,13,33
202,148,11,72265625,9,37
203,148,12,361328125,10,36
204,226,12,5517578125,11,35
205,255,13,311279296875,13,33
206,162,13,19775390625,12,34
207,151,11,7373046875,11,35
208,154,11,751953125,10,36
209,175,18,667572021484375,18,28
210,241,17,183868408203125,17,29
211,145,12,35400390625,12,34
212,172,12,419921875,10,36
213,203,20,19359588623046875,20,26
214,198,17,15106201171875,16,30
215,246,17,18768310546875,16,30
216,141,11,6884765625,11,35
217,217,12,52978515625,12,34
218,246,13,30029296875,12,34
219,180,13,2197265625,11,35
220,157,12,38330078125,12,34
221,175,16,26702880859375,16,30
222,203,13,247802734375,13,33
223,244,13,2978515625,11,35
224,165,15,5035400390625,15,31
225,202,16,3082275390625,15,31
226,247,13,301513671875,13,33
227,194,12,4736328125,11,35
228,171,16,26092529296875,16,30
229,195,13,238037109375,13,33
230,209,13,255126953125,13,33
231,206,12,5029296875,11,35
232,159,12,38818359375,12,34
233,223,12,54443359375,12,34
234,211,12,51513671875,12,34
235,159,14,970458984375,14,32
236,191,15,5828857421875,15,31
237,189,13,230712890625,13,33
238,219,14,1336669921875,14,32
239,173,17,131988525390625,17,29
240,168,12,41015625,9,37
241,244,14,14892578125,12,34
242,251,12,61279296875,12,34
243,244,16,372314453125,14,32
244,174,13,21240234375,12,34
245,151,12,36865234375,12,34
246,153,12,37353515625,12,34
247,130,13,15869140625,12,34
248,172,13,2099609375,11,35
249,196,12,478515625,10,36
250,219,16,33416748046875,16,30
251,224,12,546875,7,39
252,174,20,1659393310546875,19,27
253,255,12,62255859375,12,34
254,218,12,5322265625,11,35
255,215,15,6561279296875,15,31
256,151,14,921630859375,14,32
257,138,17,10528564453125,16,30
258,235,15,7171630859375,15,31
259,202,17,15411376953125,16,30
260,242,14,147705078125,13,33
261,161,12,39306640625,12,34
262,154,13,18798828125,12,34
263,156,14,9521484375,12,34
264,135,13,164794921875,13,33
265,226,15,689697265625,14,32
266,167,12,40771484375,12,34
267,242,15,738525390625,14,32
268,205,16,31280517578125,16,30
269,224,13,2734375,8,38
270,131,16,19989013671875,16,30
271,235,13,286865234375,13,33
272,165,12,40283203125,12,34
273,233,12,56884765625,12,34
274,154,12,3759765625,11,35
275,128,12,3125,5,41
276,188,15,57373046875,13,33
277,180,14,10986328125,12,34
278,193,12,47119140625,12,34
279,243,15,7415771484375,15,31
280,248,13,302734375,10,36
281,207,12,50537109375,12,34
282,142,13,17333984375,12,34
283,155,16,23651123046875,16,30
284,198,16,3021240234375,15,31
285,184,13,224609375,10,36
286,199,12,48583984375,12,34
287,176,12,4296875,8,38
288,248,12,60546875,9,37
289,175,12,42724609375,12,34
290,156,12,380859375,10,36
291,181,15,5523681640625,15,31
292,190,13,23193359375,12,34
293,162,11,791015625,10,36
294,211,14,1287841796875,14,32
295,158,13,19287109375,12,34
296,213,14,1300048828125,14,32
297,223,13,272216796875,13,33
298,135,12,32958984375,12,34
299,227,16,34637451171875,16,30
300,233,13,284423828125,13,33
301,136,12,33203125,9,37
302,254,13,31005859375,12,34
303,221,13,269775390625,13,33
304,234,14,142822265625,13,33
305,129,12,31494140625,12,34
306,199,14,1214599609375,14,32
307,202,12,4931640625,11,35
308,187,12,45654296875,12,34
309,201,14,1226806640625,14,32
310,179,14,1092529296875,14,32
311,144,11,703125,7,39
312,201,13,245361328125,13,33
313,131,12,31982421875,12,34
314,220,12,537109375,10,36
315,235,14,1434326171875,14,32
316,195,15,5950927734375,15,31
317,195,11,9521484375,11,35
318,191,12,46630859375,12,34
319,243,13,296630859375,13,33
320,238,13,29052734375,12,34
321,200,16,30517578125,13,33
322,251,17,191497802734375,17,29
323,152,13,185546875,10,36
324,245,15,7476806640625,15,31
325,248,17,189208984375,14,32
326,183,13,223388671875,13,33
327,177,12,43212890625,12,34
328,228,15,69580078125,13,33
329,128,14,78125,7,39
330,157,14,958251953125,14,32
331,230,16,3509521484375,15,31
332,177,13,216064453125,13,33
333,220,15,67138671875,13,33
334,143,18,545501708984375,18,28
335,224,15,68359375,10,36
336,205,13,250244140625,13,33
337,221,22,526905059814453125,22,24
338,160,11,78125,6,40
339,236,12,576171875,10,36
340,211,13,257568359375,13,33
341,138,11,673828125,10,36
342,180,12,439453125,10,36
343,148,13,1806640625,11,35
344,198,14,120849609375,13,33
345,184,11,8984375,8,38
346,250,13,30517578125,12,34
347,182,14,111083984375,13,33
348,174,12,4248046875,11,35
349,187,14,1141357421875,14,32
350,129,11,6298828125,11,35
351,246,16,3753662109375,15,31
352,134,11,654296875,10,36
353,210,17,16021728515625,16,30
354,189,15,5767822265625,15,31
355,151,15,4608154296875,15,31
356,172,15,52490234375,13,33
357,231,12,56396484375,12,34
358,222,14,135498046875,13,33
359,253,13,308837890625,13,33
360,132,12,322265625,10,36
361,177,20,16880035400390625,20,26
362,184,14,1123046875,11,35
363,146,11,712890625,10,36
364,172,11,83984375,9,37
365,248,14,1513671875,11,35
366,241,12,58837890625,12,34
367,133,13,162353515625,13,33
368,216,13,263671875,10,36
369,140,12,341796875,10,36
370,212,14,12939453125,12,34
371,194,15,592041015625,14,32
372,172,18,6561279296875,16,30
373,239,12,58349609375,12,34
374,145,14,885009765625,14,32
375,230,12,5615234375,11,35
376,144,13,17578125,9,37
377,183,12,44677734375,12,34
378,174,16,2655029296875,15,31
379,144,15,439453125,11,35
380,164,15,50048828125,13,33
381,146,13,17822265625,12,34
382,170,17,12969970703125,16,30
383,241,13,294189453125,13,33
384,168,14,1025390625,11,35
385,173,15,5279541015625,15,31
386,141,16,21514892578125,16,30
387,185,12,45166015625,12,34
388,255,16,38909912109375,16,30
389,178,14,108642578125,13,33
390,249,18,949859619140625,18,28
391,172,14,10498046875,12,34
392,239,14,1458740234375,14,32
393,145,17,110626220703125,17,29
394,178,13,21728515625,12,34
395,236,13,2880859375,11,35
396,130,12,3173828125,11,35
397,221,15,6744384765625,15,31
398,169,14,1031494140625,14,32
399,166,15,506591796875,14,32
400,219,12,53466796875,12,34
401,148,14,9033203125,12,34
402,227,12,55419921875,12,34
403,186,13,22705078125,12,34
404,240,14,146484375,10,36
405,244,15,74462890625,13,33
406,252,12,615234375,10,36
407,200,13,244140625,10,36
408,239,15,7293701171875,15,31
409,157,11,7666015625,11,35
410,169,12,41259765625,12,34
411,140,16,213623046875,14,32
412,220,13,2685546875,11,35
413,138,20,1316070556640625,19,27
414,135,17,102996826171875,17,29
415,172,19,32806396484375,17,29
416,164,14,10009765625,12,34
417,133,11,6494140625,11,35
418,183,16,27923583984375,16,30
419,136,13,166015625,10,36
420,231,14,1409912109375,14,32
421,246,12,6005859375,11,35
422,229,12,55908203125,12,34
423,181,14,1104736328125,14,32
424,182,15,555419921875,14,32
425,237,12,57861328125,12,34
426,238,15,726318359375,14,32
427,196,15,59814453125,13,33
428,254,15,775146484375,14,32
429,255,14,1556396484375,14,32
430,167,20,15926361083984375,20,26
431,136,15,4150390625,12,34
432,217,15,6622314453125,15,31
433,189,12,46142578125,12,34
434,236,14,14404296875,12,34
435,157,13,191650390625,13,33
436,241,14,1470947265625,14,32
437,138,13,16845703125,12,34
438,186,14,113525390625,13,33
439,204,13,2490234375,11,35
440,161,11,7861328125,11,35
441,173,13,211181640625,13,33
442,175,13,213623046875,13,33
443,191,17,145721435546875,17,29
444,159,16,24261474609375,16,30
445,174,14,106201171875,13,33
446,182,16,2777099609375,15,31
447,232,11,11328125,8,38
448,196,14,11962890625,12,34
449,249,15,7598876953125,15,31
450,222,13,27099609375,12,34
451,145,19,2765655517578125,19,27
452,181,16,27618408203125,16,30
453,143,15,4364013671875,15,31
454,153,14,933837890625,14,32
455,225,16,34332275390625,16,30
456,180,15,54931640625,13,33
457,158,14,96435546875,13,33
458,214,14,130615234375,13,33
459,230,17,17547607421875,16,30
460,200,14,1220703125,11,35
461,211,15,6439208984375,15,31
462,131,14,799560546875,14,32
463,228,12,556640625,10,36
464,197,12,48095703125,12,34
465,130,19,247955322265625,18,28
466,205,14,1251220703125,14,32
467,197,13,240478515625,13,33
468,245,17,186920166015625,17,29
469,249,13,303955078125,13,33
470,247,14,1507568359375,14,32
471,158,11,771484375,10,36
472,216,23,2574920654296875,20,26
473,150,11,732421875,10,36
474,238,16,3631591796875,15,31
475,137,14,836181640625,14,32
476,171,15,5218505859375,15,31
477,172,20,164031982421875,18,28
478,234,15,714111328125,14,32
479,145,15,4425048828125,15,31
480,187,13,228271484375,13,33
481,225,15,6866455078125,15,31
482,192,16,29296875,10,36
483,155,14,946044921875,14,32
484,170,11,830078125,10,36
485,198,13,24169921875,12,34
486,149,17,113677978515625,17,29
487,208,12,5078125,8,38
488,253,14,1544189453125,14,32
489,210,13,25634765625,12,34
490,240,18,91552734375,14,32
491,130,16,1983642578125,15,31
492,203,12,49560546875,12,34
493,215,17,164031982421875,17,29
494,245,12,59814453125,12,34
495,154,17,11749267578125,16,30
496,203,15,6195068359375,15,31
497,195,17,148773193359375,17,29
498,185,15,5645751953125,15,31
499,214,13,26123046875,12,34
500,190,17,14495849609375,16,30
501,182,11,888671875,10,36
502,186,12,4541015625,11,35
503,178,17,13580322265625,16,30
504,156,11,76171875,9,37
505,247,12,60302734375,12,34
506,226,14,137939453125,13,33
507,160,17,1220703125,12,34
508,173,14,1055908203125,14,32
509,172,17,1312255859375,15,31
510,205,17,156402587890625,17,29
511,143,14,872802734375,14,32
512,153,19,2918243408203125,19,27
513,176,14,107421875,10,36
514,155,11,7568359375,11,35
515,189,16,28839111328125,16,30
516,144,12,3515625,8,38
517,168,11,8203125,8,38
518,195,14,1190185546875,14,32
519,129,15,3936767578125,15,31
520,181,12,44189453125,12,34
521,160,16,244140625,11,35
522,182,17,13885498046875,16,30
523,146,18,55694580078125,17,29
524,161,15,4913330078125,15,31
525,207,13,252685546875,13,33
526,223,14,1361083984375,14,32
527,206,17,15716552734375,16,30
528,192,11,9375,5,41
529,178,18,67901611328125,17,29
530,194,18,74005126953125,17,29
531,128,13,15625,6,40
532,163,14,994873046875,14,32
533,132,11,64453125,9,37
534,164,12,400390625,10,36
535,199,13,242919921875,13,33
536,237,14,1446533203125,14,32
537,161,14,982666015625,14,32
538,242,13,29541015625,12,34
539,143,11,6982421875,11,35
540,229,16,34942626953125,16,30
541,150,15,457763671875,14,32
542,204,16,311279296875,14,32
543,230,19,438690185546875,18,28
544,234,16,3570556640625,15,31
545,252,15,76904296875,13,33
546,230,18,87738037109375,17,29
547,135,16,20599365234375,16,30
548,249,17,189971923828125,17,29
549,210,15,640869140625,14,32
550,216,18,823974609375,15,31
551,179,13,218505859375,13,33
552,210,21,10013580322265625,20,26
553,232,12,56640625,9,37
554,219,13,267333984375,13,33
555,254,14,155029296875,13,33
556,209,16,31890869140625,16,30
557,171,17,130462646484375,17,29
558,247,15,7537841796875,15,31
559,239,13,291748046875,13,33
560,165,14,1007080078125,14,32
561,212,15,64697265625,13,33
562,186,20,1773834228515625,19,27
563,166,14,101318359375,13,33
564,232,14,1416015625,11,35
565,213,15,6500244140625,15,31
566,178,16,2716064453125,15,31
567,166,11,810546875,10,36
568,171,11,8349609375,11,35
569,128,15,390625,8,38
570,139,15,4241943359375,15,31
571,157,15,4791259765625,15,31
572,225,13,274658203125,13,33
573,147,15,4486083984375,15,31
574,153,16,23345947265625,16,30
575,220,14,13427734375,12,34
576,177,17,135040283203125,17,29
577,194,13,23681640625,12,34
578,191,16,29144287109375,16,30
579,184,16,28076171875,13,33
580,192,12,46875,6,40
581,232,15,7080078125,12,34
582,206,21,9822845458984375,20,26
583,165,17,125885009765625,17,29
584,220,18,8392333984375,16,30
585,221,17,168609619140625,17,29
586,206,15,628662109375,14,32
587,197,16,30059814453125,16,30
588,229,15,6988525390625,15,31
589,177,15,5401611328125,15,31
590,130,15,396728515625,14,32
591,147,14,897216796875,14,32
592,136,16,20751953125,13,33
593,192,17,146484375,11,35
594,144,14,87890625,10,36
595,227,14,1385498046875,14,32
596,218,16,3326416015625,15,31
597,179,17,136566162109375,17,29
598,191,22,455379486083984375,22,24
599,241,16,36773681640625,16,30
600,210,16,3204345703125,15,31
601,140,14,8544921875,12,34
602,234,22,55789947509765625,21,25
603,220,19,41961669921875,17,29
604,185,18,705718994140625,18,28
605,214,15,653076171875,14,32
606,191,14,1165771484375,14,32
607,251,14,1531982421875,14,32
608,177,18,675201416015625,18,28
609,205,15,6256103515625,15,31
610,152,14,927734375,11,35
611,227,15,6927490234375,15,31
612,230,14,140380859375,13,33
613,179,15,5462646484375,15,31
614,240,13,29296875,9,37
615,138,16,2105712890625,15,31
616,140,11,68359375,9,37
617,228,16,347900390625,14,32
618,219,15,6683349609375,15,31
619,129,19,2460479736328125,19,27
620,160,15,48828125,10,36
621,254,16,3875732421875,15,31
622,156,18,5950927734375,16,30
623,159,13,194091796875,13,33
624,185,14,1129150390625,14,32
625,216,15,6591796875,12,34
626,232,16,35400390625,13,33
627,199,15,6072998046875,15,31
628,217,18,827789306640625,18,28
629,164,16,250244140625,14,32
630,188,17,1434326171875,15,31
631,240,15,732421875,11,35
632,178,11,869140625,10,36
633,151,17,115203857421875,17,29
634,135,11,6591796875,11,35
635,207,18,789642333984375,18,28
636,128,11,625,4,42
637,162,14,98876953125,13,33
638,215,14,1312255859375,14,32
639,246,14,150146484375,13,33
640,156,16,238037109375,14,32
641,221,14,1348876953125,14,32
642,149,11,7275390625,11,35
643,243,12,59326171875,12,34
644,236,17,1800537109375,15,31
645,167,14,1019287109375,14,32
646,215,19,4100799560546875,19,27
647,203,16,30975341796875,16,30
648,151,19,2880096435546875,19,27
649,229,17,174713134765625,17,29
650,245,16,37384033203125,16,30
651,165,16,25177001953125,16,30
652,217,17,165557861328125,17,29
653,130,14,79345703125,13,33
654,204,11,99609375,9,37
655,158,15,482177734375,14,32
656,180,11,87890625,9,37
657,137,15,4180908203125,15,31
658,252,14,15380859375,12,34
659,219,21,104427337646484375,21,25
660,187,11,9130859375,11,35
661,180,16,274658203125,14,32
662,148,15,45166015625,13,33
663,236,15,72021484375,13,33
664,156,15,47607421875,13,33
665,167,11,8154296875,11,35
666,241,15,7354736328125,15,31
667,174,17,13275146484375,16,30
668,249,16,37994384765625,16,30
669,170,14,103759765625,13,33
670,255,15,7781982421875,15,31
671,176,16,2685546875,12,34
672,138,15,421142578125,14,32
673,153,17,116729736328125,17,29
674,157,16,23956298828125,16,30
675,193,15,5889892578125,15,31
676,217,16,33111572265625,16,30
677,162,15,494384765625,14,32
678,253,17,193023681640625,17,29
679,236,11,115234375,9,37
680,231,15,7049560546875,15,31
681,132,17,1007080078125,15,31
682,193,11,9423828125,11,35
683,250,17,19073486328125,16,30
684,206,14,125732421875,13,33
685,145,16,22125244140625,16,30
686,183,15,5584716796875,15,31
687,168,13,205078125,10,36
688,192,15,5859375,9,37
689,203,11,9912109375,11,35
690,216,14,1318359375,11,35
691,245,14,1495361328125,14,32
692,251,16,38299560546875,16,30
693,155,15,4730224609375,15,31
694,250,14,152587890625,13,33
695,159,15,4852294921875,15,31
696,225,14,1373291015625,14,32
697,240,16,3662109375,12,34
698,167,13,203857421875,13,33
699,184,15,5615234375,12,34
700,131,17,99945068359375,17,29
701,137,16,20904541015625,16,30
702,153,11,7470703125,11,35
703,233,15,7110595703125,15,31
704,211,18,804901123046875,18,28
705,165,11,8056640625,11,35
706,215,16,32806396484375,16,30
707,140,22,3337860107421875,20,26
708,200,11,9765625,8,38
709,216,19,4119873046875,16,30
710,186,11,908203125,10,36
711,229,19,4367828369140625,19,27
712,213,16,32501220703125,16,30
713,134,19,255584716796875,18,28
714,133,14,811767578125,14,32
715,200,15,6103515625,12,34
716,222,18,84686279296875,17,29
717,182,19,347137451171875,18,28
718,183,11,8935546875,11,35
719,210,14,128173828125,13,33
720,192,18,732421875,12,34
721,228,14,13916015625,12,34
722,206,18,78582763671875,17,29
723,175,14,1068115234375,14,32
724,218,15,665283203125,14,32
725,137,11,6689453125,11,35
726,142,11,693359375,10,36
727,180,17,1373291015625,15,31
728,226,18,86212158203125,17,29
729,210,11,1025390625,10,36
730,199,16,30364990234375,16,30
731,163,16,24871826171875,16,30
732,176,11,859375,7,39
733,199,18,759124755859375,18,28
734,183,14,1116943359375,14,32
735,229,21,109195709228515625,21,25
736,151,16,23040771484375,16,30
737,159,17,121307373046875,17,29
738,152,15,4638671875,12,34
739,187,15,5706787109375,15,31
740,212,21,1010894775390625,19,27
741,223,16,34027099609375,16,30
742,163,17,124359130859375,17,29
743,250,15,762939453125,14,32
744,145,18,553131103515625,18,28
745,146,15,445556640625,14,32
746,214,17,16326904296875,16,30
747,131,15,3997802734375,15,31
748,172,21,820159912109375,19,27
749,248,19,4730224609375,16,30
750,230,20,2193450927734375,19,27
751,158,16,2410888671875,15,31
752,222,16,3387451171875,15,31
753,197,17,150299072265625,17,29
754,155,18,591278076171875,18,28
755,201,15,6134033203125,15,31
756,163,11,7958984375,11,35
757,170,16,2593994140625,15,31
758,239,17,182342529296875,17,29
759,216,11,10546875,8,38
760,166,18,63323974609375,17,29
761,165,19,3147125244140625,19,27
762,167,15,5096435546875,15,31
763,226,11,1103515625,10,36
764,248,16,37841796875,13,33
765,248,15,7568359375,12,34
766,190,14,115966796875,13,33
767,152,19,2899169921875,16,30
768,136,18,518798828125,15,31
769,223,15,6805419921875,15,31
770,132,16,201416015625,14,32
771,232,22,553131103515625,19,27
772,183,17,139617919921875,17,29
773,141,17,107574462890625,17,29
774,225,18,858306884765625,18,28
775,247,16,37689208984375,16,30
776,214,19,408172607421875,18,28
777,226,17,17242431640625,16,30
778,190,16,2899169921875,15,31
779,153,18,583648681640625,18,28
780,188,20,179290771484375,18,28
781,140,10,13671875,8,38
782,153,20,14591217041015625,20,26
783,189,17,144195556640625,17,29
784,186,15,567626953125,14,32
785,163,19,3108978271484375,19,27
786,168,18,640869140625,15,31
787,132,14,8056640625,12,34
788,224,17,1708984375,12,34
789,216,17,164794921875,14,32
790,154,15,469970703125,14,32
791,133,16,20294189453125,16,30
792,130,18,49591064453125,17,29
793,187,16,28533935546875,16,30
794,239,16,36468505859375,16,30
795,179,16,27313232421875,16,30
796,161,18,614166259765625,18,28
797,212,16,323486328125,14,32
798,236,19,45013427734375,17,29
799,150,16,2288818359375,15,31
800,242,16,3692626953125,15,31
801,194,17,14801025390625,16,30
802,233,16,35552978515625,16,30
803,253,15,7720947265625,15,31
804,207,11,10107421875,11,35
805,198,18,75531005859375,17,29
806,175,19,3337860107421875,19,27
807,234,17,17852783203125,16,30
808,237,16,36163330078125,16,30
809,220,17,1678466796875,15,31
810,190,18,72479248046875,17,29
811,158,18,60272216796875,17,29
812,184,18,701904296875,15,31
813,244,17,1861572265625,15,31
814,228,18,8697509765625,16,30
815,221,19,4215240478515625,19,27
816,142,16,2166748046875,15,31
817,152,16,23193359375,13,33
818,187,20,17833709716796875,20,26
819,168,17,128173828125,14,32
820,150,18,57220458984375,17,29
821,196,16,299072265625,14,32
822,165,18,629425048828125,18,28
823,211,11,10302734375,11,35
824,157,18,598907470703125,18,28
825,155,17,118255615234375,17,29
826,224,16,341796875,11,35
827,208,17,15869140625,13,33
828,154,16,2349853515625,15,31
829,253,16,38604736328125,16,30
830,189,18,720977783203125,18,28
831,254,18,96893310546875,17,29
832,140,17,1068115234375,15,31
833,157,17,119781494140625,17,29
834,231,16,35247802734375,16,30
835,147,17,112152099609375,17,29
836,169,17,128936767578125,17,29
837,161,16,24566650390625,16,30
838,147,21,70095062255859375,21,25
839,202,15,616455078125,14,32
840,207,17,157928466796875,17,29
841,144,16,2197265625,12,34
842,247,17,188446044921875,17,29
843,206,11,1005859375,10,36
844,187,22,445842742919921875,22,24
845,214,11,1044921875,10,36
846,245,21,116825103759765625,21,25
847,208,16,3173828125,12,34
848,233,14,1422119140625,14,32
849,227,19,4329681396484375,19,27
850,143,16,21820068359375,16,30
851,200,18,762939453125,15,31
852,133,15,4058837890625,15,31
853,147,16,22430419921875,16,30
854,242,17,18463134765625,16,30
855,248,21,118255615234375,18,28
856,175,17,133514404296875,17,29
857,142,15,433349609375,14,32
858,178,19,339508056640625,18,28
859,201,16,30670166015625,16,30
860,130,17,9918212890625,16,30
861,166,17,12664794921875,16,30
862,194,11,947265625,10,36
863,128,16,1953125,9,37
864,181,11,8837890625,11,35
865,232,18,885009765625,15,31
866,153,15,4669189453125,15,31
867,193,17,147247314453125,17,29
868,201,19,3833770751953125,19,27
869,190,19,362396240234375,18,28
870,213,19,4062652587890625,19,27
871,214,16,3265380859375,15,31
872,225,20,21457672119140625,20,26
873,187,17,142669677734375,17,29
874,204,17,1556396484375,15,31
875,186,16,2838134765625,15,31
876,251,18,957489013671875,18,28
877,137,18,522613525390625,18,28
878,250,23,298023223876953125,22,24
879,206,16,3143310546875,15,31
880,222,17,16937255859375,16,30
881,197,18,751495361328125,18,28
882,218,19,415802001953125,18,28
883,250,18,95367431640625,17,29
884,143,17,109100341796875,17,29
885,183,18,698089599609375,18,28
886,155,20,14781951904296875,20,26
887,129,17,98419189453125,17,29
888,135,15,4119873046875,15,31
889,131,20,12493133544921875,20,26
890,179,26,266730785369873046875,26,20
891,209,19,3986358642578125,19,27
892,246,21,11730194091796875,20,26
893,146,16,2227783203125,15,31
894,200,19,3814697265625,16,30
895,206,19,392913818359375,18,28
896,201,17,153350830078125,17,29
897,233,19,4444122314453125,19,27
898,247,18,942230224609375,18,28
899,144,17,10986328125,13,33
900,255,17,194549560546875,17,29
901,173,16,26397705078125,16,30
902,169,15,5157470703125,15,31
903,221,16,33721923828125,16,30
904,209,15,6378173828125,15,31
905,255,19,4863739013671875,19,27
906,186,18,70953369140625,17,29
907,222,20,2117156982421875,19,27
908,129,20,12302398681640625,20,26
909,201,11,9814453125,11,35
910,251,20,23937225341796875,20,26
911,203,17,154876708984375,17,29
912,227,18,865936279296875,18,28
913,209,18,797271728515625,18,28
914,251,11,12255859375,11,35
915,243,18,926971435546875,18,28
916,185,19,3528594970703125,19,27
917,152,18,579833984375,15,31
918,153,22,364780426025390625,22,24
919,236,21,1125335693359375,19,27
920,212,17,1617431640625,15,31
921,213,20,20313262939453125,20,26
922,142,17,10833740234375,16,30
923,253,21,120639801025390625,21,25
924,228,17,1739501953125,15,31
925,198,15,604248046875,14,32
926,150,17,11444091796875,16,30
927,221,11,10791015625,11,35
928,163,15,4974365234375,15,31
929,159,18,606536865234375,18,28
930,137,17,104522705078125,17,29
931,211,17,160980224609375,17,29
932,128,18,48828125,11,35
933,169,18,644683837890625,18,28
934,163,18,621795654296875,18,28
935,148,16,225830078125,14,32
936,223,17,170135498046875,17,29
937,246,19,469207763671875,18,28
938,213,17,162506103515625,17,29
939,218,11,1064453125,10,36
940,164,18,6256103515625,16,30
941,188,18,7171630859375,16,30
942,220,20,209808349609375,18,28
943,166,16,2532958984375,15,31
944,146,21,6961822509765625,20,26
945,226,16,3448486328125,15,31
946,164,17,1251220703125,15,31
947,167,16,25482177734375,16,30
948,129,21,61511993408203125,21,25
949,173,18,659942626953125,18,28
950,220,16,335693359375,14,32
951,209,17,159454345703125,17,29
952,173,23,2062320709228515625,23,23
953,254,17,19378662109375,16,30
954,207,16,31585693359375,16,30
955,186,19,354766845703125,18,28
956,189,11,9228515625,11,35
957,173,11,8447265625,11,35
958,237,18,904083251953125,18,28
959,199,17,151824951171875,17,29
960,149,16,22735595703125,16,30
961,240,20,2288818359375,16,30
962,139,17,106048583984375,17,29
963,191,11,9326171875,11,35
964,176,17,13427734375,13,33
965,166,20,1583099365234375,19,27
966,242,19,461578369140625,18,28
967,211,19,4024505615234375,19,27
968,238,18,90789794921875,17,29
969,135,20,12874603271484375,20,26
970,146,20,1392364501953125,19,27
971,174,19,331878662109375,18,28
972,209,20,19931793212890625,20,26
973,157,20,14972686767578125,20,26
974,146,17,11138916015625,16,30
975,179,19,3414154052734375,19,27
976,151,18,576019287109375,18,28
977,184,17,140380859375,14,32
978,212,18,8087158203125,16,30
979,134,16,2044677734375,15,31
980,135,18,514984130859375,18,28
981,208,20,1983642578125,16,30
982,195,19,3719329833984375,19,27
983,248,18,946044921875,15,31
984,255,18,972747802734375,18,28
985,150,19,286102294921875,18,28
986,252,19,48065185546875,17,29
987,158,17,12054443359375,16,30
988,204,18,7781982421875,16,30
989,179,11,8740234375,11,35
990,133,17,101470947265625,17,29
991,231,18,881195068359375,18,28
992,217,22,517368316650390625,22,24
993,147,18,560760498046875,18,28
994,219,17,167083740234375,17,29
995,156,17,1190185546875,15,31
996,231,17,176239013671875,17,29
997,237,17,180816650390625,17,29
998,128,17,9765625,10,36
999,148,21,705718994140625,19,27
1000,167,17,127410888671875,17,29
1001,185,11,9033203125,11,35
1002,235,18,896453857421875,18,28
1003,180,20,171661376953125,18,28
1004,235,16,35858154296875,16,30
1005,134,18,51116943359375,17,29
1006,225,17,171661376953125,17,29
1007,197,11,9619140625,11,35
1008,144,19,274658203125,15,31
1009,220,11,107421875,9,37
1010,224,11,109375,6,40
1011,181,17,138092041015625,17,29
1012,235,19,4482269287109375,19,27
1013,176,18,67138671875,14,32
1014,196,11,95703125,9,37
1015,170,18,64849853515625,17,29
1016,223,18,850677490234375,18,28
1017,128,19,244140625,12,34
1018,241,20,22983551025390625,20,26
1019,192,19,3662109375,13,33
1020,157,24,9357929229736328125,24,22
1021,147,19,2803802490234375,19,27
1022,252,17,1922607421875,15,31
1023,197,20,18787384033203125,20,26
1024,136,17,103759765625,14,32
1025,179,18,682830810546875,18,28
1026,169,16,25787353515625,16,30
1027,236,16,360107421875,14,32
1028,194,19,370025634765625,18,28
1029,232,17,177001953125,14,32
1030,168,19,3204345703125,16,30
1031,221,18,843048095703125,18,28
1032,204,19,38909912109375,17,29
1033,162,16,2471923828125,15,31
1034,227,11,11083984375,11,35
1035,199,11,9716796875,11,35
1036,132,18,5035400390625,16,30
1037,218,17,16632080078125,16,30
1038,244,18,9307861328125,16,30
1039,219,19,4177093505859375,19,27
1040,147,20,14019012451171875,20,26
1041,191,20,18215179443359375,20,26
1042,200,17,152587890625,14,32
1043,168,16,25634765625,13,33
1044,139,19,2651214599609375,19,27
1045,231,20,22029876708984375,20,26
1046,201,20,19168853759765625,20,26
1047,188,11,91796875,9,37
1048,198,11,966796875,10,36
1049,194,20,1850128173828125,19,27
1050,169,19,3223419189453125,19,27
1051,210,18,80108642578125,17,29
1052,134,20,1277923583984375,19,27
1053,236,20,225067138671875,18,28
1054,225,19,4291534423828125,19,27
1055,138,18,52642822265625,17,29
1056,208,19,396728515625,15,31
1057,237,22,565052032470703125,22,24
1058,181,19,3452301025390625,19,27
1059,152,17,115966796875,14,32
1060,220,22,5245208740234375,20,26
1061,203,19,3871917724609375,19,27
1062,131,18,499725341796875,18,28
1063,224,18,8544921875,13,33
1064,157,21,74863433837890625,21,25
1065,228,19,43487548828125,17,29
1066,252,18,9613037109375,16,30
1067,204,21,972747802734375,19,27
1068,148,18,5645751953125,16,30
1069,229,20,21839141845703125,20,26
1070,243,11,11865234375,11,35
1071,210,19,400543212890625,18,28
1072,234,18,89263916015625,17,29
1073,192,21,91552734375,15,31
1074,200,22,476837158203125,19,27
1075,162,17,12359619140625,16,30
1076,238,19,453948974609375,18,28
1077,186,17,14190673828125,16,30
1078,174,23,207424163818359375,22,24
1079,227,17,173187255859375,17,29
1080,200,20,19073486328125,17,29
1081,174,21,8296966552734375,20,26
1082,186,23,221729278564453125,22,24
1083,245,19,4673004150390625,19,27
1084,167,19,3185272216796875,19,27
1085,239,19,4558563232421875,19,27
1086,139,23,1657009124755859375,23,23
1087,250,19,476837158203125,18,28
1088,240,17,18310546875,13,33
1089,242,18,92315673828125,17,29
1090,243,17,185394287109375,17,29
1091,135,19,2574920654296875,19,27
1092,196,19,37384033203125,17,29
1093,211,20,20122528076171875,20,26
1094,235,20,22411346435546875,20,26
1095,148,19,28228759765625,17,29
1096,154,18,58746337890625,17,29
1097,194,21,9250640869140625,20,26
1098,149,19,2841949462890625,19,27
1099,242,21,11539459228515625,20,26
1100,130,22,30994415283203125,21,25
1101,252,16,384521484375,14,32
1102,180,18,6866455078125,16,30
1103,134,17,10223388671875,16,30
1104,193,19,3681182861328125,19,27
1105,202,20,1926422119140625,19,27
1106,173,19,3299713134765625,19,27
1107,202,18,77056884765625,17,29
1108,249,20,23746490478515625,20,26
1109,230,11,1123046875,10,36
1110,181,22,431537628173828125,22,24
1111,185,17,141143798828125,17,29
1112,133,18,507354736328125,18,28
1113,169,21,80585479736328125,21,25
1114,187,21,89168548583984375,21,25
1115,148,17,1129150390625,15,31
1116,229,18,873565673828125,18,28
1117,255,20,24318695068359375,20,26
1118,139,20,13256072998046875,20,26
1119,201,18,766754150390625,18,28
1120,228,22,5435943603515625,20,26
1121,134,22,31948089599609375,21,25
1122,159,19,3032684326171875,19,27
1123,193,16,29449462890625,16,30
1124,205,18,782012939453125,18,28
1125,223,19,4253387451171875,19,27
1126,219,11,10693359375,11,35
1127,200,21,95367431640625,18,28
1128,207,21,98705291748046875,21,25
1129,195,20,18596649169921875,20,26
1130,143,19,2727508544921875,19,27
1131,160,18,6103515625,13,33
1132,216,20,20599365234375,17,29
1133,232,24,13828277587890625,21,25
1134,249,19,4749298095703125,19,27
1135,136,20,12969970703125,17,29
1136,219,20,20885467529296875,20,26
1137,179,20,17070770263671875,20,26
1138,174,18,66375732421875,17,29
1139,218,20,2079010009765625,19,27
1140,238,17,18157958984375,16,30
1141,170,20,1621246337890625,19,27
1142,232,19,4425048828125,16,30
1143,231,21,110149383544921875,21,25
1144,188,19,35858154296875,17,29
1145,239,20,22792816162109375,20,26
1146,196,17,1495361328125,15,31
1147,158,19,301361083984375,18,28
1148,184,19,3509521484375,16,30
1149,144,18,54931640625,14,32
1150,173,21,82492828369140625,21,25
1151,233,11,11376953125,11,35
1152,243,21,115871429443359375,21,25
1153,181,18,690460205078125,18,28
1154,245,18,934600830078125,18,28
1155,142,18,54168701171875,17,29
1156,136,19,2593994140625,16,30
1157,238,21,11348724365234375,20,26
1158,192,24,11444091796875,18,28
1159,170,22,40531158447265625,21,25
1160,224,21,1068115234375,16,30
1161,156,20,148773193359375,18,28
1162,209,11,10205078125,11,35
1163,168,22,400543212890625,19,27
1164,255,22,607967376708984375,22,24
1165,185,21,88214874267578125,21,25
1166,205,21,97751617431640625,21,25
1167,161,19,3070831298828125,19,27
1168,241,18,919342041015625,18,28
1169,234,25,6973743438720703125,24,22
1170,225,11,10986328125,11,35
1171,131,25,39041042327880859375,25,21
1172,189,19,3604888916015625,19,27
1173,191,21,91075897216796875,21,25
1174,149,20,14209747314453125,20,26
1175,146,19,278472900390625,18,28
1176,171,19,3261566162109375,19,27
1177,142,19,270843505859375,18,28
1178,171,21,81539154052734375,21,25
1179,251,19,4787445068359375,19,27
1180,234,19,446319580078125,18,28
1181,215,20,20503997802734375,20,26
1182,243,19,4634857177734375,19,27
1183,249,25,74207782745361328125,25,21
1184,149,18,568389892578125,18,28
1185,140,23,16689300537109375,21,25
1186,166,21,7915496826171875,20,26
1187,164,20,156402587890625,18,28
1188,213,11,10400390625,11,35
1189,249,11,12158203125,11,35
1190,199,19,3795623779296875,19,27
1191,246,18,93841552734375,17,29
1192,129,22,307559967041015625,22,24
1193,167,18,637054443359375,18,28
1194,193,20,18405914306640625,20,26
1195,241,21,114917755126953125,21,25
1196,160,23,19073486328125,18,28
1197,253,18,965118408203125,18,28
1198,204,20,194549560546875,18,28
1199,162,20,1544952392578125,19,27
1200,249,22,593662261962890625,22,24
1201,171,18,652313232421875,18,28
1202,252,20,240325927734375,18,28
1203,243,26,362098217010498046875,26,20
1204,235,17,179290771484375,17,29
1205,164,19,31280517578125,17,29
1206,214,21,10204315185546875,20,26
1207,219,18,835418701171875,18,28
1208,182,20,1735687255859375,19,27
1209,139,29,25890767574310302734375,29,17
1210,214,22,51021575927734375,21,25
1211,142,22,33855438232421875,21,25
1212,140,18,5340576171875,16,30
1213,253,19,4825592041015625,19,27
1214,217,11,10595703125,11,35
1215,233,18,888824462890625,18,28
1216,137,10,1337890625,10,36
1217,187,18,713348388671875,18,28
1218,207,19,3948211669921875,19,27
1219,227,26,338256359100341796875,26,20
1220,239,18,911712646484375,18,28
1221,184,23,2193450927734375,20,26
1222,190,11,927734375,10,36
1223,191,19,3643035888671875,19,27
1224,208,11,1015625,7,39
1225,139,22,331401824951171875,22,24
1226,173,20,16498565673828125,20,26
1227,191,18,728607177734375,18,28
1228,187,19,3566741943359375,19,27
1229,247,11,12060546875,11,35
1230,203,18,774383544921875,18,28
1231,142,20,1354217529296875,19,27
1232,136,21,64849853515625,18,28
1233,237,21,113010406494140625,21,25
1234,230,21,10967254638671875,20,26
1235,155,19,2956390380859375,19,27
1236,227,21,108242034912109375,21,25
1237,140,19,26702880859375,17,29
1238,181,20,17261505126953125,20,26
1239,215,11,10498046875,11,35
1240,155,22,369548797607421875,22,24
1241,241,22,574588775634765625,22,24
1242,223,22,531673431396484375,22,24
1243,130,20,1239776611328125,19,27
1244,218,18,83160400390625,17,29
1245,154,19,293731689453125,18,28
1246,225,23,2682209014892578125,23,23
1247,252,23,30040740966796875,21,25
1248,132,19,25177001953125,17,29
1249,169,22,402927398681640625,22,24
1250,163,21,77724456787109375,21,25
1251,183,19,3490447998046875,19,27
1252,186,24,1108646392822265625,23,23
1253,217,23,2586841583251953125,23,23
1254,233,23,2777576446533203125,23,23
1255,211,22,503063201904296875,22,24
1256,227,20,21648406982421875,20,26
1257,213,18,812530517578125,18,28
1258,216,22,514984130859375,19,27
1259,144,21,6866455078125,17,29
1260,235,21,112056732177734375,21,25
1261,244,19,46539306640625,17,29
1262,250,20,2384185791015625,19,27
1263,168,21,80108642578125,18,28
1264,176,19,335693359375,15,31
1265,223,21,106334686279296875,21,25
1266,178,23,212192535400390625,22,24
1267,140,20,133514404296875,18,28
1268,149,21,71048736572265625,21,25
1269,136,23,1621246337890625,20,26
1270,162,18,61798095703125,17,29
1271,141,22,336170196533203125,22,24
1272,180,19,34332275390625,17,29
1273,212,20,202178955078125,18,28
1274,166,19,316619873046875,18,28
1275,128,20,1220703125,13,33
1276,198,21,9441375732421875,20,26
1277,244,26,3635883331298828125,24,22
1278,217,19,4138946533203125,19,27
1279,179,21,85353851318359375,21,25
1280,195,18,743865966796875,18,28
1281,248,20,23651123046875,17,29
1282,177,23,2110004425048828125,23,23
1283,197,19,3757476806640625,19,27
1284,214,20,2040863037109375,19,27
1285,222,19,423431396484375,18,28
1286,161,21,76770782470703125,21,25
1287,251,22,598430633544921875,22,24
1288,211,21,100612640380859375,21,25
1289,156,19,29754638671875,17,29
1290,176,21,8392333984375,17,29
1291,143,22,340938568115234375,22,24
1292,213,21,101566314697265625,21,25
1293,159,20,15163421630859375,20,26
1294,201,27,1497566699981689453125,27,19
1295,182,26,27120113372802734375,25,21
1296,207,22,493526458740234375,22,24
1297,216,25,64373016357421875,22,24
1298,239,21,113964080810546875,21,25
1299,141,19,2689361572265625,19,27
1300,223,20,21266937255859375,20,26
1301,160,19,30517578125,14,32
1302,253,20,24127960205078125,20,26
1303,201,25,59902667999267578125,25,21
1304,154,21,7343292236328125,20,26
1305,143,21,68187713623046875,21,25
1306,228,11,111328125,9,37
1307,202,19,385284423828125,18,28
1308,189,20,18024444580078125,20,26
1309,133,22,317096710205078125,22,24
1310,246,23,293254852294921875,22,24
1311,175,20,16689300537109375,20,26
1312,138,21,6580352783203125,20,26
1313,199,20,18978118896484375,20,26
1314,176,23,209808349609375,19,27
1315,224,19,42724609375,14,32
1316,247,23,2944469451904296875,23,23
1317,131,19,2498626708984375,19,27
1318,178,21,8487701416015625,20,26
1319,176,20,1678466796875,16,30
1320,215,21,102519989013671875,21,25
1321,161,20,15354156494140625,20,26
1322,198,19,377655029296875,18,28
1323,169,20,16117095947265625,20,26
1324,220,21,1049041748046875,19,27
1325,232,21,110626220703125,18,28
1326,238,20,2269744873046875,19,27
1327,212,19,40435791015625,17,29
1328,133,19,2536773681640625,19,27
1329,135,23,1609325408935546875,23,23
1330,221,20,21076202392578125,20,26
1331,238,11,1162109375,10,36
1332,184,25,54836273193359375,22,24
1333,181,24,10788440704345703125,24,22
1334,163,20,15544891357421875,20,26
1335,129,18,492095947265625,18,28
1336,228,20,217437744140625,18,28
1337,137,23,1633167266845703125,23,23
1338,175,21,83446502685546875,21,25
1339,173,22,412464141845703125,22,24
1340,240,21,11444091796875,17,29
1341,178,20,1697540283203125,19,27
1342,150,21,7152557373046875,20,26
1343,138,19,263214111328125,18,28
1344,142,21,6771087646484375,20,26
1345,195,21,92983245849609375,21,25
1346,240,11,1171875,7,39
1347,132,20,125885009765625,18,28
1348,131,10,1279296875,10,36
1349,202,11,986328125,10,36
1350,134,10,130859375,9,37
1351,253,23,3015995025634765625,23,23
1352,173,27,1288950443267822265625,27,19
1353,152,20,14495849609375,17,29
1354,245,24,14603137969970703125,24,22
1355,205,11,10009765625,11,35
1356,137,20,13065338134765625,20,26
1357,231,22,550746917724609375,22,24
1358,196,21,934600830078125,19,27
1359,197,21,93936920166015625,21,25
1360,203,22,483989715576171875,22,24
1361,241,19,4596710205078125,19,27
1362,170,19,324249267578125,18,28
1363,144,23,171661376953125,19,27
1364,184,26,274181365966796875,23,23
1365,162,19,308990478515625,18,28
1366,234,21,11157989501953125,20,26
1367,195,23,2324581146240234375,23,23
1368,245,20,23365020751953125,20,26
1369,186,21,8869171142578125,20,26
1370,214,18,81634521484375,17,29
1371,231,19,4405975341796875,19,27
1372,193,21,92029571533203125,21,25
1373,130,21,6198883056640625,20,26
1374,235,23,2801418304443359375,23,23
1375,171,20,16307830810546875,20,26
1376,208,22,49591064453125,18,28
1377,162,21,7724761962890625,20,26
1378,254,19,484466552734375,18,28
1379,244,21,1163482666015625,19,27
1380,205,20,19550323486328125,20,26
1381,235,11,11474609375,11,35
1382,180,23,21457672119140625,21,25
1383,212,11,103515625,9,37
1384,184,22,438690185546875,19,27
1385,142,24,846385955810546875,23,23
1386,244,20,232696533203125,18,28
1387,198,32,461004674434661865234375,31,15
1388,247,19,4711151123046875,19,27
1389,177,19,3376007080078125,19,27
1390,225,21,107288360595703125,21,25
1391,205,19,3910064697265625,19,27
1392,237,20,22602081298828125,20,26
1393,245,22,584125518798828125,22,24
1394,226,22,53882598876953125,21,25
1395,154,23,183582305908203125,22,24
1396,247,24,14722347259521484375,24,22
1397,223,11,10888671875,11,35
1398,150,20,1430511474609375,19,27
1399,135,25,40233135223388671875,25,21
1400,217,20,20694732666015625,20,26
1401,232,20,22125244140625,17,29
1402,165,21,78678131103515625,21,25
1403,234,20,2231597900390625,19,27
1404,222,11,1083984375,10,36
1405,154,20,1468658447265625,19,27
1406,224,20,213623046875,15,31
1407,156,21,743865966796875,19,27
1408,233,20,22220611572265625,20,26
1409,229,11,11181640625,11,35
1410,131,23,1561641693115234375,23,23
1411,227,22,541210174560546875,22,24
1412,251,25,74803829193115234375,25,21
1413,151,20,14400482177734375,20,26
1414,192,20,18310546875,14,32
1415,130,25,3874301910400390625,24,22
1416,189,23,2253055572509765625,23,23
1417,133,20,12683868408203125,20,26
1418,226,19,431060791015625,18,28
1419,183,20,17452239990234375,20,26
1420,138,24,822544097900390625,23,23
1421,158,22,37670135498046875,21,25
1422,176,22,41961669921875,18,28
1423,198,23,236034393310546875,22,24
1424,197,22,469684600830078125,22,24
1425,182,21,8678436279296875,20,26
1426,135,21,64373016357421875,21,25
1427,133,21,63419342041015625,21,25
1428,242,20,2307891845703125,19,27
1429,140,21,667572021484375,19,27
1430,190,21,9059906005859375,20,26
1431,230,25,6854534149169921875,24,22
1432,206,20,1964569091796875,19,27
1433,231,11,11279296875,11,35
1434,216,21,102996826171875,18,28
1435,183,21,87261199951171875,21,25
1436,128,21,6103515625,14,32
1437,154,25,4589557647705078125,24,22
1438,247,21,117778778076171875,21,25
1439,157,19,2994537353515625,19,27
1440,167,22,398159027099609375,22,24
1441,182,24,1084804534912109375,23,23
1442,145,20,13828277587890625,20,26
1443,199,21,94890594482421875,21,25
1444,177,22,422000885009765625,22,24
1445,151,23,1800060272216796875,23,23
1446,194,24,1156330108642578125,23,23
1447,145,21,69141387939453125,21,25
1448,202,22,48160552978515625,21,25
1449,134,23,159740447998046875,22,24
1450,155,21,73909759521484375,21,25
1451,141,20,13446807861328125,20,26
1452,228,21,1087188720703125,19,27
1453,199,23,2372264862060546875,23,23
1454,198,22,47206878662109375,21,25
1455,171,22,407695770263671875,22,24
1456,186,22,44345855712890625,21,25
1457,165,20,15735626220703125,20,26
1458,163,22,388622283935546875,22,24
1459,226,21,10776519775390625,20,26
1460,215,22,512599945068359375,22,24
1461,144,20,1373291015625,16,30
1462,250,11,1220703125,10,36
1463,151,21,72002410888671875,21,25
1464,160,20,152587890625,15,31
1465,246,26,36656856536865234375,25,21
1466,252,22,6008148193359375,20,26
1467,158,20,1506805419921875,19,27
1468,246,11,1201171875,10,36
1469,224,22,5340576171875,17,29
1470,228,23,27179718017578125,21,25
1471,199,22,474452972412109375,22,24
1472,236,22,5626678466796875,20,26
1473,225,24,13411045074462890625,24,22
1474,190,20,1811981201171875,19,27
1475,255,21,121593475341796875,21,25
1476,237,19,4520416259765625,19,27
1477,189,22,450611114501953125,22,24
1478,148,24,88214874267578125,22,24
1479,145,22,345706939697265625,22,24
1480,251,21,119686126708984375,21,25
1481,148,20,141143798828125,18,28
1482,153,25,45597553253173828125,25,21
1483,254,20,2422332763671875,19,27
1484,245,11,11962890625,11,35
1485,171,23,2038478851318359375,23,23
1486,249,21,118732452392578125,21,25
1487,202,23,240802764892578125,22,24
1488,244,11,119140625,9,37
1489,187,23,2229213714599609375,23,23
1490,215,25,64074993133544921875,25,21
1491,208,21,9918212890625,17,29
1492,163,24,9715557098388671875,24,22
1493,238,22,56743621826171875,21,25
1494,181,23,2157688140869140625,23,23
1495,246,22,58650970458984375,21,25
1496,239,22,569820404052734375,22,24
1497,243,22,579357147216796875,22,24
1498,250,22,59604644775390625,21,25
1499,222,23,264644622802734375,22,24
1500,236,25,703334808349609375,23,23
1501,148,22,3528594970703125,20,26
1502,160,10,15625,5,41
1503,164,10,16015625,8,38
1504,203,10,1982421875,10,36
1505,243,20,23174285888671875,20,26
1506,241,11,11767578125,11,35
1507,133,10,1298828125,10,36
1508,130,10,126953125,9,37
1509,221,21,105381011962890625,21,25
1510,197,23,2348423004150390625,23,23
1511,233,21,111103057861328125,21,25
1512,207,20,19741058349609375,20,26
1513,128,22,30517578125,15,31
1514,180,21,858306884765625,19,27
1515,162,24,965595245361328125,23,23
1516,142,23,169277191162109375,22,24
1517,222,21,10585784912109375,20,26
1518,202,21,9632110595703125,20,26
1519,183,22,436305999755859375,22,24
1520,143,10,1396484375,10,36
1521,148,10,14453125,8,38
1522,166,22,39577484130859375,21,25
1523,129,10,1259765625,10,36
1524,132,10,12890625,8,38
1525,202,10,197265625,9,37
1526,162,10,158203125,9,37
1527,136,10,1328125,7,39
1528,242,11,1181640625,10,36
1529,166,26,24735927581787109375,25,21
1530,230,22,54836273193359375,21,25
1531,143,20,13637542724609375,20,26
1532,241,23,2872943878173828125,23,23
1533,184,21,87738037109375,18,28
1534,210,20,2002716064453125,19,27
1535,254,11,1240234375,10,36
1536,193,22,460147857666015625,22,24
1537,172,22,4100799560546875,20,26
1538,253,11,12353515625,11,35
1539,226,20,2155303955078125,19,27
1540,227,24,13530254364013671875,24,22
1541,183,10,1787109375,10,36
1542,239,11,11669921875,11,35
1543,137,21,65326690673828125,21,25
1544,237,11,11572265625,11,35
1545,153,10,1494140625,10,36
1546,185,20,17642974853515625,20,26
1547,196,20,186920166015625,18,28
1548,235,25,70035457611083984375,25,21
1549,190,22,45299530029296875,21,25
1550,151,10,1474609375,10,36
1551,158,25,4708766937255859375,24,22
1552,191,23,2276897430419921875,23,23
1553,248,11,12109375,8,38
1554,180,26,2682209014892578125,24,22
1555,153,21,72956085205078125,21,25
1556,246,20,2346038818359375,19,27
1557,159,23,1895427703857421875,23,23
1558,218,22,51975250244140625,21,25
1559,206,22,49114227294921875,21,25
1560,147,22,350475311279296875,22,24
1561,234,11,1142578125,10,36
1562,185,10,1806640625,10,36
1563,247,20,23555755615234375,20,26
1564,138,10,134765625,9,37
1565,164,21,782012939453125,19,27
1566,159,10,1552734375,10,36
1567,221,23,2634525299072265625,23,23
1568,142,10,138671875,9,37
1569,149,22,355243682861328125,22,24
1570,171,10,1669921875,10,36
1571,144,10,140625,6,40
1572,213,10,2080078125,10,36
1573,139,10,1357421875,10,36
1574,176,10,171875,6,40
1575,184,10,1796875,7,39
1576,182,10,177734375,9,37
1577,168,10,1640625,7,39
1578,210,10,205078125,9,37
1579,181,10,1767578125,10,36
1580,255,11,12451171875,11,35
1581,244,22,5817413330078125,20,26
1582,161,26,239908695220947265625,26,20
1583,208,23,247955322265625,19,27
1584,235,22,560283660888671875,22,24
1585,184,20,17547607421875,17,29
1586,174,25,5185604095458984375,24,22
1587,192,23,2288818359375,17,29
1588,175,23,2086162567138671875,23,23
1589,132,21,629425048828125,19,27
1590,188,24,112056732177734375,22,24
1591,209,22,498294830322265625,22,24
1592,128,10,125,3,43
1593,154,10,150390625,9,37
1594,146,10,142578125,9,37
1595,179,10,1748046875,10,36
1596,139,21,66280364990234375,21,25
1597,156,22,3719329833984375,20,26
1598,227,23,2706050872802734375,23,23
1599,240,22,57220458984375,18,28
1600,239,25,71227550506591796875,25,21
1601,152,22,362396240234375,19,27
1602,164,25,488758087158203125,23,23
1603,161,24,9596347808837890625,24,22
1604,254,21,12111663818359375,20,26
1605,248,25,73909759521484375,22,24
1606,159,21,75817108154296875,21,25
1607,142,33,1653097569942474365234375,32,14
1608,211,23,2515316009521484375,23,23
1609,239,23,2849102020263671875,23,23
1610,146,22,34809112548828125,21,25
1611,224,23,26702880859375,18,28
1612,181,21,86307525634765625,21,25
1613,190,23,226497650146484375,22,24
1614,252,11,123046875,9,37
1615,147,23,1752376556396484375,23,23
1616,169,26,251829624176025390625,26,20
1617,158,21,7534027099609375,20,26
1618,226,23,269412994384765625,22,24
1619,180,24,107288360595703125,22,24
1620,159,22,379085540771484375,22,24
1621,210,23,250339508056640625,22,24
1622,254,29,4731118679046630859375,28,18
1623,133,28,4954636096954345703125,28,18
1624,198,20,1888275146484375,19,27
1625,243,28,9052455425262451171875,28,18
1626,171,24,10192394256591796875,24,22
1627,179,24,10669231414794921875,24,22
1628,143,26,213086605072021484375,26,20
1629,151,22,360012054443359375,22,24
1630,255,26,379979610443115234375,26,20
1631,254,22,60558319091796875,21,25
1632,137,22,326633453369140625,22,24
1633,209,21,99658966064453125,21,25
1634,144,27,107288360595703125,23,23
1635,185,22,441074371337890625,22,24
1636,244,24,145435333251953125,22,24
1637,141,21,67234039306640625,21,25
1638,152,21,72479248046875,18,28
1639,133,24,7927417755126953125,24,22
1640,252,21,1201629638671875,19,27
1641,203,21,96797943115234375,21,25
1642,177,21,84400177001953125,21,25
1643,218,21,10395050048828125,20,26
1644,150,22,35762786865234375,21,25
1645,150,23,178813934326171875,22,24
1646,166,25,4947185516357421875,24,22
1647,229,23,2729892730712890625,23,23
1648,161,22,383853912353515625,22,24
1649,225,22,536441802978515625,22,24
1650,201,26,299513339996337890625,26,20
1651,194,22,46253204345703125,21,25
1652,233,22,555515289306640625,22,24
1653,203,23,2419948577880859375,23,23
1654,219,22,522136688232421875,22,24
1655,183,23,2181529998779296875,23,23
1656,213,22,507831573486328125,22,24
1657,204,26,3039836883544921875,24,22
1658,157,10,1533203125,10,36
1659,168,20,16021728515625,17,29
1660,131,22,312328338623046875,22,24
1661,132,22,3147125244140625,20,26
1662,248,22,591278076171875,19,27
1663,162,22,38623809814453125,21,25
1664,226,25,6735324859619140625,24,22
1665,195,22,464916229248046875,22,24
1666,146,23,174045562744140625,22,24
1667,215,28,8009374141693115234375,28,18
1668,134,21,6389617919921875,20,26
1669,182,23,216960906982421875,22,24
1670,207,23,2467632293701171875,23,23
1671,242,25,7212162017822265625,24,22
1672,164,22,3910064697265625,20,26
1673,188,21,896453857421875,19,27
1674,183,24,10907649993896484375,24,22
1675,163,23,1943111419677734375,23,23
1676,254,23,302791595458984375,22,24
1677,219,23,2610683441162109375,23,23
1678,156,24,92983245849609375,22,24
1679,170,21,8106231689453125,20,26
1680,138,22,32901763916015625,21,25
1681,149,23,1776218414306640625,23,23
1682,175,27,1303851604461669921875,27,19
1683,253,22,603199005126953125,22,24
1684,160,22,3814697265625,17,29
1685,179,23,2133846282958984375,23,23
1686,213,23,2539157867431640625,23,23
1687,160,21,762939453125,16,30
1688,230,24,1370906829833984375,23,23
1689,234,23,278949737548828125,22,24
1690,179,22,426769256591796875,22,24
1691,225,28,8381903171539306640625,28,18
1692,150,26,22351741790771484375,25,21
1693,167,21,79631805419921875,21,25
1694,200,26,298023223876953125,23,23
1695,169,23,2014636993408203125,23,23
1696,132,23,15735626220703125,21,25
1697,130,23,154972076416015625,22,24
1698,155,23,1847743988037109375,23,23
1699,192,22,457763671875,16,30
1700,255,23,3039836883544921875,23,23
1701,199,24,11861324310302734375,24,22
1702,162,23,193119049072265625,22,24
1703,205,22,488758087158203125,22,24
1704,201,22,479221343994140625,22,24
1705,201,21,95844268798828125,21,25
1706,131,21,62465667724609375,21,25
1707,141,23,1680850982666015625,23,23
1708,187,24,11146068572998046875,24,22
1709,160,24,95367431640625,19,27
1710,220,26,3278255462646484375,24,22
1711,128,24,762939453125,17,29
1712,222,22,52928924560546875,21,25
1713,204,23,24318695068359375,21,25
1714,170,24,1013278961181640625,23,23
1715,246,24,1466274261474609375,23,23
1716,158,23,188350677490234375,22,24
1717,211,25,62882900238037109375,25,21
1718,250,21,11920928955078125,20,26
1719,196,22,4673004150390625,20,26
1720,195,24,11622905731201171875,24,22
1721,212,25,631809234619140625,23,23
1722,223,25,66459178924560546875,25,21
1723,174,22,41484832763671875,21,25
1724,243,23,2896785736083984375,23,23
1725,135,22,321865081787109375,22,24
1726,155,24,9238719940185546875,24,22
1727,153,24,9119510650634765625,24,22
1728,134,24,798702239990234375,23,23
1729,141,10,1376953125,10,36
1730,250,26,37252902984619140625,25,21
1731,214,23,255107879638671875,22,24
1732,201,24,11980533599853515625,24,22
1733,248,23,2956390380859375,20,26
1734,231,23,2753734588623046875,23,23
1735,190,24,1132488250732421875,23,23
1736,139,24,8285045623779296875,24,22
1737,214,24,1275539398193359375,23,23
1738,144,22,34332275390625,18,28
1739,155,10,1513671875,10,36
1740,206,24,1227855682373046875,23,23
1741,239,30,222586095333099365234375,30,16
1742,146,25,4351139068603515625,24,22
1743,152,10,1484375,7,39
1744,150,25,4470348358154296875,24,22
1745,184,24,10967254638671875,21,25
1746,146,26,21755695343017578125,25,21
1747,137,25,40829181671142578125,25,21
1748,204,22,4863739013671875,20,26
1749,251,23,2992153167724609375,23,23
1750,174,27,129640102386474609375,26,20
1751,241,25,71823596954345703125,25,21
1752,168,23,2002716064453125,20,26
1753,132,27,9834766387939453125,25,21
1754,200,23,2384185791015625,20,26
1755,243,24,14483928680419921875,24,22
1756,143,25,42617321014404296875,25,21
1757,188,22,4482269287109375,20,26
1758,180,22,4291534423828125,20,26
1759,210,22,50067901611328125,21,25
1760,217,21,103473663330078125,21,25
1761,149,10,1455078125,10,36
1762,220,24,131130218505859375,22,24
1763,187,26,278651714324951171875,26,20
1764,153,23,1823902130126953125,23,23
1765,150,10,146484375,9,37
1766,240,24,1430511474609375,20,26
1767,219,26,326335430145263671875,26,20
1768,129,29,24028122425079345703125,29,17
1769,197,24,11742115020751953125,24,22
1770,164,23,19550323486328125,21,25
1771,232,23,2765655517578125,20,26
1772,207,26,308454036712646484375,26,20
1773,178,22,42438507080078125,21,25
1774,186,26,27716159820556640625,25,21
1775,178,24,1060962677001953125,23,23
1776,228,25,679492950439453125,23,23
1777,168,26,250339508056640625,23,23
1778,218,24,1299381256103515625,23,23
1779,251,26,374019145965576171875,26,20
1780,136,22,324249267578125,19,27
1781,213,24,12695789337158203125,24,22
1782,157,22,374317169189453125,22,24
1783,175,24,10430812835693359375,24,22
1784,253,28,9424984455108642578125,28,18
1785,242,23,288486480712890625,22,24
1786,132,24,78678131103515625,22,24
1787,215,23,2562999725341796875,23,23
1788,221,24,13172626495361328125,24,22
1789,145,27,1080334186553955078125,27,19
1790,164,24,97751617431640625,22,24
1791,230,23,274181365966796875,22,24
1792,152,23,1811981201171875,20,26
1793,165,24,9834766387939453125,24,22
1794,167,23,1990795135498046875,23,23
1795,141,26,210106372833251953125,26,20
1796,194,25,5781650543212890625,24,22
1797,174,24,1037120819091796875,23,23
1798,156,10,15234375,8,38
1799,129,26,192224979400634765625,26,20
1800,185,23,2205371856689453125,23,23
1801,135,10,1318359375,10,36
1802,170,23,202655792236328125,22,24
1803,169,24,10073184967041015625,24,22
1804,148,25,441074371337890625,23,23
1805,248,24,14781951904296875,21,25
1806,165,22,393390655517578125,22,24
1807,173,24,10311603546142578125,24,22
1808,255,27,1899898052215576171875,27,19
1809,148,27,11026859283447265625,25,21
1810,183,25,54538249969482421875,25,21
1811,151,29,28125941753387451171875,29,17
1812,147,10,1435546875,10,36
1813,210,25,6258487701416015625,24,22
1814,196,24,116825103759765625,22,24
1815,185,26,275671482086181640625,26,20
1816,176,25,5245208740234375,21,25
1817,241,27,1795589923858642578125,27,19
1818,138,25,4112720489501953125,24,22
1819,130,24,774860382080078125,23,23
1820,154,22,36716461181640625,21,25
1821,230,10,224609375,9,37
1822,229,10,2236328125,10,36
1823,177,10,1728515625,10,36
1824,252,24,150203704833984375,22,24
1825,213,25,63478946685791015625,25,21
1826,151,24,9000301361083984375,24,22
1827,213,27,1586973667144775390625,27,19
1828,151,25,45001506805419921875,25,21
1829,173,10,1689453125,10,36
1830,199,10,1943359375,10,36
1831,191,27,1423060894012451171875,27,19
1832,190,25,5662441253662109375,24,22
1833,249,23,2968311309814453125,23,23
1834,216,10,2109375,7,39
1835,156,26,2324581146240234375,24,22
1836,240,23,286102294921875,19,27
1837,154,24,917911529541015625,23,23
1838,205,10,2001953125,10,36
1839,235,24,14007091522216796875,24,22
1840,189,26,281631946563720703125,26,20
1841,189,21,90122222900390625,21,25
1842,167,10,1630859375,10,36
1843,217,10,2119140625,10,36
1844,135,26,201165676116943359375,26,20
1845,132,25,393390655517578125,23,23
1846,224,25,667572021484375,20,26
1847,176,24,1049041748046875,20,26
1848,225,26,335276126861572265625,26,20
1849,229,26,341236591339111328125,26,20
1850,160,25,476837158203125,20,26
1851,209,23,2491474151611328125,23,23
1852,228,29,424683094024658203125,27,19
1853,203,28,7562339305877685546875,28,18
1854,209,24,12457370758056640625,24,22
1855,204,24,121593475341796875,22,24
1856,150,24,894069671630859375,23,23
1857,217,24,12934207916259765625,24,22
1858,133,25,39637088775634765625,25,21
1859,216,24,12874603271484375,21,25
1860,175,22,417232513427734375,22,24
1861,212,22,5054473876953125,20,26
1862,137,24,8165836334228515625,24,22
1863,244,23,29087066650390625,21,25
1864,157,23,1871585845947265625,23,23
1865,185,24,11026859283447265625,24,22
1866,148,23,17642974853515625,21,25
1867,210,24,1251697540283203125,23,23
1868,227,25,67651271820068359375,25,21
1869,242,22,57697296142578125,21,25
1870,196,23,23365020751953125,21,25
1871,231,25,68843364715576171875,25,21
1872,169,35,491854734718799591064453125,35,11
1873,144,32,335276126861572265625,28,18
1874,149,24,8881092071533203125,24,22
1875,138,23,164508819580078125,22,24
1876,200,25,59604644775390625,22,24
1877,173,31,805594027042388916015625,31,15
1878,254,24,1513957977294921875,23,23
1879,219,24,13053417205810546875,24,22
1880,173,26,257790088653564453125,26,20
1881,165,23,1966953277587890625,23,23
1882,208,24,1239776611328125,20,26
1883,165,10,1611328125,10,36
1884,232,25,69141387939453125,22,24
1885,229,24,13649463653564453125,24,22
1886,249,24,14841556549072265625,24,22
1887,205,23,2443790435791015625,23,23
1888,229,22,545978546142578125,22,24
1889,253,24,15079975128173828125,24,22
1890,236,24,140666961669921875,22,24
1891,170,27,126659870147705078125,26,20
1892,211,26,314414501190185546875,26,20
1893,143,24,8523464202880859375,24,22
1894,205,24,12218952178955078125,24,22
1895,178,10,173828125,9,37
1896,135,24,8046627044677734375,24,22
1897,188,23,22411346435546875,21,25
1898,237,24,14126300811767578125,24,22
1899,177,24,10550022125244140625,24,22
1900,166,10,162109375,9,37
1901,166,24,989437103271484375,23,23
1902,158,10,154296875,9,37
1903,253,25,75399875640869140625,25,21
1904,229,27,1706182956695556640625,27,19
1905,156,23,18596649169921875,21,25
1906,163,25,48577785491943359375,25,21
1907,159,25,47385692596435546875,25,21
1908,131,24,7808208465576171875,24,22
1909,247,22,588893890380859375,22,24
1910,218,23,259876251220703125,22,24
1911,194,23,231266021728515625,22,24
1912,238,26,35464763641357421875,25,21
1913,175,26,260770320892333984375,26,20
1914,193,23,2300739288330078125,23,23
1915,223,24,13291835784912109375,24,22
1916,215,26,320374965667724609375,26,20
1917,233,25,69439411163330078125,25,21
1918,212,24,126361846923828125,22,24
1919,197,31,917352735996246337890625,31,15
1920,241,24,14364719390869140625,24,22
1921,206,23,245571136474609375,22,24
1922,223,23,2658367156982421875,23,23
1923,238,23,283718109130859375,22,24
1924,225,27,1676380634307861328125,27,19
1925,188,26,2801418304443359375,24,22
1926,145,10,1416015625,10,36
1927,212,23,25272369384765625,21,25
1928,196,27,14603137969970703125,25,21
1929,234,24,1394748687744140625,23,23
1930,172,24,102519989013671875,22,24
1931,134,26,19967555999755859375,25,21
1932,135,9,263671875,9,37
1933,169,10,1650390625,10,36
1934,170,10,166015625,9,37
1935,137,29,25518238544464111328125,29,17
1936,171,25,50961971282958984375,25,21
1937,236,23,28133392333984375,21,25
1938,172,23,20503997802734375,21,25
1939,182,22,43392181396484375,21,25
1940,237,23,2825260162353515625,23,23
1941,234,26,34868717193603515625,25,21
1942,203,24,12099742889404296875,24,22
1943,240,27,178813934326171875,23,23
1944,238,24,1418590545654296875,23,23
1945,128,25,3814697265625,18,28
1946,200,27,1490116119384765625,24,22
1947,181,25,53942203521728515625,25,21
1948,200,24,11920928955078125,21,25
1949,202,25,6020069122314453125,24,22
1950,201,23,2396106719970703125,23,23
1951,211,24,12576580047607421875,24,22
1952,195,25,58114528656005859375,25,21
1953,246,28,916421413421630859375,27,19
1954,191,24,11384487152099609375,24,22
1955,210,27,156462192535400390625,26,20
1956,133,23,1585483551025390625,23,23
1957,147,24,8761882781982421875,24,22
1958,217,25,64671039581298828125,25,21
1959,245,23,2920627593994140625,23,23
1960,242,24,1442432403564453125,23,23
1961,224,26,3337860107421875,21,25
1962,238,25,7092952728271484375,24,22
1963,200,10,1953125,7,39
1964,231,24,13768672943115234375,24,22
1965,128,23,152587890625,16,30
1966,191,25,56922435760498046875,25,21
1967,251,24,14960765838623046875,24,22
1968,229,25,68247318267822265625,25,21
1969,225,25,67055225372314453125,25,21
1970,174,10,169921875,9,37
1971,187,28,6966292858123779296875,28,18
1972,245,28,9126961231231689453125,28,18
1973,161,23,1919269561767578125,23,23
1974,240,28,894069671630859375,24,22
1975,220,25,655651092529296875,23,23
1976,131,27,976026058197021484375,27,19
1977,168,25,50067901611328125,22,24
1978,197,28,7338821887969970703125,28,18
1979,246,25,7331371307373046875,24,22
1980,131,26,195205211639404296875,26,20
1981,157,25,46789646148681640625,25,21
1982,240,25,7152557373046875,21,25
1983,222,24,1323223114013671875,23,23
1984,182,27,135600566864013671875,26,20
1985,194,26,28908252716064453125,25,21
1986,159,24,9477138519287109375,24,22
1987,211,29,39301812648773193359375,29,17
1988,153,29,28498470783233642578125,29,17
1989,145,26,216066837310791015625,26,20
1990,148,26,2205371856689453125,24,22
1991,180,27,13411045074462890625,25,21
1992,152,30,141561031341552734375,27,19
1993,167,26,248849391937255859375,26,20
1994,214,10,208984375,9,37
1995,221,10,2158203125,10,36
1996,175,10,1708984375,10,36
1997,147,25,43809413909912109375,25,21
1998,143,29,26635825634002685546875,29,17
1999,164,26,2443790435791015625,24,22
2000,233,28,8679926395416259765625,28,18
2001,214,27,159442424774169921875,26,20
2002,226,24,1347064971923828125,23,23
2003,138,26,20563602447509765625,25,21
2004,171,26,254809856414794921875,26,20
2005,162,25,4827976226806640625,24,22
2006,248,26,369548797607421875,23,23
2007,143,23,1704692840576171875,23,23
2008,221,27,1646578311920166015625,27,19
2009,228,26,3397464752197265625,24,22
2010,187,10,1826171875,10,36
2011,161,10,1572265625,10,36
2012,206,25,6139278411865234375,24,22
2013,172,10,16796875,8,38
2014,178,26,26524066925048828125,25,21
2015,132,26,1966953277587890625,24,22
2016,158,24,941753387451171875,23,23
2017,140,24,83446502685546875,22,24
2018,188,25,560283660888671875,23,23
2019,216,28,8046627044677734375,25,21
2020,216,27,1609325408935546875,24,22
2021,192,29,35762786865234375,23,23
2022,140,25,417232513427734375,23,23
2023,163,10,1591796875,10,36
2024,220,23,26226043701171875,21,25
2025,136,24,8106231689453125,21,25
2026,179,25,53346157073974609375,25,21
2027,142,26,21159648895263671875,25,21
2028,140,28,52154064178466796875,26,20
2029,166,27,123679637908935546875,26,20
2030,134,25,3993511199951171875,24,22
2031,209,25,62286853790283203125,25,21
2032,213,26,317394733428955078125,26,20
2033,166,23,197887420654296875,22,24
2034,154,26,22947788238525390625,25,21
2035,197,25,58710575103759765625,25,21
2036,252,27,18775463104248046875,25,21
2037,161,25,47981739044189453125,25,21
2038,145,23,1728534698486328125,23,23
2039,245,25,73015689849853515625,25,21
2040,215,24,12814998626708984375,24,22
2041,236,29,439584255218505859375,27,19
2042,184,27,1370906829833984375,24,22
2043,198,26,29504299163818359375,25,21
2044,172,25,512599945068359375,23,23
2045,206,27,153481960296630859375,26,20
2046,233,24,13887882232666015625,24,22
2047,250,24,1490116119384765625,23,23
2048,240,26,35762786865234375,22,24
2049,217,31,1010484993457794189453125,31,15
2050,202,24,1204013824462890625,23,23
2051,176,26,26226043701171875,22,24
2052,189,24,11265277862548828125,24,22
2053,192,31,894069671630859375,25,21
2054,187,25,55730342864990234375,25,21
2055,141,24,8404254913330078125,24,22
2056,228,24,135898590087890625,22,24
2057,167,24,9953975677490234375,24,22
2058,173,25,51558017730712890625,25,21
2059,159,26,236928462982177734375,26,20
2060,203,27,1512467861175537109375,27,19
2061,129,23,1537799835205078125,23,23
2062,208,27,154972076416015625,23,23
2063,208,25,6198883056640625,21,25
2064,209,28,7785856723785400390625,28,18
2065,203,25,60498714447021484375,25,21
2066,192,25,57220458984375,19,27
2067,221,26,329315662384033203125,26,20
2068,129,24,7688999176025390625,24,22
2069,186,10,181640625,9,37
2070,239,24,14245510101318359375,24,22
2071,199,30,185333192348480224609375,30,16
2072,195,26,290572643280029296875,26,20
2073,136,26,202655792236328125,23,23
2074,169,25,50365924835205078125,25,21
2075,180,10,17578125,8,38
2076,230,26,34272670745849609375,25,21
2077,170,26,25331974029541015625,25,21
2078,193,25,57518482208251953125,25,21
2079,139,27,1035630702972412109375,27,19
2080,147,26,219047069549560546875,26,20
2081,235,27,1750886440277099609375,27,19
2082,235,26,350177288055419921875,26,20
2083,237,25,70631504058837890625,25,21
2084,185,29,34458935260772705078125,29,17
2085,156,27,11622905731201171875,25,21
2086,237,26,353157520294189453125,26,20
2087,235,31,1094304025173187255859375,31,15
2088,214,26,31888484954833984375,25,21
2089,149,25,44405460357666015625,25,21
2090,183,26,272691249847412109375,26,20
2091,247,26,368058681488037109375,26,20
2092,255,25,75995922088623046875,25,21
2093,227,27,1691281795501708984375,27,19
2094,144,26,21457672119140625,22,24
2095,183,28,6817281246185302734375,28,18
2096,209,26,311434268951416015625,26,20
2097,152,27,1132488250732421875,24,22
2098,168,24,10013580322265625,21,25
2099,190,27,141561031341552734375,26,20
2100,207,27,1542270183563232421875,27,19
2101,128,27,95367431640625,20,26
2102,164,27,12218952178955078125,25,21
2103,182,25,5424022674560546875,24,22
2104,198,25,5900859832763671875,24,22
2105,217,26,323355197906494140625,26,20
2106,178,25,5304813385009765625,24,22
2107,152,24,9059906005859375,21,25
2108,239,26,356137752532958984375,26,20
2109,158,26,23543834686279296875,25,21
2110,222,26,33080577850341796875,25,21
2111,218,28,812113285064697265625,27,19
2112,192,10,1875,4,42
2113,160,26,2384185791015625,21,25
2114,155,26,230967998504638671875,26,20
2115,208,26,30994415283203125,22,24
2116,205,25,61094760894775390625,25,21
2117,241,26,359117984771728515625,26,20
2118,214,25,6377696990966796875,24,22
2119,255,24,15199184417724609375,24,22
2120,169,28,6295740604400634765625,28,18
2121,139,28,5178153514862060546875,28,18
2122,198,24,1180171966552734375,23,23
2123,243,25,72419643402099609375,25,21
2124,244,27,18179416656494140625,25,21
2125,189,10,1845703125,10,36
2126,174,26,25928020477294921875,25,21
2127,212,26,3159046173095703125,24,22
2128,155,25,46193599700927734375,25,21
2129,157,26,233948230743408203125,26,20
2130,207,10,2021484375,10,36
2131,207,24,12338161468505859375,24,22
2132,131,28,4880130290985107421875,28,18
2133,224,27,16689300537109375,22,24
2134,145,25,43213367462158203125,25,21
2135,232,26,345706939697265625,23,23
2136,195,29,36321580410003662109375,29,17
2137,129,28,4805624485015869140625,28,18
2138,202,27,150501728057861328125,26,20
2139,232,28,8642673492431640625,25,21
2140,243,27,1810491085052490234375,27,19
2141,171,27,1274049282073974609375,27,19
2142,144,24,858306884765625,20,26
2143,151,26,225007534027099609375,26,20
2144,195,30,181607902050018310546875,30,16
2145,238,28,886619091033935546875,27,19
2146,141,25,42021274566650390625,25,21
2147,181,28,6742775440216064453125,28,18
2148,235,28,8754432201385498046875,28,18
2149,134,30,12479722499847412109375,29,17
2150,190,26,28312206268310546875,25,21
2151,212,10,20703125,8,38
2152,231,26,344216823577880859375,26,20
2153,203,29,37811696529388427734375,29,17
2154,218,26,32484531402587890625,25,21
2155,212,28,78976154327392578125,26,20
2156,243,29,45262277126312255859375,29,17
2157,193,24,11503696441650390625,24,22
2158,196,25,584125518798828125,23,23
2159,145,24,8642673492431640625,24,22
2160,194,27,144541263580322265625,26,20
2161,128,33,1490116119384765625,26,20
2162,232,27,1728534698486328125,24,22
2163,200,28,7450580596923828125,25,21
2164,224,24,133514404296875,19,27
2165,139,25,41425228118896484375,25,21
2166,135,27,1005828380584716796875,27,19
2167,204,29,379979610443115234375,27,19
2168,146,24,870227813720703125,23,23
2169,206,26,30696392059326171875,25,21
2170,135,32,3143213689327239990234375,32,14
2171,218,25,6496906280517578125,24,22
2172,233,26,347197055816650390625,26,20
2173,130,28,484287738800048828125,27,19
2174,146,27,108778476715087890625,26,20
2175,242,26,36060810089111328125,25,21
2176,203,26,302493572235107421875,26,20
2177,199,25,59306621551513671875,25,21
2178,247,25,73611736297607421875,25,21
2179,175,25,52154064178466796875,25,21
2180,156,25,464916229248046875,23,23
2181,183,27,1363456249237060546875,27,19
2182,241,32,5611218512058258056640625,32,14
2183,219,27,1631677150726318359375,27,19
2184,157,27,1169741153717041015625,27,19
2185,190,10,185546875,9,37
2186,216,26,321865081787109375,23,23
2187,156,31,7264316082000732421875,29,17
2188,141,28,5252659320831298828125,28,18
2189,182,28,678002834320068359375,27,19
2190,211,31,982545316219329833984375,31,15
2191,221,30,205822288990020751953125,30,16
2192,229,35,666477717459201812744140625,35,11
2193,252,25,751018524169921875,23,23
2194,238,27,177323818206787109375,26,20
2195,247,35,718864612281322479248046875,35,11
2196,149,27,1110136508941650390625,27,19
2197,168,27,1251697540283203125,24,22
2198,172,26,2562999725341796875,24,22
2199,212,30,1974403858184814453125,28,18
2200,199,26,296533107757568359375,26,20
2201,128,26,19073486328125,19,27
2202,190,31,88475644588470458984375,30,16
2203,226,27,168383121490478515625,26,20
2204,162,26,24139881134033203125,25,21
2205,177,25,52750110626220703125,25,21
2206,193,26,287592411041259765625,26,20
2207,186,25,5543231964111328125,24,22
2208,204,28,75995922088623046875,26,20
2209,225,10,2197265625,10,36
2210,195,27,1452863216400146484375,27,19
2211,250,25,7450580596923828125,24,22
2212,130,26,19371509552001953125,25,21
2213,237,27,1765787601470947265625,27,19
2214,210,28,782310962677001953125,27,19
2215,196,28,73015689849853515625,26,20
2216,253,27,1884996891021728515625,27,19
2217,191,26,284612178802490234375,26,20
2218,162,27,120699405670166015625,26,20
2219,243,30,226311385631561279296875,30,16
2220,195,28,7264316082000732421875,28,18
2221,133,26,198185443878173828125,26,20
2222,152,26,226497650146484375,23,23
2223,133,27,990927219390869140625,27,19
2224,142,25,4231929779052734375,24,22
2225,204,25,607967376708984375,23,23
2226,221,28,8232891559600830078125,28,18
2227,250,30,23283064365386962890625,29,17
2228,152,25,45299530029296875,22,24
2229,215,27,1601874828338623046875,27,19
2230,255,30,237487256526947021484375,30,16
2231,173,28,6444752216339111328125,28,18
2232,244,25,727176666259765625,23,23
2233,198,10,193359375,9,37
2234,230,28,856816768646240234375,27,19
2235,194,10,189453125,9,37
2236,247,29,46007335186004638671875,29,17
2237,181,35,526779331266880035400390625,35,11
2238,181,26,269711017608642578125,26,20
2239,178,28,663101673126220703125,27,19
2240,165,25,49173831939697265625,25,21
2241,170,25,5066394805908203125,24,22
2242,236,27,17583370208740234375,25,21
2243,137,27,1020729541778564453125,27,19
2244,153,28,5699694156646728515625,28,18
2245,201,10,1962890625,10,36
2246,200,29,37252902984619140625,26,20
2247,193,27,1437962055206298828125,27,19
2248,204,27,15199184417724609375,25,21
2249,239,28,8903443813323974609375,28,18
2250,253,29,47124922275543212890625,29,17
2251,254,25,7569789886474609375,24,22
2252,251,27,1870095729827880859375,27,19
2253,134,29,2495944499969482421875,28,18
2254,234,31,108964741230010986328125,30,16
2255,153,26,227987766265869140625,26,20
2256,163,26,242888927459716796875,26,20
2257,235,30,218860805034637451171875,30,16
2258,222,25,6616115570068359375,24,22
2259,165,27,1229345798492431640625,27,19
2260,236,26,3516674041748046875,24,22
2261,154,27,114738941192626953125,26,20
2262,233,30,216998159885406494140625,30,16
2263,187,29,34831464290618896484375,29,17
2264,221,25,65863132476806640625,25,21
2265,139,26,207126140594482421875,26,20
2266,169,27,1259148120880126953125,27,19
2267,225,29,41909515857696533203125,29,17
2268,207,25,61690807342529296875,25,21
2269,138,27,102818012237548828125,26,20
2270,146,28,543892383575439453125,27,19
2271,249,26,371038913726806640625,26,20
2272,249,29,46379864215850830078125,29,17
2273,163,27,1214444637298583984375,27,19
2274,162,28,603497028350830078125,27,19
2275,230,27,171363353729248046875,26,20
2276,249,27,1855194568634033203125,27,19
2277,133,31,619329512119293212890625,31,15
2278,242,27,180304050445556640625,26,20
2279,248,27,1847743988037109375,24,22
2280,212,29,394880771636962890625,27,19
2281,185,25,55134296417236328125,25,21
2282,151,28,5625188350677490234375,28,18
2283,255,29,47497451305389404296875,29,17
2284,247,27,1840293407440185546875,27,19
2285,218,27,162422657012939453125,26,20
2286,202,26,30100345611572265625,25,21
2287,167,25,49769878387451171875,25,21
2288,128,32,298023223876953125,25,21
2289,191,32,4447065293788909912109375,32,14
2290,136,25,40531158447265625,22,24
2291,146,29,2719461917877197265625,28,18
2292,143,27,1065433025360107421875,27,19
2293,140,26,2086162567138671875,24,22
2294,253,26,376999378204345703125,26,20
2295,227,29,42282044887542724609375,29,17
2296,220,29,409781932830810546875,27,19
2297,172,27,12814998626708984375,25,21
2298,245,26,365078449249267578125,26,20
2299,209,27,1557171344757080078125,27,19
2300,157,30,146217644214630126953125,30,16
2301,165,26,245869159698486328125,26,20
2302,142,31,66123902797698974609375,30,16
2303,189,27,1408159732818603515625,27,19
2304,254,26,37848949432373046875,25,21
2305,143,28,5327165126800537109375,28,18
2306,180,25,536441802978515625,23,23
2307,219,25,65267086029052734375,25,21
2308,244,10,23828125,8,38
2309,171,29,31851232051849365234375,29,17
2310,241,28,8977949619293212890625,28,18
2311,212,31,9872019290924072265625,29,17
2312,222,27,165402889251708984375,26,20
2313,217,27,1616775989532470703125,27,19
2314,154,28,573694705963134765625,27,19
2315,192,26,286102294921875,20,26
2316,149,26,222027301788330078125,26,20
2317,237,29,44144690036773681640625,29,17
2318,197,26,293552875518798828125,26,20
2319,211,32,4912726581096649169921875,32,14
2320,197,27,1467764377593994140625,27,19
2321,188,28,70035457611083984375,26,20
2322,131,9,255859375,9,37
2323,252,26,3755092620849609375,24,22
2324,255,28,9499490261077880859375,28,18
2325,141,29,26263296604156494140625,29,17
2326,205,26,305473804473876953125,26,20
2327,137,26,204145908355712890625,26,20
2328,181,27,1348555088043212890625,27,19
2329,159,27,1184642314910888671875,27,19
2330,167,28,6221234798431396484375,28,18
2331,165,33,19208528101444244384765625,33,13
2332,209,30,194646418094635009765625,30,16
2333,168,28,6258487701416015625,25,21
2334,231,27,1721084117889404296875,27,19
2335,179,27,1333653926849365234375,27,19
2336,171,28,6370246410369873046875,28,18
2337,189,25,56326389312744140625,25,21
2338,194,28,722706317901611328125,27,19
2339,132,32,30733644962310791015625,30,16
2340,207,36,3012246452271938323974609375,36,10
2341,185,27,1378357410430908203125,27,19
2342,178,29,3315508365631103515625,28,18
2343,249,28,9275972843170166015625,28,18
2344,144,25,4291534423828125,21,25
2345,251,29,46752393245697021484375,29,17
2346,253,30,235624611377716064453125,30,16
2347,138,29,2570450305938720703125,28,18
2348,135,29,25145709514617919921875,29,17
2349,142,27,105798244476318359375,26,20
2350,222,29,4135072231292724609375,28,18
2351,144,29,2682209014892578125,25,21
2352,188,29,350177288055419921875,27,19
2353,153,27,1139938831329345703125,27,19
2354,167,27,1244246959686279296875,27,19
2355,161,30,149942934513092041015625,30,16
2356,136,27,1013278961181640625,24,22
2357,134,27,99837779998779296875,26,20
2358,250,27,186264514923095703125,26,20
2359,230,30,21420419216156005859375,29,17
2360,165,29,30733644962310791015625,29,17
2361,136,28,5066394805908203125,25,21
2362,219,28,8158385753631591796875,28,18
2363,244,29,454485416412353515625,27,19
2364,191,10,1865234375,10,36
2365,142,29,2644956111907958984375,28,18
2366,229,30,213272869586944580078125,30,16
2367,213,28,7934868335723876953125,28,18
2368,193,28,7189810276031494140625,28,18
2369,247,28,9201467037200927734375,28,18
2370,169,29,31478703022003173828125,29,17
2371,243,32,5657784640789031982421875,32,14
2372,177,26,263750553131103515625,26,20
2373,140,27,10430812835693359375,25,21
2374,221,31,1029111444950103759765625,31,15
2375,240,29,4470348358154296875,25,21
2376,223,28,8307397365570068359375,28,18
2377,172,30,1601874828338623046875,28,18
2378,151,32,3515742719173431396484375,32,14
2379,201,31,935979187488555908203125,31,15
2380,132,29,245869159698486328125,27,19
2381,226,26,33676624298095703125,25,21
2382,162,29,3017485141754150390625,28,18
2383,196,10,19140625,8,38
2384,140,29,260770320892333984375,27,19
2385,177,29,32968819141387939453125,29,17
2386,235,32,5471520125865936279296875,32,14
2387,252,28,93877315521240234375,26,20
2388,205,27,1527369022369384765625,27,19
2389,184,28,6854534149169921875,25,21
2390,193,30,179745256900787353515625,30,16
2391,161,27,1199543476104736328125,27,19
2392,208,28,774860382080078125,24,22
2393,166,28,618398189544677734375,27,19
2394,150,28,558793544769287109375,27,19
2395,199,27,1482665538787841796875,27,19
2396,154,31,71711838245391845703125,30,16
2397,143,32,3329478204250335693359375,32,14
2398,202,29,3762543201446533203125,28,18
2399,210,26,31292438507080078125,25,21
2400,172,28,64074993133544921875,26,20
2401,237,28,8828938007354736328125,28,18
2402,163,31,759027898311614990234375,31,15
2403,190,29,3539025783538818359375,28,18
2404,178,30,16577541828155517578125,29,17
2405,182,30,16950070858001708984375,29,17
2406,255,31,1187436282634735107421875,31,15
2407,147,30,136904418468475341796875,30,16
2408,129,25,38444995880126953125,25,21
2409,244,30,2272427082061767578125,28,18
2410,150,29,2793967723846435546875,28,18
2411,179,31,833533704280853271484375,31,15
2412,190,30,17695128917694091796875,29,17
2413,223,27,1661479473114013671875,27,19
2414,163,28,6072223186492919921875,28,18
2415,234,30,21792948246002197265625,29,17
2416,214,31,99651515483856201171875,30,16
2417,223,26,332295894622802734375,26,20
2418,150,27,111758708953857421875,26,20
2419,246,27,183284282684326171875,26,20
2420,248,28,9238719940185546875,25,21
2421,164,28,61094760894775390625,26,20
2422,220,27,16391277313232421875,25,21
2423,186,27,138580799102783203125,26,20
2424,242,28,901520252227783203125,27,19
2425,254,10,248046875,9,37
2426,187,27,1393258571624755859375,27,19
2427,175,29,32596290111541748046875,29,17
2428,189,28,7040798664093017578125,28,18
2429,183,31,852160155773162841796875,31,15
2430,245,27,1825392246246337890625,27,19
2431,238,30,22165477275848388671875,29,17
2432,228,28,84936618804931640625,26,20
2433,252,33,293366611003875732421875,31,15
2434,197,30,183470547199249267578125,30,16
2435,176,31,81956386566162109375,27,19
2436,158,32,367872416973114013671875,31,15
2437,208,30,19371509552001953125,26,20
2438,147,27,1095235347747802734375,27,19
2439,244,28,90897083282470703125,26,20
2440,195,10,1904296875,10,36
2441,237,30,220723450183868408203125,30,16
2442,192,28,7152557373046875,22,24
2443,227,28,8456408977508544921875,28,18
2444,219,10,2138671875,10,36
2445,222,31,103376805782318115234375,30,16
2446,140,32,32596290111541748046875,30,16
2447,185,28,6891787052154541015625,28,18
2448,145,28,5401670932769775390625,28,18
2449,245,30,228174030780792236328125,30,16
2450,211,27,1572072505950927734375,27,19
2451,246,29,4582107067108154296875,28,18
2452,160,27,11920928955078125,22,24
2453,188,27,14007091522216796875,25,21
2454,166,32,386498868465423583984375,31,15
2455,140,31,6519258022308349609375,29,17
2456,234,10,228515625,9,37
2457,245,29,45634806156158447265625,29,17
2458,222,28,827014446258544921875,27,19
2459,158,28,588595867156982421875,27,19
2460,161,31,749714672565460205078125,31,15
2461,177,27,1318752765655517578125,27,19
2462,224,28,83446502685546875,23,23
2463,177,34,103027559816837310791015625,34,12
2464,229,28,8530914783477783203125,28,18
2465,225,30,209547579288482666015625,30,16
2466,130,27,96857547760009765625,26,20
2467,242,30,22538006305694580078125,29,17
2468,149,28,5550682544708251953125,28,18
2469,214,29,3986060619354248046875,28,18
2470,254,28,946223735809326171875,27,19
2471,198,28,737607479095458984375,27,19
2472,147,28,5476176738739013671875,28,18
2473,158,31,73574483394622802734375,30,16
2474,152,29,28312206268310546875,26,20
2475,199,28,7413327693939208984375,28,18
2476,228,27,16987323760986328125,25,21
2477,164,30,1527369022369384765625,28,18
2478,157,28,5848705768585205078125,28,18
2479,176,27,131130218505859375,23,23
2480,177,28,6593763828277587890625,28,18
2481,176,28,655651092529296875,24,22
2482,221,29,41164457798004150390625,29,17
2483,224,30,2086162567138671875,25,21
2484,216,29,40233135223388671875,26,20
2485,180,29,335276126861572265625,27,19
2486,134,28,499188899993896484375,27,19
2487,128,28,476837158203125,21,25
2488,147,31,684522092342376708984375,31,15
2489,234,29,4358589649200439453125,28,18
2490,234,28,871717929840087890625,27,19
2491,226,28,841915607452392578125,27,19
2492,215,29,40046870708465576171875,29,17
2493,239,27,1780688762664794921875,27,19
2494,152,28,5662441253662109375,25,21
2495,223,29,41536986827850341796875,29,17
2496,193,31,898726284503936767578125,31,15
2497,253,31,1178123056888580322265625,31,15
2498,196,32,45634806156158447265625,30,16
2499,220,28,81956386566162109375,26,20
2500,194,29,3613531589508056640625,28,18
2501,137,30,127591192722320556640625,30,16
2502,182,31,84750354290008544921875,30,16
2503,198,27,147521495819091796875,26,20
2504,185,30,172294676303863525390625,30,16
2505,173,30,161118805408477783203125,30,16
2506,137,31,637955963611602783203125,31,15
2507,135,28,5029141902923583984375,28,18
2508,158,30,14714896678924560546875,29,17
2509,154,29,2868473529815673828125,28,18
2510,188,10,18359375,8,38
2511,210,31,97788870334625244140625,30,16
2512,254,27,189244747161865234375,26,20
2513,187,33,21769665181636810302734375,33,13
2514,151,27,1125037670135498046875,27,19
2515,179,28,6668269634246826171875,28,18
2516,129,30,120140612125396728515625,30,16
2517,233,31,1084990799427032470703125,31,15
2518,189,33,22002495825290679931640625,33,13
2519,175,28,6519258022308349609375,28,18
2520,228,32,53085386753082275390625,30,16
2521,155,29,28870999813079833984375,29,17
2522,159,28,5923211574554443359375,28,18
2523,156,30,1452863216400146484375,28,18
2524,158,27,117719173431396484375,26,20
2525,201,28,7487833499908447265625,28,18
2526,156,28,58114528656005859375,26,20
2527,188,31,8754432201385498046875,29,17
2528,147,29,27380883693695068359375,29,17
2529,145,31,675208866596221923828125,31,15
2530,192,27,1430511474609375,21,25
2531,148,34,861473381519317626953125,32,14
2532,218,29,4060566425323486328125,28,18
2533,170,29,3166496753692626953125,28,18
2534,203,33,23632310330867767333984375,33,13
2535,191,28,7115304470062255859375,28,18
2536,199,29,37066638469696044921875,29,17
2537,224,10,21875,5,41
2538,236,32,54948031902313232421875,30,16
2539,167,30,155530869960784912109375,30,16
2540,130,30,12107193470001220703125,29,17
2541,165,28,6146728992462158203125,28,18
2542,148,29,275671482086181640625,27,19
2543,196,26,2920627593994140625,24,22
2544,145,29,27008354663848876953125,29,17
2545,151,30,140629708766937255859375,30,16
2546,249,32,5797483026981353759765625,32,14
2547,226,29,4209578037261962890625,28,18
2548,159,30,148080289363861083984375,30,16
2549,233,29,43399631977081298828125,29,17
2550,202,28,752508640289306640625,27,19
2551,157,29,29243528842926025390625,29,17
2552,176,33,2048909664154052734375,29,17
2553,168,34,97788870334625244140625,31,15
2554,240,34,13969838619232177734375,30,16
2555,148,35,4307366907596588134765625,33,13
2556,209,29,38929283618927001953125,29,17
2557,167,29,31106173992156982421875,29,17
2558,172,29,320374965667724609375,27,19
2559,214,33,2491287887096405029296875,32,14
2560,211,28,7860362529754638671875,28,18
2561,197,10,1923828125,10,36
2562,174,28,648200511932373046875,27,19
2563,236,10,23046875,8,38
2564,176,30,16391277313232421875,26,20
2565,241,29,44889748096466064453125,29,17
2566,167,35,486033968627452850341796875,35,11
2567,155,28,5774199962615966796875,28,18
2568,138,28,514090061187744140625,27,19
2569,164,29,305473804473876953125,27,19
2570,186,29,3464519977569580078125,28,18
2571,193,10,1884765625,10,36
2572,155,27,1154839992523193359375,27,19
2573,149,31,693835318088531494140625,31,15
2574,211,30,196509063243865966796875,30,16
2575,149,33,17345882952213287353515625,33,13
2576,218,31,101514160633087158203125,30,16
2577,201,29,37439167499542236328125,29,17
2578,160,28,59604644775390625,23,23
2579,169,32,3934837877750396728515625,32,14
2580,162,30,15087425708770751953125,29,17
2581,205,29,38184225559234619140625,29,17
2582,215,30,200234353542327880859375,30,16
2583,142,28,528991222381591796875,27,19
2584,196,29,365078449249267578125,27,19
2585,211,10,2060546875,10,36
2586,133,29,24773180484771728515625,29,17
2587,137,28,5103647708892822265625,28,18
2588,244,31,11362135410308837890625,29,17
2589,129,27,961124897003173828125,27,19
2590,150,32,349245965480804443359375,31,15
2591,148,28,55134296417236328125,26,20
2592,178,27,132620334625244140625,26,20
2593,179,30,166706740856170654296875,30,16
2594,206,28,767409801483154296875,27,19
2595,250,29,4656612873077392578125,28,18
2596,130,29,2421438694000244140625,28,18
2597,209,10,2041015625,10,36
2598,181,9,353515625,9,37
2599,253,10,2470703125,10,36
2600,233,27,1735985279083251953125,27,19
2601,184,33,21420419216156005859375,30,16
2602,198,35,57625584304332733154296875,34,12
2603,219,30,203959643840789794921875,30,16
2604,173,29,32223761081695556640625,29,17
2605,241,30,224448740482330322265625,30,16
2606,209,31,973232090473175048828125,31,15
2607,156,29,290572643280029296875,27,19
2608,222,10,216796875,9,37
2609,197,32,4586763679981231689453125,32,14
2610,132,28,49173831939697265625,26,20
2611,192,30,178813934326171875,24,22
2612,180,30,1676380634307861328125,28,18
2613,238,29,4433095455169677734375,28,18
2614,254,30,23655593395233154296875,29,17
2615,179,33,20838342607021331787109375,33,13
2616,231,30,215135514736175537109375,30,16
2617,173,32,4027970135211944580078125,32,14
2618,220,30,2048909664154052734375,28,18
2619,176,29,3278255462646484375,25,21
2620,207,28,7711350917816162109375,28,18
2621,149,29,27753412723541259765625,29,17
2622,251,28,9350478649139404296875,28,18
2623,216,30,201165676116943359375,27,19
2624,246,30,22910535335540771484375,29,17
2625,172,32,40046870708465576171875,30,16
2626,155,32,3608874976634979248046875,32,14
2627,161,28,5997717380523681640625,28,18
2628,224,29,417232513427734375,24,22
2629,214,32,498257577419281005859375,31,15
2630,132,30,1229345798492431640625,28,18
2631,213,29,39674341678619384765625,29,17
2632,184,29,34272670745849609375,26,20
2633,232,29,43213367462158203125,26,20
2634,234,27,174343585968017578125,26,20
2635,158,29,2942979335784912109375,28,18
2636,174,31,81025063991546630859375,30,16
2637,163,29,30361115932464599609375,29,17
2638,168,29,31292438507080078125,26,20
2639,208,10,203125,6,40
2640,163,30,151805579662322998046875,30,16
2641,139,30,129453837871551513671875,30,16
2642,166,29,3091990947723388671875,28,18
2643,171,30,159256160259246826171875,30,16
2644,201,30,187195837497711181640625,30,16
2645,235,29,43772161006927490234375,29,17
2646,202,30,18812716007232666015625,29,17
2647,189,37,13751559890806674957275390625,37,9
2648,187,30,174157321453094482421875,30,16
2649,252,29,469386577606201171875,27,19
2650,190,28,707805156707763671875,27,19
2651,231,28,8605420589447021484375,28,18
2652,188,32,43772161006927490234375,30,16
2653,208,37,1513399183750152587890625,33,13
2654,191,29,35576522350311279296875,29,17
2655,207,29,38556754589080810546875,29,17
2656,206,10,201171875,9,37
2657,227,31,1057051122188568115234375,31,15
2658,237,32,5518086254596710205078125,32,14
2659,214,28,797212123870849609375,27,19
2660,138,31,64261257648468017578125,30,16
2661,203,32,4726462066173553466796875,32,14
2662,187,32,4353933036327362060546875,32,14
2663,198,29,3688037395477294921875,28,18
2664,195,31,908039510250091552734375,31,15
2665,141,30,131316483020782470703125,30,16
2666,133,32,3096647560596466064453125,32,14
2667,238,31,110827386379241943359375,30,16
2668,196,31,9126961231231689453125,29,17
2669,184,31,856816768646240234375,28,18
2670,217,30,202096998691558837890625,30,16
2671,217,28,8083879947662353515625,28,18
2672,193,29,35949051380157470703125,29,17
2673,205,28,7636845111846923828125,28,18
2674,207,32,4819594323635101318359375,32,14
2675,204,10,19921875,8,38
2676,189,29,35203993320465087890625,29,17
2677,218,30,20302832126617431640625,29,17
2678,212,27,15795230865478515625,25,21
2679,206,33,2398155629634857177734375,32,14
2680,161,29,29988586902618408203125,29,17
2681,180,28,67055225372314453125,26,20
2682,159,29,29616057872772216796875,29,17
2683,182,29,3390014171600341796875,28,18
2684,206,32,479631125926971435546875,31,15
2685,242,31,112690031528472900390625,30,16
2686,225,33,26193447411060333251953125,33,13
2687,144,31,67055225372314453125,27,19
2688,239,31,1112930476665496826171875,31,15
2689,183,29,34086406230926513671875,29,17
2690,218,32,507570803165435791015625,31,15
2691,215,31,1001171767711639404296875,31,15
2692,189,31,880099833011627197265625,31,15
2693,148,30,1378357410430908203125,28,18
2694,141,27,1050531864166259765625,27,19
2695,188,30,1750886440277099609375,28,18
2696,232,10,2265625,7,39
2697,215,33,25029294192790985107421875,33,13
2698,236,28,87916851043701171875,26,20
2699,237,10,2314453125,10,36
2700,229,29,42654573917388916015625,29,17
2701,218,10,212890625,9,37
2702,175,32,4074536263942718505859375,32,14
2703,206,30,19185245037078857421875,29,17
2704,242,29,4507601261138916015625,28,18
2705,217,29,40419399738311767578125,29,17
2706,232,31,1080334186553955078125,28,18
2707,227,10,2216796875,10,36
2708,181,29,33713877201080322265625,29,17
2709,145,30,135041773319244384765625,30,16
2710,180,32,41909515857696533203125,30,16
2711,205,32,4773028194904327392578125,32,14
2712,186,31,86612999439239501953125,30,16
2713,186,28,692903995513916015625,27,19
2714,205,31,954605638980865478515625,31,15
2715,210,29,3911554813385009765625,28,18
2716,250,28,931322574615478515625,27,19
2717,129,33,15017576515674591064453125,33,13
2718,179,29,33341348171234130859375,29,17
2719,185,32,4307366907596588134765625,32,14
2720,222,32,516884028911590576171875,31,15
2721,136,30,126659870147705078125,27,19
2722,245,33,28521753847599029541015625,33,13
2723,181,31,842846930027008056640625,31,15
2724,150,31,69849193096160888671875,30,16
2725,220,32,51222741603851318359375,30,16
2726,191,30,177882611751556396484375,30,16
2727,220,31,10244548320770263671875,29,17
2728,198,31,92200934886932373046875,30,16
2729,165,30,153668224811553955078125,30,16
2730,231,29,43027102947235107421875,29,17
2731,241,31,1122243702411651611328125,31,15
2732,149,30,138767063617706298828125,30,16
2733,178,31,82887709140777587890625,30,16
2734,166,31,77299773693084716796875,30,16
2735,247,31,1150183379650115966796875,31,15
2736,210,32,488944351673126220703125,31,15
2737,198,30,18440186977386474609375,29,17
2738,232,30,216066837310791015625,27,19
2739,181,30,168569386005401611328125,30,16
2740,144,28,536441802978515625,24,22
2741,231,35,672298483550548553466796875,35,11
2742,226,30,21047890186309814453125,29,17
2743,213,31,991858541965484619140625,31,15
2744,249,30,231899321079254150390625,30,16
2745,136,29,25331974029541015625,26,20
2746,197,29,36694109439849853515625,29,17
2747,213,30,198371708393096923828125,30,16
2748,251,31,1168809831142425537109375,31,15
2749,131,29,24400651454925537109375,29,17
2750,159,32,3702007234096527099609375,32,14
2751,250,33,2910383045673370361328125,32,14
2752,143,30,133179128170013427734375,30,16
2753,215,10,2099609375,10,36
2754,204,30,1899898052215576171875,28,18
2755,238,10,232421875,9,37
2756,133,30,123865902423858642578125,30,16
2757,195,32,4540197551250457763671875,32,14
2758,194,30,18067657947540283203125,29,17
2759,254,31,118277966976165771484375,30,16
2760,188,33,218860805034637451171875,31,15
2761,170,31,79162418842315673828125,30,16
2762,220,10,21484375,8,38
2763,246,10,240234375,9,37
2764,177,33,20605511963367462158203125,33,13
2765,169,31,786967575550079345703125,31,15
2766,230,29,4284083843231201171875,28,18
2767,230,31,107102096080780029296875,30,16
2768,143,33,16647391021251678466796875,33,13
2769,226,31,105239450931549072265625,30,16
2770,166,30,15459954738616943359375,29,17
2771,159,33,18510036170482635498046875,33,13
2772,203,30,189058482646942138671875,30,16
2773,141,31,656582415103912353515625,31,15
2774,130,9,25390625,8,38
2775,152,33,17695128917694091796875,30,16
2776,239,10,2333984375,10,36
2777,153,37,11132215149700641632080078125,37,9
2778,160,29,298023223876953125,24,22
2779,197,34,114669091999530792236328125,34,12
2780,200,30,186264514923095703125,27,19
2781,186,33,2165324985980987548828125,32,14
2782,167,34,97206793725490570068359375,34,12
2783,202,32,470317900180816650390625,31,15
2784,248,29,46193599700927734375,26,20
2785,140,30,1303851604461669921875,28,18
2786,214,30,19930303096771240234375,29,17
2787,249,37,18117134459316730499267578125,37,9
2788,138,32,321306288242340087890625,31,15
2789,249,31,1159496605396270751953125,31,15
2790,253,33,29453076422214508056640625,33,13
2791,174,29,3241002559661865234375,28,18
2792,170,28,633299350738525390625,27,19
2793,206,29,3837049007415771484375,28,18
2794,139,31,647269189357757568359375,31,15
2795,164,32,38184225559234619140625,30,16
2796,147,32,3422610461711883544921875,32,14
2797,134,31,62398612499237060546875,30,16
2798,167,32,3888271749019622802734375,32,14
2799,128,29,2384185791015625,22,24
2800,243,31,1131556928157806396484375,31,15
2801,172,33,200234353542327880859375,31,15
2802,246,31,114552676677703857421875,30,16
2803,150,30,13969838619232177734375,29,17
2804,171,31,796280801296234130859375,31,15
2805,253,32,5890615284442901611328125,32,14
2806,196,33,228174030780792236328125,31,15
2807,185,31,861473381519317626953125,31,15
2808,167,31,777654349803924560546875,31,15
2809,131,37,9531504474580287933349609375,37,9
2810,155,38,56388671509921550750732421875,38,8
2811,171,33,19907020032405853271484375,33,13
2812,251,34,146101228892803192138671875,34,12
2813,128,30,11920928955078125,23,23
2814,132,35,3841705620288848876953125,33,13
2815,138,30,12852251529693603515625,29,17
2816,179,32,4167668521404266357421875,32,14
2817,226,10,220703125,9,37
2818,163,32,3795139491558074951171875,32,14
2819,248,31,1154839992523193359375,28,18
2820,251,41,11414158507250249385833740234375,41,5
2821,147,9,287109375,9,37
2822,208,29,3874301910400390625,25,21
2823,225,31,1047737896442413330078125,31,15
2824,195,35,567524693906307220458984375,35,11
2825,207,30,192783772945404052734375,30,16
2826,236,31,10989606380462646484375,29,17
2827,228,31,10617077350616455078125,29,17
2828,195,33,22700987756252288818359375,33,13
2829,169,30,157393515110015869140625,30,16
2830,197,46,27995383788947947323322296142578125,46,0
2831,215,34,125146470963954925537109375,34,12
2832,168,30,156462192535400390625,27,19
2833,174,32,405125319957733154296875,31,15
2834,142,30,13224780559539794921875,29,17
2835,219,31,1019798219203948974609375,31,15
2836,175,31,814907252788543701171875,31,15
2837,249,34,144937075674533843994140625,34,12
2838,129,9,251953125,9,37
2839,132,31,6146728992462158203125,29,17
2840,232,32,5401670932769775390625,29,17
2841,193,34,112340785562992095947265625,34,12
2842,243,10,2373046875,10,36
2843,228,10,22265625,8,38
2844,135,30,125728547573089599609375,30,16
2845,189,30,176019966602325439453125,30,16
2846,245,36,3565219230949878692626953125,36,10
2847,183,30,170432031154632568359375,30,16
2848,240,10,234375,6,40
2849,250,10,244140625,9,37
2850,151,33,17578713595867156982421875,33,13
2851,223,34,129803083837032318115234375,34,12
2852,231,10,2255859375,10,36
2853,153,31,712461769580841064453125,31,15
2854,192,32,4470348358154296875,26,20
2855,165,31,768341124057769775390625,31,15
2856,155,31,721774995326995849609375,31,15
2857,205,30,190921127796173095703125,30,16
2858,227,30,211410224437713623046875,30,16
2859,167,37,12150849215686321258544921875,37,9
2860,175,30,162981450557708740234375,30,16
2861,178,32,414438545703887939453125,31,15
2862,216,31,1005828380584716796875,28,18
2863,185,33,21536834537982940673828125,33,13
2864,154,30,14342367649078369140625,29,17
2865,130,32,302679836750030517578125,31,15
2866,184,30,171363353729248046875,27,19
2867,252,30,2346932888031005859375,28,18
2868,204,32,47497451305389404296875,30,16
2869,146,36,212457962334156036376953125,35,11
2870,197,33,22933818399906158447265625,33,13
2871,236,30,2197921276092529296875,28,18
2872,213,33,24796463549137115478515625,33,13
2873,136,31,633299350738525390625,28,18
2874,185,34,107684172689914703369140625,34,12
2875,254,32,591389834880828857421875,31,15
2876,245,34,142608769237995147705078125,34,12
2877,251,30,233761966228485107421875,30,16
2878,154,9,30078125,8,38
2879,247,30,230036675930023193359375,30,16
2880,152,32,3539025783538818359375,29,17
2881,139,32,3236345946788787841796875,32,14
2882,189,32,4400499165058135986328125,32,14
2883,238,32,554136931896209716796875,31,15
2884,170,30,15832483768463134765625,29,17
2885,148,31,6891787052154541015625,29,17
2886,206,31,95926225185394287109375,30,16
2887,228,30,2123415470123291015625,28,18
2888,237,31,1103617250919342041015625,31,15
2889,253,35,736326910555362701416015625,35,11
2890,194,33,2258457243442535400390625,32,14
2891,133,38,48385118134319782257080078125,38,8
2892,255,32,5937181413173675537109375,32,14
2893,186,30,17322599887847900390625,29,17
2894,199,33,23166649043560028076171875,33,13
2895,222,30,20675361156463623046875,29,17
2896,162,31,75437128543853759765625,30,16
2897,245,31,1140870153903961181640625,31,15
2898,194,31,90338289737701416015625,30,16
2899,163,34,94878487288951873779296875,34,12
2900,191,31,889413058757781982421875,31,15
2901,174,30,16205012798309326171875,29,17
2902,219,29,40791928768157958984375,29,17
2903,146,35,42491592466831207275390625,34,12
2904,151,31,703148543834686279296875,31,15
2905,148,33,172294676303863525390625,31,15
2906,245,32,5704350769519805908203125,32,14
2907,209,33,24330802261829376220703125,33,13
2908,128,31,59604644775390625,24,22
2909,131,30,122003257274627685546875,30,16
2910,209,32,4866160452365875244140625,32,14
2911,144,30,13411045074462890625,26,20
2912,202,31,94063580036163330078125,30,16
2913,207,31,963918864727020263671875,31,15
2914,194,32,451691448688507080078125,31,15
2915,223,31,1038424670696258544921875,31,15
2916,129,34,75087882578372955322265625,34,12
2917,143,31,665895640850067138671875,31,15
2918,239,33,27823261916637420654296875,33,13
2919,214,34,12456439435482025146484375,33,13
2920,147,33,17113052308559417724609375,33,13
2921,223,32,5192123353481292724609375,32,14
2922,234,32,544823706150054931640625,31,15
2923,240,31,111758708953857421875,27,19
2924,146,9,28515625,8,38
2925,245,10,2392578125,10,36
2926,235,10,2294921875,10,36
2927,151,9,294921875,9,37
2928,181,33,21071173250675201416015625,33,13
2929,135,33,15716068446636199951171875,33,13
2930,178,33,2072192728519439697265625,32,14
2931,164,31,7636845111846923828125,29,17
2932,143,37,10404619388282299041748046875,37,9
2933,210,30,19557774066925048828125,29,17
2934,199,31,926665961742401123046875,31,15
2935,238,34,13853423297405242919921875,33,13
2936,203,31,945292413234710693359375,31,15
2937,239,29,44517219066619873046875,29,17
2938,149,32,3469176590442657470703125,32,14
2939,160,33,186264514923095703125,28,18
2940,177,30,164844095706939697265625,30,16
2941,181,32,4214234650135040283203125,32,14
2942,170,32,395812094211578369140625,31,15
2943,224,32,52154064178466796875,27,19
2944,139,33,16181729733943939208984375,33,13
2945,154,34,8963979780673980712890625,33,13
2946,153,30,142492353916168212890625,30,16
2947,223,10,2177734375,10,36
2948,200,33,23283064365386962890625,30,16
2949,132,9,2578125,7,39
2950,244,32,56810677051544189453125,30,16
2951,152,31,707805156707763671875,28,18
2952,234,34,13620592653751373291015625,33,13
2953,172,31,8009374141693115234375,29,17
2954,215,32,5005858838558197021484375,32,14
2955,153,35,445288605988025665283203125,35,11
2956,254,33,2956949174404144287109375,32,14
2957,131,31,610016286373138427734375,31,15
2958,241,10,2353515625,10,36
2959,199,32,4633329808712005615234375,32,14
2960,155,30,144354999065399169921875,30,16
2961,213,32,4959292709827423095703125,32,14
2962,160,31,7450580596923828125,26,20
2963,204,31,9499490261077880859375,29,17
2964,200,31,931322574615478515625,28,18
2965,160,30,1490116119384765625,25,21
2966,171,32,3981404006481170654296875,32,14
2967,219,32,5098991096019744873046875,32,14
2968,190,33,2211891114711761474609375,32,14
2969,152,9,296875,6,40
2970,192,34,111758708953857421875,28,18
2971,226,32,526197254657745361328125,31,15
2972,133,36,1935404725372791290283203125,36,10
2973,208,31,96857547760009765625,27,19
2974,177,32,4121102392673492431640625,32,14
2975,146,32,339932739734649658203125,31,15
2976,141,32,3282912075519561767578125,32,14
2977,233,10,2275390625,10,36
2978,248,30,230967998504638671875,27,19
2979,156,32,36321580410003662109375,30,16
2980,180,31,8381903171539306640625,29,17
2981,146,30,13597309589385986328125,29,17
2982,135,31,628642737865447998046875,31,15
2983,237,33,27590431272983551025390625,33,13
2984,134,9,26171875,8,38
2985,223,30,207684934139251708984375,30,16
2986,238,38,8658389560878276824951171875,37,9
2987,252,10,24609375,8,38
2988,179,36,2604792825877666473388671875,36,10
2989,238,33,2770684659481048583984375,32,14
2990,152,35,442378222942352294921875,32,14
2991,150,33,1746229827404022216796875,32,14
2992,242,33,2817250788211822509765625,32,14
2993,242,32,563450157642364501953125,31,15
2994,129,32,3003515303134918212890625,32,14
2995,143,36,2080923877656459808349609375,36,10
2996,200,32,4656612873077392578125,29,17
2997,173,33,20139850676059722900390625,33,13
2998,186,34,10826624929904937744140625,33,13
2999,196,30,1825392246246337890625,28,18
3000,130,31,60535967350006103515625,30,16
3001,200,34,116415321826934814453125,31,15
3002,237,34,137952156364917755126953125,34,12
3003,168,32,3911554813385009765625,29,17
3004,133,33,15483237802982330322265625,33,13
3005,167,33,19441358745098114013671875,33,13
3006,168,33,19557774066925048828125,30,16
3007,156,34,908039510250091552734375,32,14
3008,240,30,22351741790771484375,26,20
3009,203,34,118161551654338836669921875,34,12
3010,146,31,67986547946929931640625,30,16
3011,190,32,442378222942352294921875,31,15
3012,180,34,1047737896442413330078125,32,14
3013,208,32,484287738800048828125,28,18
3014,255,34,148429535329341888427734375,34,12
3015,248,32,5774199962615966796875,29,17
3016,129,31,600703060626983642578125,31,15
3017,155,35,451109372079372406005859375,35,11
3018,246,32,572763383388519287109375,31,15
3019,229,32,5331821739673614501953125,32,14
3020,224,31,10430812835693359375,26,20
3021,145,32,3376044332981109619140625,32,14
3022,149,34,86729414761066436767578125,34,12
3023,157,32,3655441105365753173828125,32,14
3024,136,33,15832483768463134765625,30,16
3025,251,10,2451171875,10,36
3026,211,34,122818164527416229248046875,34,12
3027,164,33,190921127796173095703125,31,15
3028,250,34,14551915228366851806640625,33,13
3029,232,34,135041773319244384765625,31,15
3030,182,33,2118758857250213623046875,32,14
3031,236,33,274740159511566162109375,31,15
3032,214,35,62282197177410125732421875,34,12
3033,176,36,256113708019256591796875,32,14
3034,213,35,619911588728427886962890625,35,11
3035,229,31,1066364347934722900390625,31,15
3036,154,38,5602487362921237945556640625,37,9
3037,176,32,409781932830810546875,28,18
3038,154,32,358559191226959228515625,31,15
3039,251,32,5844049155712127685546875,32,14
3040,218,33,2537854015827178955078125,32,14
3041,168,31,782310962677001953125,28,18
3042,255,35,742147676646709442138671875,35,11
3043,177,36,2575688995420932769775390625,36,10
3044,157,34,91386027634143829345703125,34,12
3045,183,33,21304003894329071044921875,33,13
3046,230,33,2677552402019500732421875,32,14
3047,153,34,89057721197605133056640625,34,12
3048,138,37,1004082150757312774658203125,36,10
3049,175,34,101863406598567962646484375,34,12
3050,162,33,1885928213596343994140625,32,14
3051,187,31,870786607265472412109375,31,15
3052,182,34,10593794286251068115234375,33,13
3053,154,39,28012436814606189727783203125,38,8
3054,251,33,29220245778560638427734375,33,13
3055,186,32,433064997196197509765625,31,15
3056,246,33,2863816916942596435546875,32,14
3057,235,35,683940015733242034912109375,35,11
3058,150,9,29296875,8,38
3059,161,32,3748573362827301025390625,32,14
3060,225,32,5238689482212066650390625,32,14
3061,223,33,25960616767406463623046875,33,13
3062,221,32,5145557224750518798828125,32,14
3063,219,35,637373887002468109130859375,35,11
3064,137,34,79744495451450347900390625,34,12
3065,213,34,123982317745685577392578125,34,12
3066,139,34,80908648669719696044921875,34,12
3067,210,33,2444721758365631103515625,32,14
3068,202,36,293948687613010406494140625,35,11
3069,177,31,824220478534698486328125,31,15
3070,202,34,11757947504520416259765625,33,13
3071,160,32,37252902984619140625,27,19
3072,199,34,115833245217800140380859375,34,12
3073,220,33,256113708019256591796875,31,15
3074,191,35,555883161723613739013671875,35,11
3075,159,31,740401446819305419921875,31,15
3076,150,35,43655745685100555419921875,34,12
3077,144,33,1676380634307861328125,29,17
3078,180,35,5238689482212066650390625,33,13
3079,165,32,3841705620288848876953125,32,14
3080,206,34,11990778148174285888671875,33,13
3081,242,34,14086253941059112548828125,33,13
3082,235,33,27357600629329681396484375,33,13
3083,233,34,135623849928379058837890625,34,12
3084,241,33,28056092560291290283203125,33,13
3085,208,33,2421438694000244140625,29,17
3086,161,33,18742866814136505126953125,33,13
3087,131,32,3050081431865692138671875,32,14
3088,204,33,237487256526947021484375,31,15
3089,240,32,558793544769287109375,28,18
3090,229,34,133295543491840362548828125,34,12
3091,132,33,153668224811553955078125,31,15
3092,160,34,931322574615478515625,29,17
3093,239,32,5564652383327484130859375,32,14
3094,228,33,265426933765411376953125,31,15
3095,190,34,11059455573558807373046875,33,13
3096,201,33,23399479687213897705078125,33,13
3097,233,32,5424953997135162353515625,32,14
3098,241,36,3507011570036411285400390625,36,10
3099,231,32,5378387868404388427734375,32,14
3100,149,8,58203125,8,38
3101,141,9,275390625,9,37
3102,233,9,455078125,9,37
3103,142,9,27734375,8,38
3104,237,8,92578125,8,38
3105,174,9,33984375,8,38
3106,131,8,51171875,8,38
3107,145,8,56640625,8,38
3108,235,9,458984375,9,37
3109,229,9,447265625,9,37
3110,206,9,40234375,8,38
3111,201,9,392578125,9,37
3112,231,9,451171875,9,37
3113,153,9,298828125,9,37
3114,206,8,8046875,7,39
3115,151,8,58984375,8,38
3116,137,8,53515625,8,38
3117,166,9,32421875,8,38
3118,189,9,369140625,9,37
3119,158,9,30859375,8,38
3120,129,7,10078125,7,39
3121,205,9,400390625,9,37
3122,237,9,462890625,9,37
3123,255,10,2490234375,10,36
3124,133,9,259765625,9,37
3125,231,33,26891939342021942138671875,33,13
3126,228,35,6635673344135284423828125,33,13
3127,136,9,265625,6,40
3128,194,37,1411535777151584625244140625,36,10
3129,248,10,2421875,7,39
3130,172,9,3359375,7,39
3131,128,9,25,2,44
3132,138,9,26953125,8,38
3133,163,9,318359375,9,37
3134,137,9,267578125,9,37
3135,225,9,439453125,9,37
3136,139,8,54296875,8,38
3137,170,9,33203125,8,38
3138,160,9,3125,4,42
3139,200,9,390625,6,40
3140,192,9,375,3,43
3141,179,9,349609375,9,37
3142,143,9,279296875,9,37
3143,218,9,42578125,8,38
3144,204,34,1187436282634735107421875,32,14
3145,164,9,3203125,7,39
3146,145,9,283203125,9,37
3147,168,9,328125,6,40
3148,213,38,77488948591053485870361328125,38,8
3149,157,9,306640625,9,37
3150,144,9,28125,5,41
3151,247,10,2412109375,10,36
3152,249,10,2431640625,10,36
3153,242,10,236328125,9,37
3154,149,9,291015625,9,37
3155,191,9,373046875,9,37
3156,148,9,2890625,7,39
3157,180,9,3515625,7,39
3158,210,9,41015625,8,38
3159,139,9,271484375,9,37
3160,155,9,302734375,9,37
3161,153,32,3562308847904205322265625,32,14
3162,154,35,44819898903369903564453125,34,12
3163,140,9,2734375,7,39
3164,159,9,310546875,9,37
3165,136,35,395812094211578369140625,32,14
3166,193,9,376953125,9,37
3167,185,9,361328125,9,37
3168,198,9,38671875,8,38
3169,169,9,330078125,9,37
3170,130,8,5078125,7,39
3171,161,8,62890625,8,38
3172,250,9,48828125,8,38
3173,209,9,408203125,9,37
3174,190,9,37109375,8,38
3175,211,9,412109375,9,37
3176,199,9,388671875,9,37
3177,132,8,515625,6,40
3178,214,9,41796875,8,38
3179,167,9,326171875,9,37
3180,226,9,44140625,8,38
3181,165,9,322265625,9,37
3182,187,9,365234375,9,37
3183,178,9,34765625,8,38
3184,175,9,341796875,9,37
3185,236,9,4609375,7,39
3186,144,8,5625,4,42
3187,188,9,3671875,7,39
3188,134,8,5234375,7,39
3189,232,9,453125,6,40
3190,162,9,31640625,8,38
3191,171,9,333984375,9,37
3192,155,34,90221874415874481201171875,34,12
3193,148,32,34458935260772705078125,30,16
3194,247,32,5750916898250579833984375,32,14
3195,161,9,314453125,9,37
3196,219,9,427734375,9,37
3197,186,9,36328125,8,38
3198,242,9,47265625,8,38
3199,248,34,144354999065399169921875,31,15
3200,156,9,3046875,7,39
3201,177,9,345703125,9,37
3202,133,8,51953125,8,38
3203,234,9,45703125,8,38
3204,202,9,39453125,8,38
3205,204,9,3984375,7,39
3206,184,9,359375,6,40
3207,173,9,337890625,9,37
3208,135,8,52734375,8,38
3209,176,9,34375,5,41
3210,183,9,357421875,9,37
3211,216,32,5029141902923583984375,29,17
3212,194,9,37890625,8,38
3213,244,9,4765625,7,39
3214,155,8,60546875,8,38
3215,230,9,44921875,8,38
3216,203,9,396484375,9,37
3217,158,8,6171875,7,39
3218,174,33,2025626599788665771484375,32,14
3219,168,36,2444721758365631103515625,33,13
3220,224,9,4375,4,42
3221,221,9,431640625,9,37
3222,196,9,3828125,7,39
3223,182,9,35546875,8,38
3224,195,9,380859375,9,37
3225,164,8,640625,6,40
3226,156,8,609375,6,40
3227,238,9,46484375,8,38
3228,216,9,421875,6,40
3229,130,35,37834979593753814697265625,34,12
3230,223,9,435546875,9,37
3231,203,36,2954038791358470916748046875,36,10
3232,246,9,48046875,8,38
3233,141,34,82072801887989044189453125,34,12
3234,226,37,1644366420805454254150390625,36,10
3235,191,33,22235326468944549560546875,33,13
3236,142,34,8265487849712371826171875,33,13
3237,193,37,14042598195374011993408203125,37,9
3238,184,32,4284083843231201171875,29,17
3239,244,34,1420266926288604736328125,32,14
3240,140,8,546875,6,40
3241,152,8,59375,5,41
3242,228,9,4453125,7,39
3243,163,8,63671875,8,38
3244,253,9,494140625,9,37
3245,130,7,1015625,6,40
3246,170,6,265625,5,41
3247,131,5,409375,5,41
3248,213,7,16640625,7,39
3249,153,7,11953125,7,39
3250,168,6,2625,3,43
3251,140,5,4375,3,43
3252,128,5,4,-2,46
3253,135,7,10546875,7,39
3254,239,7,18671875,7,39
3255,132,6,20625,4,42
3256,212,5,6625,3,43
3257,227,5,709375,5,41
3258,253,7,19765625,7,39
3259,248,7,19375,4,42
3260,135,6,2109375,6,40
3261,223,7,17421875,7,39
3262,228,7,178125,5,41
3263,200,7,15625,4,42
3264,192,7,15,1,45
3265,148,6,23125,4,42
3266,131,7,10234375,7,39
3267,230,7,1796875,6,40
3268,244,7,190625,5,41
3269,151,6,2359375,6,40
3270,241,7,18828125,7,39
3271,173,6,2703125,6,40
3272,144,6,225,2,44
3273,159,6,2484375,6,40
3274,142,6,221875,5,41
3275,224,7,175,2,44
3276,155,6,2421875,6,40
3277,190,6,296875,5,41
3278,252,7,196875,5,41
3279,189,6,2953125,6,40
3280,249,7,19453125,7,39
3281,130,6,203125,5,41
3282,211,6,3296875,6,40
3283,215,7,16796875,7,39
3284,138,6,215625,5,41
3285,167,7,13046875,7,39
3286,160,7,125,2,44
3287,137,5,428125,5,41
3288,136,1,68,-2,46
3289,221,8,86328125,8,38
3290,224,6,35,1,45
3291,163,7,12734375,7,39
3292,198,8,7734375,7,39
3293,202,7,1578125,6,40
3294,156,6,24375,4,42
3295,240,7,1875,3,43
3296,218,7,1703125,6,40
3297,134,6,209375,5,41
3298,211,7,16484375,7,39
3299,181,7,14140625,7,39
3300,232,8,90625,5,41
3301,175,6,2734375,6,40
3302,189,7,14765625,7,39
3303,166,7,1296875,6,40
3304,242,6,378125,5,41
3305,226,7,1765625,6,40
3306,232,7,18125,4,42
3307,254,7,1984375,6,40
3308,238,7,1859375,6,40
3309,233,7,18203125,7,39
3310,251,7,19609375,7,39
3311,154,7,1203125,6,40
3312,161,6,2515625,6,40
3313,146,6,228125,5,41
3314,128,6,2,-1,46
3315,188,3,235,1,45
3316,222,7,1734375,6,40
3317,245,7,19140625,7,39
3318,169,6,2640625,6,40
3319,143,6,2234375,6,40
3320,164,6,25625,4,42
3321,202,6,315625,5,41
3322,136,6,2125,3,43
3323,176,6,275,2,44
3324,242,7,1890625,6,40
3325,187,7,14609375,7,39
3326,192,6,3,0,46
3327,246,7,1921875,6,40
3328,198,6,309375,5,41
3329,141,6,2203125,6,40
3330,251,6,3921875,6,40
3331,132,7,103125,5,41
3332,213,3,26625,3,43
3333,177,7,13828125,7,39
3334,165,6,2578125,6,40
3335,153,6,2390625,6,40
3336,183,6,2859375,6,40
3337,243,7,18984375,7,39
3338,140,6,21875,4,42
3339,234,7,1828125,6,40
3340,208,8,8125,4,42
3341,160,8,625,3,43
3342,128,8,5,1,45
3343,154,8,6015625,7,39
3344,227,33,26426278054714202880859375,33,13
3345,146,34,8498318493366241455078125,33,13
3346,142,32,330619513988494873046875,31,15
3347,220,9,4296875,7,39
3348,213,9,416015625,9,37
3349,166,33,1932494342327117919921875,32,14
3350,253,6,3953125,6,40
3351,204,8,796875,6,40
3352,195,7,15234375,7,39
3353,171,6,2671875,6,40
3354,134,7,1046875,6,40
3355,199,8,77734375,8,38
3356,159,8,62109375,8,38
3357,188,6,29375,4,42
3358,227,7,17734375,7,39
3359,217,9,423828125,9,37
3360,210,7,1640625,6,40
3361,205,7,16015625,7,39
3362,183,7,14296875,7,39
3363,214,7,1671875,6,40
3364,215,8,83984375,8,38
3365,182,7,1421875,6,40
3366,223,5,696875,5,41
3367,203,7,15859375,7,39
3368,207,7,16171875,7,39
3369,185,7,14453125,7,39
3370,155,7,12109375,7,39
3371,229,7,17890625,7,39
3372,148,7,115625,5,41
3373,219,7,17109375,7,39
3374,178,6,278125,5,41
3375,193,8,75390625,8,38
3376,180,6,28125,4,42
3377,147,5,459375,5,41
3378,145,6,2265625,6,40
3379,191,7,14921875,7,39
3380,220,7,171875,5,41
3381,197,7,15390625,7,39
3382,197,8,76953125,8,38
3383,133,6,2078125,6,40
3384,202,8,7890625,7,39
3385,225,8,87890625,8,38
3386,140,7,109375,5,41
3387,142,8,5546875,7,39
3388,235,7,18359375,7,39
3389,157,7,12265625,7,39
3390,193,7,15078125,7,39
3391,236,7,184375,5,41
3392,169,7,13203125,7,39
3393,201,7,15703125,7,39
3394,175,7,13671875,7,39
3395,213,8,83203125,8,38
3396,165,7,12890625,7,39
3397,178,7,1390625,6,40
3398,150,7,1171875,6,40
3399,206,7,1609375,6,40
3400,131,6,2046875,6,40
3401,234,8,9140625,7,39
3402,206,6,321875,5,41
3403,164,7,128125,5,41
3404,180,7,140625,5,41
3405,129,6,2015625,6,40
3406,170,7,1328125,6,40
3407,151,35,439467839896678924560546875,35,11
3408,245,9,478515625,9,37
3409,252,9,4921875,7,39
3410,248,9,484375,6,40
3411,255,9,498046875,9,37
3412,168,8,65625,5,41
3413,148,8,578125,6,40
3414,136,8,53125,5,41
3415,138,8,5390625,7,39
3416,197,9,384765625,9,37
3417,254,9,49609375,8,38
3418,215,9,419921875,9,37
3419,208,9,40625,5,41
3420,134,32,311993062496185302734375,31,15
3421,146,8,5703125,7,39
3422,239,9,466796875,9,37
3423,145,33,16880221664905548095703125,33,13
3424,227,9,443359375,9,37
3425,129,8,50390625,8,38
3426,234,36,340514816343784332275390625,35,11
3427,165,34,96042640507221221923828125,34,12
3428,212,9,4140625,7,39
3429,207,9,404296875,9,37
3430,243,9,474609375,9,37
3431,138,34,8032657206058502197265625,33,13
3432,170,33,1979060471057891845703125,32,14
3433,137,33,15948899090290069580078125,33,13
3434,201,32,4679895937442779541015625,32,14
3435,212,33,246800482273101806640625,31,15
3436,171,34,99535100162029266357421875,34,12
3437,172,35,5005858838558197021484375,33,13
3438,216,35,628642737865447998046875,32,14
3439,196,34,1140870153903961181640625,32,14
3440,230,32,535510480403900146484375,31,15
3441,227,32,5285255610942840576171875,32,14
3442,211,36,3070454113185405731201171875,36,10
3443,217,33,25262124836444854736328125,33,13
3444,144,34,8381903171539306640625,30,16
3445,162,34,9429641067981719970703125,33,13
3446,184,35,535510480403900146484375,32,14
3447,228,37,165891833603382110595703125,35,11
3448,157,35,456930138170719146728515625,35,11
3449,178,37,1295120455324649810791015625,36,10
3450,158,33,1839362084865570068359375,32,14
3451,175,33,20372681319713592529296875,33,13
3452,138,33,1606531441211700439453125,32,14
3453,157,31,731088221073150634765625,31,15
3454,134,34,7799826562404632568359375,33,13
3455,179,35,520958565175533294677734375,35,11
3456,157,36,2284650690853595733642578125,36,10
3457,141,33,16414560377597808837890625,33,13
3458,147,8,57421875,8,38
3459,251,9,490234375,9,37
3460,247,9,482421875,9,37
3461,249,9,486328125,9,37
3462,150,8,5859375,7,39
3463,141,8,55078125,8,38
3464,222,9,43359375,8,38
3465,153,8,59765625,8,38
3466,240,9,46875,5,41
3467,157,8,61328125,8,38
3468,162,8,6328125,7,39
3469,176,8,6875,4,42
3470,186,8,7265625,7,39
3471,143,8,55859375,8,38
3472,191,8,74609375,8,38
3473,128,7,1,0,46
3474,174,8,6796875,7,39
3475,192,8,75,2,44
3476,166,8,6484375,7,39
3477,183,8,71484375,8,38
3478,241,9,470703125,9,37
3479,151,7,11796875,7,39
3480,165,8,64453125,8,38
3481,173,8,67578125,8,38
3482,168,5,525,2,44
3483,175,8,68359375,8,38
3484,187,8,73046875,8,38
3485,222,8,8671875,7,39
3486,170,8,6640625,7,39
3487,139,7,10859375,7,39
3488,169,8,66015625,8,38
3489,147,7,11484375,7,39
3490,149,7,11640625,7,39
3491,182,8,7109375,7,39
3492,185,8,72265625,8,38
3493,136,7,10625,4,42
3494,167,8,65234375,8,38
3495,217,7,16953125,7,39
3496,145,5,453125,5,41
3497,159,7,12421875,7,39
3498,151,5,471875,5,41
3499,179,8,69921875,8,38
3500,136,5,425,2,44
3501,225,7,17578125,7,39
3502,253,8,98828125,8,38
3503,231,8,90234375,8,38
3504,162,7,1265625,6,40
3505,247,7,19296875,7,39
3506,203,6,3171875,6,40
3507,149,6,2328125,6,40
3508,204,6,31875,4,42
3509,172,7,134375,5,41
3510,177,6,2765625,6,40
3511,250,6,390625,5,41
3512,152,6,2375,3,43
3513,255,7,19921875,7,39
3514,172,6,26875,4,42
3515,208,7,1625,3,43
3516,177,8,69140625,8,38
3517,245,3,30625,3,43
3518,137,7,10703125,7,39
3519,209,5,653125,5,41
3520,139,6,2171875,6,40
3521,198,7,1546875,6,40
3522,230,8,8984375,7,39
3523,188,8,734375,6,40
3524,204,7,159375,5,41
3525,161,7,12578125,7,39
3526,189,8,73828125,8,38
3527,137,6,2140625,6,40
3528,216,8,84375,5,41
3529,237,7,18515625,7,39
3530,162,6,253125,5,41
3531,217,6,3390625,6,40
3532,220,6,34375,4,42
3533,197,6,3078125,6,40
3534,209,7,16328125,7,39
3535,186,6,290625,5,41
3536,213,6,3328125,6,40
3537,149,5,465625,5,41
3538,198,5,61875,4,42
3539,199,7,15546875,7,39
3540,167,6,2609375,6,40
3541,209,6,3265625,6,40
3542,178,34,10360963642597198486328125,33,13
3543,230,34,13387762010097503662109375,33,13
3544,182,32,423751771450042724609375,31,15
3545,209,34,121654011309146881103515625,34,12
3546,217,36,3157765604555606842041015625,36,10
3547,171,8,66796875,8,38
3548,154,6,240625,5,41
3549,194,6,303125,5,41
3550,150,6,234375,5,41
3551,146,7,1140625,6,40
3552,209,8,81640625,8,38
3553,236,8,921875,6,40
3554,190,7,1484375,6,40
3555,138,7,1078125,6,40
3556,255,8,99609375,8,38
3557,249,8,97265625,8,38
3558,176,7,1375,3,43
3559,203,8,79296875,8,38
3560,184,7,14375,4,42
3561,188,7,146875,5,41
3562,168,7,13125,4,42
3563,152,7,11875,4,42
3564,221,7,17265625,7,39
3565,229,8,89453125,8,38
3566,184,8,71875,5,41
3567,227,6,3546875,6,40
3568,212,7,165625,5,41
3569,145,7,11328125,7,39
3570,133,7,10390625,7,39
3571,141,7,11015625,7,39
3572,196,8,765625,6,40
3573,179,7,13984375,7,39
3574,207,8,80859375,8,38
3575,173,7,13515625,7,39
3576,246,8,9609375,7,39
3577,200,8,78125,5,41
3578,231,7,18046875,7,39
3579,252,31,11734664440155029296875,29,17
3580,221,36,3215973265469074249267578125,36,10
3581,132,34,768341124057769775390625,32,14
3582,208,34,12107193470001220703125,30,16
3583,184,34,107102096080780029296875,31,15
3584,202,33,2351589500904083251953125,32,14
3585,152,36,2211891114711761474609375,33,13
3586,221,34,128638930618762969970703125,34,12
3587,156,33,181607902050018310546875,31,15
3588,161,34,93714334070682525634765625,34,12
3589,147,34,85565261542797088623046875,34,12
3590,201,34,116997398436069488525390625,34,12
3591,210,8,8203125,7,39
3592,234,33,2724118530750274658203125,32,14
3593,145,34,84401108324527740478515625,34,12
3594,250,31,116415321826934814453125,30,16
3595,162,37,1178705133497714996337890625,36,10
3596,169,33,19674189388751983642578125,33,13
3597,251,35,730506144464015960693359375,35,11
3598,190,36,276486389338970184326171875,35,11
3599,200,35,582076609134674072265625,32,14
3600,241,35,701402314007282257080078125,35,11
3601,253,36,3681634552776813507080078125,36,10
3602,240,36,349245965480804443359375,32,14
3603,138,35,40163286030292510986328125,34,12
3604,147,35,427826307713985443115234375,35,11
3605,158,34,9196810424327850341796875,33,13
3606,221,35,643194653093814849853515625,35,11
3607,141,35,410364009439945220947265625,35,11
3608,172,8,671875,6,40
3609,194,8,7578125,7,39
3610,217,8,84765625,8,38
3611,176,5,55,1,45
3612,178,8,6953125,7,39
3613,182,5,56875,4,42
3614,166,5,51875,4,42
3615,212,6,33125,4,42
3616,134,5,41875,4,42
3617,234,6,365625,5,41
3618,163,6,2546875,6,40
3619,239,8,93359375,8,38
3620,152,5,475,2,44
3621,247,6,3859375,6,40
3622,220,8,859375,6,40
3623,157,5,490625,5,41
3624,161,5,503125,5,41
3625,156,7,121875,5,41
3626,250,7,1953125,6,40
3627,216,7,16875,4,42
3628,192,5,6,-1,46
3629,165,5,515625,5,41
3630,182,6,284375,5,41
3631,153,5,478125,5,41
3632,148,5,4625,3,43
3633,183,5,571875,5,41
3634,174,7,1359375,6,40
3635,142,2,355,1,45
3636,196,7,153125,5,41
3637,160,35,4656612873077392578125,30,16
3638,241,38,87675289250910282135009765625,38,8
3639,212,8,828125,6,40
3640,195,6,3046875,6,40
3641,218,6,340625,5,41
3642,252,8,984375,6,40
3643,244,8,953125,6,40
3644,159,5,496875,5,41
3645,214,8,8359375,7,39
3646,181,6,2828125,6,40
3647,157,6,2453125,6,40
3648,194,7,1515625,6,40
3649,186,7,1453125,6,40
3650,168,35,488944351673126220703125,32,14
3651,180,8,703125,6,40
3652,195,8,76171875,8,38
3653,233,8,91015625,8,38
3654,238,8,9296875,7,39
3655,219,8,85546875,8,38
3656,181,8,70703125,8,38
3657,224,8,875,3,43
3658,224,33,260770320892333984375,28,18
3659,231,31,1075677573680877685546875,31,15
3660,254,34,14784745872020721435546875,33,13
3661,249,35,724685378372669219970703125,35,11
3662,139,35,404543243348598480224609375,35,11
3663,252,32,58673322200775146484375,30,16
3664,169,36,2459273673593997955322265625,36,10
3665,243,35,707223080098628997802734375,35,11
3666,190,35,55297277867794036865234375,34,12
3667,145,41,6593836587853729724884033203125,41,5
3668,128,38,4656612873077392578125,31,15
3669,226,33,2630986273288726806640625,32,14
3670,211,35,614090822637081146240234375,35,11
3671,190,8,7421875,7,39
3672,143,7,11171875,7,39
3673,144,7,1125,3,43
3674,218,8,8515625,7,39
3675,175,5,546875,5,41
3676,255,6,3984375,6,40
3677,216,6,3375,3,43
3678,162,3,2025,2,44
3679,201,8,78515625,8,38
3680,247,36,3594323061406612396240234375,36,10
3681,155,33,18044374883174896240234375,33,13
3682,163,33,18975697457790374755859375,33,13
3683,230,6,359375,5,41
3684,254,8,9921875,7,39
3685,227,8,88671875,8,38
3686,141,5,440625,5,41
3687,174,6,271875,5,41
3688,224,5,7,0,46
3689,227,34,132131390273571014404296875,34,12
3690,147,36,2139131538569927215576171875,36,10
3691,209,38,76033757068216800689697265625,38,8
3692,223,8,87109375,8,38
3693,183,32,4260800778865814208984375,32,14
3694,250,32,582076609134674072265625,31,15
3695,244,35,7101334631443023681640625,33,13
3696,173,34,100699253380298614501953125,34,12
3697,188,34,1094304025173187255859375,32,14
3698,155,37,11277734301984310150146484375,37,9
3699,141,36,2051820047199726104736328125,36,10
3700,170,35,49476511776447296142578125,34,12
3701,231,37,16807462088763713836669921875,37,9
3702,192,33,22351741790771484375,27,19
3703,183,35,532600097358226776123046875,35,11
3704,207,35,602449290454387664794921875,35,11
3705,201,35,584986992180347442626953125,35,11
3706,212,32,49360096454620361328125,30,16
3707,136,32,3166496753692626953125,29,17
3708,187,35,544241629540920257568359375,35,11
3709,222,33,2584420144557952880859375,32,14
3710,250,8,9765625,7,39
3711,142,7,1109375,6,40
3712,158,7,1234375,6,40
3713,231,6,3609375,6,40
3714,133,5,415625,5,41
3715,132,5,4125,3,43
3716,189,5,590625,5,41
3717,174,5,54375,4,42
3718,217,5,678125,5,41
3719,186,5,58125,4,42
3720,139,5,434375,5,41
3721,233,5,728125,5,41
3722,229,6,3578125,6,40
3723,244,6,38125,4,42
3724,142,5,44375,4,42
3725,203,5,634375,5,41
3726,191,6,2984375,6,40
3727,237,4,148125,4,42
3728,129,5,403125,5,41
3729,187,6,2921875,6,40
3730,228,6,35625,4,42
3731,236,6,36875,4,42
3732,225,5,703125,5,41
3733,170,5,53125,4,42
3734,138,4,8625,3,43
3735,146,5,45625,4,42
3736,232,5,725,2,44
3737,140,4,875,2,44
3738,193,5,603125,5,41
3739,215,5,671875,5,41
3740,138,5,43125,4,42
3741,150,5,46875,4,42
3742,147,6,2296875,6,40
3743,249,6,3890625,6,40
3744,201,6,3140625,6,40
3745,232,6,3625,3,43
3746,201,5,628125,5,41
3747,146,2,365,1,45
3748,160,6,25,1,45
3749,247,8,96484375,8,38
3750,240,8,9375,4,42
3751,240,6,375,2,44
3752,222,40,201907823793590068817138671875,39,7
3753,174,35,50640664994716644287109375,34,12
3754,245,8,95703125,8,38
3755,137,32,3189779818058013916015625,32,14
3756,206,36,299769453704357147216796875,35,11
3757,248,33,28870999813079833984375,30,16
3758,217,32,5052424967288970947265625,32,14
3759,198,33,2305023372173309326171875,32,14
3760,237,36,3448803909122943878173828125,36,10
3761,144,37,1047737896442413330078125,33,13
3762,248,8,96875,5,41
3763,242,8,9453125,7,39
3764,243,8,94921875,8,38
3765,254,6,396875,5,41
3766,171,7,13359375,7,39
3767,208,6,325,2,44
3768,215,6,3359375,6,40
3769,158,3,1975,2,44
3770,246,6,384375,5,41
3771,166,6,259375,5,41
3772,184,6,2875,3,43
3773,135,5,421875,5,41
3774,154,5,48125,4,42
3775,144,4,9,0,46
3776,157,3,19625,3,43
3777,249,3,31125,3,43
3778,158,5,49375,4,42
3779,155,5,484375,5,41
3780,226,6,353125,5,41
3781,211,8,82421875,8,38
3782,228,8,890625,6,40
3783,207,6,3234375,6,40
3784,243,6,3796875,6,40
3785,205,8,80078125,8,38
3786,169,34,98370946943759918212890625,34,12
3787,210,36,305590219795703887939453125,35,11
3788,180,38,654836185276508331298828125,36,10
3789,188,36,27357600629329681396484375,34,12
3790,173,36,2517481334507465362548828125,36,10
3791,216,33,25145709514617919921875,30,16
3792,225,34,130967237055301666259765625,34,12
3793,172,34,1001171767711639404296875,32,14
3794,255,33,29685907065868377685546875,33,13
3795,251,8,98046875,8,38
3796,226,5,70625,4,42
3797,223,6,3484375,6,40
3798,214,6,334375,5,41
3799,154,3,1925,2,44
3800,199,6,3109375,6,40
3801,235,6,3671875,6,40
3802,141,4,88125,4,42
3803,205,34,119325704872608184814453125,34,12
3804,200,38,72759576141834259033203125,35,11
3805,179,6,2796875,6,40
3806,193,6,3015625,6,40
3807,216,5,675,2,44
3808,194,34,11292286217212677001953125,33,13
3809,235,8,91796875,8,38
3810,226,8,8828125,7,39
3811,208,35,60535967350006103515625,31,15
3812,193,33,22468157112598419189453125,33,13
3813,161,35,468571670353412628173828125,35,11
3814,219,33,25494955480098724365234375,33,13
3815,150,34,8731149137020111083984375,33,13
3816,244,37,177533365786075592041015625,35,11
3817,198,36,288127921521663665771484375,35,11
3818,176,34,10244548320770263671875,30,16
3819,240,33,2793967723846435546875,29,17
3820,183,34,106520019471645355224609375,34,12
3821,154,42,3501554601825773715972900390625,41,5
3822,229,33,26659108698368072509765625,33,13
3823,158,38,5748006515204906463623046875,37,9
3824,217,35,631553120911121368408203125,35,11
3825,140,34,814907252788543701171875,32,14
3826,131,38,47657522372901439666748046875,38,8
3827,234,5,73125,4,42
3828,191,5,596875,5,41
3829,250,5,78125,4,42
3830,213,5,665625,5,41
3831,196,6,30625,4,42
3832,191,36,2779415808618068695068359375,36,10
3833,226,34,13154931366443634033203125,33,13
3834,158,6,246875,5,41
3835,144,5,45,1,45
3836,250,36,363797880709171295166015625,35,11
3837,232,33,27008354663848876953125,30,16
3838,241,8,94140625,8,38
3839,164,34,954605638980865478515625,32,14
3840,211,33,24563632905483245849609375,33,13
3841,161,37,11714291758835315704345703125,37,9
3842,134,37,974978320300579071044921875,36,10
3843,213,37,15497789718210697174072265625,37,9
3844,157,33,18277205526828765869140625,33,13
3845,173,38,62937033362686634063720703125,38,8
3846,192,35,558793544769287109375,29,17
3847,180,33,209547579288482666015625,31,15
3848,246,5,76875,4,42
3849,185,6,2890625,6,40
3850,239,6,3734375,6,40
3851,175,37,12732925824820995330810546875,37,9
3852,132,37,96042640507221221923828125,35,11
3853,147,40,1336957211606204509735107421875,40,6
3854,159,34,92550180852413177490234375,34,12
3855,131,33,15250407159328460693359375,33,13
3856,152,34,88475644588470458984375,31,15
3857,246,34,14319084584712982177734375,33,13
3858,134,33,1559965312480926513671875,32,14
3859,128,36,186264514923095703125,29,17
3860,195,37,14188117347657680511474609375,37,9
3861,212,36,30850060284137725830078125,34,12
3862,137,36,1993612386286258697509765625,36,10
3863,215,35,625732354819774627685546875,35,11
3864,149,36,2168235369026660919189453125,36,10
3865,154,33,1792795956134796142578125,32,14
3866,148,4,925,2,44
3867,249,5,778125,5,41
3868,198,4,12375,3,43
3869,196,4,1225,2,44
3870,198,37,1440639607608318328857421875,36,10
3871,196,5,6125,3,43
3872,156,5,4875,3,43
3873,253,38,92040863819420337677001953125,38,8
3874,146,33,1699663698673248291015625,32,14
3875,207,33,24097971618175506591796875,33,13
3876,175,35,509317032992839813232421875,35,11
3877,233,33,27124769985675811767578125,33,13
3878,249,33,28987415134906768798828125,33,13
3879,231,34,134459696710109710693359375,34,12
3880,160,38,582076609134674072265625,33,13
3881,132,36,19208528101444244384765625,34,12
3882,193,32,4493631422519683837890625,32,14
3883,165,35,480213202536106109619140625,35,11
3884,166,34,9662471711635589599609375,33,13
3885,163,5,509375,5,41
3886,164,5,5125,3,43
3887,166,3,2075,2,44
3888,137,4,85625,4,42
3889,222,6,346875,5,41
3890,254,35,73923729360103607177734375,34,12
3891,197,35,573345459997653961181640625,35,11
3892,210,34,12223608791828155517578125,33,13
3893,135,4,84375,4,42
3894,143,5,446875,5,41
3895,237,6,3703125,6,40
3896,252,6,39375,4,42
3897,237,5,740625,5,41
3898,138,36,200816430151462554931640625,35,11
3899,208,5,65,1,45
3900,129,37,9385985322296619415283203125,37,9
3901,236,35,6868503987789154052734375,33,13
3902,239,34,139116309583187103271484375,34,12
3903,238,39,43291947804391384124755859375,38,8
3904,236,36,34342519938945770263671875,34,12
3905,253,34,147265382111072540283203125,34,12
3906,216,37,15716068446636199951171875,34,12
3907,143,34,83236955106258392333984375,34,12
3908,163,35,474392436444759368896484375,35,11
3909,247,34,143772922456264495849609375,34,12
3910,247,33,28754584491252899169921875,33,13
3911,225,6,3515625,6,40
3912,186,36,270665623247623443603515625,35,11
3913,177,35,515137799084186553955078125,35,11
3914,134,35,38999132812023162841796875,34,12
3915,217,34,126310624182224273681640625,34,12
3916,238,35,69267116487026214599609375,34,12
3917,200,6,3125,3,43
3918,219,6,3421875,6,40
3919,205,6,3203125,6,40
3920,205,5,640625,5,41
3921,139,37,10113581083714962005615234375,37,9
3922,220,34,1280568540096282958984375,32,14
3923,171,35,497675500810146331787109375,35,11
3924,230,36,334694050252437591552734375,35,11
3925,219,36,3186869435012340545654296875,36,10
3926,140,33,162981450557708740234375,31,15
3927,144,35,41909515857696533203125,31,15
3928,222,34,12922100722789764404296875,33,13
3929,159,36,2313754521310329437255859375,36,10
3930,161,3,20125,3,43
3931,183,40,1664375304244458675384521484375,40,6
3932,241,6,3765625,6,40
3933,244,33,284053385257720947265625,31,15
3934,233,6,3640625,6,40
3935,129,4,80625,4,42
3936,210,6,328125,5,41
3937,232,35,675208866596221923828125,32,14
3938,253,37,18408172763884067535400390625,37,9
3939,185,37,13460521586239337921142578125,37,9
3940,188,35,5471520125865936279296875,33,13
3941,235,34,136788003146648406982421875,34,12
3942,252,39,4583853296935558319091796875,37,9
3943,160,40,14551915228366851806640625,35,11
3944,238,6,371875,5,41
3945,160,5,5,0,46
3946,248,6,3875,3,43
3947,130,5,40625,4,42
3948,221,6,3453125,6,40
3949,200,5,625,2,44
3950,166,4,10375,3,43
3951,245,6,3828125,6,40
3952,195,34,113504938781261444091796875,34,12
3953,242,37,1760781742632389068603515625,36,10
3954,195,4,121875,4,42
3955,204,5,6375,3,43
3956,173,5,540625,5,41
3957,162,5,50625,4,42
3958,197,5,615625,5,41
3959,211,5,659375,5,41
3960,169,5,528125,5,41
3961,177,5,553125,5,41
3962,146,4,9125,3,43
3963,172,5,5375,3,43
3964,231,4,144375,4,42
3965,194,5,60625,4,42
3966,190,5,59375,4,42
3967,171,5,534375,5,41
3968,136,37,9895302355289459228515625,34,12
3969,178,35,51804818212985992431640625,34,12
3970,174,34,10128132998943328857421875,33,13
3971,151,34,87893567979335784912109375,34,12
3972,135,34,78580342233180999755859375,34,12
3973,179,5,559375,5,41
3974,187,4,116875,4,42
3975,218,5,68125,4,42
3976,176,3,22,-1,46
3977,196,37,142608769237995147705078125,35,11
3978,237,38,86220097728073596954345703125,38,8
3979,181,5,565625,5,41
3980,230,5,71875,4,42
3981,253,5,790625,5,41
3982,185,5,578125,5,41
3983,195,5,609375,5,41
3984,130,3,1625,2,44
3985,173,37,12587406672537326812744140625,37,9
3986,154,37,1120497472584247589111328125,36,10
3987,224,34,1303851604461669921875,29,17
3988,129,35,375439412891864776611328125,35,11
3989,162,32,377185642719268798828125,31,15
3990,248,41,11277734301984310150146484375,38,8
3991,252,5,7875,3,43
3992,220,36,32014213502407073974609375,34,12
3993,240,35,69849193096160888671875,31,15
3994,130,33,1513399183750152587890625,32,14
3995,164,4,1025,2,44
3996,244,5,7625,3,43
3997,178,5,55625,4,42
3998,241,5,753125,5,41
3999,133,4,83125,4,42
4000,220,5,6875,3,43
4001,170,4,10625,3,43
4002,180,5,5625,3,43
4003,207,4,129375,4,42
4004,235,5,734375,5,41
4005,167,5,521875,5,41
4006,131,4,81875,4,42
4007,184,5,575,2,44
4008,183,4,114375,4,42
4009,247,5,771875,5,41
4010,236,5,7375,3,43
4011,225,4,140625,4,42
4012,160,4,1,-1,47
4013,176,4,11,0,46
4014,150,4,9375,3,43
4015,206,5,64375,4,42
4016,199,5,621875,5,41
4017,188,5,5875,3,43
4018,255,5,796875,5,41
4019,191,3,23875,3,43
4020,158,4,9875,3,43
4021,202,5,63125,4,42
4022,180,4,1125,2,44
4023,245,5,765625,5,41
4024,135,2,3375,2,44
4025,167,4,104375,4,42
4026,207,5,646875,5,41
4027,143,4,89375,4,42
4028,234,35,68102963268756866455078125,34,12
4029,145,40,1318767317570745944976806640625,40,6
4030,212,34,1234002411365509033203125,32,14
4031,202,35,58789737522602081298828125,34,12
4032,245,38,89130480773746967315673828125,38,8
4033,221,33,25727786123752593994140625,33,13
4034,156,35,4540197551250457763671875,33,13
4035,226,36,328873284161090850830078125,35,11
4036,184,36,2677552402019500732421875,33,13
4037,128,3,16,-4,46
4038,246,35,71595422923564910888671875,34,12
4039,151,4,94375,4,42
4040,254,38,9240466170012950897216796875,37,9
4041,130,34,7566995918750762939453125,33,13
4042,255,4,159375,4,42
4043,210,5,65625,4,42
4044,130,4,8125,3,43
4045,172,4,1075,2,44
4046,139,4,86875,4,42
4047,186,4,11625,3,43
4048,209,4,130625,4,42
4049,156,4,975,2,44
4050,246,4,15375,3,43
4051,173,4,108125,4,42
4052,181,4,113125,4,42
4053,231,5,721875,5,41
4054,238,5,74375,4,42
4055,211,4,131875,4,42
4056,243,5,759375,5,41
4057,177,4,110625,4,42
4058,217,4,135625,4,42
4059,221,5,690625,5,41
4060,187,5,584375,5,41
4061,188,4,1175,2,44
4062,149,4,93125,4,42
4063,186,3,2325,2,44
4064,219,5,684375,5,41
4065,251,5,784375,5,41
4066,217,3,27125,3,43
4067,229,4,143125,4,42
4068,248,5,775,2,44
4069,227,4,141875,4,42
4070,174,4,10875,3,43
4071,171,4,106875,4,42
4072,214,5,66875,4,42
4073,202,4,12625,3,43
4074,158,35,45984052121639251708984375,34,12
4075,205,33,23865140974521636962890625,33,13
4076,189,38,68757799454033374786376953125,38,8
4077,189,34,110012479126453399658203125,34,12
4078,186,37,1353328116238117218017578125,36,10
4079,135,37,9822542779147624969482421875,37,9
4080,222,5,69375,4,42
4081,161,4,100625,4,42
4082,194,3,2425,2,44
4083,240,5,75,1,45
4084,228,4,1425,2,44
4085,147,4,91875,4,42
4086,226,4,14125,3,43
4087,213,4,133125,4,42
4088,140,3,175,1,45
4089,242,5,75625,4,42
4090,175,4,109375,4,42
4091,185,4,115625,4,42
4092,144,3,18,-1,46
4093,228,5,7125,3,43
4094,252,4,1575,2,44
4095,153,4,95625,4,42
4096,229,5,715625,5,41
4097,189,4,118125,4,42
4098,136,3,17,0,46
4099,241,4,150625,4,42
4100,194,4,12125,3,43
4101,179,4,111875,4,42
4102,239,5,746875,5,41
4103,199,4,124375,4,42
4104,165,4,103125,4,42
4105,134,4,8375,3,43
4106,197,4,123125,4,42
4107,244,4,1525,2,44
4108,157,4,98125,4,42
4109,210,4,13125,3,43
4110,140,1,7,-1,47
4111,163,4,101875,4,42
4112,254,5,79375,4,42
4113,154,4,9625,3,43
4114,205,4,128125,4,42
4115,132,4,825,2,44
4116,216,4,135,1,45
4117,242,4,15125,3,43
4118,192,3,24,-3,46
4119,136,4,85,1,45
4120,168,4,105,1,45
4121,179,3,22375,3,43
4122,236,4,1475,2,44
4123,152,3,19,0,46
4124,162,4,10125,3,43
4125,218,4,13625,3,43
4126,251,4,156875,4,42
4127,133,34,77416189014911651611328125,34,12
4128,233,38,84764906205236911773681640625,38,8
4129,148,36,21536834537982940673828125,34,12
4130,163,37,11859810911118984222412109375,37,9
4131,205,35,596628524363040924072265625,35,11
4132,145,35,422005541622638702392578125,35,11
4133,128,4,8,-3,46
4134,231,3,28875,3,43
4135,148,3,185,1,45
4136,155,4,96875,4,42
4137,208,4,13,0,46
4138,129,3,16125,3,43
4139,224,4,14,-1,46
4140,208,3,26,-1,46
4141,169,4,105625,4,42
4142,214,4,13375,3,43
4143,135,3,16875,3,43
4144,159,4,99375,4,42
4145,171,3,21375,3,43
4146,233,4,145625,4,42
4147,155,3,19375,3,43
4148,192,4,12,-2,46
4149,234,4,14625,3,43
4150,156,3,195,1,45
4151,230,4,14375,3,43
4152,167,3,20875,3,43
4153,145,4,90625,4,42
4154,232,4,145,1,45
4155,142,4,8875,3,43
4156,178,4,11125,3,43
4157,240,4,15,0,46
4158,141,3,17625,3,43
4159,182,4,11375,3,43
4160,152,4,95,1,45
4161,139,3,17375,3,43
4162,215,4,134375,4,42
4163,247,4,154375,4,42
4164,204,3,255,1,45
4165,204,4,1275,2,44
4166,234,3,2925,2,44
4167,145,3,18125,3,43
4168,184,3,23,0,46
4169,254,42,5775291356258094310760498046875,41,5
4170,255,36,3710738383233547210693359375,36,10
4171,131,35,381260178983211517333984375,35,11
4172,166,36,241561792790889739990234375,35,11
4173,140,38,509317032992839813232421875,36,10
4174,146,3,1825,2,44
4175,150,3,1875,2,44
4176,190,4,11875,3,43
4177,145,2,3625,2,44
4178,250,4,15625,3,43
4179,202,3,2525,2,44
4180,187,3,23375,3,43
4181,148,2,37,0,46
4182,191,4,119375,4,42
4183,201,4,125625,4,42
4184,165,3,20625,3,43
4185,159,3,19875,3,43
4186,164,3,205,1,45
4187,253,4,158125,4,42
4188,157,2,3925,2,44
4189,222,3,2775,2,44
4190,212,3,265,1,45
4191,193,3,24125,3,43
4192,181,3,22625,3,43
4193,138,3,1725,2,44
4194,142,3,1775,2,44
4195,134,3,1675,2,44
4196,193,4,120625,4,42
4197,131,3,16375,3,43
4198,203,4,126875,4,42
4199,220,3,275,1,45
4200,153,3,19125,3,43
4201,184,4,115,1,45
4202,147,3,18375,3,43
4203,137,3,17125,3,43
4204,212,4,1325,2,44
4205,197,3,24625,3,43
4206,243,4,151875,4,42
4207,172,3,215,1,45
4208,132,3,165,1,45
4209,139,2,3475,2,44
4210,133,3,16625,3,43
4211,177,2,4425,2,44
4212,222,4,13875,3,43
4213,211,3,26375,3,43
4214,223,4,139375,4,42
4215,160,3,2,-2,47
4216,143,3,17875,3,43
4217,149,35,433647073805332183837890625,35,11
4218,210,35,61118043959140777587890625,34,12
4219,181,34,105355866253376007080078125,34,12
4220,242,36,352156348526477813720703125,35,11
4221,242,35,70431269705295562744140625,34,12
4222,219,3,27375,3,43
4223,224,3,28,-2,46
4224,167,2,4175,2,44
4225,163,3,20375,3,43
4226,182,3,2275,2,44
4227,129,2,3225,2,44
4228,248,4,155,1,45
4229,169,3,21125,3,43
4230,140,2,35,0,46
4231,219,4,136875,4,42
4232,210,3,2625,2,44
4233,213,2,5325,2,44
4234,206,4,12875,3,43
4235,238,4,14875,3,43
4236,218,3,2725,2,44
4237,229,3,28625,3,43
4238,168,3,21,0,46
4239,223,3,27875,3,43
4240,149,3,18625,3,43
4241,174,2,435,1,45
4242,226,3,2825,2,44
4243,175,3,21875,3,43
4244,228,3,285,1,45
4245,246,3,3075,2,44
4246,178,3,2225,2,44
4247,221,4,138125,4,42
4248,204,2,51,0,46
4249,156,2,39,0,46
4250,152,2,38,-1,46
4251,227,3,28375,3,43
4252,132,2,33,0,46
4253,245,4,153125,4,42
4254,190,3,2375,2,44
4255,215,3,26875,3,43
4256,173,3,21625,3,43
4257,239,4,149375,4,42
4258,200,3,25,0,46
4259,249,4,155625,4,42
4260,207,3,25875,3,43
4261,149,2,3725,2,44
4262,200,4,125,1,45
4263,220,4,1375,2,44
4264,195,3,24375,3,43
4265,203,3,25375,3,43
4266,174,3,2175,2,44
4267,141,2,3525,2,44
4268,254,4,15875,3,43
4269,198,3,2475,2,44
4270,195,2,4875,2,44
4271,199,3,24875,3,43
4272,177,3,22125,3,43
4273,221,3,27625,3,43
4274,220,2,55,0,46
4275,159,2,3975,2,44
4276,194,2,485,1,45
4277,153,33,17811544239521026611328125,33,13
4278,165,37,12005330063402652740478515625,37,9
4279,149,37,10841176845133304595947265625,37,9
4280,216,34,125728547573089599609375,31,15
4281,155,36,2255546860396862030029296875,36,10
4282,141,37,10259100235998630523681640625,37,9
4283,218,35,63446350395679473876953125,34,12
4284,244,3,305,1,45
4285,254,3,3175,2,44
4286,197,2,4925,2,44
4287,235,3,29375,3,43
4288,196,3,245,1,45
4289,201,3,25125,3,43
4290,147,2,3675,2,44
4291,206,2,515,1,45
4292,242,3,3025,2,44
4293,230,3,2875,2,44
4294,232,3,29,0,46
4295,219,2,5475,2,44
4296,236,3,295,1,45
4297,206,3,2575,2,44
4298,225,2,5625,2,44
4299,192,2,48,-4,46
4300,185,2,4625,2,44
4301,143,2,3575,2,44
4302,170,3,2125,2,44
4303,136,2,34,-1,46
4304,180,3,225,1,45
4305,237,3,29625,3,43
4306,205,3,25625,3,43
4307,151,3,18875,3,43
4308,238,3,2975,2,44
4309,130,2,325,1,45
4310,216,3,27,0,46
4311,162,2,405,1,45
4312,160,2,4,-3,47
4313,235,4,146875,4,42
4314,253,3,31625,3,43
4315,149,1,745,1,45
4316,209,3,26125,3,43
4317,189,3,23625,3,43
4318,218,2,545,1,45
4319,245,37,17826096154749393463134765625,37,9
4320,233,37,16952981241047382354736328125,37,9
4321,172,36,25029294192790985107421875,34,12
4322,180,36,26193447411060333251953125,34,12
4323,209,2,5225,2,44
4324,137,2,3425,2,44
4325,158,2,395,1,45
4326,211,2,5275,2,44
4327,151,2,3775,2,44
4328,129,1,645,1,45
4329,133,2,3325,2,44
4330,163,2,4075,2,44
4331,176,2,44,-2,46
4332,131,2,3275,2,44
4333,245,2,6125,2,44
4334,166,2,415,1,45
4335,252,3,315,1,45
4336,143,1,715,1,45
4337,250,3,3125,2,44
4338,134,2,335,1,45
4339,215,2,5375,2,44
4340,247,3,30875,3,43
4341,158,1,79,0,46
4342,172,2,43,0,46
4343,223,2,5575,2,44
4344,201,2,5025,2,44
4345,178,2,445,1,45
4346,187,1,935,1,45
4347,139,1,695,1,45
4348,130,1,65,0,46
4349,173,2,4325,2,44
4350,185,3,23125,3,43
4351,237,2,5925,2,44
4352,153,2,3825,2,44
4353,240,3,3,-1,47
4354,164,2,41,0,46
4355,165,2,4125,2,44
4356,239,3,29875,3,43
4357,225,3,28125,3,43
4358,255,3,31875,3,43
4359,144,2,36,-2,46
4360,255,2,6375,2,44
4361,191,2,4775,2,44
4362,188,2,47,0,46
4363,138,2,345,1,45
4364,137,1,685,1,45
4365,233,3,29125,3,43
4366,128,2,32,-5,46
4367,169,2,4225,2,44
4368,154,2,385,1,45
4369,180,1,9,-1,47
4370,183,3,22875,3,43
4371,168,2,42,-1,46
4372,179,2,4475,2,44
4373,217,2,5425,2,44
4374,191,1,955,1,45
4375,175,2,4375,2,44
4376,179,1,895,1,45
4377,187,2,4675,2,44
4378,248,3,31,0,46
4379,251,3,31375,3,43
4380,136,34,79162418842315673828125,31,15
4381,217,39,394720700569450855255126953125,39,7
4382,192,36,2793967723846435546875,30,16
4383,182,36,264844857156276702880859375,35,11
4384,135,35,392901711165904998779296875,35,11
4385,166,35,48312358558177947998046875,34,12
4386,181,36,2633896656334400177001953125,36,10
4387,171,2,4275,2,44
4388,212,2,53,0,46
4389,133,1,665,1,45
4390,202,2,505,1,45
4391,228,2,57,0,46
4392,234,2,585,1,45
4393,161,1,805,1,45
4394,208,2,52,-2,46
4395,238,2,595,1,45
4396,233,2,5825,2,44
4397,177,1,885,1,45
4398,239,2,5975,2,44
4399,222,2,555,1,45
4400,190,2,475,1,45
4401,203,2,5075,2,44
4402,232,2,58,-1,46
4403,189,2,4725,2,44
4404,231,2,5775,2,44
4405,209,1,1045,1,45
4406,138,1,69,0,46
4407,240,2,6,-2,47
4408,241,1,1205,1,45
4409,183,1,915,1,45
4410,172,1,86,-1,46
4411,224,2,56,-3,46
4412,207,2,5175,2,44
4413,170,2,425,1,45
4414,243,3,30375,3,43
4415,168,1,84,-2,46
4416,236,2,59,0,46
4417,152,1,76,-2,46
4418,235,2,5875,2,44
4419,132,1,66,-1,46
4420,148,1,74,-1,46
4421,221,2,5525,2,44
4422,216,2,54,-1,46
4423,244,2,61,0,46
4424,241,2,6025,2,44
4425,246,2,615,1,45
4426,155,1,775,1,45
4427,128,1,64,-6,46
4428,229,2,5725,2,44
4429,214,2,535,1,45
4430,210,2,525,1,45
4431,251,2,6275,2,44
4432,193,2,4825,2,44
4433,196,2,49,0,46
4434,198,2,495,1,45
4435,241,3,30125,3,43
4436,243,1,1215,1,45
4437,200,2,5,-1,47
4438,155,2,3875,2,44
4439,180,2,45,0,46
4440,242,2,605,1,45
4441,146,1,73,0,46
4442,230,2,575,1,45
4443,141,1,705,1,45
4444,178,1,89,0,46
4445,182,2,455,1,45
4446,210,1,105,0,46
4447,253,2,6325,2,44
4448,227,2,5675,2,44
4449,252,34,1466833055019378662109375,32,14
4450,252,35,7334165275096893310546875,33,13
4451,140,39,2546585164964199066162109375,37,9
4452,164,38,596628524363040924072265625,36,10
4453,145,37,10550138540565967559814453125,37,9
4454,207,37,15061232261359691619873046875,37,9
4455,206,35,59953890740871429443359375,34,12
4456,154,1,77,0,46
4457,135,1,675,1,45
4458,157,1,785,1,45
4459,150,1,75,0,46
4460,176,1,88,-3,46
4461,153,1,765,1,45
4462,166,1,83,0,46
4463,204,1,102,-1,46
4464,163,1,815,1,45
4465,205,2,5125,2,44
4466,151,1,755,1,45
4467,250,2,625,1,45
4468,147,1,735,1,45
4469,164,1,82,-1,46
4470,226,1,113,0,46
4471,252,2,63,0,46
4472,161,2,4025,2,44
4473,142,1,71,0,46
4474,136,0,136,-3,46
4475,165,1,825,1,45
4476,175,1,875,1,45
4477,247,2,6175,2,44
4478,167,1,835,1,45
4479,186,1,93,0,46
4480,131,1,655,1,45
4481,145,1,725,1,45
4482,184,2,46,-1,46
4483,144,1,72,-3,46
4484,174,1,87,0,46
4485,198,1,99,0,46
4486,214,3,2675,2,44
4487,133,0,133,0,46
4488,134,1,67,0,46
4489,162,1,81,0,46
4490,238,1,119,0,46
4491,201,1,1005,1,45
4492,231,1,1155,1,45
4493,169,1,845,1,45
4494,159,1,795,1,45
4495,171,1,855,1,45
4496,203,35,590807758271694183349609375,35,11
4497,241,34,140280462801456451416015625,34,12
4498,186,2,465,1,45
4499,249,2,6225,2,44
4500,150,2,375,1,45
4501,223,35,649015419185161590576171875,35,11
4502,175,36,2546585164964199066162109375,36,10
4503,196,35,5704350769519805908203125,33,13
4504,153,0,153,0,46
4505,252,36,36670826375484466552734375,34,12
