format=v2.mm.cycle.v4 dimension=2 cycle=5  (order matters; every direction +)
container MM[13,13]
held:
  [13,13]   whole  MM[13,13] (2D)       seats (0,0) (0,1) (0,2) (0,3) (0,4) (0,5) (0,6) (0,7) (0,8) (0,9) (0,10) (0,11) (0,12) (1,0) (1,1) (1,2) (1,3) (1,4) (1,5) (1,6) (1,7) (1,8) (1,9) (1,10) (1,11) (1,12) (2,0) (2,1) (2,2) (2,3) (2,4) (2,5) (2,6) (2,7) (2,8) (2,9) (2,10) (2,11) (2,12) (3,0) (3,1) (3,2) (3,3) (3,4) (3,5) (3,6) (3,7) (3,8) (3,9) (3,10) (3,11) (3,12) (4,0) (4,1) (4,2) (4,3) (4,4) (4,5) (4,6) (4,7) (4,8) (4,9) (4,10) (4,11) (4,12) (5,0) (5,1) (5,2) (5,3) (5,4) (5,5) (5,6) (5,7) (5,8) (5,9) (5,10) (5,11) (5,12) (6,0) (6,1) (6,2) (6,3) (6,4) (6,5) (6,6) (6,7) (6,8) (6,9) (6,10) (6,11) (6,12) (7,0) (7,1) (7,2) (7,3) (7,4) (7,5) (7,6) (7,7) (7,8) (7,9) (7,10) (7,11) (7,12) (8,0) (8,1) (8,2) (8,3) (8,4) (8,5) (8,6) (8,7) (8,8) (8,9) (8,10) (8,11) (8,12) (9,0) (9,1) (9,2) (9,3) (9,4) (9,5) (9,6) (9,7) (9,8) (9,9) (9,10) (9,11) (9,12) (10,0) (10,1) (10,2) (10,3) (10,4) (10,5) (10,6) (10,7) (10,8) (10,9) (10,10) (10,11) (10,12) (11,0) (11,1) (11,2) (11,3) (11,4) (11,5) (11,6) (11,7) (11,8) (11,9) (11,10) (11,11) (11,12) (12,0) (12,1) (12,2) (12,3) (12,4) (12,5) (12,6) (12,7) (12,8) (12,9) (12,10) (12,11) (12,12)
  4         table  MM[2,2] (2D)         seats (0,0) (0,1) (1,0) (1,1)
  [2,3]     table  MM[2,3] (2D)         seats (0,0) (0,1) (0,2) (1,0) (1,1) (1,2)
  [2,5]     table  MM[2,5] (2D)         seats (0,0) (0,1) (0,2) (0,3) (0,4) (1,0) (1,1) (1,2) (1,3) (1,4)
  [2,7]     table  MM[2,7] (2D)         seats (0,0) (0,1) (0,2) (0,3) (0,4) (0,5) (0,6) (1,0) (1,1) (1,2) (1,3) (1,4) (1,5) (1,6)
  [2,13]    table  MM[2,13] (2D)        seats (0,0) (0,1) (0,2) (0,3) (0,4) (0,5) (0,6) (0,7) (0,8) (0,9) (0,10) (0,11) (0,12) (1,0) (1,1) (1,2) (1,3) (1,4) (1,5) (1,6) (1,7) (1,8) (1,9) (1,10) (1,11) (1,12)
  [2,11]    table  MM[2,11] (2D)        seats (0,0) (0,1) (0,2) (0,3) (0,4) (0,5) (0,6) (0,7) (0,8) (0,9) (0,10) (1,0) (1,1) (1,2) (1,3) (1,4) (1,5) (1,6) (1,7) (1,8) (1,9) (1,10)
  [3,2]     table  MM[3,2] (2D)         seats (0,0) (0,1) (1,0) (1,1) (2,0) (2,1)
  [3,3]     table  MM[3,3] (2D)         seats (0,0) (0,1) (0,2) (1,0) (1,1) (1,2) (2,0) (2,1) (2,2)
  [3,5]     table  MM[3,5] (2D)         seats (0,0) (0,1) (0,2) (0,3) (0,4) (1,0) (1,1) (1,2) (1,3) (1,4) (2,0) (2,1) (2,2) (2,3) (2,4)
  [3,7]     table  MM[3,7] (2D)         seats (0,0) (0,1) (0,2) (0,3) (0,4) (0,5) (0,6) (1,0) (1,1) (1,2) (1,3) (1,4) (1,5) (1,6) (2,0) (2,1) (2,2) (2,3) (2,4) (2,5) (2,6)
  [3,13]    table  MM[3,13] (2D)        seats (0,0) (0,1) (0,2) (0,3) (0,4) (0,5) (0,6) (0,7) (0,8) (0,9) (0,10) (0,11) (0,12) (1,0) (1,1) (1,2) (1,3) (1,4) (1,5) (1,6) (1,7) (1,8) (1,9) (1,10) (1,11) (1,12) (2,0) (2,1) (2,2) (2,3) (2,4) (2,5) (2,6) (2,7) (2,8) (2,9) (2,10) (2,11) (2,12)
  [3,11]    table  MM[3,11] (2D)        seats (0,0) (0,1) (0,2) (0,3) (0,4) (0,5) (0,6) (0,7) (0,8) (0,9) (0,10) (1,0) (1,1) (1,2) (1,3) (1,4) (1,5) (1,6) (1,7) (1,8) (1,9) (1,10) (2,0) (2,1) (2,2) (2,3) (2,4) (2,5) (2,6) (2,7) (2,8) (2,9) (2,10)
  [5,2]     table  MM[5,2] (2D)         seats (0,0) (0,1) (1,0) (1,1) (2,0) (2,1) (3,0) (3,1) (4,0) (4,1)
  [5,3]     table  MM[5,3] (2D)         seats (0,0) (0,1) (0,2) (1,0) (1,1) (1,2) (2,0) (2,1) (2,2) (3,0) (3,1) (3,2) (4,0) (4,1) (4,2)
  [5,5]     table  MM[5,5] (2D)         seats (0,0) (0,1) (0,2) (0,3) (0,4) (1,0) (1,1) (1,2) (1,3) (1,4) (2,0) (2,1) (2,2) (2,3) (2,4) (3,0) (3,1) (3,2) (3,3) (3,4) (4,0) (4,1) (4,2) (4,3) (4,4)
  [5,7]     table  MM[5,7] (2D)         seats (0,0) (0,1) (0,2) (0,3) (0,4) (0,5) (0,6) (1,0) (1,1) (1,2) (1,3) (1,4) (1,5) (1,6) (2,0) (2,1) (2,2) (2,3) (2,4) (2,5) (2,6) (3,0) (3,1) (3,2) (3,3) (3,4) (3,5) (3,6) (4,0) (4,1) (4,2) (4,3) (4,4) (4,5) (4,6)
  [5,13]    table  MM[5,13] (2D)        seats (0,0) (0,1) (0,2) (0,3) (0,4) (0,5) (0,6) (0,7) (0,8) (0,9) (0,10) (0,11) (0,12) (1,0) (1,1) (1,2) (1,3) (1,4) (1,5) (1,6) (1,7) (1,8) (1,9) (1,10) (1,11) (1,12) (2,0) (2,1) (2,2) (2,3) (2,4) (2,5) (2,6) (2,7) (2,8) (2,9) (2,10) (2,11) (2,12) (3,0) (3,1) (3,2) (3,3) (3,4) (3,5) (3,6) (3,7) (3,8) (3,9) (3,10) (3,11) (3,12) (4,0) (4,1) (4,2) (4,3) (4,4) (4,5) (4,6) (4,7) (4,8) (4,9) (4,10) (4,11) (4,12)
  [5,11]    table  MM[5,11] (2D)        seats (0,0) (0,1) (0,2) (0,3) (0,4) (0,5) (0,6) (0,7) (0,8) (0,9) (0,10) (1,0) (1,1) (1,2) (1,3) (1,4) (1,5) (1,6) (1,7) (1,8) (1,9) (1,10) (2,0) (2,1) (2,2) (2,3) (2,4) (2,5) (2,6) (2,7) (2,8) (2,9) (2,10) (3,0) (3,1) (3,2) (3,3) (3,4) (3,5) (3,6) (3,7) (3,8) (3,9) (3,10) (4,0) (4,1) (4,2) (4,3) (4,4) (4,5) (4,6) (4,7) (4,8) (4,9) (4,10)
  [7,2]     table  MM[7,2] (2D)         seats (0,0) (0,1) (1,0) (1,1) (2,0) (2,1) (3,0) (3,1) (4,0) (4,1) (5,0) (5,1) (6,0) (6,1)
  [7,3]     table  MM[7,3] (2D)         seats (0,0) (0,1) (0,2) (1,0) (1,1) (1,2) (2,0) (2,1) (2,2) (3,0) (3,1) (3,2) (4,0) (4,1) (4,2) (5,0) (5,1) (5,2) (6,0) (6,1) (6,2)
  [7,5]     table  MM[7,5] (2D)         seats (0,0) (0,1) (0,2) (0,3) (0,4) (1,0) (1,1) (1,2) (1,3) (1,4) (2,0) (2,1) (2,2) (2,3) (2,4) (3,0) (3,1) (3,2) (3,3) (3,4) (4,0) (4,1) (4,2) (4,3) (4,4) (5,0) (5,1) (5,2) (5,3) (5,4) (6,0) (6,1) (6,2) (6,3) (6,4)
  [7,7]     table  MM[7,7] (2D)         seats (0,0) (0,1) (0,2) (0,3) (0,4) (0,5) (0,6) (1,0) (1,1) (1,2) (1,3) (1,4) (1,5) (1,6) (2,0) (2,1) (2,2) (2,3) (2,4) (2,5) (2,6) (3,0) (3,1) (3,2) (3,3) (3,4) (3,5) (3,6) (4,0) (4,1) (4,2) (4,3) (4,4) (4,5) (4,6) (5,0) (5,1) (5,2) (5,3) (5,4) (5,5) (5,6) (6,0) (6,1) (6,2) (6,3) (6,4) (6,5) (6,6)
  [7,13]    table  MM[7,13] (2D)        seats (0,0) (0,1) (0,2) (0,3) (0,4) (0,5) (0,6) (0,7) (0,8) (0,9) (0,10) (0,11) (0,12) (1,0) (1,1) (1,2) (1,3) (1,4) (1,5) (1,6) (1,7) (1,8) (1,9) (1,10) (1,11) (1,12) (2,0) (2,1) (2,2) (2,3) (2,4) (2,5) (2,6) (2,7) (2,8) (2,9) (2,10) (2,11) (2,12) (3,0) (3,1) (3,2) (3,3) (3,4) (3,5) (3,6) (3,7) (3,8) (3,9) (3,10) (3,11) (3,12) (4,0) (4,1) (4,2) (4,3) (4,4) (4,5) (4,6) (4,7) (4,8) (4,9) (4,10) (4,11) (4,12) (5,0) (5,1) (5,2) (5,3) (5,4) (5,5) (5,6) (5,7) (5,8) (5,9) (5,10) (5,11) (5,12) (6,0) (6,1) (6,2) (6,3) (6,4) (6,5) (6,6) (6,7) (6,8) (6,9) (6,10) (6,11) (6,12)
  [7,11]    table  MM[7,11] (2D)        seats (0,0) (0,1) (0,2) (0,3) (0,4) (0,5) (0,6) (0,7) (0,8) (0,9) (0,10) (1,0) (1,1) (1,2) (1,3) (1,4) (1,5) (1,6) (1,7) (1,8) (1,9) (1,10) (2,0) (2,1) (2,2) (2,3) (2,4) (2,5) (2,6) (2,7) (2,8) (2,9) (2,10) (3,0) (3,1) (3,2) (3,3) (3,4) (3,5) (3,6) (3,7) (3,8) (3,9) (3,10) (4,0) (4,1) (4,2) (4,3) (4,4) (4,5) (4,6) (4,7) (4,8) (4,9) (4,10) (5,0) (5,1) (5,2) (5,3) (5,4) (5,5) (5,6) (5,7) (5,8) (5,9) (5,10) (6,0) (6,1) (6,2) (6,3) (6,4) (6,5) (6,6) (6,7) (6,8) (6,9) (6,10)
  [13,2]    table  MM[13,2] (2D)        seats (0,0) (0,1) (1,0) (1,1) (2,0) (2,1) (3,0) (3,1) (4,0) (4,1) (5,0) (5,1) (6,0) (6,1) (7,0) (7,1) (8,0) (8,1) (9,0) (9,1) (10,0) (10,1) (11,0) (11,1) (12,0) (12,1)
  [13,3]    table  MM[13,3] (2D)        seats (0,0) (0,1) (0,2) (1,0) (1,1) (1,2) (2,0) (2,1) (2,2) (3,0) (3,1) (3,2) (4,0) (4,1) (4,2) (5,0) (5,1) (5,2) (6,0) (6,1) (6,2) (7,0) (7,1) (7,2) (8,0) (8,1) (8,2) (9,0) (9,1) (9,2) (10,0) (10,1) (10,2) (11,0) (11,1) (11,2) (12,0) (12,1) (12,2)
  [13,5]    table  MM[13,5] (2D)        seats (0,0) (0,1) (0,2) (0,3) (0,4) (1,0) (1,1) (1,2) (1,3) (1,4) (2,0) (2,1) (2,2) (2,3) (2,4) (3,0) (3,1) (3,2) (3,3) (3,4) (4,0) (4,1) (4,2) (4,3) (4,4) (5,0) (5,1) (5,2) (5,3) (5,4) (6,0) (6,1) (6,2) (6,3) (6,4) (7,0) (7,1) (7,2) (7,3) (7,4) (8,0) (8,1) (8,2) (8,3) (8,4) (9,0) (9,1) (9,2) (9,3) (9,4) (10,0) (10,1) (10,2) (10,3) (10,4) (11,0) (11,1) (11,2) (11,3) (11,4) (12,0) (12,1) (12,2) (12,3) (12,4)
  [13,7]    table  MM[13,7] (2D)        seats (0,0) (0,1) (0,2) (0,3) (0,4) (0,5) (0,6) (1,0) (1,1) (1,2) (1,3) (1,4) (1,5) (1,6) (2,0) (2,1) (2,2) (2,3) (2,4) (2,5) (2,6) (3,0) (3,1) (3,2) (3,3) (3,4) (3,5) (3,6) (4,0) (4,1) (4,2) (4,3) (4,4) (4,5) (4,6) (5,0) (5,1) (5,2) (5,3) (5,4) (5,5) (5,6) (6,0) (6,1) (6,2) (6,3) (6,4) (6,5) (6,6) (7,0) (7,1) (7,2) (7,3) (7,4) (7,5) (7,6) (8,0) (8,1) (8,2) (8,3) (8,4) (8,5) (8,6) (9,0) (9,1) (9,2) (9,3) (9,4) (9,5) (9,6) (10,0) (10,1) (10,2) (10,3) (10,4) (10,5) (10,6) (11,0) (11,1) (11,2) (11,3) (11,4) (11,5) (11,6) (12,0) (12,1) (12,2) (12,3) (12,4) (12,5) (12,6)
  [13,11]   table  MM[13,11] (2D)       seats (0,0) (0,1) (0,2) (0,3) (0,4) (0,5) (0,6) (0,7) (0,8) (0,9) (0,10) (1,0) (1,1) (1,2) (1,3) (1,4) (1,5) (1,6) (1,7) (1,8) (1,9) (1,10) (2,0) (2,1) (2,2) (2,3) (2,4) (2,5) (2,6) (2,7) (2,8) (2,9) (2,10) (3,0) (3,1) (3,2) (3,3) (3,4) (3,5) (3,6) (3,7) (3,8) (3,9) (3,10) (4,0) (4,1) (4,2) (4,3) (4,4) (4,5) (4,6) (4,7) (4,8) (4,9) (4,10) (5,0) (5,1) (5,2) (5,3) (5,4) (5,5) (5,6) (5,7) (5,8) (5,9) (5,10) (6,0) (6,1) (6,2) (6,3) (6,4) (6,5) (6,6) (6,7) (6,8) (6,9) (6,10) (7,0) (7,1) (7,2) (7,3) (7,4) (7,5) (7,6) (7,7) (7,8) (7,9) (7,10) (8,0) (8,1) (8,2) (8,3) (8,4) (8,5) (8,6) (8,7) (8,8) (8,9) (8,10) (9,0) (9,1) (9,2) (9,3) (9,4) (9,5) (9,6) (9,7) (9,8) (9,9) (9,10) (10,0) (10,1) (10,2) (10,3) (10,4) (10,5) (10,6) (10,7) (10,8) (10,9) (10,10) (11,0) (11,1) (11,2) (11,3) (11,4) (11,5) (11,6) (11,7) (11,8) (11,9) (11,10) (12,0) (12,1) (12,2) (12,3) (12,4) (12,5) (12,6) (12,7) (12,8) (12,9) (12,10)
  [11,2]    table  MM[11,2] (2D)        seats (0,0) (0,1) (1,0) (1,1) (2,0) (2,1) (3,0) (3,1) (4,0) (4,1) (5,0) (5,1) (6,0) (6,1) (7,0) (7,1) (8,0) (8,1) (9,0) (9,1) (10,0) (10,1)
  [11,3]    table  MM[11,3] (2D)        seats (0,0) (0,1) (0,2) (1,0) (1,1) (1,2) (2,0) (2,1) (2,2) (3,0) (3,1) (3,2) (4,0) (4,1) (4,2) (5,0) (5,1) (5,2) (6,0) (6,1) (6,2) (7,0) (7,1) (7,2) (8,0) (8,1) (8,2) (9,0) (9,1) (9,2) (10,0) (10,1) (10,2)
  [11,5]    table  MM[11,5] (2D)        seats (0,0) (0,1) (0,2) (0,3) (0,4) (1,0) (1,1) (1,2) (1,3) (1,4) (2,0) (2,1) (2,2) (2,3) (2,4) (3,0) (3,1) (3,2) (3,3) (3,4) (4,0) (4,1) (4,2) (4,3) (4,4) (5,0) (5,1) (5,2) (5,3) (5,4) (6,0) (6,1) (6,2) (6,3) (6,4) (7,0) (7,1) (7,2) (7,3) (7,4) (8,0) (8,1) (8,2) (8,3) (8,4) (9,0) (9,1) (9,2) (9,3) (9,4) (10,0) (10,1) (10,2) (10,3) (10,4)
  [11,7]    table  MM[11,7] (2D)        seats (0,0) (0,1) (0,2) (0,3) (0,4) (0,5) (0,6) (1,0) (1,1) (1,2) (1,3) (1,4) (1,5) (1,6) (2,0) (2,1) (2,2) (2,3) (2,4) (2,5) (2,6) (3,0) (3,1) (3,2) (3,3) (3,4) (3,5) (3,6) (4,0) (4,1) (4,2) (4,3) (4,4) (4,5) (4,6) (5,0) (5,1) (5,2) (5,3) (5,4) (5,5) (5,6) (6,0) (6,1) (6,2) (6,3) (6,4) (6,5) (6,6) (7,0) (7,1) (7,2) (7,3) (7,4) (7,5) (7,6) (8,0) (8,1) (8,2) (8,3) (8,4) (8,5) (8,6) (9,0) (9,1) (9,2) (9,3) (9,4) (9,5) (9,6) (10,0) (10,1) (10,2) (10,3) (10,4) (10,5) (10,6)
  [11,13]   table  MM[11,13] (2D)       seats (0,0) (0,1) (0,2) (0,3) (0,4) (0,5) (0,6) (0,7) (0,8) (0,9) (0,10) (0,11) (0,12) (1,0) (1,1) (1,2) (1,3) (1,4) (1,5) (1,6) (1,7) (1,8) (1,9) (1,10) (1,11) (1,12) (2,0) (2,1) (2,2) (2,3) (2,4) (2,5) (2,6) (2,7) (2,8) (2,9) (2,10) (2,11) (2,12) (3,0) (3,1) (3,2) (3,3) (3,4) (3,5) (3,6) (3,7) (3,8) (3,9) (3,10) (3,11) (3,12) (4,0) (4,1) (4,2) (4,3) (4,4) (4,5) (4,6) (4,7) (4,8) (4,9) (4,10) (4,11) (4,12) (5,0) (5,1) (5,2) (5,3) (5,4) (5,5) (5,6) (5,7) (5,8) (5,9) (5,10) (5,11) (5,12) (6,0) (6,1) (6,2) (6,3) (6,4) (6,5) (6,6) (6,7) (6,8) (6,9) (6,10) (6,11) (6,12) (7,0) (7,1) (7,2) (7,3) (7,4) (7,5) (7,6) (7,7) (7,8) (7,9) (7,10) (7,11) (7,12) (8,0) (8,1) (8,2) (8,3) (8,4) (8,5) (8,6) (8,7) (8,8) (8,9) (8,10) (8,11) (8,12) (9,0) (9,1) (9,2) (9,3) (9,4) (9,5) (9,6) (9,7) (9,8) (9,9) (9,10) (9,11) (9,12) (10,0) (10,1) (10,2) (10,3) (10,4) (10,5) (10,6) (10,7) (10,8) (10,9) (10,10) (10,11) (10,12)
  [11,11]   table  MM[11,11] (2D)       seats (0,0) (0,1) (0,2) (0,3) (0,4) (0,5) (0,6) (0,7) (0,8) (0,9) (0,10) (1,0) (1,1) (1,2) (1,3) (1,4) (1,5) (1,6) (1,7) (1,8) (1,9) (1,10) (2,0) (2,1) (2,2) (2,3) (2,4) (2,5) (2,6) (2,7) (2,8) (2,9) (2,10) (3,0) (3,1) (3,2) (3,3) (3,4) (3,5) (3,6) (3,7) (3,8) (3,9) (3,10) (4,0) (4,1) (4,2) (4,3) (4,4) (4,5) (4,6) (4,7) (4,8) (4,9) (4,10) (5,0) (5,1) (5,2) (5,3) (5,4) (5,5) (5,6) (5,7) (5,8) (5,9) (5,10) (6,0) (6,1) (6,2) (6,3) (6,4) (6,5) (6,6) (6,7) (6,8) (6,9) (6,10) (7,0) (7,1) (7,2) (7,3) (7,4) (7,5) (7,6) (7,7) (7,8) (7,9) (7,10) (8,0) (8,1) (8,2) (8,3) (8,4) (8,5) (8,6) (8,7) (8,8) (8,9) (8,10) (9,0) (9,1) (9,2) (9,3) (9,4) (9,5) (9,6) (9,7) (9,8) (9,9) (9,10) (10,0) (10,1) (10,2) (10,3) (10,4) (10,5) (10,6) (10,7) (10,8) (10,9) (10,10)
  2₀        held   MM[2] (1D)           seats (0,0) (1,0)
  2₁        held   MM[2] (1D)           seats (0,0) (0,1)
  3₀        held   MM[3] (1D)           seats (0,0) (1,0) (2,0)
  3₁        held   MM[3] (1D)           seats (0,0) (0,1) (0,2)
  5₀        held   MM[5] (1D)           seats (0,0) (1,0) (2,0) (3,0) (4,0)
  5₁        held   MM[5] (1D)           seats (0,0) (0,1) (0,2) (0,3) (0,4)
  7₀        held   MM[7] (1D)           seats (0,0) (1,0) (2,0) (3,0) (4,0) (5,0) (6,0)
  7₁        held   MM[7] (1D)           seats (0,0) (0,1) (0,2) (0,3) (0,4) (0,5) (0,6)
  13₀       held   MM[13] (1D)          seats (0,0) (1,0) (2,0) (3,0) (4,0) (5,0) (6,0) (7,0) (8,0) (9,0) (10,0) (11,0) (12,0)
  13₁       held   MM[13] (1D)          seats (0,0) (0,1) (0,2) (0,3) (0,4) (0,5) (0,6) (0,7) (0,8) (0,9) (0,10) (0,11) (0,12)
  11₀       held   MM[11] (1D)          seats (0,0) (1,0) (2,0) (3,0) (4,0) (5,0) (6,0) (7,0) (8,0) (9,0) (10,0)
  11₁       held   MM[11] (1D)          seats (0,0) (0,1) (0,2) (0,3) (0,4) (0,5) (0,6) (0,7) (0,8) (0,9) (0,10)
  1         floor  MM[] (floor)         seats (0,0)
arrivals (new rings):
  O29  MM[O29] (1D) seats (0,0) (0,1) (0,2) (1,0) (1,1) (1,2) (2,0) (2,1) (3,0) (3,1) (4,0) (4,1) (5,0) (5,1) (6,0) (6,1) (7,0) (7,1) (8,0) (8,1) (9,0) (9,1) (10,0) (10,1) (11,0) (11,1) (12,0) (12,1)   also met at 3 more region(s)
  O30  MM[O30] (1D) seats (0,0) (0,1) (0,2) (0,3) (0,4) (1,0) (1,1) (1,2) (1,3) (1,4) (2,0) (2,1) (3,0) (3,1) (4,0) (4,1) (5,0) (5,1) (6,0) (6,1) (7,0) (7,1) (8,0) (8,1) (9,0) (9,1) (10,0) (10,1) (11,0) (11,1) (12,0) (12,1)   also met at 3 more region(s)
  O31  MM[O31] (1D) seats (0,0) (0,1) (0,2) (0,3) (0,4) (1,0) (1,1) (1,2) (1,3) (1,4) (2,0) (2,1) (2,2) (3,0) (3,1) (3,2) (4,0) (4,1) (4,2) (5,0) (5,1) (5,2) (6,0) (6,1) (6,2) (7,0) (7,1) (7,2) (8,0) (8,1) (8,2) (9,0) (9,1) (9,2) (10,0) (10,1) (10,2) (11,0) (11,1) (11,2) (12,0) (12,1) (12,2)   also met at 11 more region(s)
  O32  MM[O32] (1D) seats (0,0) (0,1) (0,2) (0,3) (0,4) (1,0) (1,1) (1,2) (1,3) (1,4) (0,5) (0,6) (0,7) (0,8) (0,9) (0,10) (0,11) (0,12)   also met at 3 more region(s)
  O33  MM[O33] (1D) seats (0,0) (0,1) (0,2) (0,3) (0,4) (0,5) (0,6) (1,0) (1,1) (1,2) (1,3) (1,4) (1,5) (1,6) (2,0) (2,1) (3,0) (3,1) (4,0) (4,1) (5,0) (5,1) (6,0) (6,1) (7,0) (7,1) (8,0) (8,1) (9,0) (9,1) (10,0) (10,1) (11,0) (11,1) (12,0) (12,1)   also met at 1 more region(s)
  O34  MM[O34] (1D) seats (0,0) (0,1) (0,2) (0,3) (0,4) (0,5) (0,6) (1,0) (1,1) (1,2) (1,3) (1,4) (1,5) (1,6) (2,0) (2,1) (2,2) (3,0) (3,1) (3,2) (4,0) (4,1) (4,2) (5,0) (5,1) (5,2) (6,0) (6,1) (6,2) (7,0) (7,1) (7,2) (8,0) (8,1) (8,2) (9,0) (9,1) (9,2) (10,0) (10,1) (10,2) (11,0) (11,1) (11,2) (12,0) (12,1) (12,2)   also met at 9 more region(s)
  O35  MM[O35] (1D) seats (0,0) (0,1) (0,2) (0,3) (0,4) (0,5) (0,6) (1,0) (1,1) (1,2) (1,3) (1,4) (1,5) (1,6) (2,0) (2,1) (2,2) (2,3) (2,4) (3,0) (3,1) (3,2) (3,3) (3,4) (4,0) (4,1) (4,2) (4,3) (4,4) (5,0) (5,1) (5,2) (5,3) (5,4) (6,0) (6,1) (6,2) (6,3) (6,4) (7,0) (7,1) (7,2) (7,3) (7,4) (8,0) (8,1) (8,2) (8,3) (8,4) (9,0) (9,1) (9,2) (9,3) (9,4) (10,0) (10,1) (10,2) (10,3) (10,4) (11,0) (11,1) (11,2) (11,3) (11,4) (12,0) (12,1) (12,2) (12,3) (12,4)   also met at 4 more region(s)
  O36  MM[O36] (1D) seats (0,0) (0,1) (0,2) (0,3) (0,4) (0,5) (0,6) (1,0) (1,1) (1,2) (1,3) (1,4) (1,5) (1,6) (2,0) (2,1) (2,2) (2,3) (2,4) (3,0) (3,1) (3,2) (3,3) (3,4) (4,0) (4,1) (4,2) (4,3) (4,4) (5,0) (5,1) (5,2) (5,3) (5,4) (6,0) (6,1) (6,2) (6,3) (6,4) (7,0) (7,1) (7,2) (7,3) (7,4) (8,0) (8,1) (8,2) (8,3) (8,4) (9,0) (9,1) (9,2) (9,3) (9,4) (10,0) (10,1) (10,2) (10,3) (10,4)   also met at 7 more region(s)
  O37  MM[O37] (1D) seats (0,0) (0,1) (0,2) (0,3) (0,4) (0,5) (0,6) (0,7) (0,8) (0,9) (0,10) (0,11) (0,12) (1,0) (1,1) (1,2) (1,3) (1,4) (1,5) (1,6) (1,7) (1,8) (1,9) (1,10) (1,11) (1,12) (2,0) (2,1) (2,2) (2,3) (2,4) (3,0) (3,1) (3,2) (3,3) (3,4) (4,0) (4,1) (4,2) (4,3) (4,4) (5,0) (5,1) (5,2) (5,3) (5,4) (6,0) (6,1) (6,2) (6,3) (6,4)   also met at 3 more region(s)
  O38  MM[O38] (1D) seats (0,0) (0,1) (0,2) (0,3) (0,4) (0,5) (0,6) (0,7) (0,8) (0,9) (0,10) (0,11) (0,12) (1,0) (1,1) (1,2) (1,3) (1,4) (1,5) (1,6) (1,7) (1,8) (1,9) (1,10) (1,11) (1,12) (2,0) (2,1) (2,2) (2,3) (2,4) (2,5) (2,6) (3,0) (3,1) (3,2) (3,3) (3,4) (3,5) (3,6) (4,0) (4,1) (4,2) (4,3) (4,4) (4,5) (4,6) (5,0) (5,1) (5,2) (5,3) (5,4) (5,5) (5,6) (6,0) (6,1) (6,2) (6,3) (6,4) (6,5) (6,6)   also met at 9 more region(s)
  O39  MM[O39] (1D) seats (0,0) (0,1) (0,2) (0,3) (0,4) (0,5) (0,6) (0,7) (0,8) (0,9) (0,10) (0,11) (0,12) (1,0) (1,1) (1,2) (1,3) (1,4) (1,5) (1,6) (1,7) (1,8) (1,9) (1,10) (1,11) (1,12) (2,0) (2,1) (2,2) (2,3) (2,4) (2,5) (2,6) (2,7) (2,8) (2,9) (2,10) (3,0) (3,1) (3,2) (3,3) (3,4) (3,5) (3,6) (3,7) (3,8) (3,9) (3,10) (4,0) (4,1) (4,2) (4,3) (4,4) (4,5) (4,6) (4,7) (4,8) (4,9) (4,10) (5,0) (5,1) (5,2) (5,3) (5,4) (5,5) (5,6) (5,7) (5,8) (5,9) (5,10) (6,0) (6,1) (6,2) (6,3) (6,4) (6,5) (6,6) (6,7) (6,8) (6,9) (6,10)   also met at 5 more region(s)
  O40  MM[O40] (1D) seats (0,0) (0,1) (0,2) (0,3) (0,4) (0,5) (0,6) (0,7) (0,8) (0,9) (0,10) (0,11) (0,12) (1,0) (1,1) (1,2) (1,3) (1,4) (1,5) (1,6) (1,7) (1,8) (1,9) (1,10) (1,11) (1,12) (2,0) (2,1) (3,0) (3,1) (4,0) (4,1) (5,0) (5,1) (6,0) (6,1) (7,0) (7,1) (8,0) (8,1) (9,0) (9,1) (10,0) (10,1) (11,0) (11,1) (12,0) (12,1)
  O41  MM[O41] (1D) seats (0,0) (0,1) (0,2) (0,3) (0,4) (0,5) (0,6) (0,7) (0,8) (0,9) (0,10) (0,11) (0,12) (1,0) (1,1) (1,2) (1,3) (1,4) (1,5) (1,6) (1,7) (1,8) (1,9) (1,10) (1,11) (1,12) (2,0) (2,1) (2,2) (2,3) (2,4) (2,5) (2,6) (3,0) (3,1) (3,2) (3,3) (3,4) (3,5) (3,6) (4,0) (4,1) (4,2) (4,3) (4,4) (4,5) (4,6) (5,0) (5,1) (5,2) (5,3) (5,4) (5,5) (5,6) (6,0) (6,1) (6,2) (6,3) (6,4) (6,5) (6,6) (7,0) (7,1) (7,2) (7,3) (7,4) (7,5) (7,6) (8,0) (8,1) (8,2) (8,3) (8,4) (8,5) (8,6) (9,0) (9,1) (9,2) (9,3) (9,4) (9,5) (9,6) (10,0) (10,1) (10,2) (10,3) (10,4) (10,5) (10,6) (11,0) (11,1) (11,2) (11,3) (11,4) (11,5) (11,6) (12,0) (12,1) (12,2) (12,3) (12,4) (12,5) (12,6)   also met at 3 more region(s)
  O42  MM[O42] (1D) seats (0,0) (0,1) (0,2) (0,3) (0,4) (0,5) (0,6) (0,7) (0,8) (0,9) (0,10) (0,11) (0,12) (1,0) (1,1) (1,2) (1,3) (1,4) (1,5) (1,6) (1,7) (1,8) (1,9) (1,10) (1,11) (1,12) (2,0) (2,1) (2,2) (2,3) (2,4) (2,5) (2,6) (2,7) (2,8) (2,9) (2,10) (3,0) (3,1) (3,2) (3,3) (3,4) (3,5) (3,6) (3,7) (3,8) (3,9) (3,10) (4,0) (4,1) (4,2) (4,3) (4,4) (4,5) (4,6) (4,7) (4,8) (4,9) (4,10) (5,0) (5,1) (5,2) (5,3) (5,4) (5,5) (5,6) (5,7) (5,8) (5,9) (5,10) (6,0) (6,1) (6,2) (6,3) (6,4) (6,5) (6,6) (6,7) (6,8) (6,9) (6,10) (7,0) (7,1) (7,2) (7,3) (7,4) (7,5) (7,6) (7,7) (7,8) (7,9) (7,10) (8,0) (8,1) (8,2) (8,3) (8,4) (8,5) (8,6) (8,7) (8,8) (8,9) (8,10) (9,0) (9,1) (9,2) (9,3) (9,4) (9,5) (9,6) (9,7) (9,8) (9,9) (9,10) (10,0) (10,1) (10,2) (10,3) (10,4) (10,5) (10,6) (10,7) (10,8) (10,9) (10,10) (11,0) (11,1) (11,2) (11,3) (11,4) (11,5) (11,6) (11,7) (11,8) (11,9) (11,10) (12,0) (12,1) (12,2) (12,3) (12,4) (12,5) (12,6) (12,7) (12,8) (12,9) (12,10)   also met at 1 more region(s)
  O43  MM[O43] (1D) seats (0,0) (0,1) (0,2) (0,3) (0,4) (0,5) (0,6) (0,7) (0,8) (0,9) (0,10) (0,11) (0,12) (1,0) (1,1) (1,2) (1,3) (1,4) (1,5) (1,6) (1,7) (1,8) (1,9) (1,10) (1,11) (1,12) (2,0) (2,1) (3,0) (3,1) (4,0) (4,1) (5,0) (5,1) (6,0) (6,1) (7,0) (7,1) (8,0) (8,1) (9,0) (9,1) (10,0) (10,1)   also met at 1 more region(s)
  O44  MM[O44] (1D) seats (0,0) (0,1) (0,2) (0,3) (0,4) (0,5) (0,6) (0,7) (0,8) (0,9) (0,10) (0,11) (0,12) (1,0) (1,1) (1,2) (1,3) (1,4) (1,5) (1,6) (1,7) (1,8) (1,9) (1,10) (1,11) (1,12) (2,0) (2,1) (2,2) (3,0) (3,1) (3,2) (4,0) (4,1) (4,2) (5,0) (5,1) (5,2) (6,0) (6,1) (6,2) (7,0) (7,1) (7,2) (8,0) (8,1) (8,2) (9,0) (9,1) (9,2) (10,0) (10,1) (10,2)   also met at 7 more region(s)
  O45  MM[O45] (1D) seats (0,0) (0,1) (0,2) (0,3) (0,4) (0,5) (0,6) (0,7) (0,8) (0,9) (0,10) (0,11) (0,12) (1,0) (1,1) (1,2) (1,3) (1,4) (1,5) (1,6) (1,7) (1,8) (1,9) (1,10) (1,11) (1,12) (2,0) (2,1) (2,2) (2,3) (2,4) (3,0) (3,1) (3,2) (3,3) (3,4) (4,0) (4,1) (4,2) (4,3) (4,4) (5,0) (5,1) (5,2) (5,3) (5,4) (6,0) (6,1) (6,2) (6,3) (6,4) (7,0) (7,1) (7,2) (7,3) (7,4) (8,0) (8,1) (8,2) (8,3) (8,4) (9,0) (9,1) (9,2) (9,3) (9,4) (10,0) (10,1) (10,2) (10,3) (10,4)   also met at 5 more region(s)
  O46  MM[O46] (1D) seats (0,0) (0,1) (0,2) (0,3) (0,4) (0,5) (0,6) (0,7) (0,8) (0,9) (0,10) (0,11) (0,12) (1,0) (1,1) (1,2) (1,3) (1,4) (1,5) (1,6) (1,7) (1,8) (1,9) (1,10) (1,11) (1,12) (2,0) (2,1) (2,2) (2,3) (2,4) (2,5) (2,6) (3,0) (3,1) (3,2) (3,3) (3,4) (3,5) (3,6) (4,0) (4,1) (4,2) (4,3) (4,4) (4,5) (4,6) (5,0) (5,1) (5,2) (5,3) (5,4) (5,5) (5,6) (6,0) (6,1) (6,2) (6,3) (6,4) (6,5) (6,6) (7,0) (7,1) (7,2) (7,3) (7,4) (7,5) (7,6) (8,0) (8,1) (8,2) (8,3) (8,4) (8,5) (8,6) (9,0) (9,1) (9,2) (9,3) (9,4) (9,5) (9,6) (10,0) (10,1) (10,2) (10,3) (10,4) (10,5) (10,6)   also met at 5 more region(s)
  O47  MM[O47] (1D) seats (0,0) (0,1) (0,2) (0,3) (0,4) (0,5) (0,6) (0,7) (0,8) (0,9) (0,10) (0,11) (0,12) (1,0) (1,1) (1,2) (1,3) (1,4) (1,5) (1,6) (1,7) (1,8) (1,9) (1,10) (1,11) (1,12) (2,0) (2,1) (2,2) (2,3) (2,4) (2,5) (2,6) (2,7) (2,8) (2,9) (2,10) (3,0) (3,1) (3,2) (3,3) (3,4) (3,5) (3,6) (3,7) (3,8) (3,9) (3,10) (4,0) (4,1) (4,2) (4,3) (4,4) (4,5) (4,6) (4,7) (4,8) (4,9) (4,10) (5,0) (5,1) (5,2) (5,3) (5,4) (5,5) (5,6) (5,7) (5,8) (5,9) (5,10) (6,0) (6,1) (6,2) (6,3) (6,4) (6,5) (6,6) (6,7) (6,8) (6,9) (6,10) (7,0) (7,1) (7,2) (7,3) (7,4) (7,5) (7,6) (7,7) (7,8) (7,9) (7,10) (8,0) (8,1) (8,2) (8,3) (8,4) (8,5) (8,6) (8,7) (8,8) (8,9) (8,10) (9,0) (9,1) (9,2) (9,3) (9,4) (9,5) (9,6) (9,7) (9,8) (9,9) (9,10) (10,0) (10,1) (10,2) (10,3) (10,4) (10,5) (10,6) (10,7) (10,8) (10,9) (10,10)   also met at 1 more region(s)
  O48  MM[O48] (1D) seats (0,0) (0,1) (0,2) (0,3) (0,4) (0,5) (0,6) (0,7) (0,8) (0,9) (0,10) (1,0) (1,1) (1,2) (1,3) (1,4) (1,5) (1,6) (1,7) (1,8) (1,9) (1,10) (2,0) (2,1) (2,2) (2,3) (2,4) (2,5) (2,6) (3,0) (3,1) (3,2) (3,3) (3,4) (3,5) (3,6) (4,0) (4,1) (4,2) (4,3) (4,4) (4,5) (4,6) (5,0) (5,1) (5,2) (5,3) (5,4) (5,5) (5,6) (6,0) (6,1) (6,2) (6,3) (6,4) (6,5) (6,6)   also met at 6 more region(s)
  O49  MM[O49] (1D) seats (0,0) (0,1) (0,2) (0,3) (0,4) (0,5) (0,6) (0,7) (0,8) (0,9) (0,10) (1,0) (1,1) (1,2) (1,3) (1,4) (1,5) (1,6) (1,7) (1,8) (1,9) (1,10) (2,0) (2,1) (2,2) (2,3) (2,4) (2,5) (2,6) (3,0) (3,1) (3,2) (3,3) (3,4) (3,5) (3,6) (4,0) (4,1) (4,2) (4,3) (4,4) (4,5) (4,6) (5,0) (5,1) (5,2) (5,3) (5,4) (5,5) (5,6) (6,0) (6,1) (6,2) (6,3) (6,4) (6,5) (6,6) (7,0) (7,1) (7,2) (7,3) (7,4) (7,5) (7,6) (8,0) (8,1) (8,2) (8,3) (8,4) (8,5) (8,6) (9,0) (9,1) (9,2) (9,3) (9,4) (9,5) (9,6) (10,0) (10,1) (10,2) (10,3) (10,4) (10,5) (10,6) (11,0) (11,1) (11,2) (11,3) (11,4) (11,5) (11,6) (12,0) (12,1) (12,2) (12,3) (12,4) (12,5) (12,6)   also met at 1 more region(s)
  O50  MM[O50] (1D) seats (0,0) (0,1) (0,2) (0,3) (0,4) (0,5) (0,6) (0,7) (0,8) (0,9) (0,10) (1,0) (1,1) (1,2) (1,3) (1,4) (1,5) (1,6) (1,7) (1,8) (1,9) (1,10) (2,0) (2,1) (3,0) (3,1) (4,0) (4,1) (5,0) (5,1) (6,0) (6,1) (7,0) (7,1) (8,0) (8,1) (9,0) (9,1) (10,0) (10,1)
  O51  MM[O51] (1D) seats (0,0) (0,1) (0,2) (0,3) (0,4) (0,5) (0,6) (0,7) (0,8) (0,9) (0,10) (1,0) (1,1) (1,2) (1,3) (1,4) (1,5) (1,6) (1,7) (1,8) (1,9) (1,10) (2,0) (2,1) (2,2) (2,3) (2,4) (3,0) (3,1) (3,2) (3,3) (3,4) (4,0) (4,1) (4,2) (4,3) (4,4) (5,0) (5,1) (5,2) (5,3) (5,4) (6,0) (6,1) (6,2) (6,3) (6,4) (7,0) (7,1) (7,2) (7,3) (7,4) (8,0) (8,1) (8,2) (8,3) (8,4) (9,0) (9,1) (9,2) (9,3) (9,4) (10,0) (10,1) (10,2) (10,3) (10,4)   also met at 5 more region(s)
  O52  MM[O52] (1D) seats (0,0) (0,1) (0,2) (0,3) (0,4) (0,5) (0,6) (0,7) (0,8) (0,9) (0,10) (1,0) (1,1) (1,2) (1,3) (1,4) (1,5) (1,6) (1,7) (1,8) (1,9) (1,10) (2,0) (2,1) (2,2) (2,3) (2,4) (2,5) (2,6) (3,0) (3,1) (3,2) (3,3) (3,4) (3,5) (3,6) (4,0) (4,1) (4,2) (4,3) (4,4) (4,5) (4,6) (5,0) (5,1) (5,2) (5,3) (5,4) (5,5) (5,6) (6,0) (6,1) (6,2) (6,3) (6,4) (6,5) (6,6) (7,0) (7,1) (7,2) (7,3) (7,4) (7,5) (7,6) (8,0) (8,1) (8,2) (8,3) (8,4) (8,5) (8,6) (9,0) (9,1) (9,2) (9,3) (9,4) (9,5) (9,6) (10,0) (10,1) (10,2) (10,3) (10,4) (10,5) (10,6)   also met at 2 more region(s)
  O53  MM[O53] (1D) seats (0,0) (0,1) (0,2) (0,3) (0,4) (0,5) (0,6) (0,7) (0,8) (0,9) (0,10) (0,11) (0,12) (1,0) (1,1) (1,2) (1,3) (1,4) (1,5) (1,6) (1,7) (1,8) (1,9) (1,10) (1,11) (1,12) (2,0) (2,1) (2,2) (2,3) (2,4) (2,5) (2,6) (2,7) (2,8) (2,9) (2,10) (2,11) (2,12) (3,0) (3,1) (3,2) (3,3) (3,4) (3,5) (3,6) (3,7) (3,8) (3,9) (3,10) (4,0) (4,1) (4,2) (4,3) (4,4) (4,5) (4,6) (4,7) (4,8) (4,9) (4,10) (5,0) (5,1) (5,2) (5,3) (5,4) (5,5) (5,6) (5,7) (5,8) (5,9) (5,10) (6,0) (6,1) (6,2) (6,3) (6,4) (6,5) (6,6) (6,7) (6,8) (6,9) (6,10)   also met at 5 more region(s)
  O54  MM[O54] (1D) seats (0,0) (0,1) (0,2) (0,3) (0,4) (0,5) (0,6) (0,7) (0,8) (0,9) (0,10) (0,11) (0,12) (1,0) (1,1) (1,2) (1,3) (1,4) (1,5) (1,6) (1,7) (1,8) (1,9) (1,10) (1,11) (1,12) (2,0) (2,1) (2,2) (2,3) (2,4) (2,5) (2,6) (2,7) (2,8) (2,9) (2,10) (2,11) (2,12) (3,0) (3,1) (3,2) (3,3) (3,4) (3,5) (3,6) (4,0) (4,1) (4,2) (4,3) (4,4) (4,5) (4,6) (5,0) (5,1) (5,2) (5,3) (5,4) (5,5) (5,6) (6,0) (6,1) (6,2) (6,3) (6,4) (6,5) (6,6) (7,0) (7,1) (7,2) (7,3) (7,4) (7,5) (7,6) (8,0) (8,1) (8,2) (8,3) (8,4) (8,5) (8,6) (9,0) (9,1) (9,2) (9,3) (9,4) (9,5) (9,6) (10,0) (10,1) (10,2) (10,3) (10,4) (10,5) (10,6) (11,0) (11,1) (11,2) (11,3) (11,4) (11,5) (11,6) (12,0) (12,1) (12,2) (12,3) (12,4) (12,5) (12,6)   also met at 1 more region(s)
  O55  MM[O55] (1D) seats (0,0) (0,1) (0,2) (0,3) (0,4) (0,5) (0,6) (0,7) (0,8) (0,9) (0,10) (0,11) (0,12) (1,0) (1,1) (1,2) (1,3) (1,4) (1,5) (1,6) (1,7) (1,8) (1,9) (1,10) (1,11) (1,12) (2,0) (2,1) (2,2) (2,3) (2,4) (2,5) (2,6) (2,7) (2,8) (2,9) (2,10) (2,11) (2,12) (3,0) (3,1) (3,2) (3,3) (3,4) (3,5) (3,6) (3,7) (3,8) (3,9) (3,10) (4,0) (4,1) (4,2) (4,3) (4,4) (4,5) (4,6) (4,7) (4,8) (4,9) (4,10) (5,0) (5,1) (5,2) (5,3) (5,4) (5,5) (5,6) (5,7) (5,8) (5,9) (5,10) (6,0) (6,1) (6,2) (6,3) (6,4) (6,5) (6,6) (6,7) (6,8) (6,9) (6,10) (7,0) (7,1) (7,2) (7,3) (7,4) (7,5) (7,6) (7,7) (7,8) (7,9) (7,10) (8,0) (8,1) (8,2) (8,3) (8,4) (8,5) (8,6) (8,7) (8,8) (8,9) (8,10) (9,0) (9,1) (9,2) (9,3) (9,4) (9,5) (9,6) (9,7) (9,8) (9,9) (9,10) (10,0) (10,1) (10,2) (10,3) (10,4) (10,5) (10,6) (10,7) (10,8) (10,9) (10,10) (11,0) (11,1) (11,2) (11,3) (11,4) (11,5) (11,6) (11,7) (11,8) (11,9) (11,10) (12,0) (12,1) (12,2) (12,3) (12,4) (12,5) (12,6) (12,7) (12,8) (12,9) (12,10)   also met at 1 more region(s)
  O56  MM[O56] (1D) seats (0,0) (0,1) (0,2) (0,3) (0,4) (0,5) (0,6) (0,7) (0,8) (0,9) (0,10) (0,11) (0,12) (1,0) (1,1) (1,2) (1,3) (1,4) (1,5) (1,6) (1,7) (1,8) (1,9) (1,10) (1,11) (1,12) (2,0) (2,1) (2,2) (2,3) (2,4) (2,5) (2,6) (2,7) (2,8) (2,9) (2,10) (2,11) (2,12) (3,0) (3,1) (3,2) (4,0) (4,1) (4,2) (5,0) (5,1) (5,2) (6,0) (6,1) (6,2) (7,0) (7,1) (7,2) (8,0) (8,1) (8,2) (9,0) (9,1) (9,2) (10,0) (10,1) (10,2)   also met at 3 more region(s)
  O57  MM[O57] (1D) seats (0,0) (0,1) (0,2) (0,3) (0,4) (0,5) (0,6) (0,7) (0,8) (0,9) (0,10) (0,11) (0,12) (1,0) (1,1) (1,2) (1,3) (1,4) (1,5) (1,6) (1,7) (1,8) (1,9) (1,10) (1,11) (1,12) (2,0) (2,1) (2,2) (2,3) (2,4) (2,5) (2,6) (2,7) (2,8) (2,9) (2,10) (2,11) (2,12) (3,0) (3,1) (3,2) (3,3) (3,4) (4,0) (4,1) (4,2) (4,3) (4,4) (5,0) (5,1) (5,2) (5,3) (5,4) (6,0) (6,1) (6,2) (6,3) (6,4) (7,0) (7,1) (7,2) (7,3) (7,4) (8,0) (8,1) (8,2) (8,3) (8,4) (9,0) (9,1) (9,2) (9,3) (9,4) (10,0) (10,1) (10,2) (10,3) (10,4)   also met at 5 more region(s)
  O58  MM[O58] (1D) seats (0,0) (0,1) (0,2) (0,3) (0,4) (0,5) (0,6) (0,7) (0,8) (0,9) (0,10) (0,11) (0,12) (1,0) (1,1) (1,2) (1,3) (1,4) (1,5) (1,6) (1,7) (1,8) (1,9) (1,10) (1,11) (1,12) (2,0) (2,1) (2,2) (2,3) (2,4) (2,5) (2,6) (2,7) (2,8) (2,9) (2,10) (2,11) (2,12) (3,0) (3,1) (3,2) (3,3) (3,4) (3,5) (3,6) (4,0) (4,1) (4,2) (4,3) (4,4) (4,5) (4,6) (5,0) (5,1) (5,2) (5,3) (5,4) (5,5) (5,6) (6,0) (6,1) (6,2) (6,3) (6,4) (6,5) (6,6) (7,0) (7,1) (7,2) (7,3) (7,4) (7,5) (7,6) (8,0) (8,1) (8,2) (8,3) (8,4) (8,5) (8,6) (9,0) (9,1) (9,2) (9,3) (9,4) (9,5) (9,6) (10,0) (10,1) (10,2) (10,3) (10,4) (10,5) (10,6)   also met at 5 more region(s)
  O59  MM[O59] (1D) seats (0,0) (0,1) (0,2) (0,3) (0,4) (0,5) (0,6) (0,7) (0,8) (0,9) (0,10) (0,11) (0,12) (1,0) (1,1) (1,2) (1,3) (1,4) (1,5) (1,6) (1,7) (1,8) (1,9) (1,10) (1,11) (1,12) (2,0) (2,1) (2,2) (2,3) (2,4) (2,5) (2,6) (2,7) (2,8) (2,9) (2,10) (2,11) (2,12) (3,0) (3,1) (3,2) (3,3) (3,4) (3,5) (3,6) (3,7) (3,8) (3,9) (3,10) (4,0) (4,1) (4,2) (4,3) (4,4) (4,5) (4,6) (4,7) (4,8) (4,9) (4,10) (5,0) (5,1) (5,2) (5,3) (5,4) (5,5) (5,6) (5,7) (5,8) (5,9) (5,10) (6,0) (6,1) (6,2) (6,3) (6,4) (6,5) (6,6) (6,7) (6,8) (6,9) (6,10) (7,0) (7,1) (7,2) (7,3) (7,4) (7,5) (7,6) (7,7) (7,8) (7,9) (7,10) (8,0) (8,1) (8,2) (8,3) (8,4) (8,5) (8,6) (8,7) (8,8) (8,9) (8,10) (9,0) (9,1) (9,2) (9,3) (9,4) (9,5) (9,6) (9,7) (9,8) (9,9) (9,10) (10,0) (10,1) (10,2) (10,3) (10,4) (10,5) (10,6) (10,7) (10,8) (10,9) (10,10)   also met at 1 more region(s)
  O60  MM[O60] (1D) seats (0,0) (0,1) (0,2) (0,3) (0,4) (0,5) (0,6) (0,7) (0,8) (0,9) (0,10) (1,0) (1,1) (1,2) (1,3) (1,4) (1,5) (1,6) (1,7) (1,8) (1,9) (1,10) (2,0) (2,1) (2,2) (2,3) (2,4) (2,5) (2,6) (2,7) (2,8) (2,9) (2,10) (3,0) (3,1) (3,2) (3,3) (3,4) (4,0) (4,1) (4,2) (4,3) (4,4) (5,0) (5,1) (5,2) (5,3) (5,4) (6,0) (6,1) (6,2) (6,3) (6,4) (7,0) (7,1) (7,2) (7,3) (7,4) (8,0) (8,1) (8,2) (8,3) (8,4) (9,0) (9,1) (9,2) (9,3) (9,4) (10,0) (10,1) (10,2) (10,3) (10,4)   also met at 3 more region(s)
  O61  MM[O61] (1D) seats (0,0) (0,1) (0,2) (0,3) (0,4) (0,5) (0,6) (1,0) (1,1) (1,2) (1,3) (1,4) (1,5) (1,6) (2,0) (2,1) (2,2) (2,3) (2,4) (2,5) (2,6) (3,0) (3,1) (3,2) (3,3) (3,4) (3,5) (3,6) (4,0) (4,1) (4,2) (4,3) (4,4) (4,5) (4,6) (5,0) (5,1) (5,2) (5,3) (5,4) (6,0) (6,1) (6,2) (6,3) (6,4) (7,0) (7,1) (7,2) (7,3) (7,4) (8,0) (8,1) (8,2) (8,3) (8,4) (9,0) (9,1) (9,2) (9,3) (9,4) (10,0) (10,1) (10,2) (10,3) (10,4) (11,0) (11,1) (11,2) (11,3) (11,4) (12,0) (12,1) (12,2) (12,3) (12,4)   also met at 1 more region(s)
  O62  MM[O62] (1D) seats (0,0) (0,1) (0,2) (0,3) (0,4) (0,5) (0,6) (0,7) (0,8) (0,9) (0,10) (0,11) (0,12) (1,0) (1,1) (1,2) (1,3) (1,4) (1,5) (1,6) (1,7) (1,8) (1,9) (1,10) (1,11) (1,12) (2,0) (2,1) (2,2) (2,3) (2,4) (2,5) (2,6) (2,7) (2,8) (2,9) (2,10) (2,11) (2,12) (3,0) (3,1) (3,2) (3,3) (3,4) (3,5) (3,6) (3,7) (3,8) (3,9) (3,10) (3,11) (3,12) (4,0) (4,1) (4,2) (4,3) (4,4) (4,5) (4,6) (4,7) (4,8) (4,9) (4,10) (4,11) (4,12) (5,0) (5,1) (5,2) (5,3) (5,4) (5,5) (5,6) (5,7) (5,8) (5,9) (5,10) (6,0) (6,1) (6,2) (6,3) (6,4) (6,5) (6,6) (6,7) (6,8) (6,9) (6,10)   also met at 1 more region(s)
  O63  MM[O63] (1D) seats (0,0) (0,1) (0,2) (0,3) (0,4) (0,5) (0,6) (0,7) (0,8) (0,9) (0,10) (0,11) (0,12) (1,0) (1,1) (1,2) (1,3) (1,4) (1,5) (1,6) (1,7) (1,8) (1,9) (1,10) (1,11) (1,12) (2,0) (2,1) (2,2) (2,3) (2,4) (2,5) (2,6) (2,7) (2,8) (2,9) (2,10) (2,11) (2,12) (3,0) (3,1) (3,2) (3,3) (3,4) (3,5) (3,6) (3,7) (3,8) (3,9) (3,10) (3,11) (3,12) (4,0) (4,1) (4,2) (4,3) (4,4) (4,5) (4,6) (4,7) (4,8) (4,9) (4,10) (4,11) (4,12) (5,0) (5,1) (5,2) (5,3) (5,4) (6,0) (6,1) (6,2) (6,3) (6,4) (7,0) (7,1) (7,2) (7,3) (7,4) (8,0) (8,1) (8,2) (8,3) (8,4) (9,0) (9,1) (9,2) (9,3) (9,4) (10,0) (10,1) (10,2) (10,3) (10,4) (11,0) (11,1) (11,2) (11,3) (11,4) (12,0) (12,1) (12,2) (12,3) (12,4)   also met at 1 more region(s)
  O64  MM[O64] (1D) seats (0,0) (0,1) (0,2) (0,3) (0,4) (0,5) (0,6) (0,7) (0,8) (0,9) (0,10) (0,11) (0,12) (1,0) (1,1) (1,2) (1,3) (1,4) (1,5) (1,6) (1,7) (1,8) (1,9) (1,10) (1,11) (1,12) (2,0) (2,1) (2,2) (2,3) (2,4) (2,5) (2,6) (2,7) (2,8) (2,9) (2,10) (2,11) (2,12) (3,0) (3,1) (3,2) (3,3) (3,4) (3,5) (3,6) (3,7) (3,8) (3,9) (3,10) (3,11) (3,12) (4,0) (4,1) (4,2) (4,3) (4,4) (4,5) (4,6) (4,7) (4,8) (4,9) (4,10) (4,11) (4,12) (5,0) (5,1) (5,2) (5,3) (5,4) (5,5) (5,6) (5,7) (5,8) (5,9) (5,10) (6,0) (6,1) (6,2) (6,3) (6,4) (6,5) (6,6) (6,7) (6,8) (6,9) (6,10) (7,0) (7,1) (7,2) (7,3) (7,4) (7,5) (7,6) (7,7) (7,8) (7,9) (7,10) (8,0) (8,1) (8,2) (8,3) (8,4) (8,5) (8,6) (8,7) (8,8) (8,9) (8,10) (9,0) (9,1) (9,2) (9,3) (9,4) (9,5) (9,6) (9,7) (9,8) (9,9) (9,10) (10,0) (10,1) (10,2) (10,3) (10,4) (10,5) (10,6) (10,7) (10,8) (10,9) (10,10) (11,0) (11,1) (11,2) (11,3) (11,4) (11,5) (11,6) (11,7) (11,8) (11,9) (11,10) (12,0) (12,1) (12,2) (12,3) (12,4) (12,5) (12,6) (12,7) (12,8) (12,9) (12,10)   also met at 1 more region(s)
  O65  MM[O65] (1D) seats (0,0) (0,1) (0,2) (0,3) (0,4) (0,5) (0,6) (0,7) (0,8) (0,9) (0,10) (0,11) (0,12) (1,0) (1,1) (1,2) (1,3) (1,4) (1,5) (1,6) (1,7) (1,8) (1,9) (1,10) (1,11) (1,12) (2,0) (2,1) (2,2) (2,3) (2,4) (2,5) (2,6) (2,7) (2,8) (2,9) (2,10) (2,11) (2,12) (3,0) (3,1) (3,2) (3,3) (3,4) (3,5) (3,6) (3,7) (3,8) (3,9) (3,10) (3,11) (3,12) (4,0) (4,1) (4,2) (4,3) (4,4) (4,5) (4,6) (4,7) (4,8) (4,9) (4,10) (4,11) (4,12) (5,0) (5,1) (5,2) (5,3) (5,4) (5,5) (5,6) (6,0) (6,1) (6,2) (6,3) (6,4) (6,5) (6,6) (7,0) (7,1) (7,2) (7,3) (7,4) (7,5) (7,6) (8,0) (8,1) (8,2) (8,3) (8,4) (8,5) (8,6) (9,0) (9,1) (9,2) (9,3) (9,4) (9,5) (9,6) (10,0) (10,1) (10,2) (10,3) (10,4) (10,5) (10,6)   also met at 1 more region(s)
  O66  MM[O66] (1D) seats (0,0) (0,1) (0,2) (0,3) (0,4) (0,5) (0,6) (0,7) (0,8) (0,9) (0,10) (0,11) (0,12) (1,0) (1,1) (1,2) (1,3) (1,4) (1,5) (1,6) (1,7) (1,8) (1,9) (1,10) (1,11) (1,12) (2,0) (2,1) (2,2) (2,3) (2,4) (2,5) (2,6) (2,7) (2,8) (2,9) (2,10) (2,11) (2,12) (3,0) (3,1) (3,2) (3,3) (3,4) (3,5) (3,6) (3,7) (3,8) (3,9) (3,10) (3,11) (3,12) (4,0) (4,1) (4,2) (4,3) (4,4) (4,5) (4,6) (4,7) (4,8) (4,9) (4,10) (4,11) (4,12) (5,0) (5,1) (5,2) (5,3) (5,4) (5,5) (5,6) (5,7) (5,8) (5,9) (5,10) (6,0) (6,1) (6,2) (6,3) (6,4) (6,5) (6,6) (6,7) (6,8) (6,9) (6,10) (7,0) (7,1) (7,2) (7,3) (7,4) (7,5) (7,6) (7,7) (7,8) (7,9) (7,10) (8,0) (8,1) (8,2) (8,3) (8,4) (8,5) (8,6) (8,7) (8,8) (8,9) (8,10) (9,0) (9,1) (9,2) (9,3) (9,4) (9,5) (9,6) (9,7) (9,8) (9,9) (9,10) (10,0) (10,1) (10,2) (10,3) (10,4) (10,5) (10,6) (10,7) (10,8) (10,9) (10,10)   also met at 1 more region(s)
  O67  MM[O67] (1D) seats (0,0) (0,1) (0,2) (0,3) (0,4) (0,5) (0,6) (0,7) (0,8) (0,9) (0,10) (1,0) (1,1) (1,2) (1,3) (1,4) (1,5) (1,6) (1,7) (1,8) (1,9) (1,10) (2,0) (2,1) (2,2) (2,3) (2,4) (2,5) (2,6) (2,7) (2,8) (2,9) (2,10) (3,0) (3,1) (3,2) (3,3) (3,4) (3,5) (3,6) (3,7) (3,8) (3,9) (3,10) (4,0) (4,1) (4,2) (4,3) (4,4) (4,5) (4,6) (4,7) (4,8) (4,9) (4,10) (5,0) (5,1) (5,2) (5,3) (5,4) (5,5) (5,6) (6,0) (6,1) (6,2) (6,3) (6,4) (6,5) (6,6) (7,0) (7,1) (7,2) (7,3) (7,4) (7,5) (7,6) (8,0) (8,1) (8,2) (8,3) (8,4) (8,5) (8,6) (9,0) (9,1) (9,2) (9,3) (9,4) (9,5) (9,6) (10,0) (10,1) (10,2) (10,3) (10,4) (10,5) (10,6) (11,0) (11,1) (11,2) (11,3) (11,4) (11,5) (11,6) (12,0) (12,1) (12,2) (12,3) (12,4) (12,5) (12,6)   also met at 1 more region(s)
  O68  MM[O68] (1D) seats (0,0) (0,1) (0,2) (0,3) (0,4) (0,5) (0,6) (0,7) (0,8) (0,9) (0,10) (1,0) (1,1) (1,2) (1,3) (1,4) (1,5) (1,6) (1,7) (1,8) (1,9) (1,10) (2,0) (2,1) (2,2) (2,3) (2,4) (2,5) (2,6) (2,7) (2,8) (2,9) (2,10) (3,0) (3,1) (3,2) (3,3) (3,4) (3,5) (3,6) (3,7) (3,8) (3,9) (3,10) (4,0) (4,1) (4,2) (4,3) (4,4) (4,5) (4,6) (4,7) (4,8) (4,9) (4,10) (5,0) (5,1) (5,2) (5,3) (5,4) (5,5) (5,6) (6,0) (6,1) (6,2) (6,3) (6,4) (6,5) (6,6) (7,0) (7,1) (7,2) (7,3) (7,4) (7,5) (7,6) (8,0) (8,1) (8,2) (8,3) (8,4) (8,5) (8,6) (9,0) (9,1) (9,2) (9,3) (9,4) (9,5) (9,6) (10,0) (10,1) (10,2) (10,3) (10,4) (10,5) (10,6)   also met at 3 more region(s)
  O69  MM[O69] (1D) seats (0,0) (0,1) (0,2) (0,3) (0,4) (0,5) (0,6) (0,7) (0,8) (0,9) (0,10) (0,11) (0,12) (1,0) (1,1) (1,2) (1,3) (1,4) (1,5) (1,6) (1,7) (1,8) (1,9) (1,10) (1,11) (1,12) (2,0) (2,1) (2,2) (2,3) (2,4) (2,5) (2,6) (2,7) (2,8) (2,9) (2,10) (2,11) (2,12) (3,0) (3,1) (3,2) (3,3) (3,4) (3,5) (3,6) (3,7) (3,8) (3,9) (3,10) (3,11) (3,12) (4,0) (4,1) (4,2) (4,3) (4,4) (4,5) (4,6) (4,7) (4,8) (4,9) (4,10) (4,11) (4,12) (5,0) (5,1) (5,2) (5,3) (5,4) (5,5) (5,6) (5,7) (5,8) (5,9) (5,10) (5,11) (5,12) (6,0) (6,1) (6,2) (6,3) (6,4) (6,5) (6,6) (6,7) (6,8) (6,9) (6,10) (6,11) (6,12) (7,0) (7,1) (7,2) (7,3) (7,4) (7,5) (7,6) (8,0) (8,1) (8,2) (8,3) (8,4) (8,5) (8,6) (9,0) (9,1) (9,2) (9,3) (9,4) (9,5) (9,6) (10,0) (10,1) (10,2) (10,3) (10,4) (10,5) (10,6) (11,0) (11,1) (11,2) (11,3) (11,4) (11,5) (11,6) (12,0) (12,1) (12,2) (12,3) (12,4) (12,5) (12,6)
  O70  MM[O70] (1D) seats (0,0) (0,1) (0,2) (0,3) (0,4) (0,5) (0,6) (0,7) (0,8) (0,9) (0,10) (0,11) (0,12) (1,0) (1,1) (1,2) (1,3) (1,4) (1,5) (1,6) (1,7) (1,8) (1,9) (1,10) (1,11) (1,12) (2,0) (2,1) (2,2) (2,3) (2,4) (2,5) (2,6) (2,7) (2,8) (2,9) (2,10) (2,11) (2,12) (3,0) (3,1) (3,2) (3,3) (3,4) (3,5) (3,6) (3,7) (3,8) (3,9) (3,10) (3,11) (3,12) (4,0) (4,1) (4,2) (4,3) (4,4) (4,5) (4,6) (4,7) (4,8) (4,9) (4,10) (4,11) (4,12) (5,0) (5,1) (5,2) (5,3) (5,4) (5,5) (5,6) (5,7) (5,8) (5,9) (5,10) (5,11) (5,12) (6,0) (6,1) (6,2) (6,3) (6,4) (6,5) (6,6) (6,7) (6,8) (6,9) (6,10) (6,11) (6,12) (7,0) (7,1) (7,2) (7,3) (7,4) (7,5) (7,6) (7,7) (7,8) (7,9) (7,10) (8,0) (8,1) (8,2) (8,3) (8,4) (8,5) (8,6) (8,7) (8,8) (8,9) (8,10) (9,0) (9,1) (9,2) (9,3) (9,4) (9,5) (9,6) (9,7) (9,8) (9,9) (9,10) (10,0) (10,1) (10,2) (10,3) (10,4) (10,5) (10,6) (10,7) (10,8) (10,9) (10,10) (11,0) (11,1) (11,2) (11,3) (11,4) (11,5) (11,6) (11,7) (11,8) (11,9) (11,10) (12,0) (12,1) (12,2) (12,3) (12,4) (12,5) (12,6) (12,7) (12,8) (12,9) (12,10)   also met at 1 more region(s)
  O71  MM[O71] (1D) seats (0,0) (0,1) (0,2) (0,3) (0,4) (0,5) (0,6) (0,7) (0,8) (0,9) (0,10) (0,11) (0,12) (1,0) (1,1) (1,2) (1,3) (1,4) (1,5) (1,6) (1,7) (1,8) (1,9) (1,10) (1,11) (1,12) (2,0) (2,1) (2,2) (2,3) (2,4) (2,5) (2,6) (2,7) (2,8) (2,9) (2,10) (2,11) (2,12) (3,0) (3,1) (3,2) (3,3) (3,4) (3,5) (3,6) (3,7) (3,8) (3,9) (3,10) (3,11) (3,12) (4,0) (4,1) (4,2) (4,3) (4,4) (4,5) (4,6) (4,7) (4,8) (4,9) (4,10) (4,11) (4,12) (5,0) (5,1) (5,2) (5,3) (5,4) (5,5) (5,6) (5,7) (5,8) (5,9) (5,10) (5,11) (5,12) (6,0) (6,1) (6,2) (6,3) (6,4) (6,5) (6,6) (6,7) (6,8) (6,9) (6,10) (6,11) (6,12) (7,0) (7,1) (7,2) (7,3) (7,4) (7,5) (7,6) (8,0) (8,1) (8,2) (8,3) (8,4) (8,5) (8,6) (9,0) (9,1) (9,2) (9,3) (9,4) (9,5) (9,6) (10,0) (10,1) (10,2) (10,3) (10,4) (10,5) (10,6)   also met at 1 more region(s)
  O72  MM[O72] (1D) seats (0,0) (0,1) (0,2) (0,3) (0,4) (0,5) (0,6) (0,7) (0,8) (0,9) (0,10) (0,11) (0,12) (1,0) (1,1) (1,2) (1,3) (1,4) (1,5) (1,6) (1,7) (1,8) (1,9) (1,10) (1,11) (1,12) (2,0) (2,1) (2,2) (2,3) (2,4) (2,5) (2,6) (2,7) (2,8) (2,9) (2,10) (2,11) (2,12) (3,0) (3,1) (3,2) (3,3) (3,4) (3,5) (3,6) (3,7) (3,8) (3,9) (3,10) (3,11) (3,12) (4,0) (4,1) (4,2) (4,3) (4,4) (4,5) (4,6) (4,7) (4,8) (4,9) (4,10) (4,11) (4,12) (5,0) (5,1) (5,2) (5,3) (5,4) (5,5) (5,6) (5,7) (5,8) (5,9) (5,10) (5,11) (5,12) (6,0) (6,1) (6,2) (6,3) (6,4) (6,5) (6,6) (6,7) (6,8) (6,9) (6,10) (6,11) (6,12) (7,0) (7,1) (7,2) (7,3) (7,4) (7,5) (7,6) (7,7) (7,8) (7,9) (7,10) (8,0) (8,1) (8,2) (8,3) (8,4) (8,5) (8,6) (8,7) (8,8) (8,9) (8,10) (9,0) (9,1) (9,2) (9,3) (9,4) (9,5) (9,6) (9,7) (9,8) (9,9) (9,10) (10,0) (10,1) (10,2) (10,3) (10,4) (10,5) (10,6) (10,7) (10,8) (10,9) (10,10)   also met at 1 more region(s)
  O73  MM[O73] (1D) seats (0,0) (0,1) (0,2) (0,3) (0,4) (0,5) (0,6) (0,7) (0,8) (0,9) (0,10) (1,0) (1,1) (1,2) (1,3) (1,4) (1,5) (1,6) (1,7) (1,8) (1,9) (1,10) (2,0) (2,1) (2,2) (2,3) (2,4) (2,5) (2,6) (2,7) (2,8) (2,9) (2,10) (3,0) (3,1) (3,2) (3,3) (3,4) (3,5) (3,6) (3,7) (3,8) (3,9) (3,10) (4,0) (4,1) (4,2) (4,3) (4,4) (4,5) (4,6) (4,7) (4,8) (4,9) (4,10) (5,0) (5,1) (5,2) (5,3) (5,4) (5,5) (5,6) (5,7) (5,8) (5,9) (5,10) (6,0) (6,1) (6,2) (6,3) (6,4) (6,5) (6,6) (6,7) (6,8) (6,9) (6,10) (7,0) (7,1) (7,2) (7,3) (7,4) (7,5) (7,6) (7,7) (7,8) (7,9) (7,10) (8,0) (8,1) (8,2) (8,3) (8,4) (8,5) (8,6) (8,7) (8,8) (8,9) (8,10) (9,0) (9,1) (9,2) (9,3) (9,4) (9,5) (9,6) (9,7) (9,8) (9,9) (9,10) (10,0) (10,1) (10,2) (10,3) (10,4) (10,5) (10,6) (10,7) (10,8) (10,9) (10,10) (11,0) (11,1) (11,2) (11,3) (11,4) (11,5) (11,6) (11,7) (11,8) (11,9) (11,10) (12,0) (12,1) (12,2) (12,3) (12,4) (12,5) (12,6) (12,7) (12,8) (12,9) (12,10) (0,11) (0,12) (1,11) (1,12) (2,11) (2,12) (3,11) (3,12) (4,11) (4,12) (5,11) (5,12) (6,11) (6,12) (7,11) (7,12) (8,11) (8,12) (9,11) (9,12) (10,11) (10,12)
  O74  MM[O74] (1D) seats (0,0) (0,1) (0,2) (0,3) (0,4) (0,5) (0,6) (0,7) (0,8) (0,9) (0,10) (1,0) (1,1) (1,2) (1,3) (1,4) (1,5) (1,6) (1,7) (1,8) (1,9) (1,10) (2,0) (2,1) (2,2) (2,3) (2,4) (2,5) (2,6) (2,7) (2,8) (2,9) (2,10) (3,0) (3,1) (3,2) (3,3) (3,4) (3,5) (3,6) (3,7) (3,8) (3,9) (3,10) (4,0) (4,1) (4,2) (4,3) (4,4) (4,5) (4,6) (4,7) (4,8) (4,9) (4,10) (5,0) (5,1) (5,2) (5,3) (5,4) (5,5) (5,6) (5,7) (5,8) (5,9) (5,10) (6,0) (6,1) (6,2) (6,3) (6,4) (6,5) (6,6) (6,7) (6,8) (6,9) (6,10) (7,0) (7,1) (7,2) (7,3) (7,4) (7,5) (7,6) (7,7) (7,8) (7,9) (7,10) (8,0) (8,1) (8,2) (8,3) (8,4) (8,5) (8,6) (8,7) (8,8) (8,9) (8,10) (9,0) (9,1) (9,2) (9,3) (9,4) (9,5) (9,6) (9,7) (9,8) (9,9) (9,10) (10,0) (10,1) (10,2) (10,3) (10,4) (10,5) (10,6) (10,7) (10,8) (10,9) (10,10) (11,0) (11,1) (11,2) (11,3) (11,4) (11,5) (11,6) (11,7) (11,8) (11,9) (11,10) (12,0) (12,1) (12,2) (12,3) (12,4) (12,5) (12,6) (12,7) (12,8) (12,9) (12,10) (0,11) (0,12)   also met at 1 more region(s)
  O75  MM[O75] (1D) seats (0,0) (0,1) (0,2) (0,3) (0,4) (0,5) (0,6) (0,7) (0,8) (0,9) (0,10) (1,0) (1,1) (1,2) (1,3) (1,4) (1,5) (1,6) (1,7) (1,8) (1,9) (1,10) (2,0) (2,1) (2,2) (2,3) (2,4) (2,5) (2,6) (2,7) (2,8) (2,9) (2,10) (3,0) (3,1) (3,2) (3,3) (3,4) (3,5) (3,6) (3,7) (3,8) (3,9) (3,10) (4,0) (4,1) (4,2) (4,3) (4,4) (4,5) (4,6) (4,7) (4,8) (4,9) (4,10) (5,0) (5,1) (5,2) (5,3) (5,4) (5,5) (5,6) (5,7) (5,8) (5,9) (5,10) (6,0) (6,1) (6,2) (6,3) (6,4) (6,5) (6,6) (6,7) (6,8) (6,9) (6,10) (7,0) (7,1) (7,2) (7,3) (7,4) (7,5) (7,6) (7,7) (7,8) (7,9) (7,10) (8,0) (8,1) (8,2) (8,3) (8,4) (8,5) (8,6) (8,7) (8,8) (8,9) (8,10) (9,0) (9,1) (9,2) (9,3) (9,4) (9,5) (9,6) (9,7) (9,8) (9,9) (9,10) (10,0) (10,1) (10,2) (10,3) (10,4) (10,5) (10,6) (10,7) (10,8) (10,9) (10,10) (11,0) (12,0)   also met at 1 more region(s)
re-met (rings already on the rail, met here):
  8    MM[8] (1D)   seats (0,0) (0,1) (0,2) (1,0) (1,1) (1,2) (2,0) (2,1)   also met at 4 more region(s)
  [2,2,3] MM[[2,2,3]] (1D) seats (0,0) (0,1) (0,2) (1,0) (1,1) (1,2) (2,0) (2,1) (3,0) (3,1) (4,0) (4,1)   also met at 5 more region(s)
  [8,2] MM[[8,2]] (1D) seats (0,0) (0,1) (0,2) (1,0) (1,1) (1,2) (2,0) (2,1) (3,0) (3,1) (4,0) (4,1) (5,0) (5,1) (6,0) (6,1)   also met at 6 more region(s)
  [[2,3],4] MM[[[2,3],4]] (1D) seats (0,0) (0,1) (0,2) (1,0) (1,1) (1,2) (2,0) (2,1) (3,0) (3,1) (4,0) (4,1) (5,0) (5,1) (6,0) (6,1) (7,0) (7,1) (8,0) (8,1) (9,0) (9,1) (10,0) (10,1)   also met at 4 more region(s)
  17   MM[17] (1D)  seats (0,0) (0,1) (0,2) (1,0) (1,1) (1,2) (2,0) (3,0) (4,0) (5,0) (6,0) (7,0) (8,0) (9,0) (10,0) (11,0) (12,0)   also met at 15 more region(s)
  19   MM[19] (1D)  seats (0,0) (0,1) (0,2) (0,3) (0,4) (1,0) (1,1) (1,2) (1,3) (1,4) (2,0) (2,1) (2,2) (3,0) (3,1) (3,2) (4,0) (4,1) (4,2)   also met at 13 more region(s)
  [5,4] MM[[5,4]] (1D) seats (0,0) (0,1) (0,2) (0,3) (0,4) (1,0) (1,1) (1,2) (1,3) (1,4) (2,0) (2,1) (3,0) (3,1) (4,0) (4,1) (5,0) (5,1) (6,0) (6,1)   also met at 3 more region(s)
  37   MM[37] (1D)  seats (0,0) (0,1) (0,2) (0,3) (0,4) (1,0) (1,1) (1,2) (1,3) (1,4) (2,0) (2,1) (2,2) (3,0) (3,1) (3,2) (4,0) (4,1) (4,2) (5,0) (5,1) (5,2) (6,0) (6,1) (6,2) (7,0) (7,1) (7,2) (8,0) (8,1) (8,2) (9,0) (9,1) (9,2) (10,0) (10,1) (10,2)   also met at 13 more region(s)
  23   MM[23] (1D)  seats (0,0) (0,1) (0,2) (0,3) (0,4) (0,5) (0,6) (1,0) (1,1) (1,2) (1,3) (1,4) (1,5) (1,6) (2,0) (2,1) (2,2) (3,0) (3,1) (3,2) (4,0) (4,1) (4,2)   also met at 13 more region(s)
  29   MM[29] (1D)  seats (0,0) (0,1) (0,2) (0,3) (0,4) (0,5) (0,6) (1,0) (1,1) (1,2) (1,3) (1,4) (1,5) (1,6) (2,0) (2,1) (2,2) (2,3) (2,4) (3,0) (3,1) (3,2) (3,3) (3,4) (4,0) (4,1) (4,2) (4,3) (4,4)   also met at 11 more region(s)
  41   MM[41] (1D)  seats (0,0) (0,1) (0,2) (0,3) (0,4) (0,5) (0,6) (1,0) (1,1) (1,2) (1,3) (1,4) (1,5) (1,6) (2,0) (2,1) (2,2) (3,0) (3,1) (3,2) (4,0) (4,1) (4,2) (5,0) (5,1) (5,2) (6,0) (6,1) (6,2) (7,0) (7,1) (7,2) (8,0) (8,1) (8,2) (9,0) (9,1) (9,2) (10,0) (10,1) (10,2)   also met at 15 more region(s)
  31   MM[31] (1D)  seats (0,0) (0,1) (0,2) (0,3) (0,4) (0,5) (0,6) (0,7) (0,8) (0,9) (0,10) (0,11) (0,12) (1,0) (1,1) (1,2) (1,3) (1,4) (1,5) (1,6) (1,7) (1,8) (1,9) (1,10) (1,11) (1,12) (2,0) (2,1) (2,2) (2,3) (2,4)   also met at 13 more region(s)
  [3,3,3] MM[[3,3,3]] (1D) seats (0,0) (0,1) (0,2) (0,3) (0,4) (0,5) (0,6) (0,7) (0,8) (0,9) (0,10) (0,11) (0,12) (1,0) (1,1) (1,2) (1,3) (1,4) (1,5) (1,6) (1,7) (1,8) (1,9) (1,10) (1,11) (1,12) (2,0)   also met at 11 more region(s)
  [[3,3],5] MM[[[3,3],5]] (1D) seats (0,0) (0,1) (0,2) (0,3) (0,4) (1,0) (1,1) (1,2) (1,3) (1,4) (2,0) (2,1) (2,2) (2,3) (2,4) (3,0) (3,1) (3,2) (4,0) (4,1) (4,2) (5,0) (5,1) (5,2) (6,0) (6,1) (6,2) (7,0) (7,1) (7,2) (8,0) (8,1) (8,2) (9,0) (9,1) (9,2) (10,0) (10,1) (10,2) (11,0) (11,1) (11,2) (12,0) (12,1) (12,2)   also met at 4 more region(s)
collapses (a rail ring this container's matrix is the resolution of):
  none

every address:   13{Q*([13,13]/O29, O29/[13,13], O29/4, 4/O29, O29/[2,3], [2,3]/O29, O29/[3,2], [3,2]/O29, O29/[5,2], [5,2]/O29, O29/[7,2], [7,2]/O29, O29/[13,2], [13,2]/O29, [13,3]/O29, O29/[13,3], [13,5]/O29, O29/[13,5], [13,7]/O29, O29/[13,7], [13,11]/O29, O29/[13,11], O29/[11,2], [11,2]/O29, O29/2₀, 2₀/O29, O29/2₁, 2₁/O29, O29/3₀, 3₀/O29, O29/3₁, 3₁/O29, O29/5₀, 5₀/O29, O29/7₀, 7₀/O29, O29/13₀, 13₀/O29, O29/11₀, 11₀/O29, 1/O29, [13,13]/O30, O30/[13,13], O30/4, 4/O30, O30/[2,3], [2,3]/O30, O30/[2,5], [2,5]/O30, O30/[3,2], [3,2]/O30, O30/[5,2], [5,2]/O30, O30/[7,2], [7,2]/O30, O30/[13,2], [13,2]/O30, [13,5]/O30, O30/[13,5], [13,7]/O30, O30/[13,7], [13,11]/O30, O30/[13,11], O30/[11,2], [11,2]/O30, O30/2₀, 2₀/O30, O30/2₁, 2₁/O30, O30/3₀, 3₀/O30, O30/3₁, 3₁/O30, O30/5₀, 5₀/O30, O30/5₁, 5₁/O30, O30/7₀, 7₀/O30, O30/13₀, 13₀/O30, O30/11₀, 11₀/O30, 1/O30, [13,13]/O31, O31/[13,13], O31/4, 4/O31, O31/[2,3], [2,3]/O31, O31/[2,5], [2,5]/O31, O31/[3,2], [3,2]/O31, O31/[3,3], [3,3]/O31, O31/[5,2], [5,2]/O31, O31/[5,3], [5,3]/O31, O31/[7,2], [7,2]/O31, O31/[7,3], [7,3]/O31, O31/[13,2], [13,2]/O31, O31/[13,3], [13,3]/O31, [13,5]/O31, O31/[13,5], [13,7]/O31, O31/[13,7], [13,11]/O31, O31/[13,11], O31/[11,2], [11,2]/O31, O31/[11,3], [11,3]/O31, O31/2₀, 2₀/O31, O31/2₁, 2₁/O31, O31/3₀, 3₀/O31, O31/3₁, 3₁/O31, O31/5₀, 5₀/O31, O31/5₁, 5₁/O31, O31/7₀, 7₀/O31, O31/13₀, 13₀/O31, O31/11₀, 11₀/O31, 1/O31, [13,13]/O32, O32/[13,13], O32/4, 4/O32, O32/[2,3], [2,3]/O32, O32/[2,5], [2,5]/O32, [2,13]/O32, O32/[2,13], [3,13]/O32, O32/[3,13], [5,13]/O32, O32/[5,13], [7,13]/O32, O32/[7,13], [11,13]/O32, O32/[11,13], O32/2₀, 2₀/O32, O32/2₁, 2₁/O32, O32/3₁, 3₁/O32, O32/5₁, 5₁/O32, O32/7₁, 7₁/O32, O32/13₁, 13₁/O32, O32/11₁, 11₁/O32, 1/O32, [13,13]/O33, O33/[13,13], O33/4, 4/O33, O33/[2,3], [2,3]/O33, O33/[2,5], [2,5]/O33, O33/[2,7], [2,7]/O33, O33/[3,2], [3,2]/O33, O33/[5,2], [5,2]/O33, O33/[7,2], [7,2]/O33, O33/[13,2], [13,2]/O33, [13,7]/O33, O33/[13,7], [13,11]/O33, O33/[13,11], O33/[11,2], [11,2]/O33, O33/2₀, 2₀/O33, O33/2₁, 2₁/O33, O33/3₀, 3₀/O33, O33/3₁, 3₁/O33, O33/5₀, 5₀/O33, O33/5₁, 5₁/O33, O33/7₀, 7₀/O33, O33/7₁, 7₁/O33, O33/13₀, 13₀/O33, O33/11₀, 11₀/O33, 1/O33, [13,13]/O34, O34/[13,13], O34/4, 4/O34, O34/[2,3], [2,3]/O34, O34/[2,5], [2,5]/O34, O34/[2,7], [2,7]/O34, O34/[3,2], [3,2]/O34, O34/[3,3], [3,3]/O34, O34/[5,2], [5,2]/O34, O34/[5,3], [5,3]/O34, O34/[7,2], [7,2]/O34, O34/[7,3], [7,3]/O34, O34/[13,2], [13,2]/O34, O34/[13,3], [13,3]/O34, [13,7]/O34, O34/[13,7], [13,11]/O34, O34/[13,11], O34/[11,2], [11,2]/O34, O34/[11,3], [11,3]/O34, O34/2₀, 2₀/O34, O34/2₁, 2₁/O34, O34/3₀, 3₀/O34, O34/3₁, 3₁/O34, O34/5₀, 5₀/O34, O34/5₁, 5₁/O34, O34/7₀, 7₀/O34, O34/7₁, 7₁/O34, O34/13₀, 13₀/O34, O34/11₀, 11₀/O34, 1/O34, [13,13]/O35, O35/[13,13], O35/4, 4/O35, O35/[2,3], [2,3]/O35, O35/[2,5], [2,5]/O35, O35/[2,7], [2,7]/O35, O35/[3,2], [3,2]/O35, O35/[3,3], [3,3]/O35, O35/[3,5], [3,5]/O35, O35/[5,2], [5,2]/O35, O35/[5,3], [5,3]/O35, O35/[5,5], [5,5]/O35, O35/[7,2], [7,2]/O35, O35/[7,3], [7,3]/O35, O35/[7,5], [7,5]/O35, O35/[13,2], [13,2]/O35, O35/[13,3], [13,3]/O35, O35/[13,5], [13,5]/O35, [13,7]/O35, O35/[13,7], [13,11]/O35, O35/[13,11], O35/[11,2], [11,2]/O35, O35/[11,3], [11,3]/O35, O35/[11,5], [11,5]/O35, O35/2₀, 2₀/O35, O35/2₁, 2₁/O35, O35/3₀, 3₀/O35, O35/3₁, 3₁/O35, O35/5₀, 5₀/O35, O35/5₁, 5₁/O35, O35/7₀, 7₀/O35, O35/7₁, 7₁/O35, O35/13₀, 13₀/O35, O35/11₀, 11₀/O35, 1/O35, [13,13]/O36, O36/[13,13], O36/4, 4/O36, O36/[2,3], [2,3]/O36, O36/[2,5], [2,5]/O36, O36/[2,7], [2,7]/O36, O36/[3,2], [3,2]/O36, O36/[3,3], [3,3]/O36, O36/[3,5], [3,5]/O36, O36/[5,2], [5,2]/O36, O36/[5,3], [5,3]/O36, O36/[5,5], [5,5]/O36, O36/[7,2], [7,2]/O36, O36/[7,3], [7,3]/O36, O36/[7,5], [7,5]/O36, [13,7]/O36, O36/[13,7], [13,11]/O36, O36/[13,11], O36/[11,2], [11,2]/O36, O36/[11,3], [11,3]/O36, O36/[11,5], [11,5]/O36, [11,7]/O36, O36/[11,7], [11,13]/O36, O36/[11,13], [11,11]/O36, O36/[11,11], O36/2₀, 2₀/O36, O36/2₁, 2₁/O36, O36/3₀, 3₀/O36, O36/3₁, 3₁/O36, O36/5₀, 5₀/O36, O36/5₁, 5₁/O36, O36/7₀, 7₀/O36, O36/7₁, 7₁/O36, O36/11₀, 11₀/O36, 1/O36, [13,13]/O37, O37/[13,13], O37/4, 4/O37, O37/[2,3], [2,3]/O37, O37/[2,5], [2,5]/O37, O37/[2,7], [2,7]/O37, O37/[2,13], [2,13]/O37, O37/[2,11], [2,11]/O37, O37/[3,2], [3,2]/O37, O37/[3,3], [3,3]/O37, O37/[3,5], [3,5]/O37, O37/[5,2], [5,2]/O37, O37/[5,3], [5,3]/O37, O37/[5,5], [5,5]/O37, O37/[7,2], [7,2]/O37, O37/[7,3], [7,3]/O37, O37/[7,5], [7,5]/O37, [7,13]/O37, O37/[7,13], [11,13]/O37, O37/[11,13], O37/2₀, 2₀/O37, O37/2₁, 2₁/O37, O37/3₀, 3₀/O37, O37/3₁, 3₁/O37, O37/5₀, 5₀/O37, O37/5₁, 5₁/O37, O37/7₀, 7₀/O37, O37/7₁, 7₁/O37, O37/13₁, 13₁/O37, O37/11₁, 11₁/O37, 1/O37, [13,13]/O38, O38/[13,13], O38/4, 4/O38, O38/[2,3], [2,3]/O38, O38/[2,5], [2,5]/O38, O38/[2,7], [2,7]/O38, O38/[2,13], [2,13]/O38, O38/[2,11], [2,11]/O38, O38/[3,2], [3,2]/O38, O38/[3,3], [3,3]/O38, O38/[3,5], [3,5]/O38, O38/[3,7], [3,7]/O38, O38/[5,2], [5,2]/O38, O38/[5,3], [5,3]/O38, O38/[5,5], [5,5]/O38, O38/[5,7], [5,7]/O38, O38/[7,2], [7,2]/O38, O38/[7,3], [7,3]/O38, O38/[7,5], [7,5]/O38, O38/[7,7], [7,7]/O38, [7,13]/O38, O38/[7,13], [11,13]/O38, O38/[11,13], O38/2₀, 2₀/O38, O38/2₁, 2₁/O38, O38/3₀, 3₀/O38, O38/3₁, 3₁/O38, O38/5₀, 5₀/O38, O38/5₁, 5₁/O38, O38/7₀, 7₀/O38, O38/7₁, 7₁/O38, O38/13₁, 13₁/O38, O38/11₁, 11₁/O38, 1/O38, [13,13]/O39, O39/[13,13], O39/4, 4/O39, O39/[2,3], [2,3]/O39, O39/[2,5], [2,5]/O39, O39/[2,7], [2,7]/O39, O39/[2,13], [2,13]/O39, O39/[2,11], [2,11]/O39, O39/[3,2], [3,2]/O39, O39/[3,3], [3,3]/O39, O39/[3,5], [3,5]/O39, O39/[3,7], [3,7]/O39, O39/[3,11], [3,11]/O39, O39/[5,2], [5,2]/O39, O39/[5,3], [5,3]/O39, O39/[5,5], [5,5]/O39, O39/[5,7], [5,7]/O39, O39/[5,11], [5,11]/O39, O39/[7,2], [7,2]/O39, O39/[7,3], [7,3]/O39, O39/[7,5], [7,5]/O39, O39/[7,7], [7,7]/O39, [7,13]/O39, O39/[7,13], O39/[7,11], [7,11]/O39, [11,13]/O39, O39/[11,13], O39/2₀, 2₀/O39, O39/2₁, 2₁/O39, O39/3₀, 3₀/O39, O39/3₁, 3₁/O39, O39/5₀, 5₀/O39, O39/5₁, 5₁/O39, O39/7₀, 7₀/O39, O39/7₁, 7₁/O39, O39/13₁, 13₁/O39, O39/11₁, 11₁/O39, 1/O39, [13,13]/O40, O40/[13,13], O40/4, 4/O40, O40/[2,3], [2,3]/O40, O40/[2,5], [2,5]/O40, O40/[2,7], [2,7]/O40, O40/[2,13], [2,13]/O40, O40/[2,11], [2,11]/O40, O40/[3,2], [3,2]/O40, O40/[5,2], [5,2]/O40, O40/[7,2], [7,2]/O40, O40/[13,2], [13,2]/O40, O40/[11,2], [11,2]/O40, O40/2₀, 2₀/O40, O40/2₁, 2₁/O40, O40/3₀, 3₀/O40, O40/3₁, 3₁/O40, O40/5₀, 5₀/O40, O40/5₁, 5₁/O40, O40/7₀, 7₀/O40, O40/7₁, 7₁/O40, O40/13₀, 13₀/O40, O40/13₁, 13₁/O40, O40/11₀, 11₀/O40, O40/11₁, 11₁/O40, 1/O40, [13,13]/O41, O41/[13,13], O41/4, 4/O41, O41/[2,3], [2,3]/O41, O41/[2,5], [2,5]/O41, O41/[2,7], [2,7]/O41, O41/[2,13], [2,13]/O41, O41/[2,11], [2,11]/O41, O41/[3,2], [3,2]/O41, O41/[3,3], [3,3]/O41, O41/[3,5], [3,5]/O41, O41/[3,7], [3,7]/O41, O41/[5,2], [5,2]/O41, O41/[5,3], [5,3]/O41, O41/[5,5], [5,5]/O41, O41/[5,7], [5,7]/O41, O41/[7,2], [7,2]/O41, O41/[7,3], [7,3]/O41, O41/[7,5], [7,5]/O41, O41/[7,7], [7,7]/O41, O41/[13,2], [13,2]/O41, O41/[13,3], [13,3]/O41, O41/[13,5], [13,5]/O41, O41/[13,7], [13,7]/O41, O41/[11,2], [11,2]/O41, O41/[11,3], [11,3]/O41, O41/[11,5], [11,5]/O41, O41/[11,7], [11,7]/O41, O41/2₀, 2₀/O41, O41/2₁, 2₁/O41, O41/3₀, 3₀/O41, O41/3₁, 3₁/O41, O41/5₀, 5₀/O41, O41/5₁, 5₁/O41, O41/7₀, 7₀/O41, O41/7₁, 7₁/O41, O41/13₀, 13₀/O41, O41/13₁, 13₁/O41, O41/11₀, 11₀/O41, O41/11₁, 11₁/O41, 1/O41, [13,13]/O42, O42/[13,13], O42/4, 4/O42, O42/[2,3], [2,3]/O42, O42/[2,5], [2,5]/O42, O42/[2,7], [2,7]/O42, O42/[2,13], [2,13]/O42, O42/[2,11], [2,11]/O42, O42/[3,2], [3,2]/O42, O42/[3,3], [3,3]/O42, O42/[3,5], [3,5]/O42, O42/[3,7], [3,7]/O42, O42/[3,11], [3,11]/O42, O42/[5,2], [5,2]/O42, O42/[5,3], [5,3]/O42, O42/[5,5], [5,5]/O42, O42/[5,7], [5,7]/O42, O42/[5,11], [5,11]/O42, O42/[7,2], [7,2]/O42, O42/[7,3], [7,3]/O42, O42/[7,5], [7,5]/O42, O42/[7,7], [7,7]/O42, O42/[7,11], [7,11]/O42, O42/[13,2], [13,2]/O42, O42/[13,3], [13,3]/O42, O42/[13,5], [13,5]/O42, O42/[13,7], [13,7]/O42, O42/[13,11], [13,11]/O42, O42/[11,2], [11,2]/O42, O42/[11,3], [11,3]/O42, O42/[11,5], [11,5]/O42, O42/[11,7], [11,7]/O42, O42/[11,11], [11,11]/O42, O42/2₀, 2₀/O42, O42/2₁, 2₁/O42, O42/3₀, 3₀/O42, O42/3₁, 3₁/O42, O42/5₀, 5₀/O42, O42/5₁, 5₁/O42, O42/7₀, 7₀/O42, O42/7₁, 7₁/O42, O42/13₀, 13₀/O42, O42/13₁, 13₁/O42, O42/11₀, 11₀/O42, O42/11₁, 11₁/O42, 1/O42, [13,13]/O43, O43/[13,13], O43/4, 4/O43, O43/[2,3], [2,3]/O43, O43/[2,5], [2,5]/O43, O43/[2,7], [2,7]/O43, O43/[2,13], [2,13]/O43, O43/[2,11], [2,11]/O43, O43/[3,2], [3,2]/O43, O43/[5,2], [5,2]/O43, O43/[7,2], [7,2]/O43, O43/[11,2], [11,2]/O43, [11,13]/O43, O43/[11,13], O43/2₀, 2₀/O43, O43/2₁, 2₁/O43, O43/3₀, 3₀/O43, O43/3₁, 3₁/O43, O43/5₀, 5₀/O43, O43/5₁, 5₁/O43, O43/7₀, 7₀/O43, O43/7₁, 7₁/O43, O43/13₁, 13₁/O43, O43/11₀, 11₀/O43, O43/11₁, 11₁/O43, 1/O43, [13,13]/O44, O44/[13,13], O44/4, 4/O44, O44/[2,3], [2,3]/O44, O44/[2,5], [2,5]/O44, O44/[2,7], [2,7]/O44, O44/[2,13], [2,13]/O44, O44/[2,11], [2,11]/O44, O44/[3,2], [3,2]/O44, O44/[3,3], [3,3]/O44, O44/[5,2], [5,2]/O44, O44/[5,3], [5,3]/O44, O44/[7,2], [7,2]/O44, O44/[7,3], [7,3]/O44, O44/[11,2], [11,2]/O44, O44/[11,3], [11,3]/O44, [11,13]/O44, O44/[11,13], O44/2₀, 2₀/O44, O44/2₁, 2₁/O44, O44/3₀, 3₀/O44, O44/3₁, 3₁/O44, O44/5₀, 5₀/O44, O44/5₁, 5₁/O44, O44/7₀, 7₀/O44, O44/7₁, 7₁/O44, O44/13₁, 13₁/O44, O44/11₀, 11₀/O44, O44/11₁, 11₁/O44, 1/O44, [13,13]/O45, O45/[13,13], O45/4, 4/O45, O45/[2,3], [2,3]/O45, O45/[2,5], [2,5]/O45, O45/[2,7], [2,7]/O45, O45/[2,13], [2,13]/O45, O45/[2,11], [2,11]/O45, O45/[3,2], [3,2]/O45, O45/[3,3], [3,3]/O45, O45/[3,5], [3,5]/O45, O45/[5,2], [5,2]/O45, O45/[5,3], [5,3]/O45, O45/[5,5], [5,5]/O45, O45/[7,2], [7,2]/O45, O45/[7,3], [7,3]/O45, O45/[7,5], [7,5]/O45, O45/[11,2], [11,2]/O45, O45/[11,3], [11,3]/O45, O45/[11,5], [11,5]/O45, [11,13]/O45, O45/[11,13], O45/2₀, 2₀/O45, O45/2₁, 2₁/O45, O45/3₀, 3₀/O45, O45/3₁, 3₁/O45, O45/5₀, 5₀/O45, O45/5₁, 5₁/O45, O45/7₀, 7₀/O45, O45/7₁, 7₁/O45, O45/13₁, 13₁/O45, O45/11₀, 11₀/O45, O45/11₁, 11₁/O45, 1/O45, [13,13]/O46, O46/[13,13], O46/4, 4/O46, O46/[2,3], [2,3]/O46, O46/[2,5], [2,5]/O46, O46/[2,7], [2,7]/O46, O46/[2,13], [2,13]/O46, O46/[2,11], [2,11]/O46, O46/[3,2], [3,2]/O46, O46/[3,3], [3,3]/O46, O46/[3,5], [3,5]/O46, O46/[3,7], [3,7]/O46, O46/[5,2], [5,2]/O46, O46/[5,3], [5,3]/O46, O46/[5,5], [5,5]/O46, O46/[5,7], [5,7]/O46, O46/[7,2], [7,2]/O46, O46/[7,3], [7,3]/O46, O46/[7,5], [7,5]/O46, O46/[7,7], [7,7]/O46, O46/[11,2], [11,2]/O46, O46/[11,3], [11,3]/O46, O46/[11,5], [11,5]/O46, O46/[11,7], [11,7]/O46, [11,13]/O46, O46/[11,13], O46/2₀, 2₀/O46, O46/2₁, 2₁/O46, O46/3₀, 3₀/O46, O46/3₁, 3₁/O46, O46/5₀, 5₀/O46, O46/5₁, 5₁/O46, O46/7₀, 7₀/O46, O46/7₁, 7₁/O46, O46/13₁, 13₁/O46, O46/11₀, 11₀/O46, O46/11₁, 11₁/O46, 1/O46, [13,13]/O47, O47/[13,13], O47/4, 4/O47, O47/[2,3], [2,3]/O47, O47/[2,5], [2,5]/O47, O47/[2,7], [2,7]/O47, O47/[2,13], [2,13]/O47, O47/[2,11], [2,11]/O47, O47/[3,2], [3,2]/O47, O47/[3,3], [3,3]/O47, O47/[3,5], [3,5]/O47, O47/[3,7], [3,7]/O47, O47/[3,11], [3,11]/O47, O47/[5,2], [5,2]/O47, O47/[5,3], [5,3]/O47, O47/[5,5], [5,5]/O47, O47/[5,7], [5,7]/O47, O47/[5,11], [5,11]/O47, O47/[7,2], [7,2]/O47, O47/[7,3], [7,3]/O47, O47/[7,5], [7,5]/O47, O47/[7,7], [7,7]/O47, O47/[7,11], [7,11]/O47, O47/[11,2], [11,2]/O47, O47/[11,3], [11,3]/O47, O47/[11,5], [11,5]/O47, O47/[11,7], [11,7]/O47, [11,13]/O47, O47/[11,13], O47/[11,11], [11,11]/O47, O47/2₀, 2₀/O47, O47/2₁, 2₁/O47, O47/3₀, 3₀/O47, O47/3₁, 3₁/O47, O47/5₀, 5₀/O47, O47/5₁, 5₁/O47, O47/7₀, 7₀/O47, O47/7₁, 7₁/O47, O47/13₁, 13₁/O47, O47/11₀, 11₀/O47, O47/11₁, 11₁/O47, 1/O47, [13,13]/O48, O48/[13,13], O48/4, 4/O48, O48/[2,3], [2,3]/O48, O48/[2,5], [2,5]/O48, O48/[2,7], [2,7]/O48, O48/[2,11], [2,11]/O48, O48/[3,2], [3,2]/O48, O48/[3,3], [3,3]/O48, O48/[3,5], [3,5]/O48, O48/[3,7], [3,7]/O48, O48/[5,2], [5,2]/O48, O48/[5,3], [5,3]/O48, O48/[5,5], [5,5]/O48, O48/[5,7], [5,7]/O48, O48/[7,2], [7,2]/O48, O48/[7,3], [7,3]/O48, O48/[7,5], [7,5]/O48, O48/[7,7], [7,7]/O48, [7,13]/O48, O48/[7,13], [7,11]/O48, O48/[7,11], [13,11]/O48, O48/[13,11], [11,13]/O48, O48/[11,13], [11,11]/O48, O48/[11,11], O48/2₀, 2₀/O48, O48/2₁, 2₁/O48, O48/3₀, 3₀/O48, O48/3₁, 3₁/O48, O48/5₀, 5₀/O48, O48/5₁, 5₁/O48, O48/7₀, 7₀/O48, O48/7₁, 7₁/O48, O48/11₁, 11₁/O48, 1/O48, [13,13]/O49, O49/[13,13], O49/4, 4/O49, O49/[2,3], [2,3]/O49, O49/[2,5], [2,5]/O49, O49/[2,7], [2,7]/O49, O49/[2,11], [2,11]/O49, O49/[3,2], [3,2]/O49, O49/[3,3], [3,3]/O49, O49/[3,5], [3,5]/O49, O49/[3,7], [3,7]/O49, O49/[5,2], [5,2]/O49, O49/[5,3], [5,3]/O49, O49/[5,5], [5,5]/O49, O49/[5,7], [5,7]/O49, O49/[7,2], [7,2]/O49, O49/[7,3], [7,3]/O49, O49/[7,5], [7,5]/O49, O49/[7,7], [7,7]/O49, O49/[13,2], [13,2]/O49, O49/[13,3], [13,3]/O49, O49/[13,5], [13,5]/O49, O49/[13,7], [13,7]/O49, [13,11]/O49, O49/[13,11], O49/[11,2], [11,2]/O49, O49/[11,3], [11,3]/O49, O49/[11,5], [11,5]/O49, O49/[11,7], [11,7]/O49, O49/2₀, 2₀/O49, O49/2₁, 2₁/O49, O49/3₀, 3₀/O49, O49/3₁, 3₁/O49, O49/5₀, 5₀/O49, O49/5₁, 5₁/O49, O49/7₀, 7₀/O49, O49/7₁, 7₁/O49, O49/13₀, 13₀/O49, O49/11₀, 11₀/O49, O49/11₁, 11₁/O49, 1/O49, [13,13]/O50, O50/[13,13], O50/4, 4/O50, O50/[2,3], [2,3]/O50, O50/[2,5], [2,5]/O50, O50/[2,7], [2,7]/O50, O50/[2,11], [2,11]/O50, O50/[3,2], [3,2]/O50, O50/[5,2], [5,2]/O50, O50/[7,2], [7,2]/O50, [13,11]/O50, O50/[13,11], O50/[11,2], [11,2]/O50, [11,13]/O50, O50/[11,13], [11,11]/O50, O50/[11,11], O50/2₀, 2₀/O50, O50/2₁, 2₁/O50, O50/3₀, 3₀/O50, O50/3₁, 3₁/O50, O50/5₀, 5₀/O50, O50/5₁, 5₁/O50, O50/7₀, 7₀/O50, O50/7₁, 7₁/O50, O50/11₀, 11₀/O50, O50/11₁, 11₁/O50, 1/O50, [13,13]/O51, O51/[13,13], O51/4, 4/O51, O51/[2,3], [2,3]/O51, O51/[2,5], [2,5]/O51, O51/[2,7], [2,7]/O51, O51/[2,11], [2,11]/O51, O51/[3,2], [3,2]/O51, O51/[3,3], [3,3]/O51, O51/[3,5], [3,5]/O51, O51/[5,2], [5,2]/O51, O51/[5,3], [5,3]/O51, O51/[5,5], [5,5]/O51, O51/[7,2], [7,2]/O51, O51/[7,3], [7,3]/O51, O51/[7,5], [7,5]/O51, [13,11]/O51, O51/[13,11], O51/[11,2], [11,2]/O51, O51/[11,3], [11,3]/O51, O51/[11,5], [11,5]/O51, [11,13]/O51, O51/[11,13], [11,11]/O51, O51/[11,11], O51/2₀, 2₀/O51, O51/2₁, 2₁/O51, O51/3₀, 3₀/O51, O51/3₁, 3₁/O51, O51/5₀, 5₀/O51, O51/5₁, 5₁/O51, O51/7₀, 7₀/O51, O51/7₁, 7₁/O51, O51/11₀, 11₀/O51, O51/11₁, 11₁/O51, 1/O51, [13,13]/O52, O52/[13,13], O52/4, 4/O52, O52/[2,3], [2,3]/O52, O52/[2,5], [2,5]/O52, O52/[2,7], [2,7]/O52, O52/[2,11], [2,11]/O52, O52/[3,2], [3,2]/O52, O52/[3,3], [3,3]/O52, O52/[3,5], [3,5]/O52, O52/[3,7], [3,7]/O52, O52/[5,2], [5,2]/O52, O52/[5,3], [5,3]/O52, O52/[5,5], [5,5]/O52, O52/[5,7], [5,7]/O52, O52/[7,2], [7,2]/O52, O52/[7,3], [7,3]/O52, O52/[7,5], [7,5]/O52, O52/[7,7], [7,7]/O52, [13,11]/O52, O52/[13,11], O52/[11,2], [11,2]/O52, O52/[11,3], [11,3]/O52, O52/[11,5], [11,5]/O52, O52/[11,7], [11,7]/O52, [11,13]/O52, O52/[11,13], [11,11]/O52, O52/[11,11], O52/2₀, 2₀/O52, O52/2₁, 2₁/O52, O52/3₀, 3₀/O52, O52/3₁, 3₁/O52, O52/5₀, 5₀/O52, O52/5₁, 5₁/O52, O52/7₀, 7₀/O52, O52/7₁, 7₁/O52, O52/11₀, 11₀/O52, O52/11₁, 11₁/O52, 1/O52, [13,13]/O53, O53/[13,13], O53/4, 4/O53, O53/[2,3], [2,3]/O53, O53/[2,5], [2,5]/O53, O53/[2,7], [2,7]/O53, O53/[2,13], [2,13]/O53, O53/[2,11], [2,11]/O53, O53/[3,2], [3,2]/O53, O53/[3,3], [3,3]/O53, O53/[3,5], [3,5]/O53, O53/[3,7], [3,7]/O53, O53/[3,13], [3,13]/O53, O53/[3,11], [3,11]/O53, O53/[5,2], [5,2]/O53, O53/[5,3], [5,3]/O53, O53/[5,5], [5,5]/O53, O53/[5,7], [5,7]/O53, O53/[5,11], [5,11]/O53, O53/[7,2], [7,2]/O53, O53/[7,3], [7,3]/O53, O53/[7,5], [7,5]/O53, O53/[7,7], [7,7]/O53, [7,13]/O53, O53/[7,13], O53/[7,11], [7,11]/O53, [11,13]/O53, O53/[11,13], O53/2₀, 2₀/O53, O53/2₁, 2₁/O53, O53/3₀, 3₀/O53, O53/3₁, 3₁/O53, O53/5₀, 5₀/O53, O53/5₁, 5₁/O53, O53/7₀, 7₀/O53, O53/7₁, 7₁/O53, O53/13₁, 13₁/O53, O53/11₁, 11₁/O53, 1/O53, [13,13]/O54, O54/[13,13], O54/4, 4/O54, O54/[2,3], [2,3]/O54, O54/[2,5], [2,5]/O54, O54/[2,7], [2,7]/O54, O54/[2,13], [2,13]/O54, O54/[2,11], [2,11]/O54, O54/[3,2], [3,2]/O54, O54/[3,3], [3,3]/O54, O54/[3,5], [3,5]/O54, O54/[3,7], [3,7]/O54, O54/[3,13], [3,13]/O54, O54/[3,11], [3,11]/O54, O54/[5,2], [5,2]/O54, O54/[5,3], [5,3]/O54, O54/[5,5], [5,5]/O54, O54/[5,7], [5,7]/O54, O54/[7,2], [7,2]/O54, O54/[7,3], [7,3]/O54, O54/[7,5], [7,5]/O54, O54/[7,7], [7,7]/O54, O54/[13,2], [13,2]/O54, O54/[13,3], [13,3]/O54, O54/[13,5], [13,5]/O54, O54/[13,7], [13,7]/O54, O54/[11,2], [11,2]/O54, O54/[11,3], [11,3]/O54, O54/[11,5], [11,5]/O54, O54/[11,7], [11,7]/O54, O54/2₀, 2₀/O54, O54/2₁, 2₁/O54, O54/3₀, 3₀/O54, O54/3₁, 3₁/O54, O54/5₀, 5₀/O54, O54/5₁, 5₁/O54, O54/7₀, 7₀/O54, O54/7₁, 7₁/O54, O54/13₀, 13₀/O54, O54/13₁, 13₁/O54, O54/11₀, 11₀/O54, O54/11₁, 11₁/O54, 1/O54, [13,13]/O55, O55/[13,13], O55/4, 4/O55, O55/[2,3], [2,3]/O55, O55/[2,5], [2,5]/O55, O55/[2,7], [2,7]/O55, O55/[2,13], [2,13]/O55, O55/[2,11], [2,11]/O55, O55/[3,2], [3,2]/O55, O55/[3,3], [3,3]/O55, O55/[3,5], [3,5]/O55, O55/[3,7], [3,7]/O55, O55/[3,13], [3,13]/O55, O55/[3,11], [3,11]/O55, O55/[5,2], [5,2]/O55, O55/[5,3], [5,3]/O55, O55/[5,5], [5,5]/O55, O55/[5,7], [5,7]/O55, O55/[5,11], [5,11]/O55, O55/[7,2], [7,2]/O55, O55/[7,3], [7,3]/O55, O55/[7,5], [7,5]/O55, O55/[7,7], [7,7]/O55, O55/[7,11], [7,11]/O55, O55/[13,2], [13,2]/O55, O55/[13,3], [13,3]/O55, O55/[13,5], [13,5]/O55, O55/[13,7], [13,7]/O55, O55/[13,11], [13,11]/O55, O55/[11,2], [11,2]/O55, O55/[11,3], [11,3]/O55, O55/[11,5], [11,5]/O55, O55/[11,7], [11,7]/O55, O55/[11,11], [11,11]/O55, O55/2₀, 2₀/O55, O55/2₁, 2₁/O55, O55/3₀, 3₀/O55, O55/3₁, 3₁/O55, O55/5₀, 5₀/O55, O55/5₁, 5₁/O55, O55/7₀, 7₀/O55, O55/7₁, 7₁/O55, O55/13₀, 13₀/O55, O55/13₁, 13₁/O55, O55/11₀, 11₀/O55, O55/11₁, 11₁/O55, 1/O55, [13,13]/O56, O56/[13,13], O56/4, 4/O56, O56/[2,3], [2,3]/O56, O56/[2,5], [2,5]/O56, O56/[2,7], [2,7]/O56, O56/[2,13], [2,13]/O56, O56/[2,11], [2,11]/O56, O56/[3,2], [3,2]/O56, O56/[3,3], [3,3]/O56, O56/[3,5], [3,5]/O56, O56/[3,7], [3,7]/O56, O56/[3,13], [3,13]/O56, O56/[3,11], [3,11]/O56, O56/[5,2], [5,2]/O56, O56/[5,3], [5,3]/O56, O56/[7,2], [7,2]/O56, O56/[7,3], [7,3]/O56, O56/[11,2], [11,2]/O56, O56/[11,3], [11,3]/O56, [11,13]/O56, O56/[11,13], O56/2₀, 2₀/O56, O56/2₁, 2₁/O56, O56/3₀, 3₀/O56, O56/3₁, 3₁/O56, O56/5₀, 5₀/O56, O56/5₁, 5₁/O56, O56/7₀, 7₀/O56, O56/7₁, 7₁/O56, O56/13₁, 13₁/O56, O56/11₀, 11₀/O56, O56/11₁, 11₁/O56, 1/O56, [13,13]/O57, O57/[13,13], O57/4, 4/O57, O57/[2,3], [2,3]/O57, O57/[2,5], [2,5]/O57, O57/[2,7], [2,7]/O57, O57/[2,13], [2,13]/O57, O57/[2,11], [2,11]/O57, O57/[3,2], [3,2]/O57, O57/[3,3], [3,3]/O57, O57/[3,5], [3,5]/O57, O57/[3,7], [3,7]/O57, O57/[3,13], [3,13]/O57, O57/[3,11], [3,11]/O57, O57/[5,2], [5,2]/O57, O57/[5,3], [5,3]/O57, O57/[5,5], [5,5]/O57, O57/[7,2], [7,2]/O57, O57/[7,3], [7,3]/O57, O57/[7,5], [7,5]/O57, O57/[11,2], [11,2]/O57, O57/[11,3], [11,3]/O57, O57/[11,5], [11,5]/O57, [11,13]/O57, O57/[11,13], O57/2₀, 2₀/O57, O57/2₁, 2₁/O57, O57/3₀, 3₀/O57, O57/3₁, 3₁/O57, O57/5₀, 5₀/O57, O57/5₁, 5₁/O57, O57/7₀, 7₀/O57, O57/7₁, 7₁/O57, O57/13₁, 13₁/O57, O57/11₀, 11₀/O57, O57/11₁, 11₁/O57, 1/O57, [13,13]/O58, O58/[13,13], O58/4, 4/O58, O58/[2,3], [2,3]/O58, O58/[2,5], [2,5]/O58, O58/[2,7], [2,7]/O58, O58/[2,13], [2,13]/O58, O58/[2,11], [2,11]/O58, O58/[3,2], [3,2]/O58, O58/[3,3], [3,3]/O58, O58/[3,5], [3,5]/O58, O58/[3,7], [3,7]/O58, O58/[3,13], [3,13]/O58, O58/[3,11], [3,11]/O58, O58/[5,2], [5,2]/O58, O58/[5,3], [5,3]/O58, O58/[5,5], [5,5]/O58, O58/[5,7], [5,7]/O58, O58/[7,2], [7,2]/O58, O58/[7,3], [7,3]/O58, O58/[7,5], [7,5]/O58, O58/[7,7], [7,7]/O58, O58/[11,2], [11,2]/O58, O58/[11,3], [11,3]/O58, O58/[11,5], [11,5]/O58, O58/[11,7], [11,7]/O58, [11,13]/O58, O58/[11,13], O58/2₀, 2₀/O58, O58/2₁, 2₁/O58, O58/3₀, 3₀/O58, O58/3₁, 3₁/O58, O58/5₀, 5₀/O58, O58/5₁, 5₁/O58, O58/7₀, 7₀/O58, O58/7₁, 7₁/O58, O58/13₁, 13₁/O58, O58/11₀, 11₀/O58, O58/11₁, 11₁/O58, 1/O58, [13,13]/O59, O59/[13,13], O59/4, 4/O59, O59/[2,3], [2,3]/O59, O59/[2,5], [2,5]/O59, O59/[2,7], [2,7]/O59, O59/[2,13], [2,13]/O59, O59/[2,11], [2,11]/O59, O59/[3,2], [3,2]/O59, O59/[3,3], [3,3]/O59, O59/[3,5], [3,5]/O59, O59/[3,7], [3,7]/O59, O59/[3,13], [3,13]/O59, O59/[3,11], [3,11]/O59, O59/[5,2], [5,2]/O59, O59/[5,3], [5,3]/O59, O59/[5,5], [5,5]/O59, O59/[5,7], [5,7]/O59, O59/[5,11], [5,11]/O59, O59/[7,2], [7,2]/O59, O59/[7,3], [7,3]/O59, O59/[7,5], [7,5]/O59, O59/[7,7], [7,7]/O59, O59/[7,11], [7,11]/O59, O59/[11,2], [11,2]/O59, O59/[11,3], [11,3]/O59, O59/[11,5], [11,5]/O59, O59/[11,7], [11,7]/O59, [11,13]/O59, O59/[11,13], O59/[11,11], [11,11]/O59, O59/2₀, 2₀/O59, O59/2₁, 2₁/O59, O59/3₀, 3₀/O59, O59/3₁, 3₁/O59, O59/5₀, 5₀/O59, O59/5₁, 5₁/O59, O59/7₀, 7₀/O59, O59/7₁, 7₁/O59, O59/13₁, 13₁/O59, O59/11₀, 11₀/O59, O59/11₁, 11₁/O59, 1/O59, [13,13]/O60, O60/[13,13], O60/4, 4/O60, O60/[2,3], [2,3]/O60, O60/[2,5], [2,5]/O60, O60/[2,7], [2,7]/O60, O60/[2,11], [2,11]/O60, O60/[3,2], [3,2]/O60, O60/[3,3], [3,3]/O60, O60/[3,5], [3,5]/O60, O60/[3,7], [3,7]/O60, O60/[3,11], [3,11]/O60, O60/[5,2], [5,2]/O60, O60/[5,3], [5,3]/O60, O60/[5,5], [5,5]/O60, O60/[7,2], [7,2]/O60, O60/[7,3], [7,3]/O60, O60/[7,5], [7,5]/O60, [13,11]/O60, O60/[13,11], O60/[11,2], [11,2]/O60, O60/[11,3], [11,3]/O60, O60/[11,5], [11,5]/O60, [11,13]/O60, O60/[11,13], [11,11]/O60, O60/[11,11], O60/2₀, 2₀/O60, O60/2₁, 2₁/O60, O60/3₀, 3₀/O60, O60/3₁, 3₁/O60, O60/5₀, 5₀/O60, O60/5₁, 5₁/O60, O60/7₀, 7₀/O60, O60/7₁, 7₁/O60, O60/11₀, 11₀/O60, O60/11₁, 11₁/O60, 1/O60, [13,13]/O61, O61/[13,13], O61/4, 4/O61, O61/[2,3], [2,3]/O61, O61/[2,5], [2,5]/O61, O61/[2,7], [2,7]/O61, O61/[3,2], [3,2]/O61, O61/[3,3], [3,3]/O61, O61/[3,5], [3,5]/O61, O61/[3,7], [3,7]/O61, O61/[5,2], [5,2]/O61, O61/[5,3], [5,3]/O61, O61/[5,5], [5,5]/O61, O61/[5,7], [5,7]/O61, O61/[7,2], [7,2]/O61, O61/[7,3], [7,3]/O61, O61/[7,5], [7,5]/O61, O61/[13,2], [13,2]/O61, O61/[13,3], [13,3]/O61, O61/[13,5], [13,5]/O61, [13,7]/O61, O61/[13,7], [13,11]/O61, O61/[13,11], O61/[11,2], [11,2]/O61, O61/[11,3], [11,3]/O61, O61/[11,5], [11,5]/O61, O61/2₀, 2₀/O61, O61/2₁, 2₁/O61, O61/3₀, 3₀/O61, O61/3₁, 3₁/O61, O61/5₀, 5₀/O61, O61/5₁, 5₁/O61, O61/7₀, 7₀/O61, O61/7₁, 7₁/O61, O61/13₀, 13₀/O61, O61/11₀, 11₀/O61, 1/O61, [13,13]/O62, O62/[13,13], O62/4, 4/O62, O62/[2,3], [2,3]/O62, O62/[2,5], [2,5]/O62, O62/[2,7], [2,7]/O62, O62/[2,13], [2,13]/O62, O62/[2,11], [2,11]/O62, O62/[3,2], [3,2]/O62, O62/[3,3], [3,3]/O62, O62/[3,5], [3,5]/O62, O62/[3,7], [3,7]/O62, O62/[3,13], [3,13]/O62, O62/[3,11], [3,11]/O62, O62/[5,2], [5,2]/O62, O62/[5,3], [5,3]/O62, O62/[5,5], [5,5]/O62, O62/[5,7], [5,7]/O62, O62/[5,13], [5,13]/O62, O62/[5,11], [5,11]/O62, O62/[7,2], [7,2]/O62, O62/[7,3], [7,3]/O62, O62/[7,5], [7,5]/O62, O62/[7,7], [7,7]/O62, [7,13]/O62, O62/[7,13], O62/[7,11], [7,11]/O62, [11,13]/O62, O62/[11,13], O62/2₀, 2₀/O62, O62/2₁, 2₁/O62, O62/3₀, 3₀/O62, O62/3₁, 3₁/O62, O62/5₀, 5₀/O62, O62/5₁, 5₁/O62, O62/7₀, 7₀/O62, O62/7₁, 7₁/O62, O62/13₁, 13₁/O62, O62/11₁, 11₁/O62, 1/O62, [13,13]/O63, O63/[13,13], O63/4, 4/O63, O63/[2,3], [2,3]/O63, O63/[2,5], [2,5]/O63, O63/[2,7], [2,7]/O63, O63/[2,13], [2,13]/O63, O63/[2,11], [2,11]/O63, O63/[3,2], [3,2]/O63, O63/[3,3], [3,3]/O63, O63/[3,5], [3,5]/O63, O63/[3,7], [3,7]/O63, O63/[3,13], [3,13]/O63, O63/[3,11], [3,11]/O63, O63/[5,2], [5,2]/O63, O63/[5,3], [5,3]/O63, O63/[5,5], [5,5]/O63, O63/[5,7], [5,7]/O63, O63/[5,13], [5,13]/O63, O63/[5,11], [5,11]/O63, O63/[7,2], [7,2]/O63, O63/[7,3], [7,3]/O63, O63/[7,5], [7,5]/O63, O63/[13,2], [13,2]/O63, O63/[13,3], [13,3]/O63, O63/[13,5], [13,5]/O63, O63/[11,2], [11,2]/O63, O63/[11,3], [11,3]/O63, O63/[11,5], [11,5]/O63, O63/2₀, 2₀/O63, O63/2₁, 2₁/O63, O63/3₀, 3₀/O63, O63/3₁, 3₁/O63, O63/5₀, 5₀/O63, O63/5₁, 5₁/O63, O63/7₀, 7₀/O63, O63/7₁, 7₁/O63, O63/13₀, 13₀/O63, O63/13₁, 13₁/O63, O63/11₀, 11₀/O63, O63/11₁, 11₁/O63, 1/O63, [13,13]/O64, O64/[13,13], O64/4, 4/O64, O64/[2,3], [2,3]/O64, O64/[2,5], [2,5]/O64, O64/[2,7], [2,7]/O64, O64/[2,13], [2,13]/O64, O64/[2,11], [2,11]/O64, O64/[3,2], [3,2]/O64, O64/[3,3], [3,3]/O64, O64/[3,5], [3,5]/O64, O64/[3,7], [3,7]/O64, O64/[3,13], [3,13]/O64, O64/[3,11], [3,11]/O64, O64/[5,2], [5,2]/O64, O64/[5,3], [5,3]/O64, O64/[5,5], [5,5]/O64, O64/[5,7], [5,7]/O64, O64/[5,13], [5,13]/O64, O64/[5,11], [5,11]/O64, O64/[7,2], [7,2]/O64, O64/[7,3], [7,3]/O64, O64/[7,5], [7,5]/O64, O64/[7,7], [7,7]/O64, O64/[7,11], [7,11]/O64, O64/[13,2], [13,2]/O64, O64/[13,3], [13,3]/O64, O64/[13,5], [13,5]/O64, O64/[13,7], [13,7]/O64, O64/[13,11], [13,11]/O64, O64/[11,2], [11,2]/O64, O64/[11,3], [11,3]/O64, O64/[11,5], [11,5]/O64, O64/[11,7], [11,7]/O64, O64/[11,11], [11,11]/O64, O64/2₀, 2₀/O64, O64/2₁, 2₁/O64, O64/3₀, 3₀/O64, O64/3₁, 3₁/O64, O64/5₀, 5₀/O64, O64/5₁, 5₁/O64, O64/7₀, 7₀/O64, O64/7₁, 7₁/O64, O64/13₀, 13₀/O64, O64/13₁, 13₁/O64, O64/11₀, 11₀/O64, O64/11₁, 11₁/O64, 1/O64, [13,13]/O65, O65/[13,13], O65/4, 4/O65, O65/[2,3], [2,3]/O65, O65/[2,5], [2,5]/O65, O65/[2,7], [2,7]/O65, O65/[2,13], [2,13]/O65, O65/[2,11], [2,11]/O65, O65/[3,2], [3,2]/O65, O65/[3,3], [3,3]/O65, O65/[3,5], [3,5]/O65, O65/[3,7], [3,7]/O65, O65/[3,13], [3,13]/O65, O65/[3,11], [3,11]/O65, O65/[5,2], [5,2]/O65, O65/[5,3], [5,3]/O65, O65/[5,5], [5,5]/O65, O65/[5,7], [5,7]/O65, O65/[5,13], [5,13]/O65, O65/[5,11], [5,11]/O65, O65/[7,2], [7,2]/O65, O65/[7,3], [7,3]/O65, O65/[7,5], [7,5]/O65, O65/[7,7], [7,7]/O65, O65/[11,2], [11,2]/O65, O65/[11,3], [11,3]/O65, O65/[11,5], [11,5]/O65, O65/[11,7], [11,7]/O65, [11,13]/O65, O65/[11,13], O65/2₀, 2₀/O65, O65/2₁, 2₁/O65, O65/3₀, 3₀/O65, O65/3₁, 3₁/O65, O65/5₀, 5₀/O65, O65/5₁, 5₁/O65, O65/7₀, 7₀/O65, O65/7₁, 7₁/O65, O65/13₁, 13₁/O65, O65/11₀, 11₀/O65, O65/11₁, 11₁/O65, 1/O65, [13,13]/O66, O66/[13,13], O66/4, 4/O66, O66/[2,3], [2,3]/O66, O66/[2,5], [2,5]/O66, O66/[2,7], [2,7]/O66, O66/[2,13], [2,13]/O66, O66/[2,11], [2,11]/O66, O66/[3,2], [3,2]/O66, O66/[3,3], [3,3]/O66, O66/[3,5], [3,5]/O66, O66/[3,7], [3,7]/O66, O66/[3,13], [3,13]/O66, O66/[3,11], [3,11]/O66, O66/[5,2], [5,2]/O66, O66/[5,3], [5,3]/O66, O66/[5,5], [5,5]/O66, O66/[5,7], [5,7]/O66, O66/[5,13], [5,13]/O66, O66/[5,11], [5,11]/O66, O66/[7,2], [7,2]/O66, O66/[7,3], [7,3]/O66, O66/[7,5], [7,5]/O66, O66/[7,7], [7,7]/O66, O66/[7,11], [7,11]/O66, O66/[11,2], [11,2]/O66, O66/[11,3], [11,3]/O66, O66/[11,5], [11,5]/O66, O66/[11,7], [11,7]/O66, [11,13]/O66, O66/[11,13], O66/[11,11], [11,11]/O66, O66/2₀, 2₀/O66, O66/2₁, 2₁/O66, O66/3₀, 3₀/O66, O66/3₁, 3₁/O66, O66/5₀, 5₀/O66, O66/5₁, 5₁/O66, O66/7₀, 7₀/O66, O66/7₁, 7₁/O66, O66/13₁, 13₁/O66, O66/11₀, 11₀/O66, O66/11₁, 11₁/O66, 1/O66, [13,13]/O67, O67/[13,13], O67/4, 4/O67, O67/[2,3], [2,3]/O67, O67/[2,5], [2,5]/O67, O67/[2,7], [2,7]/O67, O67/[2,11], [2,11]/O67, O67/[3,2], [3,2]/O67, O67/[3,3], [3,3]/O67, O67/[3,5], [3,5]/O67, O67/[3,7], [3,7]/O67, O67/[3,11], [3,11]/O67, O67/[5,2], [5,2]/O67, O67/[5,3], [5,3]/O67, O67/[5,5], [5,5]/O67, O67/[5,7], [5,7]/O67, O67/[5,11], [5,11]/O67, O67/[7,2], [7,2]/O67, O67/[7,3], [7,3]/O67, O67/[7,5], [7,5]/O67, O67/[7,7], [7,7]/O67, O67/[13,2], [13,2]/O67, O67/[13,3], [13,3]/O67, O67/[13,5], [13,5]/O67, O67/[13,7], [13,7]/O67, [13,11]/O67, O67/[13,11], O67/[11,2], [11,2]/O67, O67/[11,3], [11,3]/O67, O67/[11,5], [11,5]/O67, O67/[11,7], [11,7]/O67, O67/2₀, 2₀/O67, O67/2₁, 2₁/O67, O67/3₀, 3₀/O67, O67/3₁, 3₁/O67, O67/5₀, 5₀/O67, O67/5₁, 5₁/O67, O67/7₀, 7₀/O67, O67/7₁, 7₁/O67, O67/13₀, 13₀/O67, O67/11₀, 11₀/O67, O67/11₁, 11₁/O67, 1/O67, [13,13]/O68, O68/[13,13], O68/4, 4/O68, O68/[2,3], [2,3]/O68, O68/[2,5], [2,5]/O68, O68/[2,7], [2,7]/O68, O68/[2,11], [2,11]/O68, O68/[3,2], [3,2]/O68, O68/[3,3], [3,3]/O68, O68/[3,5], [3,5]/O68, O68/[3,7], [3,7]/O68, O68/[3,11], [3,11]/O68, O68/[5,2], [5,2]/O68, O68/[5,3], [5,3]/O68, O68/[5,5], [5,5]/O68, O68/[5,7], [5,7]/O68, O68/[5,11], [5,11]/O68, O68/[7,2], [7,2]/O68, O68/[7,3], [7,3]/O68, O68/[7,5], [7,5]/O68, O68/[7,7], [7,7]/O68, [13,11]/O68, O68/[13,11], O68/[11,2], [11,2]/O68, O68/[11,3], [11,3]/O68, O68/[11,5], [11,5]/O68, O68/[11,7], [11,7]/O68, [11,13]/O68, O68/[11,13], [11,11]/O68, O68/[11,11], O68/2₀, 2₀/O68, O68/2₁, 2₁/O68, O68/3₀, 3₀/O68, O68/3₁, 3₁/O68, O68/5₀, 5₀/O68, O68/5₁, 5₁/O68, O68/7₀, 7₀/O68, O68/7₁, 7₁/O68, O68/11₀, 11₀/O68, O68/11₁, 11₁/O68, 1/O68, [13,13]/O69, O69/[13,13], O69/4, 4/O69, O69/[2,3], [2,3]/O69, O69/[2,5], [2,5]/O69, O69/[2,7], [2,7]/O69, O69/[2,13], [2,13]/O69, O69/[2,11], [2,11]/O69, O69/[3,2], [3,2]/O69, O69/[3,3], [3,3]/O69, O69/[3,5], [3,5]/O69, O69/[3,7], [3,7]/O69, O69/[3,13], [3,13]/O69, O69/[3,11], [3,11]/O69, O69/[5,2], [5,2]/O69, O69/[5,3], [5,3]/O69, O69/[5,5], [5,5]/O69, O69/[5,7], [5,7]/O69, O69/[5,13], [5,13]/O69, O69/[5,11], [5,11]/O69, O69/[7,2], [7,2]/O69, O69/[7,3], [7,3]/O69, O69/[7,5], [7,5]/O69, O69/[7,7], [7,7]/O69, O69/[7,13], [7,13]/O69, O69/[7,11], [7,11]/O69, O69/[13,2], [13,2]/O69, O69/[13,3], [13,3]/O69, O69/[13,5], [13,5]/O69, O69/[13,7], [13,7]/O69, O69/[11,2], [11,2]/O69, O69/[11,3], [11,3]/O69, O69/[11,5], [11,5]/O69, O69/[11,7], [11,7]/O69, O69/2₀, 2₀/O69, O69/2₁, 2₁/O69, O69/3₀, 3₀/O69, O69/3₁, 3₁/O69, O69/5₀, 5₀/O69, O69/5₁, 5₁/O69, O69/7₀, 7₀/O69, O69/7₁, 7₁/O69, O69/13₀, 13₀/O69, O69/13₁, 13₁/O69, O69/11₀, 11₀/O69, O69/11₁, 11₁/O69, 1/O69, [13,13]/O70, O70/[13,13], O70/4, 4/O70, O70/[2,3], [2,3]/O70, O70/[2,5], [2,5]/O70, O70/[2,7], [2,7]/O70, O70/[2,13], [2,13]/O70, O70/[2,11], [2,11]/O70, O70/[3,2], [3,2]/O70, O70/[3,3], [3,3]/O70, O70/[3,5], [3,5]/O70, O70/[3,7], [3,7]/O70, O70/[3,13], [3,13]/O70, O70/[3,11], [3,11]/O70, O70/[5,2], [5,2]/O70, O70/[5,3], [5,3]/O70, O70/[5,5], [5,5]/O70, O70/[5,7], [5,7]/O70, O70/[5,13], [5,13]/O70, O70/[5,11], [5,11]/O70, O70/[7,2], [7,2]/O70, O70/[7,3], [7,3]/O70, O70/[7,5], [7,5]/O70, O70/[7,7], [7,7]/O70, O70/[7,13], [7,13]/O70, O70/[7,11], [7,11]/O70, O70/[13,2], [13,2]/O70, O70/[13,3], [13,3]/O70, O70/[13,5], [13,5]/O70, O70/[13,7], [13,7]/O70, O70/[13,11], [13,11]/O70, O70/[11,2], [11,2]/O70, O70/[11,3], [11,3]/O70, O70/[11,5], [11,5]/O70, O70/[11,7], [11,7]/O70, O70/[11,11], [11,11]/O70, O70/2₀, 2₀/O70, O70/2₁, 2₁/O70, O70/3₀, 3₀/O70, O70/3₁, 3₁/O70, O70/5₀, 5₀/O70, O70/5₁, 5₁/O70, O70/7₀, 7₀/O70, O70/7₁, 7₁/O70, O70/13₀, 13₀/O70, O70/13₁, 13₁/O70, O70/11₀, 11₀/O70, O70/11₁, 11₁/O70, 1/O70, [13,13]/O71, O71/[13,13], O71/4, 4/O71, O71/[2,3], [2,3]/O71, O71/[2,5], [2,5]/O71, O71/[2,7], [2,7]/O71, O71/[2,13], [2,13]/O71, O71/[2,11], [2,11]/O71, O71/[3,2], [3,2]/O71, O71/[3,3], [3,3]/O71, O71/[3,5], [3,5]/O71, O71/[3,7], [3,7]/O71, O71/[3,13], [3,13]/O71, O71/[3,11], [3,11]/O71, O71/[5,2], [5,2]/O71, O71/[5,3], [5,3]/O71, O71/[5,5], [5,5]/O71, O71/[5,7], [5,7]/O71, O71/[5,13], [5,13]/O71, O71/[5,11], [5,11]/O71, O71/[7,2], [7,2]/O71, O71/[7,3], [7,3]/O71, O71/[7,5], [7,5]/O71, O71/[7,7], [7,7]/O71, O71/[7,13], [7,13]/O71, O71/[7,11], [7,11]/O71, O71/[11,2], [11,2]/O71, O71/[11,3], [11,3]/O71, O71/[11,5], [11,5]/O71, O71/[11,7], [11,7]/O71, [11,13]/O71, O71/[11,13], O71/2₀, 2₀/O71, O71/2₁, 2₁/O71, O71/3₀, 3₀/O71, O71/3₁, 3₁/O71, O71/5₀, 5₀/O71, O71/5₁, 5₁/O71, O71/7₀, 7₀/O71, O71/7₁, 7₁/O71, O71/13₁, 13₁/O71, O71/11₀, 11₀/O71, O71/11₁, 11₁/O71, 1/O71, [13,13]/O72, O72/[13,13], O72/4, 4/O72, O72/[2,3], [2,3]/O72, O72/[2,5], [2,5]/O72, O72/[2,7], [2,7]/O72, O72/[2,13], [2,13]/O72, O72/[2,11], [2,11]/O72, O72/[3,2], [3,2]/O72, O72/[3,3], [3,3]/O72, O72/[3,5], [3,5]/O72, O72/[3,7], [3,7]/O72, O72/[3,13], [3,13]/O72, O72/[3,11], [3,11]/O72, O72/[5,2], [5,2]/O72, O72/[5,3], [5,3]/O72, O72/[5,5], [5,5]/O72, O72/[5,7], [5,7]/O72, O72/[5,13], [5,13]/O72, O72/[5,11], [5,11]/O72, O72/[7,2], [7,2]/O72, O72/[7,3], [7,3]/O72, O72/[7,5], [7,5]/O72, O72/[7,7], [7,7]/O72, O72/[7,13], [7,13]/O72, O72/[7,11], [7,11]/O72, O72/[11,2], [11,2]/O72, O72/[11,3], [11,3]/O72, O72/[11,5], [11,5]/O72, O72/[11,7], [11,7]/O72, [11,13]/O72, O72/[11,13], O72/[11,11], [11,11]/O72, O72/2₀, 2₀/O72, O72/2₁, 2₁/O72, O72/3₀, 3₀/O72, O72/3₁, 3₁/O72, O72/5₀, 5₀/O72, O72/5₁, 5₁/O72, O72/7₀, 7₀/O72, O72/7₁, 7₁/O72, O72/13₁, 13₁/O72, O72/11₀, 11₀/O72, O72/11₁, 11₁/O72, 1/O72, [13,13]/O73, O73/[13,13], O73/4, 4/O73, O73/[2,3], [2,3]/O73, O73/[2,5], [2,5]/O73, O73/[2,7], [2,7]/O73, O73/[2,13], [2,13]/O73, O73/[2,11], [2,11]/O73, O73/[3,2], [3,2]/O73, O73/[3,3], [3,3]/O73, O73/[3,5], [3,5]/O73, O73/[3,7], [3,7]/O73, O73/[3,13], [3,13]/O73, O73/[3,11], [3,11]/O73, O73/[5,2], [5,2]/O73, O73/[5,3], [5,3]/O73, O73/[5,5], [5,5]/O73, O73/[5,7], [5,7]/O73, O73/[5,13], [5,13]/O73, O73/[5,11], [5,11]/O73, O73/[7,2], [7,2]/O73, O73/[7,3], [7,3]/O73, O73/[7,5], [7,5]/O73, O73/[7,7], [7,7]/O73, O73/[7,13], [7,13]/O73, O73/[7,11], [7,11]/O73, O73/[13,2], [13,2]/O73, O73/[13,3], [13,3]/O73, O73/[13,5], [13,5]/O73, O73/[13,7], [13,7]/O73, O73/[13,11], [13,11]/O73, O73/[11,2], [11,2]/O73, O73/[11,3], [11,3]/O73, O73/[11,5], [11,5]/O73, O73/[11,7], [11,7]/O73, O73/[11,13], [11,13]/O73, O73/[11,11], [11,11]/O73, O73/2₀, 2₀/O73, O73/2₁, 2₁/O73, O73/3₀, 3₀/O73, O73/3₁, 3₁/O73, O73/5₀, 5₀/O73, O73/5₁, 5₁/O73, O73/7₀, 7₀/O73, O73/7₁, 7₁/O73, O73/13₀, 13₀/O73, O73/13₁, 13₁/O73, O73/11₀, 11₀/O73, O73/11₁, 11₁/O73, 1/O73, [13,13]/O74, O74/[13,13], O74/4, 4/O74, O74/[2,3], [2,3]/O74, O74/[2,5], [2,5]/O74, O74/[2,7], [2,7]/O74, O74/[2,11], [2,11]/O74, O74/[3,2], [3,2]/O74, O74/[3,3], [3,3]/O74, O74/[3,5], [3,5]/O74, O74/[3,7], [3,7]/O74, O74/[3,11], [3,11]/O74, O74/[5,2], [5,2]/O74, O74/[5,3], [5,3]/O74, O74/[5,5], [5,5]/O74, O74/[5,7], [5,7]/O74, O74/[5,11], [5,11]/O74, O74/[7,2], [7,2]/O74, O74/[7,3], [7,3]/O74, O74/[7,5], [7,5]/O74, O74/[7,7], [7,7]/O74, O74/[7,11], [7,11]/O74, O74/[13,2], [13,2]/O74, O74/[13,3], [13,3]/O74, O74/[13,5], [13,5]/O74, O74/[13,7], [13,7]/O74, O74/[13,11], [13,11]/O74, O74/[11,2], [11,2]/O74, O74/[11,3], [11,3]/O74, O74/[11,5], [11,5]/O74, O74/[11,7], [11,7]/O74, O74/[11,11], [11,11]/O74, O74/2₀, 2₀/O74, O74/2₁, 2₁/O74, O74/3₀, 3₀/O74, O74/3₁, 3₁/O74, O74/5₀, 5₀/O74, O74/5₁, 5₁/O74, O74/7₀, 7₀/O74, O74/7₁, 7₁/O74, O74/13₀, 13₀/O74, O74/13₁, 13₁/O74, O74/11₀, 11₀/O74, O74/11₁, 11₁/O74, 1/O74, [13,13]/O75, O75/[13,13], O75/4, 4/O75, O75/[2,3], [2,3]/O75, O75/[2,5], [2,5]/O75, O75/[2,7], [2,7]/O75, O75/[2,11], [2,11]/O75, O75/[3,2], [3,2]/O75, O75/[3,3], [3,3]/O75, O75/[3,5], [3,5]/O75, O75/[3,7], [3,7]/O75, O75/[3,11], [3,11]/O75, O75/[5,2], [5,2]/O75, O75/[5,3], [5,3]/O75, O75/[5,5], [5,5]/O75, O75/[5,7], [5,7]/O75, O75/[5,11], [5,11]/O75, O75/[7,2], [7,2]/O75, O75/[7,3], [7,3]/O75, O75/[7,5], [7,5]/O75, O75/[7,7], [7,7]/O75, O75/[7,11], [7,11]/O75, [13,11]/O75, O75/[13,11], O75/[11,2], [11,2]/O75, O75/[11,3], [11,3]/O75, O75/[11,5], [11,5]/O75, O75/[11,7], [11,7]/O75, O75/[11,11], [11,11]/O75, O75/2₀, 2₀/O75, O75/2₁, 2₁/O75, O75/3₀, 3₀/O75, O75/3₁, 3₁/O75, O75/5₀, 5₀/O75, O75/5₁, 5₁/O75, O75/7₀, 7₀/O75, O75/7₁, 7₁/O75, O75/13₀, 13₀/O75, O75/11₀, 11₀/O75, O75/11₁, 11₁/O75, 1/O75), Pq([13,13]/4, 4/[13,13], [13,13]/[2,3], [2,3]/[13,13], [13,13]/[2,5], [2,5]/[13,13], [13,13]/[2,7], [2,7]/[13,13], [13,13]/[2,13], [2,13]/[13,13], [13,13]/[2,11], [2,11]/[13,13], [13,13]/[3,2], [3,2]/[13,13], [13,13]/[3,3], [3,3]/[13,13], [13,13]/[3,5], [3,5]/[13,13], [13,13]/[3,7], [3,7]/[13,13], [13,13]/[3,13], [3,13]/[13,13], [13,13]/[3,11], [3,11]/[13,13], [13,13]/[5,2], [5,2]/[13,13], [13,13]/[5,3], [5,3]/[13,13], [13,13]/[5,5], [5,5]/[13,13], [13,13]/[5,7], [5,7]/[13,13], [13,13]/[5,13], [5,13]/[13,13], [13,13]/[5,11], [5,11]/[13,13], [13,13]/[7,2], [7,2]/[13,13], [13,13]/[7,3], [7,3]/[13,13], [13,13]/[7,5], [7,5]/[13,13], [13,13]/[7,7], [7,7]/[13,13], [13,13]/[7,13], [7,13]/[13,13], [13,13]/[7,11], [7,11]/[13,13], [13,13]/[13,2], [13,2]/[13,13], [13,13]/[13,3], [13,3]/[13,13], [13,13]/[13,5], [13,5]/[13,13], [13,13]/[13,7], [13,7]/[13,13], [13,13]/[13,11], [13,11]/[13,13], [13,13]/[11,2], [11,2]/[13,13], [13,13]/[11,3], [11,3]/[13,13], [13,13]/[11,5], [11,5]/[13,13], [13,13]/[11,7], [11,7]/[13,13], [13,13]/[11,13], [11,13]/[13,13], [13,13]/[11,11], [11,11]/[13,13], [13,13]/2₀, 2₀/[13,13], [13,13]/2₁, 2₁/[13,13], [13,13]/3₀, 3₀/[13,13], [13,13]/3₁, 3₁/[13,13], [13,13]/5₀, 5₀/[13,13], [13,13]/5₁, 5₁/[13,13], [13,13]/7₀, 7₀/[13,13], [13,13]/7₁, 7₁/[13,13], [[13,13]/13₀, [2,13]/2₀, [3,13]/3₀, [5,13]/5₀, [7,13]/7₀, [11,13]/11₀], [13₀/[13,13], 2₀/[2,13], 3₀/[3,13], 5₀/[5,13], 7₀/[7,13], 11₀/[11,13], 1/13₁], [[13,13]/13₁, [13,2]/2₁, [13,3]/3₁, [13,5]/5₁, [13,7]/7₁, [13,11]/11₁], [13₁/[13,13], 2₁/[13,2], 3₁/[13,3], 5₁/[13,5], 7₁/[13,7], 11₁/[13,11], 1/13₀], [13,13]/11₀, 11₀/[13,13], [13,13]/11₁, 11₁/[13,13], 1/[13,13], [2,3]/4, 4/[2,3], [2,5]/4, 4/[2,5], [2,7]/4, 4/[2,7], [2,13]/4, 4/[2,13], [2,11]/4, 4/[2,11], [3,2]/4, 4/[3,2], [3,3]/4, 4/[3,3], [3,5]/4, 4/[3,5], [3,7]/4, 4/[3,7], [3,13]/4, 4/[3,13], [3,11]/4, 4/[3,11], [5,2]/4, 4/[5,2], [5,3]/4, 4/[5,3], [5,5]/4, 4/[5,5], [5,7]/4, 4/[5,7], [5,13]/4, 4/[5,13], [5,11]/4, 4/[5,11], [7,2]/4, 4/[7,2], [7,3]/4, 4/[7,3], [7,5]/4, 4/[7,5], [7,7]/4, 4/[7,7], [7,13]/4, 4/[7,13], [7,11]/4, 4/[7,11], [13,2]/4, 4/[13,2], [13,3]/4, 4/[13,3], [13,5]/4, 4/[13,5], [13,7]/4, 4/[13,7], [13,11]/4, 4/[13,11], [11,2]/4, 4/[11,2], [11,3]/4, 4/[11,3], [11,5]/4, 4/[11,5], [11,7]/4, 4/[11,7], [11,13]/4, 4/[11,13], [11,11]/4, 4/[11,11], [4/2₀, [3,2]/3₀, [5,2]/5₀, [7,2]/7₀, [13,2]/13₀, [11,2]/11₀], [2₀/4, 3₀/[3,2], 5₀/[5,2], 7₀/[7,2], 13₀/[13,2], 11₀/[11,2], 1/2₁], [4/2₁, [2,3]/3₁, [2,5]/5₁, [2,7]/7₁, [2,13]/13₁, [2,11]/11₁], [2₁/4, 3₁/[2,3], 5₁/[2,5], 7₁/[2,7], 13₁/[2,13], 11₁/[2,11], 1/2₀], 1/4, [2,5]/[2,3], [2,3]/[2,5], [2,7]/[2,3], [2,3]/[2,7], [2,13]/[2,3], [2,3]/[2,13], [2,11]/[2,3], [2,3]/[2,11], [3,3]/[2,3], [2,3]/[3,3], [3,5]/[2,3], [2,3]/[3,5], [3,7]/[2,3], [2,3]/[3,7], [3,13]/[2,3], [2,3]/[3,13], [3,11]/[2,3], [2,3]/[3,11], [5,3]/[2,3], [2,3]/[5,3], [5,5]/[2,3], [2,3]/[5,5], [5,7]/[2,3], [2,3]/[5,7], [5,13]/[2,3], [2,3]/[5,13], [5,11]/[2,3], [2,3]/[5,11], [7,3]/[2,3], [2,3]/[7,3], [7,5]/[2,3], [2,3]/[7,5], [7,7]/[2,3], [2,3]/[7,7], [7,13]/[2,3], [2,3]/[7,13], [7,11]/[2,3], [2,3]/[7,11], [13,3]/[2,3], [2,3]/[13,3], [13,5]/[2,3], [2,3]/[13,5], [13,7]/[2,3], [2,3]/[13,7], [13,11]/[2,3], [2,3]/[13,11], [11,3]/[2,3], [2,3]/[11,3], [11,5]/[2,3], [2,3]/[11,5], [11,7]/[2,3], [2,3]/[11,7], [11,13]/[2,3], [2,3]/[11,13], [11,11]/[2,3], [2,3]/[11,11], [[2,3]/2₀, [3,3]/3₀, [5,3]/5₀, [7,3]/7₀, [13,3]/13₀, [11,3]/11₀], [2₀/[2,3], 3₀/[3,3], 5₀/[5,3], 7₀/[7,3], 13₀/[13,3], 11₀/[11,3], 1/3₁], [2,3]/2₁, 2₁/[2,3], 1/[2,3], [2,7]/[2,5], [2,5]/[2,7], [2,13]/[2,5], [2,5]/[2,13], [2,11]/[2,5], [2,5]/[2,11], [3,5]/[2,5], [2,5]/[3,5], [3,7]/[2,5], [2,5]/[3,7], [3,13]/[2,5], [2,5]/[3,13], [3,11]/[2,5], [2,5]/[3,11], [5,5]/[2,5], [2,5]/[5,5], [5,7]/[2,5], [2,5]/[5,7], [5,13]/[2,5], [2,5]/[5,13], [5,11]/[2,5], [2,5]/[5,11], [7,5]/[2,5], [2,5]/[7,5], [7,7]/[2,5], [2,5]/[7,7], [7,13]/[2,5], [2,5]/[7,13], [7,11]/[2,5], [2,5]/[7,11], [13,5]/[2,5], [2,5]/[13,5], [13,7]/[2,5], [2,5]/[13,7], [13,11]/[2,5], [2,5]/[13,11], [11,5]/[2,5], [2,5]/[11,5], [11,7]/[2,5], [2,5]/[11,7], [11,13]/[2,5], [2,5]/[11,13], [11,11]/[2,5], [2,5]/[11,11], [[2,5]/2₀, [3,5]/3₀, [5,5]/5₀, [7,5]/7₀, [13,5]/13₀, [11,5]/11₀], [2₀/[2,5], 3₀/[3,5], 5₀/[5,5], 7₀/[7,5], 13₀/[13,5], 11₀/[11,5], 1/5₁], [2,5]/2₁, 2₁/[2,5], [2,5]/3₁, 3₁/[2,5], 1/[2,5], [2,13]/[2,7], [2,7]/[2,13], [2,11]/[2,7], [2,7]/[2,11], [3,7]/[2,7], [2,7]/[3,7], [3,13]/[2,7], [2,7]/[3,13], [3,11]/[2,7], [2,7]/[3,11], [5,7]/[2,7], [2,7]/[5,7], [5,13]/[2,7], [2,7]/[5,13], [5,11]/[2,7], [2,7]/[5,11], [7,7]/[2,7], [2,7]/[7,7], [7,13]/[2,7], [2,7]/[7,13], [7,11]/[2,7], [2,7]/[7,11], [13,7]/[2,7], [2,7]/[13,7], [13,11]/[2,7], [2,7]/[13,11], [11,7]/[2,7], [2,7]/[11,7], [11,13]/[2,7], [2,7]/[11,13], [11,11]/[2,7], [2,7]/[11,11], [[2,7]/2₀, [3,7]/3₀, [5,7]/5₀, [7,7]/7₀, [13,7]/13₀, [11,7]/11₀], [2₀/[2,7], 3₀/[3,7], 5₀/[5,7], 7₀/[7,7], 13₀/[13,7], 11₀/[11,7], 1/7₁], [2,7]/2₁, 2₁/[2,7], [2,7]/3₁, 3₁/[2,7], [2,7]/5₁, 5₁/[2,7], 1/[2,7], [2,13]/[2,11], [2,11]/[2,13], [3,13]/[2,13], [2,13]/[3,13], [5,13]/[2,13], [2,13]/[5,13], [7,13]/[2,13], [2,13]/[7,13], [11,13]/[2,13], [2,13]/[11,13], [2,13]/2₁, 2₁/[2,13], [2,13]/3₁, 3₁/[2,13], [2,13]/5₁, 5₁/[2,13], [2,13]/7₁, 7₁/[2,13], [2,13]/11₁, 11₁/[2,13], 1/[2,13], [3,13]/[2,11], [2,11]/[3,13], [3,11]/[2,11], [2,11]/[3,11], [5,13]/[2,11], [2,11]/[5,13], [5,11]/[2,11], [2,11]/[5,11], [7,13]/[2,11], [2,11]/[7,13], [7,11]/[2,11], [2,11]/[7,11], [13,11]/[2,11], [2,11]/[13,11], [11,13]/[2,11], [2,11]/[11,13], [11,11]/[2,11], [2,11]/[11,11], [[2,11]/2₀, [3,11]/3₀, [5,11]/5₀, [7,11]/7₀, [13,11]/13₀, [11,11]/11₀], [2₀/[2,11], 3₀/[3,11], 5₀/[5,11], 7₀/[7,11], 13₀/[13,11], 11₀/[11,11], 1/11₁], [2,11]/2₁, 2₁/[2,11], [2,11]/3₁, 3₁/[2,11], [2,11]/5₁, 5₁/[2,11], [2,11]/7₁, 7₁/[2,11], 1/[2,11], [3,3]/[3,2], [3,2]/[3,3], [3,5]/[3,2], [3,2]/[3,5], [3,7]/[3,2], [3,2]/[3,7], [3,13]/[3,2], [3,2]/[3,13], [3,11]/[3,2], [3,2]/[3,11], [5,2]/[3,2], [3,2]/[5,2], [5,3]/[3,2], [3,2]/[5,3], [5,5]/[3,2], [3,2]/[5,5], [5,7]/[3,2], [3,2]/[5,7], [5,13]/[3,2], [3,2]/[5,13], [5,11]/[3,2], [3,2]/[5,11], [7,2]/[3,2], [3,2]/[7,2], [7,3]/[3,2], [3,2]/[7,3], [7,5]/[3,2], [3,2]/[7,5], [7,7]/[3,2], [3,2]/[7,7], [7,13]/[3,2], [3,2]/[7,13], [7,11]/[3,2], [3,2]/[7,11], [13,2]/[3,2], [3,2]/[13,2], [13,3]/[3,2], [3,2]/[13,3], [13,5]/[3,2], [3,2]/[13,5], [13,7]/[3,2], [3,2]/[13,7], [13,11]/[3,2], [3,2]/[13,11], [11,2]/[3,2], [3,2]/[11,2], [11,3]/[3,2], [3,2]/[11,3], [11,5]/[3,2], [3,2]/[11,5], [11,7]/[3,2], [3,2]/[11,7], [11,13]/[3,2], [3,2]/[11,13], [11,11]/[3,2], [3,2]/[11,11], [3,2]/2₀, 2₀/[3,2], [[3,2]/2₁, [3,3]/3₁, [3,5]/5₁, [3,7]/7₁, [3,13]/13₁, [3,11]/11₁], [2₁/[3,2], 3₁/[3,3], 5₁/[3,5], 7₁/[3,7], 13₁/[3,13], 11₁/[3,11], 1/3₀], 1/[3,2], [3,5]/[3,3], [3,3]/[3,5], [3,7]/[3,3], [3,3]/[3,7], [3,13]/[3,3], [3,3]/[3,13], [3,11]/[3,3], [3,3]/[3,11], [5,3]/[3,3], [3,3]/[5,3], [5,5]/[3,3], [3,3]/[5,5], [5,7]/[3,3], [3,3]/[5,7], [5,13]/[3,3], [3,3]/[5,13], [5,11]/[3,3], [3,3]/[5,11], [7,3]/[3,3], [3,3]/[7,3], [7,5]/[3,3], [3,3]/[7,5], [7,7]/[3,3], [3,3]/[7,7], [7,13]/[3,3], [3,3]/[7,13], [7,11]/[3,3], [3,3]/[7,11], [13,3]/[3,3], [3,3]/[13,3], [13,5]/[3,3], [3,3]/[13,5], [13,7]/[3,3], [3,3]/[13,7], [13,11]/[3,3], [3,3]/[13,11], [11,3]/[3,3], [3,3]/[11,3], [11,5]/[3,3], [3,3]/[11,5], [11,7]/[3,3], [3,3]/[11,7], [11,13]/[3,3], [3,3]/[11,13], [11,11]/[3,3], [3,3]/[11,11], [3,3]/2₀, 2₀/[3,3], [3,3]/2₁, 2₁/[3,3], 1/[3,3], [3,7]/[3,5], [3,5]/[3,7], [3,13]/[3,5], [3,5]/[3,13], [3,11]/[3,5], [3,5]/[3,11], [5,5]/[3,5], [3,5]/[5,5], [5,7]/[3,5], [3,5]/[5,7], [5,13]/[3,5], [3,5]/[5,13], [5,11]/[3,5], [3,5]/[5,11], [7,5]/[3,5], [3,5]/[7,5], [7,7]/[3,5], [3,5]/[7,7], [7,13]/[3,5], [3,5]/[7,13], [7,11]/[3,5], [3,5]/[7,11], [13,5]/[3,5], [3,5]/[13,5], [13,7]/[3,5], [3,5]/[13,7], [13,11]/[3,5], [3,5]/[13,11], [11,5]/[3,5], [3,5]/[11,5], [11,7]/[3,5], [3,5]/[11,7], [11,13]/[3,5], [3,5]/[11,13], [11,11]/[3,5], [3,5]/[11,11], [3,5]/2₀, 2₀/[3,5], [3,5]/2₁, 2₁/[3,5], [3,5]/3₁, 3₁/[3,5], 1/[3,5], [3,13]/[3,7], [3,7]/[3,13], [3,11]/[3,7], [3,7]/[3,11], [5,7]/[3,7], [3,7]/[5,7], [5,13]/[3,7], [3,7]/[5,13], [5,11]/[3,7], [3,7]/[5,11], [7,7]/[3,7], [3,7]/[7,7], [7,13]/[3,7], [3,7]/[7,13], [7,11]/[3,7], [3,7]/[7,11], [13,7]/[3,7], [3,7]/[13,7], [13,11]/[3,7], [3,7]/[13,11], [11,7]/[3,7], [3,7]/[11,7], [11,13]/[3,7], [3,7]/[11,13], [11,11]/[3,7], [3,7]/[11,11], [3,7]/2₀, 2₀/[3,7], [3,7]/2₁, 2₁/[3,7], [3,7]/3₁, 3₁/[3,7], [3,7]/5₁, 5₁/[3,7], 1/[3,7], [3,13]/[3,11], [3,11]/[3,13], [5,13]/[3,13], [3,13]/[5,13], [7,13]/[3,13], [3,13]/[7,13], [11,13]/[3,13], [3,13]/[11,13], [3,13]/2₀, 2₀/[3,13], [3,13]/2₁, 2₁/[3,13], [3,13]/3₁, 3₁/[3,13], [3,13]/5₁, 5₁/[3,13], [3,13]/7₁, 7₁/[3,13], [3,13]/11₁, 11₁/[3,13], 1/[3,13], [5,13]/[3,11], [3,11]/[5,13], [5,11]/[3,11], [3,11]/[5,11], [7,13]/[3,11], [3,11]/[7,13], [7,11]/[3,11], [3,11]/[7,11], [13,11]/[3,11], [3,11]/[13,11], [11,13]/[3,11], [3,11]/[11,13], [11,11]/[3,11], [3,11]/[11,11], [3,11]/2₀, 2₀/[3,11], [3,11]/2₁, 2₁/[3,11], [3,11]/3₁, 3₁/[3,11], [3,11]/5₁, 5₁/[3,11], [3,11]/7₁, 7₁/[3,11], 1/[3,11], [5,3]/[5,2], [5,2]/[5,3], [5,5]/[5,2], [5,2]/[5,5], [5,7]/[5,2], [5,2]/[5,7], [5,13]/[5,2], [5,2]/[5,13], [5,11]/[5,2], [5,2]/[5,11], [7,2]/[5,2], [5,2]/[7,2], [7,3]/[5,2], [5,2]/[7,3], [7,5]/[5,2], [5,2]/[7,5], [7,7]/[5,2], [5,2]/[7,7], [7,13]/[5,2], [5,2]/[7,13], [7,11]/[5,2], [5,2]/[7,11], [13,2]/[5,2], [5,2]/[13,2], [13,3]/[5,2], [5,2]/[13,3], [13,5]/[5,2], [5,2]/[13,5], [13,7]/[5,2], [5,2]/[13,7], [13,11]/[5,2], [5,2]/[13,11], [11,2]/[5,2], [5,2]/[11,2], [11,3]/[5,2], [5,2]/[11,3], [11,5]/[5,2], [5,2]/[11,5], [11,7]/[5,2], [5,2]/[11,7], [11,13]/[5,2], [5,2]/[11,13], [11,11]/[5,2], [5,2]/[11,11], [5,2]/2₀, 2₀/[5,2], [[5,2]/2₁, [5,3]/3₁, [5,5]/5₁, [5,7]/7₁, [5,13]/13₁, [5,11]/11₁], [2₁/[5,2], 3₁/[5,3], 5₁/[5,5], 7₁/[5,7], 13₁/[5,13], 11₁/[5,11], 1/5₀], [5,2]/3₀, 3₀/[5,2], 1/[5,2], [5,5]/[5,3], [5,3]/[5,5], [5,7]/[5,3], [5,3]/[5,7], [5,13]/[5,3], [5,3]/[5,13], [5,11]/[5,3], [5,3]/[5,11], [7,3]/[5,3], [5,3]/[7,3], [7,5]/[5,3], [5,3]/[7,5], [7,7]/[5,3], [5,3]/[7,7], [7,13]/[5,3], [5,3]/[7,13], [7,11]/[5,3], [5,3]/[7,11], [13,3]/[5,3], [5,3]/[13,3], [13,5]/[5,3], [5,3]/[13,5], [13,7]/[5,3], [5,3]/[13,7], [13,11]/[5,3], [5,3]/[13,11], [11,3]/[5,3], [5,3]/[11,3], [11,5]/[5,3], [5,3]/[11,5], [11,7]/[5,3], [5,3]/[11,7], [11,13]/[5,3], [5,3]/[11,13], [11,11]/[5,3], [5,3]/[11,11], [5,3]/2₀, 2₀/[5,3], [5,3]/2₁, 2₁/[5,3], [5,3]/3₀, 3₀/[5,3], 1/[5,3], [5,7]/[5,5], [5,5]/[5,7], [5,13]/[5,5], [5,5]/[5,13], [5,11]/[5,5], [5,5]/[5,11], [7,5]/[5,5], [5,5]/[7,5], [7,7]/[5,5], [5,5]/[7,7], [7,13]/[5,5], [5,5]/[7,13], [7,11]/[5,5], [5,5]/[7,11], [13,5]/[5,5], [5,5]/[13,5], [13,7]/[5,5], [5,5]/[13,7], [13,11]/[5,5], [5,5]/[13,11], [11,5]/[5,5], [5,5]/[11,5], [11,7]/[5,5], [5,5]/[11,7], [11,13]/[5,5], [5,5]/[11,13], [11,11]/[5,5], [5,5]/[11,11], [5,5]/2₀, 2₀/[5,5], [5,5]/2₁, 2₁/[5,5], [5,5]/3₀, 3₀/[5,5], [5,5]/3₁, 3₁/[5,5], 1/[5,5], [5,13]/[5,7], [5,7]/[5,13], [5,11]/[5,7], [5,7]/[5,11], [7,7]/[5,7], [5,7]/[7,7], [7,13]/[5,7], [5,7]/[7,13], [7,11]/[5,7], [5,7]/[7,11], [13,7]/[5,7], [5,7]/[13,7], [13,11]/[5,7], [5,7]/[13,11], [11,7]/[5,7], [5,7]/[11,7], [11,13]/[5,7], [5,7]/[11,13], [11,11]/[5,7], [5,7]/[11,11], [5,7]/2₀, 2₀/[5,7], [5,7]/2₁, 2₁/[5,7], [5,7]/3₀, 3₀/[5,7], [5,7]/3₁, 3₁/[5,7], [5,7]/5₁, 5₁/[5,7], 1/[5,7], [5,13]/[5,11], [5,11]/[5,13], [7,13]/[5,13], [5,13]/[7,13], [11,13]/[5,13], [5,13]/[11,13], [5,13]/2₀, 2₀/[5,13], [5,13]/2₁, 2₁/[5,13], [5,13]/3₀, 3₀/[5,13], [5,13]/3₁, 3₁/[5,13], [5,13]/5₁, 5₁/[5,13], [5,13]/7₁, 7₁/[5,13], [5,13]/11₁, 11₁/[5,13], 1/[5,13], [7,13]/[5,11], [5,11]/[7,13], [7,11]/[5,11], [5,11]/[7,11], [13,11]/[5,11], [5,11]/[13,11], [11,13]/[5,11], [5,11]/[11,13], [11,11]/[5,11], [5,11]/[11,11], [5,11]/2₀, 2₀/[5,11], [5,11]/2₁, 2₁/[5,11], [5,11]/3₀, 3₀/[5,11], [5,11]/3₁, 3₁/[5,11], [5,11]/5₁, 5₁/[5,11], [5,11]/7₁, 7₁/[5,11], 1/[5,11], [7,3]/[7,2], [7,2]/[7,3], [7,5]/[7,2], [7,2]/[7,5], [7,7]/[7,2], [7,2]/[7,7], [7,13]/[7,2], [7,2]/[7,13], [7,11]/[7,2], [7,2]/[7,11], [13,2]/[7,2], [7,2]/[13,2], [13,3]/[7,2], [7,2]/[13,3], [13,5]/[7,2], [7,2]/[13,5], [13,7]/[7,2], [7,2]/[13,7], [13,11]/[7,2], [7,2]/[13,11], [11,2]/[7,2], [7,2]/[11,2], [11,3]/[7,2], [7,2]/[11,3], [11,5]/[7,2], [7,2]/[11,5], [11,7]/[7,2], [7,2]/[11,7], [11,13]/[7,2], [7,2]/[11,13], [11,11]/[7,2], [7,2]/[11,11], [7,2]/2₀, 2₀/[7,2], [[7,2]/2₁, [7,3]/3₁, [7,5]/5₁, [7,7]/7₁, [7,13]/13₁, [7,11]/11₁], [2₁/[7,2], 3₁/[7,3], 5₁/[7,5], 7₁/[7,7], 13₁/[7,13], 11₁/[7,11], 1/7₀], [7,2]/3₀, 3₀/[7,2], [7,2]/5₀, 5₀/[7,2], 1/[7,2], [7,5]/[7,3], [7,3]/[7,5], [7,7]/[7,3], [7,3]/[7,7], [7,13]/[7,3], [7,3]/[7,13], [7,11]/[7,3], [7,3]/[7,11], [13,3]/[7,3], [7,3]/[13,3], [13,5]/[7,3], [7,3]/[13,5], [13,7]/[7,3], [7,3]/[13,7], [13,11]/[7,3], [7,3]/[13,11], [11,3]/[7,3], [7,3]/[11,3], [11,5]/[7,3], [7,3]/[11,5], [11,7]/[7,3], [7,3]/[11,7], [11,13]/[7,3], [7,3]/[11,13], [11,11]/[7,3], [7,3]/[11,11], [7,3]/2₀, 2₀/[7,3], [7,3]/2₁, 2₁/[7,3], [7,3]/3₀, 3₀/[7,3], [7,3]/5₀, 5₀/[7,3], 1/[7,3], [7,7]/[7,5], [7,5]/[7,7], [7,13]/[7,5], [7,5]/[7,13], [7,11]/[7,5], [7,5]/[7,11], [13,5]/[7,5], [7,5]/[13,5], [13,7]/[7,5], [7,5]/[13,7], [13,11]/[7,5], [7,5]/[13,11], [11,5]/[7,5], [7,5]/[11,5], [11,7]/[7,5], [7,5]/[11,7], [11,13]/[7,5], [7,5]/[11,13], [11,11]/[7,5], [7,5]/[11,11], [7,5]/2₀, 2₀/[7,5], [7,5]/2₁, 2₁/[7,5], [7,5]/3₀, 3₀/[7,5], [7,5]/3₁, 3₁/[7,5], [7,5]/5₀, 5₀/[7,5], 1/[7,5], [7,13]/[7,7], [7,7]/[7,13], [7,11]/[7,7], [7,7]/[7,11], [13,7]/[7,7], [7,7]/[13,7], [13,11]/[7,7], [7,7]/[13,11], [11,7]/[7,7], [7,7]/[11,7], [11,13]/[7,7], [7,7]/[11,13], [11,11]/[7,7], [7,7]/[11,11], [7,7]/2₀, 2₀/[7,7], [7,7]/2₁, 2₁/[7,7], [7,7]/3₀, 3₀/[7,7], [7,7]/3₁, 3₁/[7,7], [7,7]/5₀, 5₀/[7,7], [7,7]/5₁, 5₁/[7,7], 1/[7,7], [7,13]/[7,11], [7,11]/[7,13], [11,13]/[7,13], [7,13]/[11,13], [7,13]/2₀, 2₀/[7,13], [7,13]/2₁, 2₁/[7,13], [7,13]/3₀, 3₀/[7,13], [7,13]/3₁, 3₁/[7,13], [7,13]/5₀, 5₀/[7,13], [7,13]/5₁, 5₁/[7,13], [7,13]/7₁, 7₁/[7,13], [7,13]/11₁, 11₁/[7,13], 1/[7,13], [13,11]/[7,11], [7,11]/[13,11], [11,13]/[7,11], [7,11]/[11,13], [11,11]/[7,11], [7,11]/[11,11], [7,11]/2₀, 2₀/[7,11], [7,11]/2₁, 2₁/[7,11], [7,11]/3₀, 3₀/[7,11], [7,11]/3₁, 3₁/[7,11], [7,11]/5₀, 5₀/[7,11], [7,11]/5₁, 5₁/[7,11], [7,11]/7₁, 7₁/[7,11], 1/[7,11], [13,3]/[13,2], [13,2]/[13,3], [13,5]/[13,2], [13,2]/[13,5], [13,7]/[13,2], [13,2]/[13,7], [13,11]/[13,2], [13,2]/[13,11], [13,2]/[11,2], [11,2]/[13,2], [13,2]/2₀, 2₀/[13,2], [13,2]/3₀, 3₀/[13,2], [13,2]/5₀, 5₀/[13,2], [13,2]/7₀, 7₀/[13,2], [13,2]/11₀, 11₀/[13,2], 1/[13,2], [13,5]/[13,3], [13,3]/[13,5], [13,7]/[13,3], [13,3]/[13,7], [13,11]/[13,3], [13,3]/[13,11], [13,3]/[11,2], [11,2]/[13,3], [13,3]/[11,3], [11,3]/[13,3], [13,3]/2₀, 2₀/[13,3], [13,3]/2₁, 2₁/[13,3], [13,3]/3₀, 3₀/[13,3], [13,3]/5₀, 5₀/[13,3], [13,3]/7₀, 7₀/[13,3], [13,3]/11₀, 11₀/[13,3], 1/[13,3], [13,7]/[13,5], [13,5]/[13,7], [13,11]/[13,5], [13,5]/[13,11], [13,5]/[11,2], [11,2]/[13,5], [13,5]/[11,3], [11,3]/[13,5], [13,5]/[11,5], [11,5]/[13,5], [13,5]/2₀, 2₀/[13,5], [13,5]/2₁, 2₁/[13,5], [13,5]/3₀, 3₀/[13,5], [13,5]/3₁, 3₁/[13,5], [13,5]/5₀, 5₀/[13,5], [13,5]/7₀, 7₀/[13,5], [13,5]/11₀, 11₀/[13,5], 1/[13,5], [13,11]/[13,7], [13,7]/[13,11], [13,7]/[11,2], [11,2]/[13,7], [13,7]/[11,3], [11,3]/[13,7], [13,7]/[11,5], [11,5]/[13,7], [13,7]/[11,7], [11,7]/[13,7], [13,7]/2₀, 2₀/[13,7], [13,7]/2₁, 2₁/[13,7], [13,7]/3₀, 3₀/[13,7], [13,7]/3₁, 3₁/[13,7], [13,7]/5₀, 5₀/[13,7], [13,7]/5₁, 5₁/[13,7], [13,7]/7₀, 7₀/[13,7], [13,7]/11₀, 11₀/[13,7], 1/[13,7], [13,11]/[11,2], [11,2]/[13,11], [13,11]/[11,3], [11,3]/[13,11], [13,11]/[11,5], [11,5]/[13,11], [13,11]/[11,7], [11,7]/[13,11], [13,11]/[11,11], [11,11]/[13,11], [13,11]/2₀, 2₀/[13,11], [13,11]/2₁, 2₁/[13,11], [13,11]/3₀, 3₀/[13,11], [13,11]/3₁, 3₁/[13,11], [13,11]/5₀, 5₀/[13,11], [13,11]/5₁, 5₁/[13,11], [13,11]/7₀, 7₀/[13,11], [13,11]/7₁, 7₁/[13,11], [13,11]/11₀, 11₀/[13,11], 1/[13,11], [11,3]/[11,2], [11,2]/[11,3], [11,5]/[11,2], [11,2]/[11,5], [11,7]/[11,2], [11,2]/[11,7], [11,13]/[11,2], [11,2]/[11,13], [11,11]/[11,2], [11,2]/[11,11], [11,2]/2₀, 2₀/[11,2], [[11,2]/2₁, [11,3]/3₁, [11,5]/5₁, [11,7]/7₁, [11,13]/13₁, [11,11]/11₁], [2₁/[11,2], 3₁/[11,3], 5₁/[11,5], 7₁/[11,7], 13₁/[11,13], 11₁/[11,11], 1/11₀], [11,2]/3₀, 3₀/[11,2], [11,2]/5₀, 5₀/[11,2], [11,2]/7₀, 7₀/[11,2], 1/[11,2], [11,5]/[11,3], [11,3]/[11,5], [11,7]/[11,3], [11,3]/[11,7], [11,13]/[11,3], [11,3]/[11,13], [11,11]/[11,3], [11,3]/[11,11], [11,3]/2₀, 2₀/[11,3], [11,3]/2₁, 2₁/[11,3], [11,3]/3₀, 3₀/[11,3], [11,3]/5₀, 5₀/[11,3], [11,3]/7₀, 7₀/[11,3], 1/[11,3], [11,7]/[11,5], [11,5]/[11,7], [11,13]/[11,5], [11,5]/[11,13], [11,11]/[11,5], [11,5]/[11,11], [11,5]/2₀, 2₀/[11,5], [11,5]/2₁, 2₁/[11,5], [11,5]/3₀, 3₀/[11,5], [11,5]/3₁, 3₁/[11,5], [11,5]/5₀, 5₀/[11,5], [11,5]/7₀, 7₀/[11,5], 1/[11,5], [11,13]/[11,7], [11,7]/[11,13], [11,11]/[11,7], [11,7]/[11,11], [11,7]/2₀, 2₀/[11,7], [11,7]/2₁, 2₁/[11,7], [11,7]/3₀, 3₀/[11,7], [11,7]/3₁, 3₁/[11,7], [11,7]/5₀, 5₀/[11,7], [11,7]/5₁, 5₁/[11,7], [11,7]/7₀, 7₀/[11,7], 1/[11,7], [11,13]/[11,11], [11,11]/[11,13], [11,13]/2₀, 2₀/[11,13], [11,13]/2₁, 2₁/[11,13], [11,13]/3₀, 3₀/[11,13], [11,13]/3₁, 3₁/[11,13], [11,13]/5₀, 5₀/[11,13], [11,13]/5₁, 5₁/[11,13], [11,13]/7₀, 7₀/[11,13], [11,13]/7₁, 7₁/[11,13], [11,13]/11₁, 11₁/[11,13], 1/[11,13], [11,11]/2₀, 2₀/[11,11], [11,11]/2₁, 2₁/[11,11], [11,11]/3₀, 3₀/[11,11], [11,11]/3₁, 3₁/[11,11], [11,11]/5₀, 5₀/[11,11], [11,11]/5₁, 5₁/[11,11], [11,11]/7₀, 7₀/[11,11], [11,11]/7₁, 7₁/[11,11], 1/[11,11], 3₀/2₀, 2₀/3₀, 5₀/2₀, 2₀/5₀, 7₀/2₀, 2₀/7₀, 13₀/2₀, 2₀/13₀, 11₀/2₀, 2₀/11₀, 3₁/2₁, 2₁/3₁, 5₁/2₁, 2₁/5₁, 7₁/2₁, 2₁/7₁, 13₁/2₁, 2₁/13₁, 11₁/2₁, 2₁/11₁, 5₀/3₀, 3₀/5₀, 7₀/3₀, 3₀/7₀, 13₀/3₀, 3₀/13₀, 11₀/3₀, 3₀/11₀, 5₁/3₁, 3₁/5₁, 7₁/3₁, 3₁/7₁, 13₁/3₁, 3₁/13₁, 11₁/3₁, 3₁/11₁, 7₀/5₀, 5₀/7₀, 13₀/5₀, 5₀/13₀, 11₀/5₀, 5₀/11₀, 7₁/5₁, 5₁/7₁, 13₁/5₁, 5₁/13₁, 11₁/5₁, 5₁/11₁, 13₀/7₀, 7₀/13₀, 11₀/7₀, 7₀/11₀, 13₁/7₁, 7₁/13₁, 11₁/7₁, 7₁/11₁, 13₀/11₀, 11₀/13₀, 13₁/11₁, 11₁/13₁), Pn(60)}
re-met relations: R*([13,13]/8, 8/[13,13], 8/4, 4/8, 8/[2,3], [2,3]/8, 8/[3,2], [3,2]/8, [3,3]/8, 8/[3,3], [3,5]/8, 8/[3,5], [3,7]/8, 8/[3,7], [3,13]/8, 8/[3,13], [3,11]/8, 8/[3,11], [5,3]/8, 8/[5,3], [5,5]/8, 8/[5,5], [5,7]/8, 8/[5,7], [5,13]/8, 8/[5,13], [5,11]/8, 8/[5,11], [7,3]/8, 8/[7,3], [7,5]/8, 8/[7,5], [7,7]/8, 8/[7,7], [7,13]/8, 8/[7,13], [7,11]/8, 8/[7,11], [13,3]/8, 8/[13,3], [13,5]/8, 8/[13,5], [13,7]/8, 8/[13,7], [13,11]/8, 8/[13,11], [11,3]/8, 8/[11,3], [11,5]/8, 8/[11,5], [11,7]/8, 8/[11,7], [11,13]/8, 8/[11,13], [11,11]/8, 8/[11,11], 8/2₀, 2₀/8, 8/2₁, 2₁/8, 8/3₀, 3₀/8, 8/3₁, 3₁/8, 1/8, [13,13]/[2,2,3], [2,2,3]/[13,13], [2,2,3]/4, 4/[2,2,3], [2,2,3]/[2,3], [2,3]/[2,2,3], [2,2,3]/[3,2], [3,2]/[2,2,3], [2,2,3]/[5,2], [5,2]/[2,2,3], [5,3]/[2,2,3], [2,2,3]/[5,3], [5,5]/[2,2,3], [2,2,3]/[5,5], [5,7]/[2,2,3], [2,2,3]/[5,7], [5,13]/[2,2,3], [2,2,3]/[5,13], [5,11]/[2,2,3], [2,2,3]/[5,11], [7,3]/[2,2,3], [2,2,3]/[7,3], [7,5]/[2,2,3], [2,2,3]/[7,5], [7,7]/[2,2,3], [2,2,3]/[7,7], [7,13]/[2,2,3], [2,2,3]/[7,13], [7,11]/[2,2,3], [2,2,3]/[7,11], [13,3]/[2,2,3], [2,2,3]/[13,3], [13,5]/[2,2,3], [2,2,3]/[13,5], [13,7]/[2,2,3], [2,2,3]/[13,7], [13,11]/[2,2,3], [2,2,3]/[13,11], [11,3]/[2,2,3], [2,2,3]/[11,3], [11,5]/[2,2,3], [2,2,3]/[11,5], [11,7]/[2,2,3], [2,2,3]/[11,7], [11,13]/[2,2,3], [2,2,3]/[11,13], [11,11]/[2,2,3], [2,2,3]/[11,11], [2,2,3]/2₀, 2₀/[2,2,3], [2,2,3]/2₁, 2₁/[2,2,3], [2,2,3]/3₀, 3₀/[2,2,3], [2,2,3]/3₁, 3₁/[2,2,3], [2,2,3]/5₀, 5₀/[2,2,3], 1/[2,2,3], [13,13]/[8,2], [8,2]/[13,13], [8,2]/4, 4/[8,2], [8,2]/[2,3], [2,3]/[8,2], [8,2]/[3,2], [3,2]/[8,2], [8,2]/[5,2], [5,2]/[8,2], [8,2]/[7,2], [7,2]/[8,2], [7,3]/[8,2], [8,2]/[7,3], [7,5]/[8,2], [8,2]/[7,5], [7,7]/[8,2], [8,2]/[7,7], [7,13]/[8,2], [8,2]/[7,13], [7,11]/[8,2], [8,2]/[7,11], [13,3]/[8,2], [8,2]/[13,3], [13,5]/[8,2], [8,2]/[13,5], [13,7]/[8,2], [8,2]/[13,7], [13,11]/[8,2], [8,2]/[13,11], [11,3]/[8,2], [8,2]/[11,3], [11,5]/[8,2], [8,2]/[11,5], [11,7]/[8,2], [8,2]/[11,7], [11,13]/[8,2], [8,2]/[11,13], [11,11]/[8,2], [8,2]/[11,11], [8,2]/2₀, 2₀/[8,2], [8,2]/2₁, 2₁/[8,2], [8,2]/3₀, 3₀/[8,2], [8,2]/3₁, 3₁/[8,2], [8,2]/5₀, 5₀/[8,2], [8,2]/7₀, 7₀/[8,2], 1/[8,2], [13,13]/[[2,3],4], [[2,3],4]/[13,13], [[2,3],4]/4, 4/[[2,3],4], [[2,3],4]/[2,3], [2,3]/[[2,3],4], [[2,3],4]/[3,2], [3,2]/[[2,3],4], [[2,3],4]/[5,2], [5,2]/[[2,3],4], [[2,3],4]/[7,2], [7,2]/[[2,3],4], [13,3]/[[2,3],4], [[2,3],4]/[13,3], [13,5]/[[2,3],4], [[2,3],4]/[13,5], [13,7]/[[2,3],4], [[2,3],4]/[13,7], [13,11]/[[2,3],4], [[2,3],4]/[13,11], [[2,3],4]/[11,2], [11,2]/[[2,3],4], [11,3]/[[2,3],4], [[2,3],4]/[11,3], [11,5]/[[2,3],4], [[2,3],4]/[11,5], [11,7]/[[2,3],4], [[2,3],4]/[11,7], [11,13]/[[2,3],4], [[2,3],4]/[11,13], [11,11]/[[2,3],4], [[2,3],4]/[11,11], [[2,3],4]/2₀, 2₀/[[2,3],4], [[2,3],4]/2₁, 2₁/[[2,3],4], [[2,3],4]/3₀, 3₀/[[2,3],4], [[2,3],4]/3₁, 3₁/[[2,3],4], [[2,3],4]/5₀, 5₀/[[2,3],4], [[2,3],4]/7₀, 7₀/[[2,3],4], [[2,3],4]/11₀, 11₀/[[2,3],4], 1/[[2,3],4], [13,13]/17, 17/[13,13], 17/4, 4/17, 17/[2,3], [2,3]/17, [13,3]/17, 17/[13,3], [13,5]/17, 17/[13,5], [13,7]/17, 17/[13,7], [13,11]/17, 17/[13,11], 17/2₀, 2₀/17, 17/2₁, 2₁/17, 17/3₀, 3₀/17, 17/3₁, 3₁/17, 17/5₀, 5₀/17, 17/7₀, 7₀/17, 17/13₀, 13₀/17, 17/11₀, 11₀/17, 1/17, [13,13]/19, 19/[13,13], 19/4, 4/19, 19/[2,3], [2,3]/19, 19/[2,5], [2,5]/19, 19/[3,2], [3,2]/19, 19/[3,3], [3,3]/19, 19/[5,2], [5,2]/19, 19/[5,3], [5,3]/19, [5,5]/19, 19/[5,5], [5,7]/19, 19/[5,7], [5,13]/19, 19/[5,13], [5,11]/19, 19/[5,11], [7,5]/19, 19/[7,5], [7,7]/19, 19/[7,7], [7,13]/19, 19/[7,13], [7,11]/19, 19/[7,11], [13,5]/19, 19/[13,5], [13,7]/19, 19/[13,7], [13,11]/19, 19/[13,11], [11,5]/19, 19/[11,5], [11,7]/19, 19/[11,7], [11,13]/19, 19/[11,13], [11,11]/19, 19/[11,11], 19/2₀, 2₀/19, 19/2₁, 2₁/19, 19/3₀, 3₀/19, 19/3₁, 3₁/19, 19/5₀, 5₀/19, 19/5₁, 5₁/19, 1/19, [13,13]/[5,4], [5,4]/[13,13], [5,4]/4, 4/[5,4], [5,4]/[2,3], [2,3]/[5,4], [5,4]/[2,5], [2,5]/[5,4], [5,4]/[3,2], [3,2]/[5,4], [5,4]/[5,2], [5,2]/[5,4], [5,4]/[7,2], [7,2]/[5,4], [7,5]/[5,4], [5,4]/[7,5], [7,7]/[5,4], [5,4]/[7,7], [7,13]/[5,4], [5,4]/[7,13], [7,11]/[5,4], [5,4]/[7,11], [13,5]/[5,4], [5,4]/[13,5], [13,7]/[5,4], [5,4]/[13,7], [13,11]/[5,4], [5,4]/[13,11], [11,5]/[5,4], [5,4]/[11,5], [11,7]/[5,4], [5,4]/[11,7], [11,13]/[5,4], [5,4]/[11,13], [11,11]/[5,4], [5,4]/[11,11], [5,4]/2₀, 2₀/[5,4], [5,4]/2₁, 2₁/[5,4], [5,4]/3₀, 3₀/[5,4], [5,4]/3₁, 3₁/[5,4], [5,4]/5₀, 5₀/[5,4], [5,4]/5₁, 5₁/[5,4], [5,4]/7₀, 7₀/[5,4], 1/[5,4], [13,13]/37, 37/[13,13], 37/4, 4/37, 37/[2,3], [2,3]/37, 37/[2,5], [2,5]/37, 37/[3,2], [3,2]/37, 37/[3,3], [3,3]/37, 37/[5,2], [5,2]/37, 37/[5,3], [5,3]/37, 37/[7,2], [7,2]/37, 37/[7,3], [7,3]/37, [13,5]/37, 37/[13,5], [13,7]/37, 37/[13,7], [13,11]/37, 37/[13,11], 37/[11,2], [11,2]/37, 37/[11,3], [11,3]/37, [11,5]/37, 37/[11,5], [11,7]/37, 37/[11,7], [11,13]/37, 37/[11,13], [11,11]/37, 37/[11,11], 37/2₀, 2₀/37, 37/2₁, 2₁/37, 37/3₀, 3₀/37, 37/3₁, 3₁/37, 37/5₀, 5₀/37, 37/5₁, 5₁/37, 37/7₀, 7₀/37, 37/11₀, 11₀/37, 1/37, [13,13]/23, 23/[13,13], 23/4, 4/23, 23/[2,3], [2,3]/23, 23/[2,5], [2,5]/23, 23/[2,7], [2,7]/23, 23/[3,2], [3,2]/23, 23/[3,3], [3,3]/23, 23/[5,2], [5,2]/23, 23/[5,3], [5,3]/23, [5,7]/23, 23/[5,7], [5,13]/23, 23/[5,13], [5,11]/23, 23/[5,11], [7,7]/23, 23/[7,7], [7,13]/23, 23/[7,13], [7,11]/23, 23/[7,11], [13,7]/23, 23/[13,7], [13,11]/23, 23/[13,11], [11,7]/23, 23/[11,7], [11,13]/23, 23/[11,13], [11,11]/23, 23/[11,11], 23/2₀, 2₀/23, 23/2₁, 2₁/23, 23/3₀, 3₀/23, 23/3₁, 3₁/23, 23/5₀, 5₀/23, 23/5₁, 5₁/23, 23/7₁, 7₁/23, 1/23, [13,13]/29, 29/[13,13], 29/4, 4/29, 29/[2,3], [2,3]/29, 29/[2,5], [2,5]/29, 29/[2,7], [2,7]/29, 29/[3,2], [3,2]/29, 29/[3,3], [3,3]/29, 29/[3,5], [3,5]/29, 29/[5,2], [5,2]/29, 29/[5,3], [5,3]/29, 29/[5,5], [5,5]/29, [5,7]/29, 29/[5,7], [5,13]/29, 29/[5,13], [5,11]/29, 29/[5,11], [7,7]/29, 29/[7,7], [7,13]/29, 29/[7,13], [7,11]/29, 29/[7,11], [13,7]/29, 29/[13,7], [13,11]/29, 29/[13,11], [11,7]/29, 29/[11,7], [11,13]/29, 29/[11,13], [11,11]/29, 29/[11,11], 29/2₀, 2₀/29, 29/2₁, 2₁/29, 29/3₀, 3₀/29, 29/3₁, 3₁/29, 29/5₀, 5₀/29, 29/5₁, 5₁/29, 29/7₁, 7₁/29, 1/29, [13,13]/41, 41/[13,13], 41/4, 4/41, 41/[2,3], [2,3]/41, 41/[2,5], [2,5]/41, 41/[2,7], [2,7]/41, 41/[3,2], [3,2]/41, 41/[3,3], [3,3]/41, 41/[5,2], [5,2]/41, 41/[5,3], [5,3]/41, 41/[7,2], [7,2]/41, 41/[7,3], [7,3]/41, [13,7]/41, 41/[13,7], [13,11]/41, 41/[13,11], 41/[11,2], [11,2]/41, 41/[11,3], [11,3]/41, [11,7]/41, 41/[11,7], [11,13]/41, 41/[11,13], [11,11]/41, 41/[11,11], 41/2₀, 2₀/41, 41/2₁, 2₁/41, 41/3₀, 3₀/41, 41/3₁, 3₁/41, 41/5₀, 5₀/41, 41/5₁, 5₁/41, 41/7₀, 7₀/41, 41/7₁, 7₁/41, 41/11₀, 11₀/41, 1/41, [13,13]/31, 31/[13,13], 31/4, 4/31, 31/[2,3], [2,3]/31, 31/[2,5], [2,5]/31, 31/[2,7], [2,7]/31, 31/[2,13], [2,13]/31, 31/[2,11], [2,11]/31, 31/[3,2], [3,2]/31, 31/[3,3], [3,3]/31, 31/[3,5], [3,5]/31, [3,13]/31, 31/[3,13], [5,13]/31, 31/[5,13], [7,13]/31, 31/[7,13], [11,13]/31, 31/[11,13], 31/2₀, 2₀/31, 31/2₁, 2₁/31, 31/3₀, 3₀/31, 31/3₁, 3₁/31, 31/5₁, 5₁/31, 31/7₁, 7₁/31, 31/13₁, 13₁/31, 31/11₁, 11₁/31, 1/31, [13,13]/[3,3,3], [3,3,3]/[13,13], [3,3,3]/4, 4/[3,3,3], [3,3,3]/[2,3], [2,3]/[3,3,3], [3,3,3]/[2,5], [2,5]/[3,3,3], [3,3,3]/[2,7], [2,7]/[3,3,3], [3,3,3]/[2,13], [2,13]/[3,3,3], [3,3,3]/[2,11], [2,11]/[3,3,3], [3,13]/[3,3,3], [3,3,3]/[3,13], [5,13]/[3,3,3], [3,3,3]/[5,13], [7,13]/[3,3,3], [3,3,3]/[7,13], [11,13]/[3,3,3], [3,3,3]/[11,13], [3,3,3]/2₀, 2₀/[3,3,3], [3,3,3]/2₁, 2₁/[3,3,3], [3,3,3]/3₀, 3₀/[3,3,3], [3,3,3]/3₁, 3₁/[3,3,3], [3,3,3]/5₁, 5₁/[3,3,3], [3,3,3]/7₁, 7₁/[3,3,3], [3,3,3]/13₁, 13₁/[3,3,3], [3,3,3]/11₁, 11₁/[3,3,3], 1/[3,3,3], [13,13]/[[3,3],5], [[3,3],5]/[13,13], [[3,3],5]/4, 4/[[3,3],5], [[3,3],5]/[2,3], [2,3]/[[3,3],5], [[3,3],5]/[2,5], [2,5]/[[3,3],5], [[3,3],5]/[3,2], [3,2]/[[3,3],5], [[3,3],5]/[3,3], [3,3]/[[3,3],5], [[3,3],5]/[3,5], [3,5]/[[3,3],5], [[3,3],5]/[5,2], [5,2]/[[3,3],5], [[3,3],5]/[5,3], [5,3]/[[3,3],5], [[3,3],5]/[7,2], [7,2]/[[3,3],5], [[3,3],5]/[7,3], [7,3]/[[3,3],5], [[3,3],5]/[13,2], [13,2]/[[3,3],5], [[3,3],5]/[13,3], [13,3]/[[3,3],5], [13,5]/[[3,3],5], [[3,3],5]/[13,5], [13,7]/[[3,3],5], [[3,3],5]/[13,7], [13,11]/[[3,3],5], [[3,3],5]/[13,11], [[3,3],5]/[11,2], [11,2]/[[3,3],5], [[3,3],5]/[11,3], [11,3]/[[3,3],5], [[3,3],5]/2₀, 2₀/[[3,3],5], [[3,3],5]/2₁, 2₁/[[3,3],5], [[3,3],5]/3₀, 3₀/[[3,3],5], [[3,3],5]/3₁, 3₁/[[3,3],5], [[3,3],5]/5₀, 5₀/[[3,3],5], [[3,3],5]/5₁, 5₁/[[3,3],5], [[3,3],5]/7₀, 7₀/[[3,3],5], [[3,3],5]/13₀, 13₀/[[3,3],5], [[3,3],5]/11₀, 11₀/[[3,3],5], 1/[[3,3],5])
read one lower:  13{Q*([13,13]/O29, O29/[13,13], O29/4, 4/O29, O29/[2,3], [2,3]/O29, O29/[3,2], [3,2]/O29, O29/[5,2], [5,2]/O29, O29/[7,2], [7,2]/O29, O29/[13,2], [13,2]/O29, [13,3]/O29, O29/[13,3], [13,5]/O29, O29/[13,5], [13,7]/O29, O29/[13,7], [13,11]/O29, O29/[13,11], O29/[11,2], [11,2]/O29, O29/2, 2/O29, O29/3, 3/O29, O29/5, 5/O29, O29/7, 7/O29, O29/13, 13/O29, O29/11, 11/O29, 1/O29, [13,13]/O30, O30/[13,13], O30/4, 4/O30, O30/[2,3], [2,3]/O30, O30/[2,5], [2,5]/O30, O30/[3,2], [3,2]/O30, O30/[5,2], [5,2]/O30, O30/[7,2], [7,2]/O30, O30/[13,2], [13,2]/O30, [13,5]/O30, O30/[13,5], [13,7]/O30, O30/[13,7], [13,11]/O30, O30/[13,11], O30/[11,2], [11,2]/O30, O30/2, 2/O30, O30/3, 3/O30, O30/5, 5/O30, O30/7, 7/O30, O30/13, 13/O30, O30/11, 11/O30, 1/O30, [13,13]/O31, O31/[13,13], O31/4, 4/O31, O31/[2,3], [2,3]/O31, O31/[2,5], [2,5]/O31, O31/[3,2], [3,2]/O31, O31/[3,3], [3,3]/O31, O31/[5,2], [5,2]/O31, O31/[5,3], [5,3]/O31, O31/[7,2], [7,2]/O31, O31/[7,3], [7,3]/O31, O31/[13,2], [13,2]/O31, O31/[13,3], [13,3]/O31, [13,5]/O31, O31/[13,5], [13,7]/O31, O31/[13,7], [13,11]/O31, O31/[13,11], O31/[11,2], [11,2]/O31, O31/[11,3], [11,3]/O31, O31/2, 2/O31, O31/3, 3/O31, O31/5, 5/O31, O31/7, 7/O31, O31/13, 13/O31, O31/11, 11/O31, 1/O31, [13,13]/O32, O32/[13,13], O32/4, 4/O32, O32/[2,3], [2,3]/O32, O32/[2,5], [2,5]/O32, [2,13]/O32, O32/[2,13], [3,13]/O32, O32/[3,13], [5,13]/O32, O32/[5,13], [7,13]/O32, O32/[7,13], [11,13]/O32, O32/[11,13], O32/2, 2/O32, O32/3, 3/O32, O32/5, 5/O32, O32/7, 7/O32, O32/13, 13/O32, O32/11, 11/O32, 1/O32, [13,13]/O33, O33/[13,13], O33/4, 4/O33, O33/[2,3], [2,3]/O33, O33/[2,5], [2,5]/O33, O33/[2,7], [2,7]/O33, O33/[3,2], [3,2]/O33, O33/[5,2], [5,2]/O33, O33/[7,2], [7,2]/O33, O33/[13,2], [13,2]/O33, [13,7]/O33, O33/[13,7], [13,11]/O33, O33/[13,11], O33/[11,2], [11,2]/O33, O33/2, 2/O33, O33/3, 3/O33, O33/5, 5/O33, O33/7, 7/O33, O33/13, 13/O33, O33/11, 11/O33, 1/O33, [13,13]/O34, O34/[13,13], O34/4, 4/O34, O34/[2,3], [2,3]/O34, O34/[2,5], [2,5]/O34, O34/[2,7], [2,7]/O34, O34/[3,2], [3,2]/O34, O34/[3,3], [3,3]/O34, O34/[5,2], [5,2]/O34, O34/[5,3], [5,3]/O34, O34/[7,2], [7,2]/O34, O34/[7,3], [7,3]/O34, O34/[13,2], [13,2]/O34, O34/[13,3], [13,3]/O34, [13,7]/O34, O34/[13,7], [13,11]/O34, O34/[13,11], O34/[11,2], [11,2]/O34, O34/[11,3], [11,3]/O34, O34/2, 2/O34, O34/3, 3/O34, O34/5, 5/O34, O34/7, 7/O34, O34/13, 13/O34, O34/11, 11/O34, 1/O34, [13,13]/O35, O35/[13,13], O35/4, 4/O35, O35/[2,3], [2,3]/O35, O35/[2,5], [2,5]/O35, O35/[2,7], [2,7]/O35, O35/[3,2], [3,2]/O35, O35/[3,3], [3,3]/O35, O35/[3,5], [3,5]/O35, O35/[5,2], [5,2]/O35, O35/[5,3], [5,3]/O35, O35/[5,5], [5,5]/O35, O35/[7,2], [7,2]/O35, O35/[7,3], [7,3]/O35, O35/[7,5], [7,5]/O35, O35/[13,2], [13,2]/O35, O35/[13,3], [13,3]/O35, O35/[13,5], [13,5]/O35, [13,7]/O35, O35/[13,7], [13,11]/O35, O35/[13,11], O35/[11,2], [11,2]/O35, O35/[11,3], [11,3]/O35, O35/[11,5], [11,5]/O35, O35/2, 2/O35, O35/3, 3/O35, O35/5, 5/O35, O35/7, 7/O35, O35/13, 13/O35, O35/11, 11/O35, 1/O35, [13,13]/O36, O36/[13,13], O36/4, 4/O36, O36/[2,3], [2,3]/O36, O36/[2,5], [2,5]/O36, O36/[2,7], [2,7]/O36, O36/[3,2], [3,2]/O36, O36/[3,3], [3,3]/O36, O36/[3,5], [3,5]/O36, O36/[5,2], [5,2]/O36, O36/[5,3], [5,3]/O36, O36/[5,5], [5,5]/O36, O36/[7,2], [7,2]/O36, O36/[7,3], [7,3]/O36, O36/[7,5], [7,5]/O36, [13,7]/O36, O36/[13,7], [13,11]/O36, O36/[13,11], O36/[11,2], [11,2]/O36, O36/[11,3], [11,3]/O36, O36/[11,5], [11,5]/O36, [11,7]/O36, O36/[11,7], [11,13]/O36, O36/[11,13], [11,11]/O36, O36/[11,11], O36/2, 2/O36, O36/3, 3/O36, O36/5, 5/O36, O36/7, 7/O36, O36/11, 11/O36, 1/O36, [13,13]/O37, O37/[13,13], O37/4, 4/O37, O37/[2,3], [2,3]/O37, O37/[2,5], [2,5]/O37, O37/[2,7], [2,7]/O37, O37/[2,13], [2,13]/O37, O37/[2,11], [2,11]/O37, O37/[3,2], [3,2]/O37, O37/[3,3], [3,3]/O37, O37/[3,5], [3,5]/O37, O37/[5,2], [5,2]/O37, O37/[5,3], [5,3]/O37, O37/[5,5], [5,5]/O37, O37/[7,2], [7,2]/O37, O37/[7,3], [7,3]/O37, O37/[7,5], [7,5]/O37, [7,13]/O37, O37/[7,13], [11,13]/O37, O37/[11,13], O37/2, 2/O37, O37/3, 3/O37, O37/5, 5/O37, O37/7, 7/O37, O37/13, 13/O37, O37/11, 11/O37, 1/O37, [13,13]/O38, O38/[13,13], O38/4, 4/O38, O38/[2,3], [2,3]/O38, O38/[2,5], [2,5]/O38, O38/[2,7], [2,7]/O38, O38/[2,13], [2,13]/O38, O38/[2,11], [2,11]/O38, O38/[3,2], [3,2]/O38, O38/[3,3], [3,3]/O38, O38/[3,5], [3,5]/O38, O38/[3,7], [3,7]/O38, O38/[5,2], [5,2]/O38, O38/[5,3], [5,3]/O38, O38/[5,5], [5,5]/O38, O38/[5,7], [5,7]/O38, O38/[7,2], [7,2]/O38, O38/[7,3], [7,3]/O38, O38/[7,5], [7,5]/O38, O38/[7,7], [7,7]/O38, [7,13]/O38, O38/[7,13], [11,13]/O38, O38/[11,13], O38/2, 2/O38, O38/3, 3/O38, O38/5, 5/O38, O38/7, 7/O38, O38/13, 13/O38, O38/11, 11/O38, 1/O38, [13,13]/O39, O39/[13,13], O39/4, 4/O39, O39/[2,3], [2,3]/O39, O39/[2,5], [2,5]/O39, O39/[2,7], [2,7]/O39, O39/[2,13], [2,13]/O39, O39/[2,11], [2,11]/O39, O39/[3,2], [3,2]/O39, O39/[3,3], [3,3]/O39, O39/[3,5], [3,5]/O39, O39/[3,7], [3,7]/O39, O39/[3,11], [3,11]/O39, O39/[5,2], [5,2]/O39, O39/[5,3], [5,3]/O39, O39/[5,5], [5,5]/O39, O39/[5,7], [5,7]/O39, O39/[5,11], [5,11]/O39, O39/[7,2], [7,2]/O39, O39/[7,3], [7,3]/O39, O39/[7,5], [7,5]/O39, O39/[7,7], [7,7]/O39, [7,13]/O39, O39/[7,13], O39/[7,11], [7,11]/O39, [11,13]/O39, O39/[11,13], O39/2, 2/O39, O39/3, 3/O39, O39/5, 5/O39, O39/7, 7/O39, O39/13, 13/O39, O39/11, 11/O39, 1/O39, [13,13]/O40, O40/[13,13], O40/4, 4/O40, O40/[2,3], [2,3]/O40, O40/[2,5], [2,5]/O40, O40/[2,7], [2,7]/O40, O40/[2,13], [2,13]/O40, O40/[2,11], [2,11]/O40, O40/[3,2], [3,2]/O40, O40/[5,2], [5,2]/O40, O40/[7,2], [7,2]/O40, O40/[13,2], [13,2]/O40, O40/[11,2], [11,2]/O40, O40/2, 2/O40, O40/3, 3/O40, O40/5, 5/O40, O40/7, 7/O40, O40/13, 13/O40, O40/11, 11/O40, 1/O40, [13,13]/O41, O41/[13,13], O41/4, 4/O41, O41/[2,3], [2,3]/O41, O41/[2,5], [2,5]/O41, O41/[2,7], [2,7]/O41, O41/[2,13], [2,13]/O41, O41/[2,11], [2,11]/O41, O41/[3,2], [3,2]/O41, O41/[3,3], [3,3]/O41, O41/[3,5], [3,5]/O41, O41/[3,7], [3,7]/O41, O41/[5,2], [5,2]/O41, O41/[5,3], [5,3]/O41, O41/[5,5], [5,5]/O41, O41/[5,7], [5,7]/O41, O41/[7,2], [7,2]/O41, O41/[7,3], [7,3]/O41, O41/[7,5], [7,5]/O41, O41/[7,7], [7,7]/O41, O41/[13,2], [13,2]/O41, O41/[13,3], [13,3]/O41, O41/[13,5], [13,5]/O41, O41/[13,7], [13,7]/O41, O41/[11,2], [11,2]/O41, O41/[11,3], [11,3]/O41, O41/[11,5], [11,5]/O41, O41/[11,7], [11,7]/O41, O41/2, 2/O41, O41/3, 3/O41, O41/5, 5/O41, O41/7, 7/O41, O41/13, 13/O41, O41/11, 11/O41, 1/O41, [13,13]/O42, O42/[13,13], O42/4, 4/O42, O42/[2,3], [2,3]/O42, O42/[2,5], [2,5]/O42, O42/[2,7], [2,7]/O42, O42/[2,13], [2,13]/O42, O42/[2,11], [2,11]/O42, O42/[3,2], [3,2]/O42, O42/[3,3], [3,3]/O42, O42/[3,5], [3,5]/O42, O42/[3,7], [3,7]/O42, O42/[3,11], [3,11]/O42, O42/[5,2], [5,2]/O42, O42/[5,3], [5,3]/O42, O42/[5,5], [5,5]/O42, O42/[5,7], [5,7]/O42, O42/[5,11], [5,11]/O42, O42/[7,2], [7,2]/O42, O42/[7,3], [7,3]/O42, O42/[7,5], [7,5]/O42, O42/[7,7], [7,7]/O42, O42/[7,11], [7,11]/O42, O42/[13,2], [13,2]/O42, O42/[13,3], [13,3]/O42, O42/[13,5], [13,5]/O42, O42/[13,7], [13,7]/O42, O42/[13,11], [13,11]/O42, O42/[11,2], [11,2]/O42, O42/[11,3], [11,3]/O42, O42/[11,5], [11,5]/O42, O42/[11,7], [11,7]/O42, O42/[11,11], [11,11]/O42, O42/2, 2/O42, O42/3, 3/O42, O42/5, 5/O42, O42/7, 7/O42, O42/13, 13/O42, O42/11, 11/O42, 1/O42, [13,13]/O43, O43/[13,13], O43/4, 4/O43, O43/[2,3], [2,3]/O43, O43/[2,5], [2,5]/O43, O43/[2,7], [2,7]/O43, O43/[2,13], [2,13]/O43, O43/[2,11], [2,11]/O43, O43/[3,2], [3,2]/O43, O43/[5,2], [5,2]/O43, O43/[7,2], [7,2]/O43, O43/[11,2], [11,2]/O43, [11,13]/O43, O43/[11,13], O43/2, 2/O43, O43/3, 3/O43, O43/5, 5/O43, O43/7, 7/O43, O43/13, 13/O43, O43/11, 11/O43, 1/O43, [13,13]/O44, O44/[13,13], O44/4, 4/O44, O44/[2,3], [2,3]/O44, O44/[2,5], [2,5]/O44, O44/[2,7], [2,7]/O44, O44/[2,13], [2,13]/O44, O44/[2,11], [2,11]/O44, O44/[3,2], [3,2]/O44, O44/[3,3], [3,3]/O44, O44/[5,2], [5,2]/O44, O44/[5,3], [5,3]/O44, O44/[7,2], [7,2]/O44, O44/[7,3], [7,3]/O44, O44/[11,2], [11,2]/O44, O44/[11,3], [11,3]/O44, [11,13]/O44, O44/[11,13], O44/2, 2/O44, O44/3, 3/O44, O44/5, 5/O44, O44/7, 7/O44, O44/13, 13/O44, O44/11, 11/O44, 1/O44, [13,13]/O45, O45/[13,13], O45/4, 4/O45, O45/[2,3], [2,3]/O45, O45/[2,5], [2,5]/O45, O45/[2,7], [2,7]/O45, O45/[2,13], [2,13]/O45, O45/[2,11], [2,11]/O45, O45/[3,2], [3,2]/O45, O45/[3,3], [3,3]/O45, O45/[3,5], [3,5]/O45, O45/[5,2], [5,2]/O45, O45/[5,3], [5,3]/O45, O45/[5,5], [5,5]/O45, O45/[7,2], [7,2]/O45, O45/[7,3], [7,3]/O45, O45/[7,5], [7,5]/O45, O45/[11,2], [11,2]/O45, O45/[11,3], [11,3]/O45, O45/[11,5], [11,5]/O45, [11,13]/O45, O45/[11,13], O45/2, 2/O45, O45/3, 3/O45, O45/5, 5/O45, O45/7, 7/O45, O45/13, 13/O45, O45/11, 11/O45, 1/O45, [13,13]/O46, O46/[13,13], O46/4, 4/O46, O46/[2,3], [2,3]/O46, O46/[2,5], [2,5]/O46, O46/[2,7], [2,7]/O46, O46/[2,13], [2,13]/O46, O46/[2,11], [2,11]/O46, O46/[3,2], [3,2]/O46, O46/[3,3], [3,3]/O46, O46/[3,5], [3,5]/O46, O46/[3,7], [3,7]/O46, O46/[5,2], [5,2]/O46, O46/[5,3], [5,3]/O46, O46/[5,5], [5,5]/O46, O46/[5,7], [5,7]/O46, O46/[7,2], [7,2]/O46, O46/[7,3], [7,3]/O46, O46/[7,5], [7,5]/O46, O46/[7,7], [7,7]/O46, O46/[11,2], [11,2]/O46, O46/[11,3], [11,3]/O46, O46/[11,5], [11,5]/O46, O46/[11,7], [11,7]/O46, [11,13]/O46, O46/[11,13], O46/2, 2/O46, O46/3, 3/O46, O46/5, 5/O46, O46/7, 7/O46, O46/13, 13/O46, O46/11, 11/O46, 1/O46, [13,13]/O47, O47/[13,13], O47/4, 4/O47, O47/[2,3], [2,3]/O47, O47/[2,5], [2,5]/O47, O47/[2,7], [2,7]/O47, O47/[2,13], [2,13]/O47, O47/[2,11], [2,11]/O47, O47/[3,2], [3,2]/O47, O47/[3,3], [3,3]/O47, O47/[3,5], [3,5]/O47, O47/[3,7], [3,7]/O47, O47/[3,11], [3,11]/O47, O47/[5,2], [5,2]/O47, O47/[5,3], [5,3]/O47, O47/[5,5], [5,5]/O47, O47/[5,7], [5,7]/O47, O47/[5,11], [5,11]/O47, O47/[7,2], [7,2]/O47, O47/[7,3], [7,3]/O47, O47/[7,5], [7,5]/O47, O47/[7,7], [7,7]/O47, O47/[7,11], [7,11]/O47, O47/[11,2], [11,2]/O47, O47/[11,3], [11,3]/O47, O47/[11,5], [11,5]/O47, O47/[11,7], [11,7]/O47, [11,13]/O47, O47/[11,13], O47/[11,11], [11,11]/O47, O47/2, 2/O47, O47/3, 3/O47, O47/5, 5/O47, O47/7, 7/O47, O47/13, 13/O47, O47/11, 11/O47, 1/O47, [13,13]/O48, O48/[13,13], O48/4, 4/O48, O48/[2,3], [2,3]/O48, O48/[2,5], [2,5]/O48, O48/[2,7], [2,7]/O48, O48/[2,11], [2,11]/O48, O48/[3,2], [3,2]/O48, O48/[3,3], [3,3]/O48, O48/[3,5], [3,5]/O48, O48/[3,7], [3,7]/O48, O48/[5,2], [5,2]/O48, O48/[5,3], [5,3]/O48, O48/[5,5], [5,5]/O48, O48/[5,7], [5,7]/O48, O48/[7,2], [7,2]/O48, O48/[7,3], [7,3]/O48, O48/[7,5], [7,5]/O48, O48/[7,7], [7,7]/O48, [7,13]/O48, O48/[7,13], [7,11]/O48, O48/[7,11], [13,11]/O48, O48/[13,11], [11,13]/O48, O48/[11,13], [11,11]/O48, O48/[11,11], O48/2, 2/O48, O48/3, 3/O48, O48/5, 5/O48, O48/7, 7/O48, O48/11, 11/O48, 1/O48, [13,13]/O49, O49/[13,13], O49/4, 4/O49, O49/[2,3], [2,3]/O49, O49/[2,5], [2,5]/O49, O49/[2,7], [2,7]/O49, O49/[2,11], [2,11]/O49, O49/[3,2], [3,2]/O49, O49/[3,3], [3,3]/O49, O49/[3,5], [3,5]/O49, O49/[3,7], [3,7]/O49, O49/[5,2], [5,2]/O49, O49/[5,3], [5,3]/O49, O49/[5,5], [5,5]/O49, O49/[5,7], [5,7]/O49, O49/[7,2], [7,2]/O49, O49/[7,3], [7,3]/O49, O49/[7,5], [7,5]/O49, O49/[7,7], [7,7]/O49, O49/[13,2], [13,2]/O49, O49/[13,3], [13,3]/O49, O49/[13,5], [13,5]/O49, O49/[13,7], [13,7]/O49, [13,11]/O49, O49/[13,11], O49/[11,2], [11,2]/O49, O49/[11,3], [11,3]/O49, O49/[11,5], [11,5]/O49, O49/[11,7], [11,7]/O49, O49/2, 2/O49, O49/3, 3/O49, O49/5, 5/O49, O49/7, 7/O49, O49/13, 13/O49, O49/11, 11/O49, 1/O49, [13,13]/O50, O50/[13,13], O50/4, 4/O50, O50/[2,3], [2,3]/O50, O50/[2,5], [2,5]/O50, O50/[2,7], [2,7]/O50, O50/[2,11], [2,11]/O50, O50/[3,2], [3,2]/O50, O50/[5,2], [5,2]/O50, O50/[7,2], [7,2]/O50, [13,11]/O50, O50/[13,11], O50/[11,2], [11,2]/O50, [11,13]/O50, O50/[11,13], [11,11]/O50, O50/[11,11], O50/2, 2/O50, O50/3, 3/O50, O50/5, 5/O50, O50/7, 7/O50, O50/11, 11/O50, 1/O50, [13,13]/O51, O51/[13,13], O51/4, 4/O51, O51/[2,3], [2,3]/O51, O51/[2,5], [2,5]/O51, O51/[2,7], [2,7]/O51, O51/[2,11], [2,11]/O51, O51/[3,2], [3,2]/O51, O51/[3,3], [3,3]/O51, O51/[3,5], [3,5]/O51, O51/[5,2], [5,2]/O51, O51/[5,3], [5,3]/O51, O51/[5,5], [5,5]/O51, O51/[7,2], [7,2]/O51, O51/[7,3], [7,3]/O51, O51/[7,5], [7,5]/O51, [13,11]/O51, O51/[13,11], O51/[11,2], [11,2]/O51, O51/[11,3], [11,3]/O51, O51/[11,5], [11,5]/O51, [11,13]/O51, O51/[11,13], [11,11]/O51, O51/[11,11], O51/2, 2/O51, O51/3, 3/O51, O51/5, 5/O51, O51/7, 7/O51, O51/11, 11/O51, 1/O51, [13,13]/O52, O52/[13,13], O52/4, 4/O52, O52/[2,3], [2,3]/O52, O52/[2,5], [2,5]/O52, O52/[2,7], [2,7]/O52, O52/[2,11], [2,11]/O52, O52/[3,2], [3,2]/O52, O52/[3,3], [3,3]/O52, O52/[3,5], [3,5]/O52, O52/[3,7], [3,7]/O52, O52/[5,2], [5,2]/O52, O52/[5,3], [5,3]/O52, O52/[5,5], [5,5]/O52, O52/[5,7], [5,7]/O52, O52/[7,2], [7,2]/O52, O52/[7,3], [7,3]/O52, O52/[7,5], [7,5]/O52, O52/[7,7], [7,7]/O52, [13,11]/O52, O52/[13,11], O52/[11,2], [11,2]/O52, O52/[11,3], [11,3]/O52, O52/[11,5], [11,5]/O52, O52/[11,7], [11,7]/O52, [11,13]/O52, O52/[11,13], [11,11]/O52, O52/[11,11], O52/2, 2/O52, O52/3, 3/O52, O52/5, 5/O52, O52/7, 7/O52, O52/11, 11/O52, 1/O52, [13,13]/O53, O53/[13,13], O53/4, 4/O53, O53/[2,3], [2,3]/O53, O53/[2,5], [2,5]/O53, O53/[2,7], [2,7]/O53, O53/[2,13], [2,13]/O53, O53/[2,11], [2,11]/O53, O53/[3,2], [3,2]/O53, O53/[3,3], [3,3]/O53, O53/[3,5], [3,5]/O53, O53/[3,7], [3,7]/O53, O53/[3,13], [3,13]/O53, O53/[3,11], [3,11]/O53, O53/[5,2], [5,2]/O53, O53/[5,3], [5,3]/O53, O53/[5,5], [5,5]/O53, O53/[5,7], [5,7]/O53, O53/[5,11], [5,11]/O53, O53/[7,2], [7,2]/O53, O53/[7,3], [7,3]/O53, O53/[7,5], [7,5]/O53, O53/[7,7], [7,7]/O53, [7,13]/O53, O53/[7,13], O53/[7,11], [7,11]/O53, [11,13]/O53, O53/[11,13], O53/2, 2/O53, O53/3, 3/O53, O53/5, 5/O53, O53/7, 7/O53, O53/13, 13/O53, O53/11, 11/O53, 1/O53, [13,13]/O54, O54/[13,13], O54/4, 4/O54, O54/[2,3], [2,3]/O54, O54/[2,5], [2,5]/O54, O54/[2,7], [2,7]/O54, O54/[2,13], [2,13]/O54, O54/[2,11], [2,11]/O54, O54/[3,2], [3,2]/O54, O54/[3,3], [3,3]/O54, O54/[3,5], [3,5]/O54, O54/[3,7], [3,7]/O54, O54/[3,13], [3,13]/O54, O54/[3,11], [3,11]/O54, O54/[5,2], [5,2]/O54, O54/[5,3], [5,3]/O54, O54/[5,5], [5,5]/O54, O54/[5,7], [5,7]/O54, O54/[7,2], [7,2]/O54, O54/[7,3], [7,3]/O54, O54/[7,5], [7,5]/O54, O54/[7,7], [7,7]/O54, O54/[13,2], [13,2]/O54, O54/[13,3], [13,3]/O54, O54/[13,5], [13,5]/O54, O54/[13,7], [13,7]/O54, O54/[11,2], [11,2]/O54, O54/[11,3], [11,3]/O54, O54/[11,5], [11,5]/O54, O54/[11,7], [11,7]/O54, O54/2, 2/O54, O54/3, 3/O54, O54/5, 5/O54, O54/7, 7/O54, O54/13, 13/O54, O54/11, 11/O54, 1/O54, [13,13]/O55, O55/[13,13], O55/4, 4/O55, O55/[2,3], [2,3]/O55, O55/[2,5], [2,5]/O55, O55/[2,7], [2,7]/O55, O55/[2,13], [2,13]/O55, O55/[2,11], [2,11]/O55, O55/[3,2], [3,2]/O55, O55/[3,3], [3,3]/O55, O55/[3,5], [3,5]/O55, O55/[3,7], [3,7]/O55, O55/[3,13], [3,13]/O55, O55/[3,11], [3,11]/O55, O55/[5,2], [5,2]/O55, O55/[5,3], [5,3]/O55, O55/[5,5], [5,5]/O55, O55/[5,7], [5,7]/O55, O55/[5,11], [5,11]/O55, O55/[7,2], [7,2]/O55, O55/[7,3], [7,3]/O55, O55/[7,5], [7,5]/O55, O55/[7,7], [7,7]/O55, O55/[7,11], [7,11]/O55, O55/[13,2], [13,2]/O55, O55/[13,3], [13,3]/O55, O55/[13,5], [13,5]/O55, O55/[13,7], [13,7]/O55, O55/[13,11], [13,11]/O55, O55/[11,2], [11,2]/O55, O55/[11,3], [11,3]/O55, O55/[11,5], [11,5]/O55, O55/[11,7], [11,7]/O55, O55/[11,11], [11,11]/O55, O55/2, 2/O55, O55/3, 3/O55, O55/5, 5/O55, O55/7, 7/O55, O55/13, 13/O55, O55/11, 11/O55, 1/O55, [13,13]/O56, O56/[13,13], O56/4, 4/O56, O56/[2,3], [2,3]/O56, O56/[2,5], [2,5]/O56, O56/[2,7], [2,7]/O56, O56/[2,13], [2,13]/O56, O56/[2,11], [2,11]/O56, O56/[3,2], [3,2]/O56, O56/[3,3], [3,3]/O56, O56/[3,5], [3,5]/O56, O56/[3,7], [3,7]/O56, O56/[3,13], [3,13]/O56, O56/[3,11], [3,11]/O56, O56/[5,2], [5,2]/O56, O56/[5,3], [5,3]/O56, O56/[7,2], [7,2]/O56, O56/[7,3], [7,3]/O56, O56/[11,2], [11,2]/O56, O56/[11,3], [11,3]/O56, [11,13]/O56, O56/[11,13], O56/2, 2/O56, O56/3, 3/O56, O56/5, 5/O56, O56/7, 7/O56, O56/13, 13/O56, O56/11, 11/O56, 1/O56, [13,13]/O57, O57/[13,13], O57/4, 4/O57, O57/[2,3], [2,3]/O57, O57/[2,5], [2,5]/O57, O57/[2,7], [2,7]/O57, O57/[2,13], [2,13]/O57, O57/[2,11], [2,11]/O57, O57/[3,2], [3,2]/O57, O57/[3,3], [3,3]/O57, O57/[3,5], [3,5]/O57, O57/[3,7], [3,7]/O57, O57/[3,13], [3,13]/O57, O57/[3,11], [3,11]/O57, O57/[5,2], [5,2]/O57, O57/[5,3], [5,3]/O57, O57/[5,5], [5,5]/O57, O57/[7,2], [7,2]/O57, O57/[7,3], [7,3]/O57, O57/[7,5], [7,5]/O57, O57/[11,2], [11,2]/O57, O57/[11,3], [11,3]/O57, O57/[11,5], [11,5]/O57, [11,13]/O57, O57/[11,13], O57/2, 2/O57, O57/3, 3/O57, O57/5, 5/O57, O57/7, 7/O57, O57/13, 13/O57, O57/11, 11/O57, 1/O57, [13,13]/O58, O58/[13,13], O58/4, 4/O58, O58/[2,3], [2,3]/O58, O58/[2,5], [2,5]/O58, O58/[2,7], [2,7]/O58, O58/[2,13], [2,13]/O58, O58/[2,11], [2,11]/O58, O58/[3,2], [3,2]/O58, O58/[3,3], [3,3]/O58, O58/[3,5], [3,5]/O58, O58/[3,7], [3,7]/O58, O58/[3,13], [3,13]/O58, O58/[3,11], [3,11]/O58, O58/[5,2], [5,2]/O58, O58/[5,3], [5,3]/O58, O58/[5,5], [5,5]/O58, O58/[5,7], [5,7]/O58, O58/[7,2], [7,2]/O58, O58/[7,3], [7,3]/O58, O58/[7,5], [7,5]/O58, O58/[7,7], [7,7]/O58, O58/[11,2], [11,2]/O58, O58/[11,3], [11,3]/O58, O58/[11,5], [11,5]/O58, O58/[11,7], [11,7]/O58, [11,13]/O58, O58/[11,13], O58/2, 2/O58, O58/3, 3/O58, O58/5, 5/O58, O58/7, 7/O58, O58/13, 13/O58, O58/11, 11/O58, 1/O58, [13,13]/O59, O59/[13,13], O59/4, 4/O59, O59/[2,3], [2,3]/O59, O59/[2,5], [2,5]/O59, O59/[2,7], [2,7]/O59, O59/[2,13], [2,13]/O59, O59/[2,11], [2,11]/O59, O59/[3,2], [3,2]/O59, O59/[3,3], [3,3]/O59, O59/[3,5], [3,5]/O59, O59/[3,7], [3,7]/O59, O59/[3,13], [3,13]/O59, O59/[3,11], [3,11]/O59, O59/[5,2], [5,2]/O59, O59/[5,3], [5,3]/O59, O59/[5,5], [5,5]/O59, O59/[5,7], [5,7]/O59, O59/[5,11], [5,11]/O59, O59/[7,2], [7,2]/O59, O59/[7,3], [7,3]/O59, O59/[7,5], [7,5]/O59, O59/[7,7], [7,7]/O59, O59/[7,11], [7,11]/O59, O59/[11,2], [11,2]/O59, O59/[11,3], [11,3]/O59, O59/[11,5], [11,5]/O59, O59/[11,7], [11,7]/O59, [11,13]/O59, O59/[11,13], O59/[11,11], [11,11]/O59, O59/2, 2/O59, O59/3, 3/O59, O59/5, 5/O59, O59/7, 7/O59, O59/13, 13/O59, O59/11, 11/O59, 1/O59, [13,13]/O60, O60/[13,13], O60/4, 4/O60, O60/[2,3], [2,3]/O60, O60/[2,5], [2,5]/O60, O60/[2,7], [2,7]/O60, O60/[2,11], [2,11]/O60, O60/[3,2], [3,2]/O60, O60/[3,3], [3,3]/O60, O60/[3,5], [3,5]/O60, O60/[3,7], [3,7]/O60, O60/[3,11], [3,11]/O60, O60/[5,2], [5,2]/O60, O60/[5,3], [5,3]/O60, O60/[5,5], [5,5]/O60, O60/[7,2], [7,2]/O60, O60/[7,3], [7,3]/O60, O60/[7,5], [7,5]/O60, [13,11]/O60, O60/[13,11], O60/[11,2], [11,2]/O60, O60/[11,3], [11,3]/O60, O60/[11,5], [11,5]/O60, [11,13]/O60, O60/[11,13], [11,11]/O60, O60/[11,11], O60/2, 2/O60, O60/3, 3/O60, O60/5, 5/O60, O60/7, 7/O60, O60/11, 11/O60, 1/O60, [13,13]/O61, O61/[13,13], O61/4, 4/O61, O61/[2,3], [2,3]/O61, O61/[2,5], [2,5]/O61, O61/[2,7], [2,7]/O61, O61/[3,2], [3,2]/O61, O61/[3,3], [3,3]/O61, O61/[3,5], [3,5]/O61, O61/[3,7], [3,7]/O61, O61/[5,2], [5,2]/O61, O61/[5,3], [5,3]/O61, O61/[5,5], [5,5]/O61, O61/[5,7], [5,7]/O61, O61/[7,2], [7,2]/O61, O61/[7,3], [7,3]/O61, O61/[7,5], [7,5]/O61, O61/[13,2], [13,2]/O61, O61/[13,3], [13,3]/O61, O61/[13,5], [13,5]/O61, [13,7]/O61, O61/[13,7], [13,11]/O61, O61/[13,11], O61/[11,2], [11,2]/O61, O61/[11,3], [11,3]/O61, O61/[11,5], [11,5]/O61, O61/2, 2/O61, O61/3, 3/O61, O61/5, 5/O61, O61/7, 7/O61, O61/13, 13/O61, O61/11, 11/O61, 1/O61, [13,13]/O62, O62/[13,13], O62/4, 4/O62, O62/[2,3], [2,3]/O62, O62/[2,5], [2,5]/O62, O62/[2,7], [2,7]/O62, O62/[2,13], [2,13]/O62, O62/[2,11], [2,11]/O62, O62/[3,2], [3,2]/O62, O62/[3,3], [3,3]/O62, O62/[3,5], [3,5]/O62, O62/[3,7], [3,7]/O62, O62/[3,13], [3,13]/O62, O62/[3,11], [3,11]/O62, O62/[5,2], [5,2]/O62, O62/[5,3], [5,3]/O62, O62/[5,5], [5,5]/O62, O62/[5,7], [5,7]/O62, O62/[5,13], [5,13]/O62, O62/[5,11], [5,11]/O62, O62/[7,2], [7,2]/O62, O62/[7,3], [7,3]/O62, O62/[7,5], [7,5]/O62, O62/[7,7], [7,7]/O62, [7,13]/O62, O62/[7,13], O62/[7,11], [7,11]/O62, [11,13]/O62, O62/[11,13], O62/2, 2/O62, O62/3, 3/O62, O62/5, 5/O62, O62/7, 7/O62, O62/13, 13/O62, O62/11, 11/O62, 1/O62, [13,13]/O63, O63/[13,13], O63/4, 4/O63, O63/[2,3], [2,3]/O63, O63/[2,5], [2,5]/O63, O63/[2,7], [2,7]/O63, O63/[2,13], [2,13]/O63, O63/[2,11], [2,11]/O63, O63/[3,2], [3,2]/O63, O63/[3,3], [3,3]/O63, O63/[3,5], [3,5]/O63, O63/[3,7], [3,7]/O63, O63/[3,13], [3,13]/O63, O63/[3,11], [3,11]/O63, O63/[5,2], [5,2]/O63, O63/[5,3], [5,3]/O63, O63/[5,5], [5,5]/O63, O63/[5,7], [5,7]/O63, O63/[5,13], [5,13]/O63, O63/[5,11], [5,11]/O63, O63/[7,2], [7,2]/O63, O63/[7,3], [7,3]/O63, O63/[7,5], [7,5]/O63, O63/[13,2], [13,2]/O63, O63/[13,3], [13,3]/O63, O63/[13,5], [13,5]/O63, O63/[11,2], [11,2]/O63, O63/[11,3], [11,3]/O63, O63/[11,5], [11,5]/O63, O63/2, 2/O63, O63/3, 3/O63, O63/5, 5/O63, O63/7, 7/O63, O63/13, 13/O63, O63/11, 11/O63, 1/O63, [13,13]/O64, O64/[13,13], O64/4, 4/O64, O64/[2,3], [2,3]/O64, O64/[2,5], [2,5]/O64, O64/[2,7], [2,7]/O64, O64/[2,13], [2,13]/O64, O64/[2,11], [2,11]/O64, O64/[3,2], [3,2]/O64, O64/[3,3], [3,3]/O64, O64/[3,5], [3,5]/O64, O64/[3,7], [3,7]/O64, O64/[3,13], [3,13]/O64, O64/[3,11], [3,11]/O64, O64/[5,2], [5,2]/O64, O64/[5,3], [5,3]/O64, O64/[5,5], [5,5]/O64, O64/[5,7], [5,7]/O64, O64/[5,13], [5,13]/O64, O64/[5,11], [5,11]/O64, O64/[7,2], [7,2]/O64, O64/[7,3], [7,3]/O64, O64/[7,5], [7,5]/O64, O64/[7,7], [7,7]/O64, O64/[7,11], [7,11]/O64, O64/[13,2], [13,2]/O64, O64/[13,3], [13,3]/O64, O64/[13,5], [13,5]/O64, O64/[13,7], [13,7]/O64, O64/[13,11], [13,11]/O64, O64/[11,2], [11,2]/O64, O64/[11,3], [11,3]/O64, O64/[11,5], [11,5]/O64, O64/[11,7], [11,7]/O64, O64/[11,11], [11,11]/O64, O64/2, 2/O64, O64/3, 3/O64, O64/5, 5/O64, O64/7, 7/O64, O64/13, 13/O64, O64/11, 11/O64, 1/O64, [13,13]/O65, O65/[13,13], O65/4, 4/O65, O65/[2,3], [2,3]/O65, O65/[2,5], [2,5]/O65, O65/[2,7], [2,7]/O65, O65/[2,13], [2,13]/O65, O65/[2,11], [2,11]/O65, O65/[3,2], [3,2]/O65, O65/[3,3], [3,3]/O65, O65/[3,5], [3,5]/O65, O65/[3,7], [3,7]/O65, O65/[3,13], [3,13]/O65, O65/[3,11], [3,11]/O65, O65/[5,2], [5,2]/O65, O65/[5,3], [5,3]/O65, O65/[5,5], [5,5]/O65, O65/[5,7], [5,7]/O65, O65/[5,13], [5,13]/O65, O65/[5,11], [5,11]/O65, O65/[7,2], [7,2]/O65, O65/[7,3], [7,3]/O65, O65/[7,5], [7,5]/O65, O65/[7,7], [7,7]/O65, O65/[11,2], [11,2]/O65, O65/[11,3], [11,3]/O65, O65/[11,5], [11,5]/O65, O65/[11,7], [11,7]/O65, [11,13]/O65, O65/[11,13], O65/2, 2/O65, O65/3, 3/O65, O65/5, 5/O65, O65/7, 7/O65, O65/13, 13/O65, O65/11, 11/O65, 1/O65, [13,13]/O66, O66/[13,13], O66/4, 4/O66, O66/[2,3], [2,3]/O66, O66/[2,5], [2,5]/O66, O66/[2,7], [2,7]/O66, O66/[2,13], [2,13]/O66, O66/[2,11], [2,11]/O66, O66/[3,2], [3,2]/O66, O66/[3,3], [3,3]/O66, O66/[3,5], [3,5]/O66, O66/[3,7], [3,7]/O66, O66/[3,13], [3,13]/O66, O66/[3,11], [3,11]/O66, O66/[5,2], [5,2]/O66, O66/[5,3], [5,3]/O66, O66/[5,5], [5,5]/O66, O66/[5,7], [5,7]/O66, O66/[5,13], [5,13]/O66, O66/[5,11], [5,11]/O66, O66/[7,2], [7,2]/O66, O66/[7,3], [7,3]/O66, O66/[7,5], [7,5]/O66, O66/[7,7], [7,7]/O66, O66/[7,11], [7,11]/O66, O66/[11,2], [11,2]/O66, O66/[11,3], [11,3]/O66, O66/[11,5], [11,5]/O66, O66/[11,7], [11,7]/O66, [11,13]/O66, O66/[11,13], O66/[11,11], [11,11]/O66, O66/2, 2/O66, O66/3, 3/O66, O66/5, 5/O66, O66/7, 7/O66, O66/13, 13/O66, O66/11, 11/O66, 1/O66, [13,13]/O67, O67/[13,13], O67/4, 4/O67, O67/[2,3], [2,3]/O67, O67/[2,5], [2,5]/O67, O67/[2,7], [2,7]/O67, O67/[2,11], [2,11]/O67, O67/[3,2], [3,2]/O67, O67/[3,3], [3,3]/O67, O67/[3,5], [3,5]/O67, O67/[3,7], [3,7]/O67, O67/[3,11], [3,11]/O67, O67/[5,2], [5,2]/O67, O67/[5,3], [5,3]/O67, O67/[5,5], [5,5]/O67, O67/[5,7], [5,7]/O67, O67/[5,11], [5,11]/O67, O67/[7,2], [7,2]/O67, O67/[7,3], [7,3]/O67, O67/[7,5], [7,5]/O67, O67/[7,7], [7,7]/O67, O67/[13,2], [13,2]/O67, O67/[13,3], [13,3]/O67, O67/[13,5], [13,5]/O67, O67/[13,7], [13,7]/O67, [13,11]/O67, O67/[13,11], O67/[11,2], [11,2]/O67, O67/[11,3], [11,3]/O67, O67/[11,5], [11,5]/O67, O67/[11,7], [11,7]/O67, O67/2, 2/O67, O67/3, 3/O67, O67/5, 5/O67, O67/7, 7/O67, O67/13, 13/O67, O67/11, 11/O67, 1/O67, [13,13]/O68, O68/[13,13], O68/4, 4/O68, O68/[2,3], [2,3]/O68, O68/[2,5], [2,5]/O68, O68/[2,7], [2,7]/O68, O68/[2,11], [2,11]/O68, O68/[3,2], [3,2]/O68, O68/[3,3], [3,3]/O68, O68/[3,5], [3,5]/O68, O68/[3,7], [3,7]/O68, O68/[3,11], [3,11]/O68, O68/[5,2], [5,2]/O68, O68/[5,3], [5,3]/O68, O68/[5,5], [5,5]/O68, O68/[5,7], [5,7]/O68, O68/[5,11], [5,11]/O68, O68/[7,2], [7,2]/O68, O68/[7,3], [7,3]/O68, O68/[7,5], [7,5]/O68, O68/[7,7], [7,7]/O68, [13,11]/O68, O68/[13,11], O68/[11,2], [11,2]/O68, O68/[11,3], [11,3]/O68, O68/[11,5], [11,5]/O68, O68/[11,7], [11,7]/O68, [11,13]/O68, O68/[11,13], [11,11]/O68, O68/[11,11], O68/2, 2/O68, O68/3, 3/O68, O68/5, 5/O68, O68/7, 7/O68, O68/11, 11/O68, 1/O68, [13,13]/O69, O69/[13,13], O69/4, 4/O69, O69/[2,3], [2,3]/O69, O69/[2,5], [2,5]/O69, O69/[2,7], [2,7]/O69, O69/[2,13], [2,13]/O69, O69/[2,11], [2,11]/O69, O69/[3,2], [3,2]/O69, O69/[3,3], [3,3]/O69, O69/[3,5], [3,5]/O69, O69/[3,7], [3,7]/O69, O69/[3,13], [3,13]/O69, O69/[3,11], [3,11]/O69, O69/[5,2], [5,2]/O69, O69/[5,3], [5,3]/O69, O69/[5,5], [5,5]/O69, O69/[5,7], [5,7]/O69, O69/[5,13], [5,13]/O69, O69/[5,11], [5,11]/O69, O69/[7,2], [7,2]/O69, O69/[7,3], [7,3]/O69, O69/[7,5], [7,5]/O69, O69/[7,7], [7,7]/O69, O69/[7,13], [7,13]/O69, O69/[7,11], [7,11]/O69, O69/[13,2], [13,2]/O69, O69/[13,3], [13,3]/O69, O69/[13,5], [13,5]/O69, O69/[13,7], [13,7]/O69, O69/[11,2], [11,2]/O69, O69/[11,3], [11,3]/O69, O69/[11,5], [11,5]/O69, O69/[11,7], [11,7]/O69, O69/2, 2/O69, O69/3, 3/O69, O69/5, 5/O69, O69/7, 7/O69, O69/13, 13/O69, O69/11, 11/O69, 1/O69, [13,13]/O70, O70/[13,13], O70/4, 4/O70, O70/[2,3], [2,3]/O70, O70/[2,5], [2,5]/O70, O70/[2,7], [2,7]/O70, O70/[2,13], [2,13]/O70, O70/[2,11], [2,11]/O70, O70/[3,2], [3,2]/O70, O70/[3,3], [3,3]/O70, O70/[3,5], [3,5]/O70, O70/[3,7], [3,7]/O70, O70/[3,13], [3,13]/O70, O70/[3,11], [3,11]/O70, O70/[5,2], [5,2]/O70, O70/[5,3], [5,3]/O70, O70/[5,5], [5,5]/O70, O70/[5,7], [5,7]/O70, O70/[5,13], [5,13]/O70, O70/[5,11], [5,11]/O70, O70/[7,2], [7,2]/O70, O70/[7,3], [7,3]/O70, O70/[7,5], [7,5]/O70, O70/[7,7], [7,7]/O70, O70/[7,13], [7,13]/O70, O70/[7,11], [7,11]/O70, O70/[13,2], [13,2]/O70, O70/[13,3], [13,3]/O70, O70/[13,5], [13,5]/O70, O70/[13,7], [13,7]/O70, O70/[13,11], [13,11]/O70, O70/[11,2], [11,2]/O70, O70/[11,3], [11,3]/O70, O70/[11,5], [11,5]/O70, O70/[11,7], [11,7]/O70, O70/[11,11], [11,11]/O70, O70/2, 2/O70, O70/3, 3/O70, O70/5, 5/O70, O70/7, 7/O70, O70/13, 13/O70, O70/11, 11/O70, 1/O70, [13,13]/O71, O71/[13,13], O71/4, 4/O71, O71/[2,3], [2,3]/O71, O71/[2,5], [2,5]/O71, O71/[2,7], [2,7]/O71, O71/[2,13], [2,13]/O71, O71/[2,11], [2,11]/O71, O71/[3,2], [3,2]/O71, O71/[3,3], [3,3]/O71, O71/[3,5], [3,5]/O71, O71/[3,7], [3,7]/O71, O71/[3,13], [3,13]/O71, O71/[3,11], [3,11]/O71, O71/[5,2], [5,2]/O71, O71/[5,3], [5,3]/O71, O71/[5,5], [5,5]/O71, O71/[5,7], [5,7]/O71, O71/[5,13], [5,13]/O71, O71/[5,11], [5,11]/O71, O71/[7,2], [7,2]/O71, O71/[7,3], [7,3]/O71, O71/[7,5], [7,5]/O71, O71/[7,7], [7,7]/O71, O71/[7,13], [7,13]/O71, O71/[7,11], [7,11]/O71, O71/[11,2], [11,2]/O71, O71/[11,3], [11,3]/O71, O71/[11,5], [11,5]/O71, O71/[11,7], [11,7]/O71, [11,13]/O71, O71/[11,13], O71/2, 2/O71, O71/3, 3/O71, O71/5, 5/O71, O71/7, 7/O71, O71/13, 13/O71, O71/11, 11/O71, 1/O71, [13,13]/O72, O72/[13,13], O72/4, 4/O72, O72/[2,3], [2,3]/O72, O72/[2,5], [2,5]/O72, O72/[2,7], [2,7]/O72, O72/[2,13], [2,13]/O72, O72/[2,11], [2,11]/O72, O72/[3,2], [3,2]/O72, O72/[3,3], [3,3]/O72, O72/[3,5], [3,5]/O72, O72/[3,7], [3,7]/O72, O72/[3,13], [3,13]/O72, O72/[3,11], [3,11]/O72, O72/[5,2], [5,2]/O72, O72/[5,3], [5,3]/O72, O72/[5,5], [5,5]/O72, O72/[5,7], [5,7]/O72, O72/[5,13], [5,13]/O72, O72/[5,11], [5,11]/O72, O72/[7,2], [7,2]/O72, O72/[7,3], [7,3]/O72, O72/[7,5], [7,5]/O72, O72/[7,7], [7,7]/O72, O72/[7,13], [7,13]/O72, O72/[7,11], [7,11]/O72, O72/[11,2], [11,2]/O72, O72/[11,3], [11,3]/O72, O72/[11,5], [11,5]/O72, O72/[11,7], [11,7]/O72, [11,13]/O72, O72/[11,13], O72/[11,11], [11,11]/O72, O72/2, 2/O72, O72/3, 3/O72, O72/5, 5/O72, O72/7, 7/O72, O72/13, 13/O72, O72/11, 11/O72, 1/O72, [13,13]/O73, O73/[13,13], O73/4, 4/O73, O73/[2,3], [2,3]/O73, O73/[2,5], [2,5]/O73, O73/[2,7], [2,7]/O73, O73/[2,13], [2,13]/O73, O73/[2,11], [2,11]/O73, O73/[3,2], [3,2]/O73, O73/[3,3], [3,3]/O73, O73/[3,5], [3,5]/O73, O73/[3,7], [3,7]/O73, O73/[3,13], [3,13]/O73, O73/[3,11], [3,11]/O73, O73/[5,2], [5,2]/O73, O73/[5,3], [5,3]/O73, O73/[5,5], [5,5]/O73, O73/[5,7], [5,7]/O73, O73/[5,13], [5,13]/O73, O73/[5,11], [5,11]/O73, O73/[7,2], [7,2]/O73, O73/[7,3], [7,3]/O73, O73/[7,5], [7,5]/O73, O73/[7,7], [7,7]/O73, O73/[7,13], [7,13]/O73, O73/[7,11], [7,11]/O73, O73/[13,2], [13,2]/O73, O73/[13,3], [13,3]/O73, O73/[13,5], [13,5]/O73, O73/[13,7], [13,7]/O73, O73/[13,11], [13,11]/O73, O73/[11,2], [11,2]/O73, O73/[11,3], [11,3]/O73, O73/[11,5], [11,5]/O73, O73/[11,7], [11,7]/O73, O73/[11,13], [11,13]/O73, O73/[11,11], [11,11]/O73, O73/2, 2/O73, O73/3, 3/O73, O73/5, 5/O73, O73/7, 7/O73, O73/13, 13/O73, O73/11, 11/O73, 1/O73, [13,13]/O74, O74/[13,13], O74/4, 4/O74, O74/[2,3], [2,3]/O74, O74/[2,5], [2,5]/O74, O74/[2,7], [2,7]/O74, O74/[2,11], [2,11]/O74, O74/[3,2], [3,2]/O74, O74/[3,3], [3,3]/O74, O74/[3,5], [3,5]/O74, O74/[3,7], [3,7]/O74, O74/[3,11], [3,11]/O74, O74/[5,2], [5,2]/O74, O74/[5,3], [5,3]/O74, O74/[5,5], [5,5]/O74, O74/[5,7], [5,7]/O74, O74/[5,11], [5,11]/O74, O74/[7,2], [7,2]/O74, O74/[7,3], [7,3]/O74, O74/[7,5], [7,5]/O74, O74/[7,7], [7,7]/O74, O74/[7,11], [7,11]/O74, O74/[13,2], [13,2]/O74, O74/[13,3], [13,3]/O74, O74/[13,5], [13,5]/O74, O74/[13,7], [13,7]/O74, O74/[13,11], [13,11]/O74, O74/[11,2], [11,2]/O74, O74/[11,3], [11,3]/O74, O74/[11,5], [11,5]/O74, O74/[11,7], [11,7]/O74, O74/[11,11], [11,11]/O74, O74/2, 2/O74, O74/3, 3/O74, O74/5, 5/O74, O74/7, 7/O74, O74/13, 13/O74, O74/11, 11/O74, 1/O74, [13,13]/O75, O75/[13,13], O75/4, 4/O75, O75/[2,3], [2,3]/O75, O75/[2,5], [2,5]/O75, O75/[2,7], [2,7]/O75, O75/[2,11], [2,11]/O75, O75/[3,2], [3,2]/O75, O75/[3,3], [3,3]/O75, O75/[3,5], [3,5]/O75, O75/[3,7], [3,7]/O75, O75/[3,11], [3,11]/O75, O75/[5,2], [5,2]/O75, O75/[5,3], [5,3]/O75, O75/[5,5], [5,5]/O75, O75/[5,7], [5,7]/O75, O75/[5,11], [5,11]/O75, O75/[7,2], [7,2]/O75, O75/[7,3], [7,3]/O75, O75/[7,5], [7,5]/O75, O75/[7,7], [7,7]/O75, O75/[7,11], [7,11]/O75, [13,11]/O75, O75/[13,11], O75/[11,2], [11,2]/O75, O75/[11,3], [11,3]/O75, O75/[11,5], [11,5]/O75, O75/[11,7], [11,7]/O75, O75/[11,11], [11,11]/O75, O75/2, 2/O75, O75/3, 3/O75, O75/5, 5/O75, O75/7, 7/O75, O75/13, 13/O75, O75/11, 11/O75, 1/O75), Pq([13,13]/4, 4/[13,13], [13,13]/[2,3], [2,3]/[13,13], [13,13]/[2,5], [2,5]/[13,13], [13,13]/[2,7], [2,7]/[13,13], [13,13]/[2,13], [2,13]/[13,13], [13,13]/[2,11], [2,11]/[13,13], [13,13]/[3,2], [3,2]/[13,13], [13,13]/[3,3], [3,3]/[13,13], [13,13]/[3,5], [3,5]/[13,13], [13,13]/[3,7], [3,7]/[13,13], [13,13]/[3,13], [3,13]/[13,13], [13,13]/[3,11], [3,11]/[13,13], [13,13]/[5,2], [5,2]/[13,13], [13,13]/[5,3], [5,3]/[13,13], [13,13]/[5,5], [5,5]/[13,13], [13,13]/[5,7], [5,7]/[13,13], [13,13]/[5,13], [5,13]/[13,13], [13,13]/[5,11], [5,11]/[13,13], [13,13]/[7,2], [7,2]/[13,13], [13,13]/[7,3], [7,3]/[13,13], [13,13]/[7,5], [7,5]/[13,13], [13,13]/[7,7], [7,7]/[13,13], [13,13]/[7,13], [7,13]/[13,13], [13,13]/[7,11], [7,11]/[13,13], [13,13]/[13,2], [13,2]/[13,13], [13,13]/[13,3], [13,3]/[13,13], [13,13]/[13,5], [13,5]/[13,13], [13,13]/[13,7], [13,7]/[13,13], [13,13]/[13,11], [13,11]/[13,13], [13,13]/[11,2], [11,2]/[13,13], [13,13]/[11,3], [11,3]/[13,13], [13,13]/[11,5], [11,5]/[13,13], [13,13]/[11,7], [11,7]/[13,13], [13,13]/[11,13], [11,13]/[13,13], [13,13]/[11,11], [11,11]/[13,13], [13,13]/2, 2/[13,13], [13,13]/3, 3/[13,13], [13,13]/5, 5/[13,13], [13,13]/7, 7/[13,13], [[13,13]/13, [2,13]/2, [3,13]/3, [5,13]/5, [7,13]/7, [11,13]/11], [13/[13,13], 2/[2,13], 3/[3,13], 5/[5,13], 7/[7,13], 11/[11,13], 1/13], [[13,13]/13, [13,2]/2, [13,3]/3, [13,5]/5, [13,7]/7, [13,11]/11], [13/[13,13], 2/[13,2], 3/[13,3], 5/[13,5], 7/[13,7], 11/[13,11], 1/13], [13,13]/11, 11/[13,13], 1/[13,13], [2,3]/4, 4/[2,3], [2,5]/4, 4/[2,5], [2,7]/4, 4/[2,7], [2,13]/4, 4/[2,13], [2,11]/4, 4/[2,11], [3,2]/4, 4/[3,2], [3,3]/4, 4/[3,3], [3,5]/4, 4/[3,5], [3,7]/4, 4/[3,7], [3,13]/4, 4/[3,13], [3,11]/4, 4/[3,11], [5,2]/4, 4/[5,2], [5,3]/4, 4/[5,3], [5,5]/4, 4/[5,5], [5,7]/4, 4/[5,7], [5,13]/4, 4/[5,13], [5,11]/4, 4/[5,11], [7,2]/4, 4/[7,2], [7,3]/4, 4/[7,3], [7,5]/4, 4/[7,5], [7,7]/4, 4/[7,7], [7,13]/4, 4/[7,13], [7,11]/4, 4/[7,11], [13,2]/4, 4/[13,2], [13,3]/4, 4/[13,3], [13,5]/4, 4/[13,5], [13,7]/4, 4/[13,7], [13,11]/4, 4/[13,11], [11,2]/4, 4/[11,2], [11,3]/4, 4/[11,3], [11,5]/4, 4/[11,5], [11,7]/4, 4/[11,7], [11,13]/4, 4/[11,13], [11,11]/4, 4/[11,11], [4/2, [3,2]/3, [5,2]/5, [7,2]/7, [13,2]/13, [11,2]/11], [2/4, 3/[3,2], 5/[5,2], 7/[7,2], 13/[13,2], 11/[11,2], 1/2], [4/2, [2,3]/3, [2,5]/5, [2,7]/7, [2,13]/13, [2,11]/11], [2/4, 3/[2,3], 5/[2,5], 7/[2,7], 13/[2,13], 11/[2,11], 1/2], 1/4, [2,5]/[2,3], [2,3]/[2,5], [2,7]/[2,3], [2,3]/[2,7], [2,13]/[2,3], [2,3]/[2,13], [2,11]/[2,3], [2,3]/[2,11], [3,3]/[2,3], [2,3]/[3,3], [3,5]/[2,3], [2,3]/[3,5], [3,7]/[2,3], [2,3]/[3,7], [3,13]/[2,3], [2,3]/[3,13], [3,11]/[2,3], [2,3]/[3,11], [5,3]/[2,3], [2,3]/[5,3], [5,5]/[2,3], [2,3]/[5,5], [5,7]/[2,3], [2,3]/[5,7], [5,13]/[2,3], [2,3]/[5,13], [5,11]/[2,3], [2,3]/[5,11], [7,3]/[2,3], [2,3]/[7,3], [7,5]/[2,3], [2,3]/[7,5], [7,7]/[2,3], [2,3]/[7,7], [7,13]/[2,3], [2,3]/[7,13], [7,11]/[2,3], [2,3]/[7,11], [13,3]/[2,3], [2,3]/[13,3], [13,5]/[2,3], [2,3]/[13,5], [13,7]/[2,3], [2,3]/[13,7], [13,11]/[2,3], [2,3]/[13,11], [11,3]/[2,3], [2,3]/[11,3], [11,5]/[2,3], [2,3]/[11,5], [11,7]/[2,3], [2,3]/[11,7], [11,13]/[2,3], [2,3]/[11,13], [11,11]/[2,3], [2,3]/[11,11], [[2,3]/2, [3,3]/3, [5,3]/5, [7,3]/7, [13,3]/13, [11,3]/11], [2/[2,3], 3/[3,3], 5/[5,3], 7/[7,3], 13/[13,3], 11/[11,3], 1/3], [2,3]/2, 2/[2,3], 1/[2,3], [2,7]/[2,5], [2,5]/[2,7], [2,13]/[2,5], [2,5]/[2,13], [2,11]/[2,5], [2,5]/[2,11], [3,5]/[2,5], [2,5]/[3,5], [3,7]/[2,5], [2,5]/[3,7], [3,13]/[2,5], [2,5]/[3,13], [3,11]/[2,5], [2,5]/[3,11], [5,5]/[2,5], [2,5]/[5,5], [5,7]/[2,5], [2,5]/[5,7], [5,13]/[2,5], [2,5]/[5,13], [5,11]/[2,5], [2,5]/[5,11], [7,5]/[2,5], [2,5]/[7,5], [7,7]/[2,5], [2,5]/[7,7], [7,13]/[2,5], [2,5]/[7,13], [7,11]/[2,5], [2,5]/[7,11], [13,5]/[2,5], [2,5]/[13,5], [13,7]/[2,5], [2,5]/[13,7], [13,11]/[2,5], [2,5]/[13,11], [11,5]/[2,5], [2,5]/[11,5], [11,7]/[2,5], [2,5]/[11,7], [11,13]/[2,5], [2,5]/[11,13], [11,11]/[2,5], [2,5]/[11,11], [[2,5]/2, [3,5]/3, [5,5]/5, [7,5]/7, [13,5]/13, [11,5]/11], [2/[2,5], 3/[3,5], 5/[5,5], 7/[7,5], 13/[13,5], 11/[11,5], 1/5], [2,5]/2, 2/[2,5], [2,5]/3, 3/[2,5], 1/[2,5], [2,13]/[2,7], [2,7]/[2,13], [2,11]/[2,7], [2,7]/[2,11], [3,7]/[2,7], [2,7]/[3,7], [3,13]/[2,7], [2,7]/[3,13], [3,11]/[2,7], [2,7]/[3,11], [5,7]/[2,7], [2,7]/[5,7], [5,13]/[2,7], [2,7]/[5,13], [5,11]/[2,7], [2,7]/[5,11], [7,7]/[2,7], [2,7]/[7,7], [7,13]/[2,7], [2,7]/[7,13], [7,11]/[2,7], [2,7]/[7,11], [13,7]/[2,7], [2,7]/[13,7], [13,11]/[2,7], [2,7]/[13,11], [11,7]/[2,7], [2,7]/[11,7], [11,13]/[2,7], [2,7]/[11,13], [11,11]/[2,7], [2,7]/[11,11], [[2,7]/2, [3,7]/3, [5,7]/5, [7,7]/7, [13,7]/13, [11,7]/11], [2/[2,7], 3/[3,7], 5/[5,7], 7/[7,7], 13/[13,7], 11/[11,7], 1/7], [2,7]/2, 2/[2,7], [2,7]/3, 3/[2,7], [2,7]/5, 5/[2,7], 1/[2,7], [2,13]/[2,11], [2,11]/[2,13], [3,13]/[2,13], [2,13]/[3,13], [5,13]/[2,13], [2,13]/[5,13], [7,13]/[2,13], [2,13]/[7,13], [11,13]/[2,13], [2,13]/[11,13], [2,13]/2, 2/[2,13], [2,13]/3, 3/[2,13], [2,13]/5, 5/[2,13], [2,13]/7, 7/[2,13], [2,13]/11, 11/[2,13], 1/[2,13], [3,13]/[2,11], [2,11]/[3,13], [3,11]/[2,11], [2,11]/[3,11], [5,13]/[2,11], [2,11]/[5,13], [5,11]/[2,11], [2,11]/[5,11], [7,13]/[2,11], [2,11]/[7,13], [7,11]/[2,11], [2,11]/[7,11], [13,11]/[2,11], [2,11]/[13,11], [11,13]/[2,11], [2,11]/[11,13], [11,11]/[2,11], [2,11]/[11,11], [[2,11]/2, [3,11]/3, [5,11]/5, [7,11]/7, [13,11]/13, [11,11]/11], [2/[2,11], 3/[3,11], 5/[5,11], 7/[7,11], 13/[13,11], 11/[11,11], 1/11], [2,11]/2, 2/[2,11], [2,11]/3, 3/[2,11], [2,11]/5, 5/[2,11], [2,11]/7, 7/[2,11], 1/[2,11], [3,3]/[3,2], [3,2]/[3,3], [3,5]/[3,2], [3,2]/[3,5], [3,7]/[3,2], [3,2]/[3,7], [3,13]/[3,2], [3,2]/[3,13], [3,11]/[3,2], [3,2]/[3,11], [5,2]/[3,2], [3,2]/[5,2], [5,3]/[3,2], [3,2]/[5,3], [5,5]/[3,2], [3,2]/[5,5], [5,7]/[3,2], [3,2]/[5,7], [5,13]/[3,2], [3,2]/[5,13], [5,11]/[3,2], [3,2]/[5,11], [7,2]/[3,2], [3,2]/[7,2], [7,3]/[3,2], [3,2]/[7,3], [7,5]/[3,2], [3,2]/[7,5], [7,7]/[3,2], [3,2]/[7,7], [7,13]/[3,2], [3,2]/[7,13], [7,11]/[3,2], [3,2]/[7,11], [13,2]/[3,2], [3,2]/[13,2], [13,3]/[3,2], [3,2]/[13,3], [13,5]/[3,2], [3,2]/[13,5], [13,7]/[3,2], [3,2]/[13,7], [13,11]/[3,2], [3,2]/[13,11], [11,2]/[3,2], [3,2]/[11,2], [11,3]/[3,2], [3,2]/[11,3], [11,5]/[3,2], [3,2]/[11,5], [11,7]/[3,2], [3,2]/[11,7], [11,13]/[3,2], [3,2]/[11,13], [11,11]/[3,2], [3,2]/[11,11], [3,2]/2, 2/[3,2], [[3,2]/2, [3,3]/3, [3,5]/5, [3,7]/7, [3,13]/13, [3,11]/11], [2/[3,2], 3/[3,3], 5/[3,5], 7/[3,7], 13/[3,13], 11/[3,11], 1/3], 1/[3,2], [3,5]/[3,3], [3,3]/[3,5], [3,7]/[3,3], [3,3]/[3,7], [3,13]/[3,3], [3,3]/[3,13], [3,11]/[3,3], [3,3]/[3,11], [5,3]/[3,3], [3,3]/[5,3], [5,5]/[3,3], [3,3]/[5,5], [5,7]/[3,3], [3,3]/[5,7], [5,13]/[3,3], [3,3]/[5,13], [5,11]/[3,3], [3,3]/[5,11], [7,3]/[3,3], [3,3]/[7,3], [7,5]/[3,3], [3,3]/[7,5], [7,7]/[3,3], [3,3]/[7,7], [7,13]/[3,3], [3,3]/[7,13], [7,11]/[3,3], [3,3]/[7,11], [13,3]/[3,3], [3,3]/[13,3], [13,5]/[3,3], [3,3]/[13,5], [13,7]/[3,3], [3,3]/[13,7], [13,11]/[3,3], [3,3]/[13,11], [11,3]/[3,3], [3,3]/[11,3], [11,5]/[3,3], [3,3]/[11,5], [11,7]/[3,3], [3,3]/[11,7], [11,13]/[3,3], [3,3]/[11,13], [11,11]/[3,3], [3,3]/[11,11], [3,3]/2, 2/[3,3], 1/[3,3], [3,7]/[3,5], [3,5]/[3,7], [3,13]/[3,5], [3,5]/[3,13], [3,11]/[3,5], [3,5]/[3,11], [5,5]/[3,5], [3,5]/[5,5], [5,7]/[3,5], [3,5]/[5,7], [5,13]/[3,5], [3,5]/[5,13], [5,11]/[3,5], [3,5]/[5,11], [7,5]/[3,5], [3,5]/[7,5], [7,7]/[3,5], [3,5]/[7,7], [7,13]/[3,5], [3,5]/[7,13], [7,11]/[3,5], [3,5]/[7,11], [13,5]/[3,5], [3,5]/[13,5], [13,7]/[3,5], [3,5]/[13,7], [13,11]/[3,5], [3,5]/[13,11], [11,5]/[3,5], [3,5]/[11,5], [11,7]/[3,5], [3,5]/[11,7], [11,13]/[3,5], [3,5]/[11,13], [11,11]/[3,5], [3,5]/[11,11], [3,5]/2, 2/[3,5], [3,5]/3, 3/[3,5], 1/[3,5], [3,13]/[3,7], [3,7]/[3,13], [3,11]/[3,7], [3,7]/[3,11], [5,7]/[3,7], [3,7]/[5,7], [5,13]/[3,7], [3,7]/[5,13], [5,11]/[3,7], [3,7]/[5,11], [7,7]/[3,7], [3,7]/[7,7], [7,13]/[3,7], [3,7]/[7,13], [7,11]/[3,7], [3,7]/[7,11], [13,7]/[3,7], [3,7]/[13,7], [13,11]/[3,7], [3,7]/[13,11], [11,7]/[3,7], [3,7]/[11,7], [11,13]/[3,7], [3,7]/[11,13], [11,11]/[3,7], [3,7]/[11,11], [3,7]/2, 2/[3,7], [3,7]/3, 3/[3,7], [3,7]/5, 5/[3,7], 1/[3,7], [3,13]/[3,11], [3,11]/[3,13], [5,13]/[3,13], [3,13]/[5,13], [7,13]/[3,13], [3,13]/[7,13], [11,13]/[3,13], [3,13]/[11,13], [3,13]/2, 2/[3,13], [3,13]/3, 3/[3,13], [3,13]/5, 5/[3,13], [3,13]/7, 7/[3,13], [3,13]/11, 11/[3,13], 1/[3,13], [5,13]/[3,11], [3,11]/[5,13], [5,11]/[3,11], [3,11]/[5,11], [7,13]/[3,11], [3,11]/[7,13], [7,11]/[3,11], [3,11]/[7,11], [13,11]/[3,11], [3,11]/[13,11], [11,13]/[3,11], [3,11]/[11,13], [11,11]/[3,11], [3,11]/[11,11], [3,11]/2, 2/[3,11], [3,11]/3, 3/[3,11], [3,11]/5, 5/[3,11], [3,11]/7, 7/[3,11], 1/[3,11], [5,3]/[5,2], [5,2]/[5,3], [5,5]/[5,2], [5,2]/[5,5], [5,7]/[5,2], [5,2]/[5,7], [5,13]/[5,2], [5,2]/[5,13], [5,11]/[5,2], [5,2]/[5,11], [7,2]/[5,2], [5,2]/[7,2], [7,3]/[5,2], [5,2]/[7,3], [7,5]/[5,2], [5,2]/[7,5], [7,7]/[5,2], [5,2]/[7,7], [7,13]/[5,2], [5,2]/[7,13], [7,11]/[5,2], [5,2]/[7,11], [13,2]/[5,2], [5,2]/[13,2], [13,3]/[5,2], [5,2]/[13,3], [13,5]/[5,2], [5,2]/[13,5], [13,7]/[5,2], [5,2]/[13,7], [13,11]/[5,2], [5,2]/[13,11], [11,2]/[5,2], [5,2]/[11,2], [11,3]/[5,2], [5,2]/[11,3], [11,5]/[5,2], [5,2]/[11,5], [11,7]/[5,2], [5,2]/[11,7], [11,13]/[5,2], [5,2]/[11,13], [11,11]/[5,2], [5,2]/[11,11], [5,2]/2, 2/[5,2], [[5,2]/2, [5,3]/3, [5,5]/5, [5,7]/7, [5,13]/13, [5,11]/11], [2/[5,2], 3/[5,3], 5/[5,5], 7/[5,7], 13/[5,13], 11/[5,11], 1/5], [5,2]/3, 3/[5,2], 1/[5,2], [5,5]/[5,3], [5,3]/[5,5], [5,7]/[5,3], [5,3]/[5,7], [5,13]/[5,3], [5,3]/[5,13], [5,11]/[5,3], [5,3]/[5,11], [7,3]/[5,3], [5,3]/[7,3], [7,5]/[5,3], [5,3]/[7,5], [7,7]/[5,3], [5,3]/[7,7], [7,13]/[5,3], [5,3]/[7,13], [7,11]/[5,3], [5,3]/[7,11], [13,3]/[5,3], [5,3]/[13,3], [13,5]/[5,3], [5,3]/[13,5], [13,7]/[5,3], [5,3]/[13,7], [13,11]/[5,3], [5,3]/[13,11], [11,3]/[5,3], [5,3]/[11,3], [11,5]/[5,3], [5,3]/[11,5], [11,7]/[5,3], [5,3]/[11,7], [11,13]/[5,3], [5,3]/[11,13], [11,11]/[5,3], [5,3]/[11,11], [5,3]/2, 2/[5,3], [5,3]/3, 3/[5,3], 1/[5,3], [5,7]/[5,5], [5,5]/[5,7], [5,13]/[5,5], [5,5]/[5,13], [5,11]/[5,5], [5,5]/[5,11], [7,5]/[5,5], [5,5]/[7,5], [7,7]/[5,5], [5,5]/[7,7], [7,13]/[5,5], [5,5]/[7,13], [7,11]/[5,5], [5,5]/[7,11], [13,5]/[5,5], [5,5]/[13,5], [13,7]/[5,5], [5,5]/[13,7], [13,11]/[5,5], [5,5]/[13,11], [11,5]/[5,5], [5,5]/[11,5], [11,7]/[5,5], [5,5]/[11,7], [11,13]/[5,5], [5,5]/[11,13], [11,11]/[5,5], [5,5]/[11,11], [5,5]/2, 2/[5,5], [5,5]/3, 3/[5,5], 1/[5,5], [5,13]/[5,7], [5,7]/[5,13], [5,11]/[5,7], [5,7]/[5,11], [7,7]/[5,7], [5,7]/[7,7], [7,13]/[5,7], [5,7]/[7,13], [7,11]/[5,7], [5,7]/[7,11], [13,7]/[5,7], [5,7]/[13,7], [13,11]/[5,7], [5,7]/[13,11], [11,7]/[5,7], [5,7]/[11,7], [11,13]/[5,7], [5,7]/[11,13], [11,11]/[5,7], [5,7]/[11,11], [5,7]/2, 2/[5,7], [5,7]/3, 3/[5,7], [5,7]/5, 5/[5,7], 1/[5,7], [5,13]/[5,11], [5,11]/[5,13], [7,13]/[5,13], [5,13]/[7,13], [11,13]/[5,13], [5,13]/[11,13], [5,13]/2, 2/[5,13], [5,13]/3, 3/[5,13], [5,13]/5, 5/[5,13], [5,13]/7, 7/[5,13], [5,13]/11, 11/[5,13], 1/[5,13], [7,13]/[5,11], [5,11]/[7,13], [7,11]/[5,11], [5,11]/[7,11], [13,11]/[5,11], [5,11]/[13,11], [11,13]/[5,11], [5,11]/[11,13], [11,11]/[5,11], [5,11]/[11,11], [5,11]/2, 2/[5,11], [5,11]/3, 3/[5,11], [5,11]/5, 5/[5,11], [5,11]/7, 7/[5,11], 1/[5,11], [7,3]/[7,2], [7,2]/[7,3], [7,5]/[7,2], [7,2]/[7,5], [7,7]/[7,2], [7,2]/[7,7], [7,13]/[7,2], [7,2]/[7,13], [7,11]/[7,2], [7,2]/[7,11], [13,2]/[7,2], [7,2]/[13,2], [13,3]/[7,2], [7,2]/[13,3], [13,5]/[7,2], [7,2]/[13,5], [13,7]/[7,2], [7,2]/[13,7], [13,11]/[7,2], [7,2]/[13,11], [11,2]/[7,2], [7,2]/[11,2], [11,3]/[7,2], [7,2]/[11,3], [11,5]/[7,2], [7,2]/[11,5], [11,7]/[7,2], [7,2]/[11,7], [11,13]/[7,2], [7,2]/[11,13], [11,11]/[7,2], [7,2]/[11,11], [7,2]/2, 2/[7,2], [[7,2]/2, [7,3]/3, [7,5]/5, [7,7]/7, [7,13]/13, [7,11]/11], [2/[7,2], 3/[7,3], 5/[7,5], 7/[7,7], 13/[7,13], 11/[7,11], 1/7], [7,2]/3, 3/[7,2], [7,2]/5, 5/[7,2], 1/[7,2], [7,5]/[7,3], [7,3]/[7,5], [7,7]/[7,3], [7,3]/[7,7], [7,13]/[7,3], [7,3]/[7,13], [7,11]/[7,3], [7,3]/[7,11], [13,3]/[7,3], [7,3]/[13,3], [13,5]/[7,3], [7,3]/[13,5], [13,7]/[7,3], [7,3]/[13,7], [13,11]/[7,3], [7,3]/[13,11], [11,3]/[7,3], [7,3]/[11,3], [11,5]/[7,3], [7,3]/[11,5], [11,7]/[7,3], [7,3]/[11,7], [11,13]/[7,3], [7,3]/[11,13], [11,11]/[7,3], [7,3]/[11,11], [7,3]/2, 2/[7,3], [7,3]/3, 3/[7,3], [7,3]/5, 5/[7,3], 1/[7,3], [7,7]/[7,5], [7,5]/[7,7], [7,13]/[7,5], [7,5]/[7,13], [7,11]/[7,5], [7,5]/[7,11], [13,5]/[7,5], [7,5]/[13,5], [13,7]/[7,5], [7,5]/[13,7], [13,11]/[7,5], [7,5]/[13,11], [11,5]/[7,5], [7,5]/[11,5], [11,7]/[7,5], [7,5]/[11,7], [11,13]/[7,5], [7,5]/[11,13], [11,11]/[7,5], [7,5]/[11,11], [7,5]/2, 2/[7,5], [7,5]/3, 3/[7,5], [7,5]/5, 5/[7,5], 1/[7,5], [7,13]/[7,7], [7,7]/[7,13], [7,11]/[7,7], [7,7]/[7,11], [13,7]/[7,7], [7,7]/[13,7], [13,11]/[7,7], [7,7]/[13,11], [11,7]/[7,7], [7,7]/[11,7], [11,13]/[7,7], [7,7]/[11,13], [11,11]/[7,7], [7,7]/[11,11], [7,7]/2, 2/[7,7], [7,7]/3, 3/[7,7], [7,7]/5, 5/[7,7], 1/[7,7], [7,13]/[7,11], [7,11]/[7,13], [11,13]/[7,13], [7,13]/[11,13], [7,13]/2, 2/[7,13], [7,13]/3, 3/[7,13], [7,13]/5, 5/[7,13], [7,13]/7, 7/[7,13], [7,13]/11, 11/[7,13], 1/[7,13], [13,11]/[7,11], [7,11]/[13,11], [11,13]/[7,11], [7,11]/[11,13], [11,11]/[7,11], [7,11]/[11,11], [7,11]/2, 2/[7,11], [7,11]/3, 3/[7,11], [7,11]/5, 5/[7,11], [7,11]/7, 7/[7,11], 1/[7,11], [13,3]/[13,2], [13,2]/[13,3], [13,5]/[13,2], [13,2]/[13,5], [13,7]/[13,2], [13,2]/[13,7], [13,11]/[13,2], [13,2]/[13,11], [13,2]/[11,2], [11,2]/[13,2], [13,2]/2, 2/[13,2], [13,2]/3, 3/[13,2], [13,2]/5, 5/[13,2], [13,2]/7, 7/[13,2], [13,2]/11, 11/[13,2], 1/[13,2], [13,5]/[13,3], [13,3]/[13,5], [13,7]/[13,3], [13,3]/[13,7], [13,11]/[13,3], [13,3]/[13,11], [13,3]/[11,2], [11,2]/[13,3], [13,3]/[11,3], [11,3]/[13,3], [13,3]/2, 2/[13,3], [13,3]/3, 3/[13,3], [13,3]/5, 5/[13,3], [13,3]/7, 7/[13,3], [13,3]/11, 11/[13,3], 1/[13,3], [13,7]/[13,5], [13,5]/[13,7], [13,11]/[13,5], [13,5]/[13,11], [13,5]/[11,2], [11,2]/[13,5], [13,5]/[11,3], [11,3]/[13,5], [13,5]/[11,5], [11,5]/[13,5], [13,5]/2, 2/[13,5], [13,5]/3, 3/[13,5], [13,5]/5, 5/[13,5], [13,5]/7, 7/[13,5], [13,5]/11, 11/[13,5], 1/[13,5], [13,11]/[13,7], [13,7]/[13,11], [13,7]/[11,2], [11,2]/[13,7], [13,7]/[11,3], [11,3]/[13,7], [13,7]/[11,5], [11,5]/[13,7], [13,7]/[11,7], [11,7]/[13,7], [13,7]/2, 2/[13,7], [13,7]/3, 3/[13,7], [13,7]/5, 5/[13,7], [13,7]/7, 7/[13,7], [13,7]/11, 11/[13,7], 1/[13,7], [13,11]/[11,2], [11,2]/[13,11], [13,11]/[11,3], [11,3]/[13,11], [13,11]/[11,5], [11,5]/[13,11], [13,11]/[11,7], [11,7]/[13,11], [13,11]/[11,11], [11,11]/[13,11], [13,11]/2, 2/[13,11], [13,11]/3, 3/[13,11], [13,11]/5, 5/[13,11], [13,11]/7, 7/[13,11], [13,11]/11, 11/[13,11], 1/[13,11], [11,3]/[11,2], [11,2]/[11,3], [11,5]/[11,2], [11,2]/[11,5], [11,7]/[11,2], [11,2]/[11,7], [11,13]/[11,2], [11,2]/[11,13], [11,11]/[11,2], [11,2]/[11,11], [11,2]/2, 2/[11,2], [[11,2]/2, [11,3]/3, [11,5]/5, [11,7]/7, [11,13]/13, [11,11]/11], [2/[11,2], 3/[11,3], 5/[11,5], 7/[11,7], 13/[11,13], 11/[11,11], 1/11], [11,2]/3, 3/[11,2], [11,2]/5, 5/[11,2], [11,2]/7, 7/[11,2], 1/[11,2], [11,5]/[11,3], [11,3]/[11,5], [11,7]/[11,3], [11,3]/[11,7], [11,13]/[11,3], [11,3]/[11,13], [11,11]/[11,3], [11,3]/[11,11], [11,3]/2, 2/[11,3], [11,3]/3, 3/[11,3], [11,3]/5, 5/[11,3], [11,3]/7, 7/[11,3], 1/[11,3], [11,7]/[11,5], [11,5]/[11,7], [11,13]/[11,5], [11,5]/[11,13], [11,11]/[11,5], [11,5]/[11,11], [11,5]/2, 2/[11,5], [11,5]/3, 3/[11,5], [11,5]/5, 5/[11,5], [11,5]/7, 7/[11,5], 1/[11,5], [11,13]/[11,7], [11,7]/[11,13], [11,11]/[11,7], [11,7]/[11,11], [11,7]/2, 2/[11,7], [11,7]/3, 3/[11,7], [11,7]/5, 5/[11,7], [11,7]/7, 7/[11,7], 1/[11,7], [11,13]/[11,11], [11,11]/[11,13], [11,13]/2, 2/[11,13], [11,13]/3, 3/[11,13], [11,13]/5, 5/[11,13], [11,13]/7, 7/[11,13], [11,13]/11, 11/[11,13], 1/[11,13], [11,11]/2, 2/[11,11], [11,11]/3, 3/[11,11], [11,11]/5, 5/[11,11], [11,11]/7, 7/[11,11], 1/[11,11], 3/2, 2/3, 5/2, 2/5, 7/2, 2/7, 13/2, 2/13, 11/2, 2/11, 5/3, 3/5, 7/3, 3/7, 13/3, 3/13, 11/3, 3/11, 7/5, 5/7, 13/5, 5/13, 11/5, 5/11, 13/7, 7/13, 11/7, 7/11, 13/11, 11/13), Pn(60)}
limit of the container: O73/[13,13] = MM[O73] (1D) over MM[13,13] (2D)
rail after: 2 3 5 7 13 19 11 17 23 29 31 41 37 O29 O30 O31 O32 O33 O34 O35 O36 O37 O38 O39 O40 O41 O42 O43 O44 O45 O46 O47 O48 O49 O50 O51 O52 O53 O54 O55 O56 O57 O58 O59 O60 O61 O62 O63 O64 O65 O66 O67 O68 O69 O70 O71 O72 O73 O74 O75
seal sha256 bbec33305cf467f749be591c5f99b374be48b7bb2dd330cc1d58e8c981b155ca
