format=v2.mm.cycle.v4 dimension=2 cycle=6  (order matters; every direction +)
container MM[19,19]
held:
  [19,19]   whole  MM[19,19] (2D)       seats (0,0) (0,1) (0,2) (0,3) (0,4) (0,5) (0,6) (0,7) (0,8) (0,9) (0,10) (0,11) (0,12) (0,13) (0,14) (0,15) (0,16) (0,17) (0,18) (1,0) (1,1) (1,2) (1,3) (1,4) (1,5) (1,6) (1,7) (1,8) (1,9) (1,10) (1,11) (1,12) (1,13) (1,14) (1,15) (1,16) (1,17) (1,18) (2,0) (2,1) (2,2) (2,3) (2,4) (2,5) (2,6) (2,7) (2,8) (2,9) (2,10) (2,11) (2,12) (2,13) (2,14) (2,15) (2,16) (2,17) (2,18) (3,0) (3,1) (3,2) (3,3) (3,4) (3,5) (3,6) (3,7) (3,8) (3,9) (3,10) (3,11) (3,12) (3,13) (3,14) (3,15) (3,16) (3,17) (3,18) (4,0) (4,1) (4,2) (4,3) (4,4) (4,5) (4,6) (4,7) (4,8) (4,9) (4,10) (4,11) (4,12) (4,13) (4,14) (4,15) (4,16) (4,17) (4,18) (5,0) (5,1) (5,2) (5,3) (5,4) (5,5) (5,6) (5,7) (5,8) (5,9) (5,10) (5,11) (5,12) (5,13) (5,14) (5,15) (5,16) (5,17) (5,18) (6,0) (6,1) (6,2) (6,3) (6,4) (6,5) (6,6) (6,7) (6,8) (6,9) (6,10) (6,11) (6,12) (6,13) (6,14) (6,15) (6,16) (6,17) (6,18) (7,0) (7,1) (7,2) (7,3) (7,4) (7,5) (7,6) (7,7) (7,8) (7,9) (7,10) (7,11) (7,12) (7,13) (7,14) (7,15) (7,16) (7,17) (7,18) (8,0) (8,1) (8,2) (8,3) (8,4) (8,5) (8,6) (8,7) (8,8) (8,9) (8,10) (8,11) (8,12) (8,13) (8,14) (8,15) (8,16) (8,17) (8,18) (9,0) (9,1) (9,2) (9,3) (9,4) (9,5) (9,6) (9,7) (9,8) (9,9) (9,10) (9,11) (9,12) (9,13) (9,14) (9,15) (9,16) (9,17) (9,18) (10,0) (10,1) (10,2) (10,3) (10,4) (10,5) (10,6) (10,7) (10,8) (10,9) (10,10) (10,11) (10,12) (10,13) (10,14) (10,15) (10,16) (10,17) (10,18) (11,0) (11,1) (11,2) (11,3) (11,4) (11,5) (11,6) (11,7) (11,8) (11,9) (11,10) (11,11) (11,12) (11,13) (11,14) (11,15) (11,16) (11,17) (11,18) (12,0) (12,1) (12,2) (12,3) (12,4) (12,5) (12,6) (12,7) (12,8) (12,9) (12,10) (12,11) (12,12) (12,13) (12,14) (12,15) (12,16) (12,17) (12,18) (13,0) (13,1) (13,2) (13,3) (13,4) (13,5) (13,6) (13,7) (13,8) (13,9) (13,10) (13,11) (13,12) (13,13) (13,14) (13,15) (13,16) (13,17) (13,18) (14,0) (14,1) (14,2) (14,3) (14,4) (14,5) (14,6) (14,7) (14,8) (14,9) (14,10) (14,11) (14,12) (14,13) (14,14) (14,15) (14,16) (14,17) (14,18) (15,0) (15,1) (15,2) (15,3) (15,4) (15,5) (15,6) (15,7) (15,8) (15,9) (15,10) (15,11) (15,12) (15,13) (15,14) (15,15) (15,16) (15,17) (15,18) (16,0) (16,1) (16,2) (16,3) (16,4) (16,5) (16,6) (16,7) (16,8) (16,9) (16,10) (16,11) (16,12) (16,13) (16,14) (16,15) (16,16) (16,17) (16,18) (17,0) (17,1) (17,2) (17,3) (17,4) (17,5) (17,6) (17,7) (17,8) (17,9) (17,10) (17,11) (17,12) (17,13) (17,14) (17,15) (17,16) (17,17) (17,18) (18,0) (18,1) (18,2) (18,3) (18,4) (18,5) (18,6) (18,7) (18,8) (18,9) (18,10) (18,11) (18,12) (18,13) (18,14) (18,15) (18,16) (18,17) (18,18)
  4         table  MM[2,2] (2D)         seats (0,0) (0,1) (1,0) (1,1)
  [2,3]     table  MM[2,3] (2D)         seats (0,0) (0,1) (0,2) (1,0) (1,1) (1,2)
  [2,5]     table  MM[2,5] (2D)         seats (0,0) (0,1) (0,2) (0,3) (0,4) (1,0) (1,1) (1,2) (1,3) (1,4)
  [2,7]     table  MM[2,7] (2D)         seats (0,0) (0,1) (0,2) (0,3) (0,4) (0,5) (0,6) (1,0) (1,1) (1,2) (1,3) (1,4) (1,5) (1,6)
  [2,13]    table  MM[2,13] (2D)        seats (0,0) (0,1) (0,2) (0,3) (0,4) (0,5) (0,6) (0,7) (0,8) (0,9) (0,10) (0,11) (0,12) (1,0) (1,1) (1,2) (1,3) (1,4) (1,5) (1,6) (1,7) (1,8) (1,9) (1,10) (1,11) (1,12)
  [2,19]    table  MM[2,19] (2D)        seats (0,0) (0,1) (0,2) (0,3) (0,4) (0,5) (0,6) (0,7) (0,8) (0,9) (0,10) (0,11) (0,12) (0,13) (0,14) (0,15) (0,16) (0,17) (0,18) (1,0) (1,1) (1,2) (1,3) (1,4) (1,5) (1,6) (1,7) (1,8) (1,9) (1,10) (1,11) (1,12) (1,13) (1,14) (1,15) (1,16) (1,17) (1,18)
  [2,11]    table  MM[2,11] (2D)        seats (0,0) (0,1) (0,2) (0,3) (0,4) (0,5) (0,6) (0,7) (0,8) (0,9) (0,10) (1,0) (1,1) (1,2) (1,3) (1,4) (1,5) (1,6) (1,7) (1,8) (1,9) (1,10)
  [2,17]    table  MM[2,17] (2D)        seats (0,0) (0,1) (0,2) (0,3) (0,4) (0,5) (0,6) (0,7) (0,8) (0,9) (0,10) (0,11) (0,12) (0,13) (0,14) (0,15) (0,16) (1,0) (1,1) (1,2) (1,3) (1,4) (1,5) (1,6) (1,7) (1,8) (1,9) (1,10) (1,11) (1,12) (1,13) (1,14) (1,15) (1,16)
  [3,2]     table  MM[3,2] (2D)         seats (0,0) (0,1) (1,0) (1,1) (2,0) (2,1)
  [3,3]     table  MM[3,3] (2D)         seats (0,0) (0,1) (0,2) (1,0) (1,1) (1,2) (2,0) (2,1) (2,2)
  [3,5]     table  MM[3,5] (2D)         seats (0,0) (0,1) (0,2) (0,3) (0,4) (1,0) (1,1) (1,2) (1,3) (1,4) (2,0) (2,1) (2,2) (2,3) (2,4)
  [3,7]     table  MM[3,7] (2D)         seats (0,0) (0,1) (0,2) (0,3) (0,4) (0,5) (0,6) (1,0) (1,1) (1,2) (1,3) (1,4) (1,5) (1,6) (2,0) (2,1) (2,2) (2,3) (2,4) (2,5) (2,6)
  [3,13]    table  MM[3,13] (2D)        seats (0,0) (0,1) (0,2) (0,3) (0,4) (0,5) (0,6) (0,7) (0,8) (0,9) (0,10) (0,11) (0,12) (1,0) (1,1) (1,2) (1,3) (1,4) (1,5) (1,6) (1,7) (1,8) (1,9) (1,10) (1,11) (1,12) (2,0) (2,1) (2,2) (2,3) (2,4) (2,5) (2,6) (2,7) (2,8) (2,9) (2,10) (2,11) (2,12)
  [3,19]    table  MM[3,19] (2D)        seats (0,0) (0,1) (0,2) (0,3) (0,4) (0,5) (0,6) (0,7) (0,8) (0,9) (0,10) (0,11) (0,12) (0,13) (0,14) (0,15) (0,16) (0,17) (0,18) (1,0) (1,1) (1,2) (1,3) (1,4) (1,5) (1,6) (1,7) (1,8) (1,9) (1,10) (1,11) (1,12) (1,13) (1,14) (1,15) (1,16) (1,17) (1,18) (2,0) (2,1) (2,2) (2,3) (2,4) (2,5) (2,6) (2,7) (2,8) (2,9) (2,10) (2,11) (2,12) (2,13) (2,14) (2,15) (2,16) (2,17) (2,18)
  [3,11]    table  MM[3,11] (2D)        seats (0,0) (0,1) (0,2) (0,3) (0,4) (0,5) (0,6) (0,7) (0,8) (0,9) (0,10) (1,0) (1,1) (1,2) (1,3) (1,4) (1,5) (1,6) (1,7) (1,8) (1,9) (1,10) (2,0) (2,1) (2,2) (2,3) (2,4) (2,5) (2,6) (2,7) (2,8) (2,9) (2,10)
  [3,17]    table  MM[3,17] (2D)        seats (0,0) (0,1) (0,2) (0,3) (0,4) (0,5) (0,6) (0,7) (0,8) (0,9) (0,10) (0,11) (0,12) (0,13) (0,14) (0,15) (0,16) (1,0) (1,1) (1,2) (1,3) (1,4) (1,5) (1,6) (1,7) (1,8) (1,9) (1,10) (1,11) (1,12) (1,13) (1,14) (1,15) (1,16) (2,0) (2,1) (2,2) (2,3) (2,4) (2,5) (2,6) (2,7) (2,8) (2,9) (2,10) (2,11) (2,12) (2,13) (2,14) (2,15) (2,16)
  [5,2]     table  MM[5,2] (2D)         seats (0,0) (0,1) (1,0) (1,1) (2,0) (2,1) (3,0) (3,1) (4,0) (4,1)
  [5,3]     table  MM[5,3] (2D)         seats (0,0) (0,1) (0,2) (1,0) (1,1) (1,2) (2,0) (2,1) (2,2) (3,0) (3,1) (3,2) (4,0) (4,1) (4,2)
  [5,5]     table  MM[5,5] (2D)         seats (0,0) (0,1) (0,2) (0,3) (0,4) (1,0) (1,1) (1,2) (1,3) (1,4) (2,0) (2,1) (2,2) (2,3) (2,4) (3,0) (3,1) (3,2) (3,3) (3,4) (4,0) (4,1) (4,2) (4,3) (4,4)
  [5,7]     table  MM[5,7] (2D)         seats (0,0) (0,1) (0,2) (0,3) (0,4) (0,5) (0,6) (1,0) (1,1) (1,2) (1,3) (1,4) (1,5) (1,6) (2,0) (2,1) (2,2) (2,3) (2,4) (2,5) (2,6) (3,0) (3,1) (3,2) (3,3) (3,4) (3,5) (3,6) (4,0) (4,1) (4,2) (4,3) (4,4) (4,5) (4,6)
  [5,13]    table  MM[5,13] (2D)        seats (0,0) (0,1) (0,2) (0,3) (0,4) (0,5) (0,6) (0,7) (0,8) (0,9) (0,10) (0,11) (0,12) (1,0) (1,1) (1,2) (1,3) (1,4) (1,5) (1,6) (1,7) (1,8) (1,9) (1,10) (1,11) (1,12) (2,0) (2,1) (2,2) (2,3) (2,4) (2,5) (2,6) (2,7) (2,8) (2,9) (2,10) (2,11) (2,12) (3,0) (3,1) (3,2) (3,3) (3,4) (3,5) (3,6) (3,7) (3,8) (3,9) (3,10) (3,11) (3,12) (4,0) (4,1) (4,2) (4,3) (4,4) (4,5) (4,6) (4,7) (4,8) (4,9) (4,10) (4,11) (4,12)
  [5,19]    table  MM[5,19] (2D)        seats (0,0) (0,1) (0,2) (0,3) (0,4) (0,5) (0,6) (0,7) (0,8) (0,9) (0,10) (0,11) (0,12) (0,13) (0,14) (0,15) (0,16) (0,17) (0,18) (1,0) (1,1) (1,2) (1,3) (1,4) (1,5) (1,6) (1,7) (1,8) (1,9) (1,10) (1,11) (1,12) (1,13) (1,14) (1,15) (1,16) (1,17) (1,18) (2,0) (2,1) (2,2) (2,3) (2,4) (2,5) (2,6) (2,7) (2,8) (2,9) (2,10) (2,11) (2,12) (2,13) (2,14) (2,15) (2,16) (2,17) (2,18) (3,0) (3,1) (3,2) (3,3) (3,4) (3,5) (3,6) (3,7) (3,8) (3,9) (3,10) (3,11) (3,12) (3,13) (3,14) (3,15) (3,16) (3,17) (3,18) (4,0) (4,1) (4,2) (4,3) (4,4) (4,5) (4,6) (4,7) (4,8) (4,9) (4,10) (4,11) (4,12) (4,13) (4,14) (4,15) (4,16) (4,17) (4,18)
  [5,11]    table  MM[5,11] (2D)        seats (0,0) (0,1) (0,2) (0,3) (0,4) (0,5) (0,6) (0,7) (0,8) (0,9) (0,10) (1,0) (1,1) (1,2) (1,3) (1,4) (1,5) (1,6) (1,7) (1,8) (1,9) (1,10) (2,0) (2,1) (2,2) (2,3) (2,4) (2,5) (2,6) (2,7) (2,8) (2,9) (2,10) (3,0) (3,1) (3,2) (3,3) (3,4) (3,5) (3,6) (3,7) (3,8) (3,9) (3,10) (4,0) (4,1) (4,2) (4,3) (4,4) (4,5) (4,6) (4,7) (4,8) (4,9) (4,10)
  [5,17]    table  MM[5,17] (2D)        seats (0,0) (0,1) (0,2) (0,3) (0,4) (0,5) (0,6) (0,7) (0,8) (0,9) (0,10) (0,11) (0,12) (0,13) (0,14) (0,15) (0,16) (1,0) (1,1) (1,2) (1,3) (1,4) (1,5) (1,6) (1,7) (1,8) (1,9) (1,10) (1,11) (1,12) (1,13) (1,14) (1,15) (1,16) (2,0) (2,1) (2,2) (2,3) (2,4) (2,5) (2,6) (2,7) (2,8) (2,9) (2,10) (2,11) (2,12) (2,13) (2,14) (2,15) (2,16) (3,0) (3,1) (3,2) (3,3) (3,4) (3,5) (3,6) (3,7) (3,8) (3,9) (3,10) (3,11) (3,12) (3,13) (3,14) (3,15) (3,16) (4,0) (4,1) (4,2) (4,3) (4,4) (4,5) (4,6) (4,7) (4,8) (4,9) (4,10) (4,11) (4,12) (4,13) (4,14) (4,15) (4,16)
  [7,2]     table  MM[7,2] (2D)         seats (0,0) (0,1) (1,0) (1,1) (2,0) (2,1) (3,0) (3,1) (4,0) (4,1) (5,0) (5,1) (6,0) (6,1)
  [7,3]     table  MM[7,3] (2D)         seats (0,0) (0,1) (0,2) (1,0) (1,1) (1,2) (2,0) (2,1) (2,2) (3,0) (3,1) (3,2) (4,0) (4,1) (4,2) (5,0) (5,1) (5,2) (6,0) (6,1) (6,2)
  [7,5]     table  MM[7,5] (2D)         seats (0,0) (0,1) (0,2) (0,3) (0,4) (1,0) (1,1) (1,2) (1,3) (1,4) (2,0) (2,1) (2,2) (2,3) (2,4) (3,0) (3,1) (3,2) (3,3) (3,4) (4,0) (4,1) (4,2) (4,3) (4,4) (5,0) (5,1) (5,2) (5,3) (5,4) (6,0) (6,1) (6,2) (6,3) (6,4)
  [7,7]     table  MM[7,7] (2D)         seats (0,0) (0,1) (0,2) (0,3) (0,4) (0,5) (0,6) (1,0) (1,1) (1,2) (1,3) (1,4) (1,5) (1,6) (2,0) (2,1) (2,2) (2,3) (2,4) (2,5) (2,6) (3,0) (3,1) (3,2) (3,3) (3,4) (3,5) (3,6) (4,0) (4,1) (4,2) (4,3) (4,4) (4,5) (4,6) (5,0) (5,1) (5,2) (5,3) (5,4) (5,5) (5,6) (6,0) (6,1) (6,2) (6,3) (6,4) (6,5) (6,6)
  [7,13]    table  MM[7,13] (2D)        seats (0,0) (0,1) (0,2) (0,3) (0,4) (0,5) (0,6) (0,7) (0,8) (0,9) (0,10) (0,11) (0,12) (1,0) (1,1) (1,2) (1,3) (1,4) (1,5) (1,6) (1,7) (1,8) (1,9) (1,10) (1,11) (1,12) (2,0) (2,1) (2,2) (2,3) (2,4) (2,5) (2,6) (2,7) (2,8) (2,9) (2,10) (2,11) (2,12) (3,0) (3,1) (3,2) (3,3) (3,4) (3,5) (3,6) (3,7) (3,8) (3,9) (3,10) (3,11) (3,12) (4,0) (4,1) (4,2) (4,3) (4,4) (4,5) (4,6) (4,7) (4,8) (4,9) (4,10) (4,11) (4,12) (5,0) (5,1) (5,2) (5,3) (5,4) (5,5) (5,6) (5,7) (5,8) (5,9) (5,10) (5,11) (5,12) (6,0) (6,1) (6,2) (6,3) (6,4) (6,5) (6,6) (6,7) (6,8) (6,9) (6,10) (6,11) (6,12)
  [7,19]    table  MM[7,19] (2D)        seats (0,0) (0,1) (0,2) (0,3) (0,4) (0,5) (0,6) (0,7) (0,8) (0,9) (0,10) (0,11) (0,12) (0,13) (0,14) (0,15) (0,16) (0,17) (0,18) (1,0) (1,1) (1,2) (1,3) (1,4) (1,5) (1,6) (1,7) (1,8) (1,9) (1,10) (1,11) (1,12) (1,13) (1,14) (1,15) (1,16) (1,17) (1,18) (2,0) (2,1) (2,2) (2,3) (2,4) (2,5) (2,6) (2,7) (2,8) (2,9) (2,10) (2,11) (2,12) (2,13) (2,14) (2,15) (2,16) (2,17) (2,18) (3,0) (3,1) (3,2) (3,3) (3,4) (3,5) (3,6) (3,7) (3,8) (3,9) (3,10) (3,11) (3,12) (3,13) (3,14) (3,15) (3,16) (3,17) (3,18) (4,0) (4,1) (4,2) (4,3) (4,4) (4,5) (4,6) (4,7) (4,8) (4,9) (4,10) (4,11) (4,12) (4,13) (4,14) (4,15) (4,16) (4,17) (4,18) (5,0) (5,1) (5,2) (5,3) (5,4) (5,5) (5,6) (5,7) (5,8) (5,9) (5,10) (5,11) (5,12) (5,13) (5,14) (5,15) (5,16) (5,17) (5,18) (6,0) (6,1) (6,2) (6,3) (6,4) (6,5) (6,6) (6,7) (6,8) (6,9) (6,10) (6,11) (6,12) (6,13) (6,14) (6,15) (6,16) (6,17) (6,18)
  [7,11]    table  MM[7,11] (2D)        seats (0,0) (0,1) (0,2) (0,3) (0,4) (0,5) (0,6) (0,7) (0,8) (0,9) (0,10) (1,0) (1,1) (1,2) (1,3) (1,4) (1,5) (1,6) (1,7) (1,8) (1,9) (1,10) (2,0) (2,1) (2,2) (2,3) (2,4) (2,5) (2,6) (2,7) (2,8) (2,9) (2,10) (3,0) (3,1) (3,2) (3,3) (3,4) (3,5) (3,6) (3,7) (3,8) (3,9) (3,10) (4,0) (4,1) (4,2) (4,3) (4,4) (4,5) (4,6) (4,7) (4,8) (4,9) (4,10) (5,0) (5,1) (5,2) (5,3) (5,4) (5,5) (5,6) (5,7) (5,8) (5,9) (5,10) (6,0) (6,1) (6,2) (6,3) (6,4) (6,5) (6,6) (6,7) (6,8) (6,9) (6,10)
  [7,17]    table  MM[7,17] (2D)        seats (0,0) (0,1) (0,2) (0,3) (0,4) (0,5) (0,6) (0,7) (0,8) (0,9) (0,10) (0,11) (0,12) (0,13) (0,14) (0,15) (0,16) (1,0) (1,1) (1,2) (1,3) (1,4) (1,5) (1,6) (1,7) (1,8) (1,9) (1,10) (1,11) (1,12) (1,13) (1,14) (1,15) (1,16) (2,0) (2,1) (2,2) (2,3) (2,4) (2,5) (2,6) (2,7) (2,8) (2,9) (2,10) (2,11) (2,12) (2,13) (2,14) (2,15) (2,16) (3,0) (3,1) (3,2) (3,3) (3,4) (3,5) (3,6) (3,7) (3,8) (3,9) (3,10) (3,11) (3,12) (3,13) (3,14) (3,15) (3,16) (4,0) (4,1) (4,2) (4,3) (4,4) (4,5) (4,6) (4,7) (4,8) (4,9) (4,10) (4,11) (4,12) (4,13) (4,14) (4,15) (4,16) (5,0) (5,1) (5,2) (5,3) (5,4) (5,5) (5,6) (5,7) (5,8) (5,9) (5,10) (5,11) (5,12) (5,13) (5,14) (5,15) (5,16) (6,0) (6,1) (6,2) (6,3) (6,4) (6,5) (6,6) (6,7) (6,8) (6,9) (6,10) (6,11) (6,12) (6,13) (6,14) (6,15) (6,16)
  [13,2]    table  MM[13,2] (2D)        seats (0,0) (0,1) (1,0) (1,1) (2,0) (2,1) (3,0) (3,1) (4,0) (4,1) (5,0) (5,1) (6,0) (6,1) (7,0) (7,1) (8,0) (8,1) (9,0) (9,1) (10,0) (10,1) (11,0) (11,1) (12,0) (12,1)
  [13,3]    table  MM[13,3] (2D)        seats (0,0) (0,1) (0,2) (1,0) (1,1) (1,2) (2,0) (2,1) (2,2) (3,0) (3,1) (3,2) (4,0) (4,1) (4,2) (5,0) (5,1) (5,2) (6,0) (6,1) (6,2) (7,0) (7,1) (7,2) (8,0) (8,1) (8,2) (9,0) (9,1) (9,2) (10,0) (10,1) (10,2) (11,0) (11,1) (11,2) (12,0) (12,1) (12,2)
  [13,5]    table  MM[13,5] (2D)        seats (0,0) (0,1) (0,2) (0,3) (0,4) (1,0) (1,1) (1,2) (1,3) (1,4) (2,0) (2,1) (2,2) (2,3) (2,4) (3,0) (3,1) (3,2) (3,3) (3,4) (4,0) (4,1) (4,2) (4,3) (4,4) (5,0) (5,1) (5,2) (5,3) (5,4) (6,0) (6,1) (6,2) (6,3) (6,4) (7,0) (7,1) (7,2) (7,3) (7,4) (8,0) (8,1) (8,2) (8,3) (8,4) (9,0) (9,1) (9,2) (9,3) (9,4) (10,0) (10,1) (10,2) (10,3) (10,4) (11,0) (11,1) (11,2) (11,3) (11,4) (12,0) (12,1) (12,2) (12,3) (12,4)
  [13,7]    table  MM[13,7] (2D)        seats (0,0) (0,1) (0,2) (0,3) (0,4) (0,5) (0,6) (1,0) (1,1) (1,2) (1,3) (1,4) (1,5) (1,6) (2,0) (2,1) (2,2) (2,3) (2,4) (2,5) (2,6) (3,0) (3,1) (3,2) (3,3) (3,4) (3,5) (3,6) (4,0) (4,1) (4,2) (4,3) (4,4) (4,5) (4,6) (5,0) (5,1) (5,2) (5,3) (5,4) (5,5) (5,6) (6,0) (6,1) (6,2) (6,3) (6,4) (6,5) (6,6) (7,0) (7,1) (7,2) (7,3) (7,4) (7,5) (7,6) (8,0) (8,1) (8,2) (8,3) (8,4) (8,5) (8,6) (9,0) (9,1) (9,2) (9,3) (9,4) (9,5) (9,6) (10,0) (10,1) (10,2) (10,3) (10,4) (10,5) (10,6) (11,0) (11,1) (11,2) (11,3) (11,4) (11,5) (11,6) (12,0) (12,1) (12,2) (12,3) (12,4) (12,5) (12,6)
  [13,13]   table  MM[13,13] (2D)       seats (0,0) (0,1) (0,2) (0,3) (0,4) (0,5) (0,6) (0,7) (0,8) (0,9) (0,10) (0,11) (0,12) (1,0) (1,1) (1,2) (1,3) (1,4) (1,5) (1,6) (1,7) (1,8) (1,9) (1,10) (1,11) (1,12) (2,0) (2,1) (2,2) (2,3) (2,4) (2,5) (2,6) (2,7) (2,8) (2,9) (2,10) (2,11) (2,12) (3,0) (3,1) (3,2) (3,3) (3,4) (3,5) (3,6) (3,7) (3,8) (3,9) (3,10) (3,11) (3,12) (4,0) (4,1) (4,2) (4,3) (4,4) (4,5) (4,6) (4,7) (4,8) (4,9) (4,10) (4,11) (4,12) (5,0) (5,1) (5,2) (5,3) (5,4) (5,5) (5,6) (5,7) (5,8) (5,9) (5,10) (5,11) (5,12) (6,0) (6,1) (6,2) (6,3) (6,4) (6,5) (6,6) (6,7) (6,8) (6,9) (6,10) (6,11) (6,12) (7,0) (7,1) (7,2) (7,3) (7,4) (7,5) (7,6) (7,7) (7,8) (7,9) (7,10) (7,11) (7,12) (8,0) (8,1) (8,2) (8,3) (8,4) (8,5) (8,6) (8,7) (8,8) (8,9) (8,10) (8,11) (8,12) (9,0) (9,1) (9,2) (9,3) (9,4) (9,5) (9,6) (9,7) (9,8) (9,9) (9,10) (9,11) (9,12) (10,0) (10,1) (10,2) (10,3) (10,4) (10,5) (10,6) (10,7) (10,8) (10,9) (10,10) (10,11) (10,12) (11,0) (11,1) (11,2) (11,3) (11,4) (11,5) (11,6) (11,7) (11,8) (11,9) (11,10) (11,11) (11,12) (12,0) (12,1) (12,2) (12,3) (12,4) (12,5) (12,6) (12,7) (12,8) (12,9) (12,10) (12,11) (12,12)
  [13,19]   table  MM[13,19] (2D)       seats (0,0) (0,1) (0,2) (0,3) (0,4) (0,5) (0,6) (0,7) (0,8) (0,9) (0,10) (0,11) (0,12) (0,13) (0,14) (0,15) (0,16) (0,17) (0,18) (1,0) (1,1) (1,2) (1,3) (1,4) (1,5) (1,6) (1,7) (1,8) (1,9) (1,10) (1,11) (1,12) (1,13) (1,14) (1,15) (1,16) (1,17) (1,18) (2,0) (2,1) (2,2) (2,3) (2,4) (2,5) (2,6) (2,7) (2,8) (2,9) (2,10) (2,11) (2,12) (2,13) (2,14) (2,15) (2,16) (2,17) (2,18) (3,0) (3,1) (3,2) (3,3) (3,4) (3,5) (3,6) (3,7) (3,8) (3,9) (3,10) (3,11) (3,12) (3,13) (3,14) (3,15) (3,16) (3,17) (3,18) (4,0) (4,1) (4,2) (4,3) (4,4) (4,5) (4,6) (4,7) (4,8) (4,9) (4,10) (4,11) (4,12) (4,13) (4,14) (4,15) (4,16) (4,17) (4,18) (5,0) (5,1) (5,2) (5,3) (5,4) (5,5) (5,6) (5,7) (5,8) (5,9) (5,10) (5,11) (5,12) (5,13) (5,14) (5,15) (5,16) (5,17) (5,18) (6,0) (6,1) (6,2) (6,3) (6,4) (6,5) (6,6) (6,7) (6,8) (6,9) (6,10) (6,11) (6,12) (6,13) (6,14) (6,15) (6,16) (6,17) (6,18) (7,0) (7,1) (7,2) (7,3) (7,4) (7,5) (7,6) (7,7) (7,8) (7,9) (7,10) (7,11) (7,12) (7,13) (7,14) (7,15) (7,16) (7,17) (7,18) (8,0) (8,1) (8,2) (8,3) (8,4) (8,5) (8,6) (8,7) (8,8) (8,9) (8,10) (8,11) (8,12) (8,13) (8,14) (8,15) (8,16) (8,17) (8,18) (9,0) (9,1) (9,2) (9,3) (9,4) (9,5) (9,6) (9,7) (9,8) (9,9) (9,10) (9,11) (9,12) (9,13) (9,14) (9,15) (9,16) (9,17) (9,18) (10,0) (10,1) (10,2) (10,3) (10,4) (10,5) (10,6) (10,7) (10,8) (10,9) (10,10) (10,11) (10,12) (10,13) (10,14) (10,15) (10,16) (10,17) (10,18) (11,0) (11,1) (11,2) (11,3) (11,4) (11,5) (11,6) (11,7) (11,8) (11,9) (11,10) (11,11) (11,12) (11,13) (11,14) (11,15) (11,16) (11,17) (11,18) (12,0) (12,1) (12,2) (12,3) (12,4) (12,5) (12,6) (12,7) (12,8) (12,9) (12,10) (12,11) (12,12) (12,13) (12,14) (12,15) (12,16) (12,17) (12,18)
  [13,11]   table  MM[13,11] (2D)       seats (0,0) (0,1) (0,2) (0,3) (0,4) (0,5) (0,6) (0,7) (0,8) (0,9) (0,10) (1,0) (1,1) (1,2) (1,3) (1,4) (1,5) (1,6) (1,7) (1,8) (1,9) (1,10) (2,0) (2,1) (2,2) (2,3) (2,4) (2,5) (2,6) (2,7) (2,8) (2,9) (2,10) (3,0) (3,1) (3,2) (3,3) (3,4) (3,5) (3,6) (3,7) (3,8) (3,9) (3,10) (4,0) (4,1) (4,2) (4,3) (4,4) (4,5) (4,6) (4,7) (4,8) (4,9) (4,10) (5,0) (5,1) (5,2) (5,3) (5,4) (5,5) (5,6) (5,7) (5,8) (5,9) (5,10) (6,0) (6,1) (6,2) (6,3) (6,4) (6,5) (6,6) (6,7) (6,8) (6,9) (6,10) (7,0) (7,1) (7,2) (7,3) (7,4) (7,5) (7,6) (7,7) (7,8) (7,9) (7,10) (8,0) (8,1) (8,2) (8,3) (8,4) (8,5) (8,6) (8,7) (8,8) (8,9) (8,10) (9,0) (9,1) (9,2) (9,3) (9,4) (9,5) (9,6) (9,7) (9,8) (9,9) (9,10) (10,0) (10,1) (10,2) (10,3) (10,4) (10,5) (10,6) (10,7) (10,8) (10,9) (10,10) (11,0) (11,1) (11,2) (11,3) (11,4) (11,5) (11,6) (11,7) (11,8) (11,9) (11,10) (12,0) (12,1) (12,2) (12,3) (12,4) (12,5) (12,6) (12,7) (12,8) (12,9) (12,10)
  [13,17]   table  MM[13,17] (2D)       seats (0,0) (0,1) (0,2) (0,3) (0,4) (0,5) (0,6) (0,7) (0,8) (0,9) (0,10) (0,11) (0,12) (0,13) (0,14) (0,15) (0,16) (1,0) (1,1) (1,2) (1,3) (1,4) (1,5) (1,6) (1,7) (1,8) (1,9) (1,10) (1,11) (1,12) (1,13) (1,14) (1,15) (1,16) (2,0) (2,1) (2,2) (2,3) (2,4) (2,5) (2,6) (2,7) (2,8) (2,9) (2,10) (2,11) (2,12) (2,13) (2,14) (2,15) (2,16) (3,0) (3,1) (3,2) (3,3) (3,4) (3,5) (3,6) (3,7) (3,8) (3,9) (3,10) (3,11) (3,12) (3,13) (3,14) (3,15) (3,16) (4,0) (4,1) (4,2) (4,3) (4,4) (4,5) (4,6) (4,7) (4,8) (4,9) (4,10) (4,11) (4,12) (4,13) (4,14) (4,15) (4,16) (5,0) (5,1) (5,2) (5,3) (5,4) (5,5) (5,6) (5,7) (5,8) (5,9) (5,10) (5,11) (5,12) (5,13) (5,14) (5,15) (5,16) (6,0) (6,1) (6,2) (6,3) (6,4) (6,5) (6,6) (6,7) (6,8) (6,9) (6,10) (6,11) (6,12) (6,13) (6,14) (6,15) (6,16) (7,0) (7,1) (7,2) (7,3) (7,4) (7,5) (7,6) (7,7) (7,8) (7,9) (7,10) (7,11) (7,12) (7,13) (7,14) (7,15) (7,16) (8,0) (8,1) (8,2) (8,3) (8,4) (8,5) (8,6) (8,7) (8,8) (8,9) (8,10) (8,11) (8,12) (8,13) (8,14) (8,15) (8,16) (9,0) (9,1) (9,2) (9,3) (9,4) (9,5) (9,6) (9,7) (9,8) (9,9) (9,10) (9,11) (9,12) (9,13) (9,14) (9,15) (9,16) (10,0) (10,1) (10,2) (10,3) (10,4) (10,5) (10,6) (10,7) (10,8) (10,9) (10,10) (10,11) (10,12) (10,13) (10,14) (10,15) (10,16) (11,0) (11,1) (11,2) (11,3) (11,4) (11,5) (11,6) (11,7) (11,8) (11,9) (11,10) (11,11) (11,12) (11,13) (11,14) (11,15) (11,16) (12,0) (12,1) (12,2) (12,3) (12,4) (12,5) (12,6) (12,7) (12,8) (12,9) (12,10) (12,11) (12,12) (12,13) (12,14) (12,15) (12,16)
  [19,2]    table  MM[19,2] (2D)        seats (0,0) (0,1) (1,0) (1,1) (2,0) (2,1) (3,0) (3,1) (4,0) (4,1) (5,0) (5,1) (6,0) (6,1) (7,0) (7,1) (8,0) (8,1) (9,0) (9,1) (10,0) (10,1) (11,0) (11,1) (12,0) (12,1) (13,0) (13,1) (14,0) (14,1) (15,0) (15,1) (16,0) (16,1) (17,0) (17,1) (18,0) (18,1)
  [19,3]    table  MM[19,3] (2D)        seats (0,0) (0,1) (0,2) (1,0) (1,1) (1,2) (2,0) (2,1) (2,2) (3,0) (3,1) (3,2) (4,0) (4,1) (4,2) (5,0) (5,1) (5,2) (6,0) (6,1) (6,2) (7,0) (7,1) (7,2) (8,0) (8,1) (8,2) (9,0) (9,1) (9,2) (10,0) (10,1) (10,2) (11,0) (11,1) (11,2) (12,0) (12,1) (12,2) (13,0) (13,1) (13,2) (14,0) (14,1) (14,2) (15,0) (15,1) (15,2) (16,0) (16,1) (16,2) (17,0) (17,1) (17,2) (18,0) (18,1) (18,2)
  [19,5]    table  MM[19,5] (2D)        seats (0,0) (0,1) (0,2) (0,3) (0,4) (1,0) (1,1) (1,2) (1,3) (1,4) (2,0) (2,1) (2,2) (2,3) (2,4) (3,0) (3,1) (3,2) (3,3) (3,4) (4,0) (4,1) (4,2) (4,3) (4,4) (5,0) (5,1) (5,2) (5,3) (5,4) (6,0) (6,1) (6,2) (6,3) (6,4) (7,0) (7,1) (7,2) (7,3) (7,4) (8,0) (8,1) (8,2) (8,3) (8,4) (9,0) (9,1) (9,2) (9,3) (9,4) (10,0) (10,1) (10,2) (10,3) (10,4) (11,0) (11,1) (11,2) (11,3) (11,4) (12,0) (12,1) (12,2) (12,3) (12,4) (13,0) (13,1) (13,2) (13,3) (13,4) (14,0) (14,1) (14,2) (14,3) (14,4) (15,0) (15,1) (15,2) (15,3) (15,4) (16,0) (16,1) (16,2) (16,3) (16,4) (17,0) (17,1) (17,2) (17,3) (17,4) (18,0) (18,1) (18,2) (18,3) (18,4)
  [19,7]    table  MM[19,7] (2D)        seats (0,0) (0,1) (0,2) (0,3) (0,4) (0,5) (0,6) (1,0) (1,1) (1,2) (1,3) (1,4) (1,5) (1,6) (2,0) (2,1) (2,2) (2,3) (2,4) (2,5) (2,6) (3,0) (3,1) (3,2) (3,3) (3,4) (3,5) (3,6) (4,0) (4,1) (4,2) (4,3) (4,4) (4,5) (4,6) (5,0) (5,1) (5,2) (5,3) (5,4) (5,5) (5,6) (6,0) (6,1) (6,2) (6,3) (6,4) (6,5) (6,6) (7,0) (7,1) (7,2) (7,3) (7,4) (7,5) (7,6) (8,0) (8,1) (8,2) (8,3) (8,4) (8,5) (8,6) (9,0) (9,1) (9,2) (9,3) (9,4) (9,5) (9,6) (10,0) (10,1) (10,2) (10,3) (10,4) (10,5) (10,6) (11,0) (11,1) (11,2) (11,3) (11,4) (11,5) (11,6) (12,0) (12,1) (12,2) (12,3) (12,4) (12,5) (12,6) (13,0) (13,1) (13,2) (13,3) (13,4) (13,5) (13,6) (14,0) (14,1) (14,2) (14,3) (14,4) (14,5) (14,6) (15,0) (15,1) (15,2) (15,3) (15,4) (15,5) (15,6) (16,0) (16,1) (16,2) (16,3) (16,4) (16,5) (16,6) (17,0) (17,1) (17,2) (17,3) (17,4) (17,5) (17,6) (18,0) (18,1) (18,2) (18,3) (18,4) (18,5) (18,6)
  [19,13]   table  MM[19,13] (2D)       seats (0,0) (0,1) (0,2) (0,3) (0,4) (0,5) (0,6) (0,7) (0,8) (0,9) (0,10) (0,11) (0,12) (1,0) (1,1) (1,2) (1,3) (1,4) (1,5) (1,6) (1,7) (1,8) (1,9) (1,10) (1,11) (1,12) (2,0) (2,1) (2,2) (2,3) (2,4) (2,5) (2,6) (2,7) (2,8) (2,9) (2,10) (2,11) (2,12) (3,0) (3,1) (3,2) (3,3) (3,4) (3,5) (3,6) (3,7) (3,8) (3,9) (3,10) (3,11) (3,12) (4,0) (4,1) (4,2) (4,3) (4,4) (4,5) (4,6) (4,7) (4,8) (4,9) (4,10) (4,11) (4,12) (5,0) (5,1) (5,2) (5,3) (5,4) (5,5) (5,6) (5,7) (5,8) (5,9) (5,10) (5,11) (5,12) (6,0) (6,1) (6,2) (6,3) (6,4) (6,5) (6,6) (6,7) (6,8) (6,9) (6,10) (6,11) (6,12) (7,0) (7,1) (7,2) (7,3) (7,4) (7,5) (7,6) (7,7) (7,8) (7,9) (7,10) (7,11) (7,12) (8,0) (8,1) (8,2) (8,3) (8,4) (8,5) (8,6) (8,7) (8,8) (8,9) (8,10) (8,11) (8,12) (9,0) (9,1) (9,2) (9,3) (9,4) (9,5) (9,6) (9,7) (9,8) (9,9) (9,10) (9,11) (9,12) (10,0) (10,1) (10,2) (10,3) (10,4) (10,5) (10,6) (10,7) (10,8) (10,9) (10,10) (10,11) (10,12) (11,0) (11,1) (11,2) (11,3) (11,4) (11,5) (11,6) (11,7) (11,8) (11,9) (11,10) (11,11) (11,12) (12,0) (12,1) (12,2) (12,3) (12,4) (12,5) (12,6) (12,7) (12,8) (12,9) (12,10) (12,11) (12,12) (13,0) (13,1) (13,2) (13,3) (13,4) (13,5) (13,6) (13,7) (13,8) (13,9) (13,10) (13,11) (13,12) (14,0) (14,1) (14,2) (14,3) (14,4) (14,5) (14,6) (14,7) (14,8) (14,9) (14,10) (14,11) (14,12) (15,0) (15,1) (15,2) (15,3) (15,4) (15,5) (15,6) (15,7) (15,8) (15,9) (15,10) (15,11) (15,12) (16,0) (16,1) (16,2) (16,3) (16,4) (16,5) (16,6) (16,7) (16,8) (16,9) (16,10) (16,11) (16,12) (17,0) (17,1) (17,2) (17,3) (17,4) (17,5) (17,6) (17,7) (17,8) (17,9) (17,10) (17,11) (17,12) (18,0) (18,1) (18,2) (18,3) (18,4) (18,5) (18,6) (18,7) (18,8) (18,9) (18,10) (18,11) (18,12)
  [19,11]   table  MM[19,11] (2D)       seats (0,0) (0,1) (0,2) (0,3) (0,4) (0,5) (0,6) (0,7) (0,8) (0,9) (0,10) (1,0) (1,1) (1,2) (1,3) (1,4) (1,5) (1,6) (1,7) (1,8) (1,9) (1,10) (2,0) (2,1) (2,2) (2,3) (2,4) (2,5) (2,6) (2,7) (2,8) (2,9) (2,10) (3,0) (3,1) (3,2) (3,3) (3,4) (3,5) (3,6) (3,7) (3,8) (3,9) (3,10) (4,0) (4,1) (4,2) (4,3) (4,4) (4,5) (4,6) (4,7) (4,8) (4,9) (4,10) (5,0) (5,1) (5,2) (5,3) (5,4) (5,5) (5,6) (5,7) (5,8) (5,9) (5,10) (6,0) (6,1) (6,2) (6,3) (6,4) (6,5) (6,6) (6,7) (6,8) (6,9) (6,10) (7,0) (7,1) (7,2) (7,3) (7,4) (7,5) (7,6) (7,7) (7,8) (7,9) (7,10) (8,0) (8,1) (8,2) (8,3) (8,4) (8,5) (8,6) (8,7) (8,8) (8,9) (8,10) (9,0) (9,1) (9,2) (9,3) (9,4) (9,5) (9,6) (9,7) (9,8) (9,9) (9,10) (10,0) (10,1) (10,2) (10,3) (10,4) (10,5) (10,6) (10,7) (10,8) (10,9) (10,10) (11,0) (11,1) (11,2) (11,3) (11,4) (11,5) (11,6) (11,7) (11,8) (11,9) (11,10) (12,0) (12,1) (12,2) (12,3) (12,4) (12,5) (12,6) (12,7) (12,8) (12,9) (12,10) (13,0) (13,1) (13,2) (13,3) (13,4) (13,5) (13,6) (13,7) (13,8) (13,9) (13,10) (14,0) (14,1) (14,2) (14,3) (14,4) (14,5) (14,6) (14,7) (14,8) (14,9) (14,10) (15,0) (15,1) (15,2) (15,3) (15,4) (15,5) (15,6) (15,7) (15,8) (15,9) (15,10) (16,0) (16,1) (16,2) (16,3) (16,4) (16,5) (16,6) (16,7) (16,8) (16,9) (16,10) (17,0) (17,1) (17,2) (17,3) (17,4) (17,5) (17,6) (17,7) (17,8) (17,9) (17,10) (18,0) (18,1) (18,2) (18,3) (18,4) (18,5) (18,6) (18,7) (18,8) (18,9) (18,10)
  [19,17]   table  MM[19,17] (2D)       seats (0,0) (0,1) (0,2) (0,3) (0,4) (0,5) (0,6) (0,7) (0,8) (0,9) (0,10) (0,11) (0,12) (0,13) (0,14) (0,15) (0,16) (1,0) (1,1) (1,2) (1,3) (1,4) (1,5) (1,6) (1,7) (1,8) (1,9) (1,10) (1,11) (1,12) (1,13) (1,14) (1,15) (1,16) (2,0) (2,1) (2,2) (2,3) (2,4) (2,5) (2,6) (2,7) (2,8) (2,9) (2,10) (2,11) (2,12) (2,13) (2,14) (2,15) (2,16) (3,0) (3,1) (3,2) (3,3) (3,4) (3,5) (3,6) (3,7) (3,8) (3,9) (3,10) (3,11) (3,12) (3,13) (3,14) (3,15) (3,16) (4,0) (4,1) (4,2) (4,3) (4,4) (4,5) (4,6) (4,7) (4,8) (4,9) (4,10) (4,11) (4,12) (4,13) (4,14) (4,15) (4,16) (5,0) (5,1) (5,2) (5,3) (5,4) (5,5) (5,6) (5,7) (5,8) (5,9) (5,10) (5,11) (5,12) (5,13) (5,14) (5,15) (5,16) (6,0) (6,1) (6,2) (6,3) (6,4) (6,5) (6,6) (6,7) (6,8) (6,9) (6,10) (6,11) (6,12) (6,13) (6,14) (6,15) (6,16) (7,0) (7,1) (7,2) (7,3) (7,4) (7,5) (7,6) (7,7) (7,8) (7,9) (7,10) (7,11) (7,12) (7,13) (7,14) (7,15) (7,16) (8,0) (8,1) (8,2) (8,3) (8,4) (8,5) (8,6) (8,7) (8,8) (8,9) (8,10) (8,11) (8,12) (8,13) (8,14) (8,15) (8,16) (9,0) (9,1) (9,2) (9,3) (9,4) (9,5) (9,6) (9,7) (9,8) (9,9) (9,10) (9,11) (9,12) (9,13) (9,14) (9,15) (9,16) (10,0) (10,1) (10,2) (10,3) (10,4) (10,5) (10,6) (10,7) (10,8) (10,9) (10,10) (10,11) (10,12) (10,13) (10,14) (10,15) (10,16) (11,0) (11,1) (11,2) (11,3) (11,4) (11,5) (11,6) (11,7) (11,8) (11,9) (11,10) (11,11) (11,12) (11,13) (11,14) (11,15) (11,16) (12,0) (12,1) (12,2) (12,3) (12,4) (12,5) (12,6) (12,7) (12,8) (12,9) (12,10) (12,11) (12,12) (12,13) (12,14) (12,15) (12,16) (13,0) (13,1) (13,2) (13,3) (13,4) (13,5) (13,6) (13,7) (13,8) (13,9) (13,10) (13,11) (13,12) (13,13) (13,14) (13,15) (13,16) (14,0) (14,1) (14,2) (14,3) (14,4) (14,5) (14,6) (14,7) (14,8) (14,9) (14,10) (14,11) (14,12) (14,13) (14,14) (14,15) (14,16) (15,0) (15,1) (15,2) (15,3) (15,4) (15,5) (15,6) (15,7) (15,8) (15,9) (15,10) (15,11) (15,12) (15,13) (15,14) (15,15) (15,16) (16,0) (16,1) (16,2) (16,3) (16,4) (16,5) (16,6) (16,7) (16,8) (16,9) (16,10) (16,11) (16,12) (16,13) (16,14) (16,15) (16,16) (17,0) (17,1) (17,2) (17,3) (17,4) (17,5) (17,6) (17,7) (17,8) (17,9) (17,10) (17,11) (17,12) (17,13) (17,14) (17,15) (17,16) (18,0) (18,1) (18,2) (18,3) (18,4) (18,5) (18,6) (18,7) (18,8) (18,9) (18,10) (18,11) (18,12) (18,13) (18,14) (18,15) (18,16)
  [11,2]    table  MM[11,2] (2D)        seats (0,0) (0,1) (1,0) (1,1) (2,0) (2,1) (3,0) (3,1) (4,0) (4,1) (5,0) (5,1) (6,0) (6,1) (7,0) (7,1) (8,0) (8,1) (9,0) (9,1) (10,0) (10,1)
  [11,3]    table  MM[11,3] (2D)        seats (0,0) (0,1) (0,2) (1,0) (1,1) (1,2) (2,0) (2,1) (2,2) (3,0) (3,1) (3,2) (4,0) (4,1) (4,2) (5,0) (5,1) (5,2) (6,0) (6,1) (6,2) (7,0) (7,1) (7,2) (8,0) (8,1) (8,2) (9,0) (9,1) (9,2) (10,0) (10,1) (10,2)
  [11,5]    table  MM[11,5] (2D)        seats (0,0) (0,1) (0,2) (0,3) (0,4) (1,0) (1,1) (1,2) (1,3) (1,4) (2,0) (2,1) (2,2) (2,3) (2,4) (3,0) (3,1) (3,2) (3,3) (3,4) (4,0) (4,1) (4,2) (4,3) (4,4) (5,0) (5,1) (5,2) (5,3) (5,4) (6,0) (6,1) (6,2) (6,3) (6,4) (7,0) (7,1) (7,2) (7,3) (7,4) (8,0) (8,1) (8,2) (8,3) (8,4) (9,0) (9,1) (9,2) (9,3) (9,4) (10,0) (10,1) (10,2) (10,3) (10,4)
  [11,7]    table  MM[11,7] (2D)        seats (0,0) (0,1) (0,2) (0,3) (0,4) (0,5) (0,6) (1,0) (1,1) (1,2) (1,3) (1,4) (1,5) (1,6) (2,0) (2,1) (2,2) (2,3) (2,4) (2,5) (2,6) (3,0) (3,1) (3,2) (3,3) (3,4) (3,5) (3,6) (4,0) (4,1) (4,2) (4,3) (4,4) (4,5) (4,6) (5,0) (5,1) (5,2) (5,3) (5,4) (5,5) (5,6) (6,0) (6,1) (6,2) (6,3) (6,4) (6,5) (6,6) (7,0) (7,1) (7,2) (7,3) (7,4) (7,5) (7,6) (8,0) (8,1) (8,2) (8,3) (8,4) (8,5) (8,6) (9,0) (9,1) (9,2) (9,3) (9,4) (9,5) (9,6) (10,0) (10,1) (10,2) (10,3) (10,4) (10,5) (10,6)
  [11,13]   table  MM[11,13] (2D)       seats (0,0) (0,1) (0,2) (0,3) (0,4) (0,5) (0,6) (0,7) (0,8) (0,9) (0,10) (0,11) (0,12) (1,0) (1,1) (1,2) (1,3) (1,4) (1,5) (1,6) (1,7) (1,8) (1,9) (1,10) (1,11) (1,12) (2,0) (2,1) (2,2) (2,3) (2,4) (2,5) (2,6) (2,7) (2,8) (2,9) (2,10) (2,11) (2,12) (3,0) (3,1) (3,2) (3,3) (3,4) (3,5) (3,6) (3,7) (3,8) (3,9) (3,10) (3,11) (3,12) (4,0) (4,1) (4,2) (4,3) (4,4) (4,5) (4,6) (4,7) (4,8) (4,9) (4,10) (4,11) (4,12) (5,0) (5,1) (5,2) (5,3) (5,4) (5,5) (5,6) (5,7) (5,8) (5,9) (5,10) (5,11) (5,12) (6,0) (6,1) (6,2) (6,3) (6,4) (6,5) (6,6) (6,7) (6,8) (6,9) (6,10) (6,11) (6,12) (7,0) (7,1) (7,2) (7,3) (7,4) (7,5) (7,6) (7,7) (7,8) (7,9) (7,10) (7,11) (7,12) (8,0) (8,1) (8,2) (8,3) (8,4) (8,5) (8,6) (8,7) (8,8) (8,9) (8,10) (8,11) (8,12) (9,0) (9,1) (9,2) (9,3) (9,4) (9,5) (9,6) (9,7) (9,8) (9,9) (9,10) (9,11) (9,12) (10,0) (10,1) (10,2) (10,3) (10,4) (10,5) (10,6) (10,7) (10,8) (10,9) (10,10) (10,11) (10,12)
  [11,19]   table  MM[11,19] (2D)       seats (0,0) (0,1) (0,2) (0,3) (0,4) (0,5) (0,6) (0,7) (0,8) (0,9) (0,10) (0,11) (0,12) (0,13) (0,14) (0,15) (0,16) (0,17) (0,18) (1,0) (1,1) (1,2) (1,3) (1,4) (1,5) (1,6) (1,7) (1,8) (1,9) (1,10) (1,11) (1,12) (1,13) (1,14) (1,15) (1,16) (1,17) (1,18) (2,0) (2,1) (2,2) (2,3) (2,4) (2,5) (2,6) (2,7) (2,8) (2,9) (2,10) (2,11) (2,12) (2,13) (2,14) (2,15) (2,16) (2,17) (2,18) (3,0) (3,1) (3,2) (3,3) (3,4) (3,5) (3,6) (3,7) (3,8) (3,9) (3,10) (3,11) (3,12) (3,13) (3,14) (3,15) (3,16) (3,17) (3,18) (4,0) (4,1) (4,2) (4,3) (4,4) (4,5) (4,6) (4,7) (4,8) (4,9) (4,10) (4,11) (4,12) (4,13) (4,14) (4,15) (4,16) (4,17) (4,18) (5,0) (5,1) (5,2) (5,3) (5,4) (5,5) (5,6) (5,7) (5,8) (5,9) (5,10) (5,11) (5,12) (5,13) (5,14) (5,15) (5,16) (5,17) (5,18) (6,0) (6,1) (6,2) (6,3) (6,4) (6,5) (6,6) (6,7) (6,8) (6,9) (6,10) (6,11) (6,12) (6,13) (6,14) (6,15) (6,16) (6,17) (6,18) (7,0) (7,1) (7,2) (7,3) (7,4) (7,5) (7,6) (7,7) (7,8) (7,9) (7,10) (7,11) (7,12) (7,13) (7,14) (7,15) (7,16) (7,17) (7,18) (8,0) (8,1) (8,2) (8,3) (8,4) (8,5) (8,6) (8,7) (8,8) (8,9) (8,10) (8,11) (8,12) (8,13) (8,14) (8,15) (8,16) (8,17) (8,18) (9,0) (9,1) (9,2) (9,3) (9,4) (9,5) (9,6) (9,7) (9,8) (9,9) (9,10) (9,11) (9,12) (9,13) (9,14) (9,15) (9,16) (9,17) (9,18) (10,0) (10,1) (10,2) (10,3) (10,4) (10,5) (10,6) (10,7) (10,8) (10,9) (10,10) (10,11) (10,12) (10,13) (10,14) (10,15) (10,16) (10,17) (10,18)
  [11,11]   table  MM[11,11] (2D)       seats (0,0) (0,1) (0,2) (0,3) (0,4) (0,5) (0,6) (0,7) (0,8) (0,9) (0,10) (1,0) (1,1) (1,2) (1,3) (1,4) (1,5) (1,6) (1,7) (1,8) (1,9) (1,10) (2,0) (2,1) (2,2) (2,3) (2,4) (2,5) (2,6) (2,7) (2,8) (2,9) (2,10) (3,0) (3,1) (3,2) (3,3) (3,4) (3,5) (3,6) (3,7) (3,8) (3,9) (3,10) (4,0) (4,1) (4,2) (4,3) (4,4) (4,5) (4,6) (4,7) (4,8) (4,9) (4,10) (5,0) (5,1) (5,2) (5,3) (5,4) (5,5) (5,6) (5,7) (5,8) (5,9) (5,10) (6,0) (6,1) (6,2) (6,3) (6,4) (6,5) (6,6) (6,7) (6,8) (6,9) (6,10) (7,0) (7,1) (7,2) (7,3) (7,4) (7,5) (7,6) (7,7) (7,8) (7,9) (7,10) (8,0) (8,1) (8,2) (8,3) (8,4) (8,5) (8,6) (8,7) (8,8) (8,9) (8,10) (9,0) (9,1) (9,2) (9,3) (9,4) (9,5) (9,6) (9,7) (9,8) (9,9) (9,10) (10,0) (10,1) (10,2) (10,3) (10,4) (10,5) (10,6) (10,7) (10,8) (10,9) (10,10)
  [11,17]   table  MM[11,17] (2D)       seats (0,0) (0,1) (0,2) (0,3) (0,4) (0,5) (0,6) (0,7) (0,8) (0,9) (0,10) (0,11) (0,12) (0,13) (0,14) (0,15) (0,16) (1,0) (1,1) (1,2) (1,3) (1,4) (1,5) (1,6) (1,7) (1,8) (1,9) (1,10) (1,11) (1,12) (1,13) (1,14) (1,15) (1,16) (2,0) (2,1) (2,2) (2,3) (2,4) (2,5) (2,6) (2,7) (2,8) (2,9) (2,10) (2,11) (2,12) (2,13) (2,14) (2,15) (2,16) (3,0) (3,1) (3,2) (3,3) (3,4) (3,5) (3,6) (3,7) (3,8) (3,9) (3,10) (3,11) (3,12) (3,13) (3,14) (3,15) (3,16) (4,0) (4,1) (4,2) (4,3) (4,4) (4,5) (4,6) (4,7) (4,8) (4,9) (4,10) (4,11) (4,12) (4,13) (4,14) (4,15) (4,16) (5,0) (5,1) (5,2) (5,3) (5,4) (5,5) (5,6) (5,7) (5,8) (5,9) (5,10) (5,11) (5,12) (5,13) (5,14) (5,15) (5,16) (6,0) (6,1) (6,2) (6,3) (6,4) (6,5) (6,6) (6,7) (6,8) (6,9) (6,10) (6,11) (6,12) (6,13) (6,14) (6,15) (6,16) (7,0) (7,1) (7,2) (7,3) (7,4) (7,5) (7,6) (7,7) (7,8) (7,9) (7,10) (7,11) (7,12) (7,13) (7,14) (7,15) (7,16) (8,0) (8,1) (8,2) (8,3) (8,4) (8,5) (8,6) (8,7) (8,8) (8,9) (8,10) (8,11) (8,12) (8,13) (8,14) (8,15) (8,16) (9,0) (9,1) (9,2) (9,3) (9,4) (9,5) (9,6) (9,7) (9,8) (9,9) (9,10) (9,11) (9,12) (9,13) (9,14) (9,15) (9,16) (10,0) (10,1) (10,2) (10,3) (10,4) (10,5) (10,6) (10,7) (10,8) (10,9) (10,10) (10,11) (10,12) (10,13) (10,14) (10,15) (10,16)
  [17,2]    table  MM[17,2] (2D)        seats (0,0) (0,1) (1,0) (1,1) (2,0) (2,1) (3,0) (3,1) (4,0) (4,1) (5,0) (5,1) (6,0) (6,1) (7,0) (7,1) (8,0) (8,1) (9,0) (9,1) (10,0) (10,1) (11,0) (11,1) (12,0) (12,1) (13,0) (13,1) (14,0) (14,1) (15,0) (15,1) (16,0) (16,1)
  [17,3]    table  MM[17,3] (2D)        seats (0,0) (0,1) (0,2) (1,0) (1,1) (1,2) (2,0) (2,1) (2,2) (3,0) (3,1) (3,2) (4,0) (4,1) (4,2) (5,0) (5,1) (5,2) (6,0) (6,1) (6,2) (7,0) (7,1) (7,2) (8,0) (8,1) (8,2) (9,0) (9,1) (9,2) (10,0) (10,1) (10,2) (11,0) (11,1) (11,2) (12,0) (12,1) (12,2) (13,0) (13,1) (13,2) (14,0) (14,1) (14,2) (15,0) (15,1) (15,2) (16,0) (16,1) (16,2)
  [17,5]    table  MM[17,5] (2D)        seats (0,0) (0,1) (0,2) (0,3) (0,4) (1,0) (1,1) (1,2) (1,3) (1,4) (2,0) (2,1) (2,2) (2,3) (2,4) (3,0) (3,1) (3,2) (3,3) (3,4) (4,0) (4,1) (4,2) (4,3) (4,4) (5,0) (5,1) (5,2) (5,3) (5,4) (6,0) (6,1) (6,2) (6,3) (6,4) (7,0) (7,1) (7,2) (7,3) (7,4) (8,0) (8,1) (8,2) (8,3) (8,4) (9,0) (9,1) (9,2) (9,3) (9,4) (10,0) (10,1) (10,2) (10,3) (10,4) (11,0) (11,1) (11,2) (11,3) (11,4) (12,0) (12,1) (12,2) (12,3) (12,4) (13,0) (13,1) (13,2) (13,3) (13,4) (14,0) (14,1) (14,2) (14,3) (14,4) (15,0) (15,1) (15,2) (15,3) (15,4) (16,0) (16,1) (16,2) (16,3) (16,4)
  [17,7]    table  MM[17,7] (2D)        seats (0,0) (0,1) (0,2) (0,3) (0,4) (0,5) (0,6) (1,0) (1,1) (1,2) (1,3) (1,4) (1,5) (1,6) (2,0) (2,1) (2,2) (2,3) (2,4) (2,5) (2,6) (3,0) (3,1) (3,2) (3,3) (3,4) (3,5) (3,6) (4,0) (4,1) (4,2) (4,3) (4,4) (4,5) (4,6) (5,0) (5,1) (5,2) (5,3) (5,4) (5,5) (5,6) (6,0) (6,1) (6,2) (6,3) (6,4) (6,5) (6,6) (7,0) (7,1) (7,2) (7,3) (7,4) (7,5) (7,6) (8,0) (8,1) (8,2) (8,3) (8,4) (8,5) (8,6) (9,0) (9,1) (9,2) (9,3) (9,4) (9,5) (9,6) (10,0) (10,1) (10,2) (10,3) (10,4) (10,5) (10,6) (11,0) (11,1) (11,2) (11,3) (11,4) (11,5) (11,6) (12,0) (12,1) (12,2) (12,3) (12,4) (12,5) (12,6) (13,0) (13,1) (13,2) (13,3) (13,4) (13,5) (13,6) (14,0) (14,1) (14,2) (14,3) (14,4) (14,5) (14,6) (15,0) (15,1) (15,2) (15,3) (15,4) (15,5) (15,6) (16,0) (16,1) (16,2) (16,3) (16,4) (16,5) (16,6)
  [17,13]   table  MM[17,13] (2D)       seats (0,0) (0,1) (0,2) (0,3) (0,4) (0,5) (0,6) (0,7) (0,8) (0,9) (0,10) (0,11) (0,12) (1,0) (1,1) (1,2) (1,3) (1,4) (1,5) (1,6) (1,7) (1,8) (1,9) (1,10) (1,11) (1,12) (2,0) (2,1) (2,2) (2,3) (2,4) (2,5) (2,6) (2,7) (2,8) (2,9) (2,10) (2,11) (2,12) (3,0) (3,1) (3,2) (3,3) (3,4) (3,5) (3,6) (3,7) (3,8) (3,9) (3,10) (3,11) (3,12) (4,0) (4,1) (4,2) (4,3) (4,4) (4,5) (4,6) (4,7) (4,8) (4,9) (4,10) (4,11) (4,12) (5,0) (5,1) (5,2) (5,3) (5,4) (5,5) (5,6) (5,7) (5,8) (5,9) (5,10) (5,11) (5,12) (6,0) (6,1) (6,2) (6,3) (6,4) (6,5) (6,6) (6,7) (6,8) (6,9) (6,10) (6,11) (6,12) (7,0) (7,1) (7,2) (7,3) (7,4) (7,5) (7,6) (7,7) (7,8) (7,9) (7,10) (7,11) (7,12) (8,0) (8,1) (8,2) (8,3) (8,4) (8,5) (8,6) (8,7) (8,8) (8,9) (8,10) (8,11) (8,12) (9,0) (9,1) (9,2) (9,3) (9,4) (9,5) (9,6) (9,7) (9,8) (9,9) (9,10) (9,11) (9,12) (10,0) (10,1) (10,2) (10,3) (10,4) (10,5) (10,6) (10,7) (10,8) (10,9) (10,10) (10,11) (10,12) (11,0) (11,1) (11,2) (11,3) (11,4) (11,5) (11,6) (11,7) (11,8) (11,9) (11,10) (11,11) (11,12) (12,0) (12,1) (12,2) (12,3) (12,4) (12,5) (12,6) (12,7) (12,8) (12,9) (12,10) (12,11) (12,12) (13,0) (13,1) (13,2) (13,3) (13,4) (13,5) (13,6) (13,7) (13,8) (13,9) (13,10) (13,11) (13,12) (14,0) (14,1) (14,2) (14,3) (14,4) (14,5) (14,6) (14,7) (14,8) (14,9) (14,10) (14,11) (14,12) (15,0) (15,1) (15,2) (15,3) (15,4) (15,5) (15,6) (15,7) (15,8) (15,9) (15,10) (15,11) (15,12) (16,0) (16,1) (16,2) (16,3) (16,4) (16,5) (16,6) (16,7) (16,8) (16,9) (16,10) (16,11) (16,12)
  [17,19]   table  MM[17,19] (2D)       seats (0,0) (0,1) (0,2) (0,3) (0,4) (0,5) (0,6) (0,7) (0,8) (0,9) (0,10) (0,11) (0,12) (0,13) (0,14) (0,15) (0,16) (0,17) (0,18) (1,0) (1,1) (1,2) (1,3) (1,4) (1,5) (1,6) (1,7) (1,8) (1,9) (1,10) (1,11) (1,12) (1,13) (1,14) (1,15) (1,16) (1,17) (1,18) (2,0) (2,1) (2,2) (2,3) (2,4) (2,5) (2,6) (2,7) (2,8) (2,9) (2,10) (2,11) (2,12) (2,13) (2,14) (2,15) (2,16) (2,17) (2,18) (3,0) (3,1) (3,2) (3,3) (3,4) (3,5) (3,6) (3,7) (3,8) (3,9) (3,10) (3,11) (3,12) (3,13) (3,14) (3,15) (3,16) (3,17) (3,18) (4,0) (4,1) (4,2) (4,3) (4,4) (4,5) (4,6) (4,7) (4,8) (4,9) (4,10) (4,11) (4,12) (4,13) (4,14) (4,15) (4,16) (4,17) (4,18) (5,0) (5,1) (5,2) (5,3) (5,4) (5,5) (5,6) (5,7) (5,8) (5,9) (5,10) (5,11) (5,12) (5,13) (5,14) (5,15) (5,16) (5,17) (5,18) (6,0) (6,1) (6,2) (6,3) (6,4) (6,5) (6,6) (6,7) (6,8) (6,9) (6,10) (6,11) (6,12) (6,13) (6,14) (6,15) (6,16) (6,17) (6,18) (7,0) (7,1) (7,2) (7,3) (7,4) (7,5) (7,6) (7,7) (7,8) (7,9) (7,10) (7,11) (7,12) (7,13) (7,14) (7,15) (7,16) (7,17) (7,18) (8,0) (8,1) (8,2) (8,3) (8,4) (8,5) (8,6) (8,7) (8,8) (8,9) (8,10) (8,11) (8,12) (8,13) (8,14) (8,15) (8,16) (8,17) (8,18) (9,0) (9,1) (9,2) (9,3) (9,4) (9,5) (9,6) (9,7) (9,8) (9,9) (9,10) (9,11) (9,12) (9,13) (9,14) (9,15) (9,16) (9,17) (9,18) (10,0) (10,1) (10,2) (10,3) (10,4) (10,5) (10,6) (10,7) (10,8) (10,9) (10,10) (10,11) (10,12) (10,13) (10,14) (10,15) (10,16) (10,17) (10,18) (11,0) (11,1) (11,2) (11,3) (11,4) (11,5) (11,6) (11,7) (11,8) (11,9) (11,10) (11,11) (11,12) (11,13) (11,14) (11,15) (11,16) (11,17) (11,18) (12,0) (12,1) (12,2) (12,3) (12,4) (12,5) (12,6) (12,7) (12,8) (12,9) (12,10) (12,11) (12,12) (12,13) (12,14) (12,15) (12,16) (12,17) (12,18) (13,0) (13,1) (13,2) (13,3) (13,4) (13,5) (13,6) (13,7) (13,8) (13,9) (13,10) (13,11) (13,12) (13,13) (13,14) (13,15) (13,16) (13,17) (13,18) (14,0) (14,1) (14,2) (14,3) (14,4) (14,5) (14,6) (14,7) (14,8) (14,9) (14,10) (14,11) (14,12) (14,13) (14,14) (14,15) (14,16) (14,17) (14,18) (15,0) (15,1) (15,2) (15,3) (15,4) (15,5) (15,6) (15,7) (15,8) (15,9) (15,10) (15,11) (15,12) (15,13) (15,14) (15,15) (15,16) (15,17) (15,18) (16,0) (16,1) (16,2) (16,3) (16,4) (16,5) (16,6) (16,7) (16,8) (16,9) (16,10) (16,11) (16,12) (16,13) (16,14) (16,15) (16,16) (16,17) (16,18)
  [17,11]   table  MM[17,11] (2D)       seats (0,0) (0,1) (0,2) (0,3) (0,4) (0,5) (0,6) (0,7) (0,8) (0,9) (0,10) (1,0) (1,1) (1,2) (1,3) (1,4) (1,5) (1,6) (1,7) (1,8) (1,9) (1,10) (2,0) (2,1) (2,2) (2,3) (2,4) (2,5) (2,6) (2,7) (2,8) (2,9) (2,10) (3,0) (3,1) (3,2) (3,3) (3,4) (3,5) (3,6) (3,7) (3,8) (3,9) (3,10) (4,0) (4,1) (4,2) (4,3) (4,4) (4,5) (4,6) (4,7) (4,8) (4,9) (4,10) (5,0) (5,1) (5,2) (5,3) (5,4) (5,5) (5,6) (5,7) (5,8) (5,9) (5,10) (6,0) (6,1) (6,2) (6,3) (6,4) (6,5) (6,6) (6,7) (6,8) (6,9) (6,10) (7,0) (7,1) (7,2) (7,3) (7,4) (7,5) (7,6) (7,7) (7,8) (7,9) (7,10) (8,0) (8,1) (8,2) (8,3) (8,4) (8,5) (8,6) (8,7) (8,8) (8,9) (8,10) (9,0) (9,1) (9,2) (9,3) (9,4) (9,5) (9,6) (9,7) (9,8) (9,9) (9,10) (10,0) (10,1) (10,2) (10,3) (10,4) (10,5) (10,6) (10,7) (10,8) (10,9) (10,10) (11,0) (11,1) (11,2) (11,3) (11,4) (11,5) (11,6) (11,7) (11,8) (11,9) (11,10) (12,0) (12,1) (12,2) (12,3) (12,4) (12,5) (12,6) (12,7) (12,8) (12,9) (12,10) (13,0) (13,1) (13,2) (13,3) (13,4) (13,5) (13,6) (13,7) (13,8) (13,9) (13,10) (14,0) (14,1) (14,2) (14,3) (14,4) (14,5) (14,6) (14,7) (14,8) (14,9) (14,10) (15,0) (15,1) (15,2) (15,3) (15,4) (15,5) (15,6) (15,7) (15,8) (15,9) (15,10) (16,0) (16,1) (16,2) (16,3) (16,4) (16,5) (16,6) (16,7) (16,8) (16,9) (16,10)
  [17,17]   table  MM[17,17] (2D)       seats (0,0) (0,1) (0,2) (0,3) (0,4) (0,5) (0,6) (0,7) (0,8) (0,9) (0,10) (0,11) (0,12) (0,13) (0,14) (0,15) (0,16) (1,0) (1,1) (1,2) (1,3) (1,4) (1,5) (1,6) (1,7) (1,8) (1,9) (1,10) (1,11) (1,12) (1,13) (1,14) (1,15) (1,16) (2,0) (2,1) (2,2) (2,3) (2,4) (2,5) (2,6) (2,7) (2,8) (2,9) (2,10) (2,11) (2,12) (2,13) (2,14) (2,15) (2,16) (3,0) (3,1) (3,2) (3,3) (3,4) (3,5) (3,6) (3,7) (3,8) (3,9) (3,10) (3,11) (3,12) (3,13) (3,14) (3,15) (3,16) (4,0) (4,1) (4,2) (4,3) (4,4) (4,5) (4,6) (4,7) (4,8) (4,9) (4,10) (4,11) (4,12) (4,13) (4,14) (4,15) (4,16) (5,0) (5,1) (5,2) (5,3) (5,4) (5,5) (5,6) (5,7) (5,8) (5,9) (5,10) (5,11) (5,12) (5,13) (5,14) (5,15) (5,16) (6,0) (6,1) (6,2) (6,3) (6,4) (6,5) (6,6) (6,7) (6,8) (6,9) (6,10) (6,11) (6,12) (6,13) (6,14) (6,15) (6,16) (7,0) (7,1) (7,2) (7,3) (7,4) (7,5) (7,6) (7,7) (7,8) (7,9) (7,10) (7,11) (7,12) (7,13) (7,14) (7,15) (7,16) (8,0) (8,1) (8,2) (8,3) (8,4) (8,5) (8,6) (8,7) (8,8) (8,9) (8,10) (8,11) (8,12) (8,13) (8,14) (8,15) (8,16) (9,0) (9,1) (9,2) (9,3) (9,4) (9,5) (9,6) (9,7) (9,8) (9,9) (9,10) (9,11) (9,12) (9,13) (9,14) (9,15) (9,16) (10,0) (10,1) (10,2) (10,3) (10,4) (10,5) (10,6) (10,7) (10,8) (10,9) (10,10) (10,11) (10,12) (10,13) (10,14) (10,15) (10,16) (11,0) (11,1) (11,2) (11,3) (11,4) (11,5) (11,6) (11,7) (11,8) (11,9) (11,10) (11,11) (11,12) (11,13) (11,14) (11,15) (11,16) (12,0) (12,1) (12,2) (12,3) (12,4) (12,5) (12,6) (12,7) (12,8) (12,9) (12,10) (12,11) (12,12) (12,13) (12,14) (12,15) (12,16) (13,0) (13,1) (13,2) (13,3) (13,4) (13,5) (13,6) (13,7) (13,8) (13,9) (13,10) (13,11) (13,12) (13,13) (13,14) (13,15) (13,16) (14,0) (14,1) (14,2) (14,3) (14,4) (14,5) (14,6) (14,7) (14,8) (14,9) (14,10) (14,11) (14,12) (14,13) (14,14) (14,15) (14,16) (15,0) (15,1) (15,2) (15,3) (15,4) (15,5) (15,6) (15,7) (15,8) (15,9) (15,10) (15,11) (15,12) (15,13) (15,14) (15,15) (15,16) (16,0) (16,1) (16,2) (16,3) (16,4) (16,5) (16,6) (16,7) (16,8) (16,9) (16,10) (16,11) (16,12) (16,13) (16,14) (16,15) (16,16)
  2₀        held   MM[2] (1D)           seats (0,0) (1,0)
  2₁        held   MM[2] (1D)           seats (0,0) (0,1)
  3₀        held   MM[3] (1D)           seats (0,0) (1,0) (2,0)
  3₁        held   MM[3] (1D)           seats (0,0) (0,1) (0,2)
  5₀        held   MM[5] (1D)           seats (0,0) (1,0) (2,0) (3,0) (4,0)
  5₁        held   MM[5] (1D)           seats (0,0) (0,1) (0,2) (0,3) (0,4)
  7₀        held   MM[7] (1D)           seats (0,0) (1,0) (2,0) (3,0) (4,0) (5,0) (6,0)
  7₁        held   MM[7] (1D)           seats (0,0) (0,1) (0,2) (0,3) (0,4) (0,5) (0,6)
  13₀       held   MM[13] (1D)          seats (0,0) (1,0) (2,0) (3,0) (4,0) (5,0) (6,0) (7,0) (8,0) (9,0) (10,0) (11,0) (12,0)
  13₁       held   MM[13] (1D)          seats (0,0) (0,1) (0,2) (0,3) (0,4) (0,5) (0,6) (0,7) (0,8) (0,9) (0,10) (0,11) (0,12)
  19₀       held   MM[19] (1D)          seats (0,0) (1,0) (2,0) (3,0) (4,0) (5,0) (6,0) (7,0) (8,0) (9,0) (10,0) (11,0) (12,0) (13,0) (14,0) (15,0) (16,0) (17,0) (18,0)
  19₁       held   MM[19] (1D)          seats (0,0) (0,1) (0,2) (0,3) (0,4) (0,5) (0,6) (0,7) (0,8) (0,9) (0,10) (0,11) (0,12) (0,13) (0,14) (0,15) (0,16) (0,17) (0,18)
  11₀       held   MM[11] (1D)          seats (0,0) (1,0) (2,0) (3,0) (4,0) (5,0) (6,0) (7,0) (8,0) (9,0) (10,0)
  11₁       held   MM[11] (1D)          seats (0,0) (0,1) (0,2) (0,3) (0,4) (0,5) (0,6) (0,7) (0,8) (0,9) (0,10)
  17₀       held   MM[17] (1D)          seats (0,0) (1,0) (2,0) (3,0) (4,0) (5,0) (6,0) (7,0) (8,0) (9,0) (10,0) (11,0) (12,0) (13,0) (14,0) (15,0) (16,0)
  17₁       held   MM[17] (1D)          seats (0,0) (0,1) (0,2) (0,3) (0,4) (0,5) (0,6) (0,7) (0,8) (0,9) (0,10) (0,11) (0,12) (0,13) (0,14) (0,15) (0,16)
  1         floor  MM[] (floor)         seats (0,0)
arrivals (new rings):
  O76  MM[O76] (1D) seats (0,0) (0,1) (0,2) (0,3) (0,4) (0,5) (0,6) (0,7) (0,8) (0,9) (0,10) (0,11) (0,12) (1,0) (1,1) (1,2) (1,3) (1,4) (1,5) (1,6) (1,7) (1,8) (1,9) (1,10) (1,11) (1,12) (2,0) (2,1) (3,0) (3,1) (4,0) (4,1) (5,0) (5,1) (6,0) (6,1) (7,0) (7,1) (8,0) (8,1) (9,0) (9,1) (10,0) (10,1) (11,0) (11,1) (12,0) (12,1) (13,0) (13,1) (14,0) (14,1) (15,0) (15,1) (16,0) (16,1) (17,0) (17,1) (18,0) (18,1)   also met at 1 more region(s)
  O77  MM[O77] (1D) seats (0,0) (0,1) (0,2) (0,3) (0,4) (0,5) (0,6) (0,7) (0,8) (0,9) (0,10) (0,11) (0,12) (1,0) (1,1) (1,2) (1,3) (1,4) (1,5) (1,6) (1,7) (1,8) (1,9) (1,10) (1,11) (1,12) (2,0) (2,1) (2,2) (2,3) (2,4) (2,5) (2,6) (2,7) (2,8) (2,9) (2,10) (3,0) (3,1) (3,2) (3,3) (3,4) (3,5) (3,6) (3,7) (3,8) (3,9) (3,10) (4,0) (4,1) (4,2) (4,3) (4,4) (4,5) (4,6) (4,7) (4,8) (4,9) (4,10) (5,0) (5,1) (5,2) (5,3) (5,4) (5,5) (5,6) (5,7) (5,8) (5,9) (5,10) (6,0) (6,1) (6,2) (6,3) (6,4) (6,5) (6,6) (6,7) (6,8) (6,9) (6,10) (7,0) (7,1) (7,2) (7,3) (7,4) (7,5) (7,6) (7,7) (7,8) (7,9) (7,10) (8,0) (8,1) (8,2) (8,3) (8,4) (8,5) (8,6) (8,7) (8,8) (8,9) (8,10) (9,0) (9,1) (9,2) (9,3) (9,4) (9,5) (9,6) (9,7) (9,8) (9,9) (9,10) (10,0) (10,1) (10,2) (10,3) (10,4) (10,5) (10,6) (10,7) (10,8) (10,9) (10,10) (11,0) (11,1) (11,2) (11,3) (11,4) (11,5) (11,6) (11,7) (11,8) (11,9) (11,10) (12,0) (12,1) (12,2) (12,3) (12,4) (12,5) (12,6) (12,7) (12,8) (12,9) (12,10) (13,0) (13,1) (13,2) (13,3) (13,4) (13,5) (13,6) (13,7) (13,8) (13,9) (13,10) (14,0) (14,1) (14,2) (14,3) (14,4) (14,5) (14,6) (14,7) (14,8) (14,9) (14,10) (15,0) (15,1) (15,2) (15,3) (15,4) (15,5) (15,6) (15,7) (15,8) (15,9) (15,10) (16,0) (16,1) (16,2) (16,3) (16,4) (16,5) (16,6) (16,7) (16,8) (16,9) (16,10) (17,0) (17,1) (17,2) (17,3) (17,4) (17,5) (17,6) (17,7) (17,8) (17,9) (17,10) (18,0) (18,1) (18,2) (18,3) (18,4) (18,5) (18,6) (18,7) (18,8) (18,9) (18,10)   also met at 3 more region(s)
  O78  MM[O78] (1D) seats (0,0) (0,1) (0,2) (0,3) (0,4) (0,5) (0,6) (0,7) (0,8) (0,9) (0,10) (0,11) (0,12) (1,0) (1,1) (1,2) (1,3) (1,4) (1,5) (1,6) (1,7) (1,8) (1,9) (1,10) (1,11) (1,12) (2,0) (2,1) (3,0) (3,1) (4,0) (4,1) (5,0) (5,1) (6,0) (6,1) (7,0) (7,1) (8,0) (8,1) (9,0) (9,1) (10,0) (10,1) (11,0) (11,1) (12,0) (12,1) (13,0) (13,1) (14,0) (14,1) (15,0) (15,1) (16,0) (16,1)   also met at 3 more region(s)
  O79  MM[O79] (1D) seats (0,0) (0,1) (0,2) (0,3) (0,4) (0,5) (0,6) (0,7) (0,8) (0,9) (0,10) (0,11) (0,12) (1,0) (1,1) (1,2) (1,3) (1,4) (1,5) (1,6) (1,7) (1,8) (1,9) (1,10) (1,11) (1,12) (2,0) (2,1) (2,2) (2,3) (2,4) (3,0) (3,1) (3,2) (3,3) (3,4) (4,0) (4,1) (4,2) (4,3) (4,4) (5,0) (5,1) (5,2) (5,3) (5,4) (6,0) (6,1) (6,2) (6,3) (6,4) (7,0) (7,1) (7,2) (7,3) (7,4) (8,0) (8,1) (8,2) (8,3) (8,4) (9,0) (9,1) (9,2) (9,3) (9,4) (10,0) (10,1) (10,2) (10,3) (10,4) (11,0) (11,1) (11,2) (11,3) (11,4) (12,0) (12,1) (12,2) (12,3) (12,4) (13,0) (13,1) (13,2) (13,3) (13,4) (14,0) (14,1) (14,2) (14,3) (14,4) (15,0) (15,1) (15,2) (15,3) (15,4) (16,0) (16,1) (16,2) (16,3) (16,4)   also met at 13 more region(s)
  O80  MM[O80] (1D) seats (0,0) (0,1) (0,2) (0,3) (0,4) (0,5) (0,6) (0,7) (0,8) (0,9) (0,10) (0,11) (0,12) (1,0) (1,1) (1,2) (1,3) (1,4) (1,5) (1,6) (1,7) (1,8) (1,9) (1,10) (1,11) (1,12) (2,0) (2,1) (2,2) (2,3) (2,4) (2,5) (2,6) (2,7) (2,8) (2,9) (2,10) (3,0) (3,1) (3,2) (3,3) (3,4) (3,5) (3,6) (3,7) (3,8) (3,9) (3,10) (4,0) (4,1) (4,2) (4,3) (4,4) (4,5) (4,6) (4,7) (4,8) (4,9) (4,10) (5,0) (5,1) (5,2) (5,3) (5,4) (5,5) (5,6) (5,7) (5,8) (5,9) (5,10) (6,0) (6,1) (6,2) (6,3) (6,4) (6,5) (6,6) (6,7) (6,8) (6,9) (6,10) (7,0) (7,1) (7,2) (7,3) (7,4) (7,5) (7,6) (7,7) (7,8) (7,9) (7,10) (8,0) (8,1) (8,2) (8,3) (8,4) (8,5) (8,6) (8,7) (8,8) (8,9) (8,10) (9,0) (9,1) (9,2) (9,3) (9,4) (9,5) (9,6) (9,7) (9,8) (9,9) (9,10) (10,0) (10,1) (10,2) (10,3) (10,4) (10,5) (10,6) (10,7) (10,8) (10,9) (10,10) (11,0) (11,1) (11,2) (11,3) (11,4) (11,5) (11,6) (11,7) (11,8) (11,9) (11,10) (12,0) (12,1) (12,2) (12,3) (12,4) (12,5) (12,6) (12,7) (12,8) (12,9) (12,10) (13,0) (13,1) (13,2) (13,3) (13,4) (13,5) (13,6) (13,7) (13,8) (13,9) (13,10) (14,0) (14,1) (14,2) (14,3) (14,4) (14,5) (14,6) (14,7) (14,8) (14,9) (14,10) (15,0) (15,1) (15,2) (15,3) (15,4) (15,5) (15,6) (15,7) (15,8) (15,9) (15,10) (16,0) (16,1) (16,2) (16,3) (16,4) (16,5) (16,6) (16,7) (16,8) (16,9) (16,10)   also met at 3 more region(s)
  O81  MM[O81] (1D) seats (0,0) (0,1) (0,2) (0,3) (0,4) (0,5) (0,6) (0,7) (0,8) (0,9) (0,10) (0,11) (0,12) (1,0) (1,1) (1,2) (1,3) (1,4) (1,5) (1,6) (1,7) (1,8) (1,9) (1,10) (1,11) (1,12) (0,13) (0,14) (0,15) (0,16)   also met at 3 more region(s)
  O82  MM[O82] (1D) seats (0,0) (0,1) (0,2) (0,3) (0,4) (0,5) (0,6) (0,7) (0,8) (0,9) (0,10) (0,11) (0,12) (0,13) (0,14) (0,15) (0,16) (0,17) (0,18) (1,0) (1,1) (1,2) (1,3) (1,4) (1,5) (1,6) (1,7) (1,8) (1,9) (1,10) (1,11) (1,12) (1,13) (1,14) (1,15) (1,16) (1,17) (1,18) (2,0) (2,1) (2,2) (2,3) (2,4) (2,5) (2,6) (2,7) (2,8) (2,9) (2,10) (3,0) (3,1) (3,2) (3,3) (3,4) (3,5) (3,6) (3,7) (3,8) (3,9) (3,10) (4,0) (4,1) (4,2) (4,3) (4,4) (4,5) (4,6) (4,7) (4,8) (4,9) (4,10) (5,0) (5,1) (5,2) (5,3) (5,4) (5,5) (5,6) (5,7) (5,8) (5,9) (5,10) (6,0) (6,1) (6,2) (6,3) (6,4) (6,5) (6,6) (6,7) (6,8) (6,9) (6,10)   also met at 6 more region(s)
  O83  MM[O83] (1D) seats (0,0) (0,1) (0,2) (0,3) (0,4) (0,5) (0,6) (0,7) (0,8) (0,9) (0,10) (0,11) (0,12) (0,13) (0,14) (0,15) (0,16) (0,17) (0,18) (1,0) (1,1) (1,2) (1,3) (1,4) (1,5) (1,6) (1,7) (1,8) (1,9) (1,10) (1,11) (1,12) (1,13) (1,14) (1,15) (1,16) (1,17) (1,18) (2,0) (2,1) (2,2) (2,3) (2,4) (2,5) (2,6) (3,0) (3,1) (3,2) (3,3) (3,4) (3,5) (3,6) (4,0) (4,1) (4,2) (4,3) (4,4) (4,5) (4,6) (5,0) (5,1) (5,2) (5,3) (5,4) (5,5) (5,6) (6,0) (6,1) (6,2) (6,3) (6,4) (6,5) (6,6) (7,0) (7,1) (7,2) (7,3) (7,4) (7,5) (7,6) (8,0) (8,1) (8,2) (8,3) (8,4) (8,5) (8,6) (9,0) (9,1) (9,2) (9,3) (9,4) (9,5) (9,6) (10,0) (10,1) (10,2) (10,3) (10,4) (10,5) (10,6) (11,0) (11,1) (11,2) (11,3) (11,4) (11,5) (11,6) (12,0) (12,1) (12,2) (12,3) (12,4) (12,5) (12,6)   also met at 3 more region(s)
  O84  MM[O84] (1D) seats (0,0) (0,1) (0,2) (0,3) (0,4) (0,5) (0,6) (0,7) (0,8) (0,9) (0,10) (0,11) (0,12) (0,13) (0,14) (0,15) (0,16) (0,17) (0,18) (1,0) (1,1) (1,2) (1,3) (1,4) (1,5) (1,6) (1,7) (1,8) (1,9) (1,10) (1,11) (1,12) (1,13) (1,14) (1,15) (1,16) (1,17) (1,18) (2,0) (2,1) (2,2) (2,3) (2,4) (2,5) (2,6) (2,7) (2,8) (2,9) (2,10) (2,11) (2,12) (3,0) (3,1) (3,2) (3,3) (3,4) (3,5) (3,6) (3,7) (3,8) (3,9) (3,10) (3,11) (3,12) (4,0) (4,1) (4,2) (4,3) (4,4) (4,5) (4,6) (4,7) (4,8) (4,9) (4,10) (4,11) (4,12) (5,0) (5,1) (5,2) (5,3) (5,4) (5,5) (5,6) (5,7) (5,8) (5,9) (5,10) (5,11) (5,12) (6,0) (6,1) (6,2) (6,3) (6,4) (6,5) (6,6) (6,7) (6,8) (6,9) (6,10) (6,11) (6,12) (7,0) (7,1) (7,2) (7,3) (7,4) (7,5) (7,6) (7,7) (7,8) (7,9) (7,10) (7,11) (7,12) (8,0) (8,1) (8,2) (8,3) (8,4) (8,5) (8,6) (8,7) (8,8) (8,9) (8,10) (8,11) (8,12) (9,0) (9,1) (9,2) (9,3) (9,4) (9,5) (9,6) (9,7) (9,8) (9,9) (9,10) (9,11) (9,12) (10,0) (10,1) (10,2) (10,3) (10,4) (10,5) (10,6) (10,7) (10,8) (10,9) (10,10) (10,11) (10,12) (11,0) (11,1) (11,2) (11,3) (11,4) (11,5) (11,6) (11,7) (11,8) (11,9) (11,10) (11,11) (11,12) (12,0) (12,1) (12,2) (12,3) (12,4) (12,5) (12,6) (12,7) (12,8) (12,9) (12,10) (12,11) (12,12)   also met at 3 more region(s)
  O85  MM[O85] (1D) seats (0,0) (0,1) (0,2) (0,3) (0,4) (0,5) (0,6) (0,7) (0,8) (0,9) (0,10) (0,11) (0,12) (0,13) (0,14) (0,15) (0,16) (0,17) (0,18) (1,0) (1,1) (1,2) (1,3) (1,4) (1,5) (1,6) (1,7) (1,8) (1,9) (1,10) (1,11) (1,12) (1,13) (1,14) (1,15) (1,16) (1,17) (1,18) (2,0) (2,1) (2,2) (2,3) (2,4) (2,5) (2,6) (2,7) (2,8) (2,9) (2,10) (3,0) (3,1) (3,2) (3,3) (3,4) (3,5) (3,6) (3,7) (3,8) (3,9) (3,10) (4,0) (4,1) (4,2) (4,3) (4,4) (4,5) (4,6) (4,7) (4,8) (4,9) (4,10) (5,0) (5,1) (5,2) (5,3) (5,4) (5,5) (5,6) (5,7) (5,8) (5,9) (5,10) (6,0) (6,1) (6,2) (6,3) (6,4) (6,5) (6,6) (6,7) (6,8) (6,9) (6,10) (7,0) (7,1) (7,2) (7,3) (7,4) (7,5) (7,6) (7,7) (7,8) (7,9) (7,10) (8,0) (8,1) (8,2) (8,3) (8,4) (8,5) (8,6) (8,7) (8,8) (8,9) (8,10) (9,0) (9,1) (9,2) (9,3) (9,4) (9,5) (9,6) (9,7) (9,8) (9,9) (9,10) (10,0) (10,1) (10,2) (10,3) (10,4) (10,5) (10,6) (10,7) (10,8) (10,9) (10,10) (11,0) (11,1) (11,2) (11,3) (11,4) (11,5) (11,6) (11,7) (11,8) (11,9) (11,10) (12,0) (12,1) (12,2) (12,3) (12,4) (12,5) (12,6) (12,7) (12,8) (12,9) (12,10)   also met at 1 more region(s)
  O86  MM[O86] (1D) seats (0,0) (0,1) (0,2) (0,3) (0,4) (0,5) (0,6) (0,7) (0,8) (0,9) (0,10) (0,11) (0,12) (0,13) (0,14) (0,15) (0,16) (0,17) (0,18) (1,0) (1,1) (1,2) (1,3) (1,4) (1,5) (1,6) (1,7) (1,8) (1,9) (1,10) (1,11) (1,12) (1,13) (1,14) (1,15) (1,16) (1,17) (1,18) (2,0) (2,1) (2,2) (2,3) (2,4) (2,5) (2,6) (2,7) (2,8) (2,9) (2,10) (2,11) (2,12) (2,13) (2,14) (2,15) (2,16) (3,0) (3,1) (3,2) (3,3) (3,4) (3,5) (3,6) (3,7) (3,8) (3,9) (3,10) (3,11) (3,12) (3,13) (3,14) (3,15) (3,16) (4,0) (4,1) (4,2) (4,3) (4,4) (4,5) (4,6) (4,7) (4,8) (4,9) (4,10) (4,11) (4,12) (4,13) (4,14) (4,15) (4,16) (5,0) (5,1) (5,2) (5,3) (5,4) (5,5) (5,6) (5,7) (5,8) (5,9) (5,10) (5,11) (5,12) (5,13) (5,14) (5,15) (5,16) (6,0) (6,1) (6,2) (6,3) (6,4) (6,5) (6,6) (6,7) (6,8) (6,9) (6,10) (6,11) (6,12) (6,13) (6,14) (6,15) (6,16) (7,0) (7,1) (7,2) (7,3) (7,4) (7,5) (7,6) (7,7) (7,8) (7,9) (7,10) (7,11) (7,12) (7,13) (7,14) (7,15) (7,16) (8,0) (8,1) (8,2) (8,3) (8,4) (8,5) (8,6) (8,7) (8,8) (8,9) (8,10) (8,11) (8,12) (8,13) (8,14) (8,15) (8,16) (9,0) (9,1) (9,2) (9,3) (9,4) (9,5) (9,6) (9,7) (9,8) (9,9) (9,10) (9,11) (9,12) (9,13) (9,14) (9,15) (9,16) (10,0) (10,1) (10,2) (10,3) (10,4) (10,5) (10,6) (10,7) (10,8) (10,9) (10,10) (10,11) (10,12) (10,13) (10,14) (10,15) (10,16) (11,0) (11,1) (11,2) (11,3) (11,4) (11,5) (11,6) (11,7) (11,8) (11,9) (11,10) (11,11) (11,12) (11,13) (11,14) (11,15) (11,16) (12,0) (12,1) (12,2) (12,3) (12,4) (12,5) (12,6) (12,7) (12,8) (12,9) (12,10) (12,11) (12,12) (12,13) (12,14) (12,15) (12,16)   also met at 5 more region(s)
  O87  MM[O87] (1D) seats (0,0) (0,1) (0,2) (0,3) (0,4) (0,5) (0,6) (0,7) (0,8) (0,9) (0,10) (0,11) (0,12) (0,13) (0,14) (0,15) (0,16) (0,17) (0,18) (1,0) (1,1) (1,2) (1,3) (1,4) (1,5) (1,6) (1,7) (1,8) (1,9) (1,10) (1,11) (1,12) (1,13) (1,14) (1,15) (1,16) (1,17) (1,18) (2,0) (2,1) (3,0) (3,1) (4,0) (4,1) (5,0) (5,1) (6,0) (6,1) (7,0) (7,1) (8,0) (8,1) (9,0) (9,1) (10,0) (10,1) (11,0) (11,1) (12,0) (12,1) (13,0) (13,1) (14,0) (14,1) (15,0) (15,1) (16,0) (16,1) (17,0) (17,1) (18,0) (18,1)
  O88  MM[O88] (1D) seats (0,0) (0,1) (0,2) (0,3) (0,4) (0,5) (0,6) (0,7) (0,8) (0,9) (0,10) (0,11) (0,12) (0,13) (0,14) (0,15) (0,16) (0,17) (0,18) (1,0) (1,1) (1,2) (1,3) (1,4) (1,5) (1,6) (1,7) (1,8) (1,9) (1,10) (1,11) (1,12) (1,13) (1,14) (1,15) (1,16) (1,17) (1,18) (2,0) (2,1) (2,2) (2,3) (2,4) (2,5) (2,6) (2,7) (2,8) (2,9) (2,10) (2,11) (2,12) (3,0) (3,1) (3,2) (3,3) (3,4) (3,5) (3,6) (3,7) (3,8) (3,9) (3,10) (3,11) (3,12) (4,0) (4,1) (4,2) (4,3) (4,4) (4,5) (4,6) (4,7) (4,8) (4,9) (4,10) (4,11) (4,12) (5,0) (5,1) (5,2) (5,3) (5,4) (5,5) (5,6) (5,7) (5,8) (5,9) (5,10) (5,11) (5,12) (6,0) (6,1) (6,2) (6,3) (6,4) (6,5) (6,6) (6,7) (6,8) (6,9) (6,10) (6,11) (6,12) (7,0) (7,1) (7,2) (7,3) (7,4) (7,5) (7,6) (7,7) (7,8) (7,9) (7,10) (7,11) (7,12) (8,0) (8,1) (8,2) (8,3) (8,4) (8,5) (8,6) (8,7) (8,8) (8,9) (8,10) (8,11) (8,12) (9,0) (9,1) (9,2) (9,3) (9,4) (9,5) (9,6) (9,7) (9,8) (9,9) (9,10) (9,11) (9,12) (10,0) (10,1) (10,2) (10,3) (10,4) (10,5) (10,6) (10,7) (10,8) (10,9) (10,10) (10,11) (10,12) (11,0) (11,1) (11,2) (11,3) (11,4) (11,5) (11,6) (11,7) (11,8) (11,9) (11,10) (11,11) (11,12) (12,0) (12,1) (12,2) (12,3) (12,4) (12,5) (12,6) (12,7) (12,8) (12,9) (12,10) (12,11) (12,12) (13,0) (13,1) (13,2) (13,3) (13,4) (13,5) (13,6) (13,7) (13,8) (13,9) (13,10) (13,11) (13,12) (14,0) (14,1) (14,2) (14,3) (14,4) (14,5) (14,6) (14,7) (14,8) (14,9) (14,10) (14,11) (14,12) (15,0) (15,1) (15,2) (15,3) (15,4) (15,5) (15,6) (15,7) (15,8) (15,9) (15,10) (15,11) (15,12) (16,0) (16,1) (16,2) (16,3) (16,4) (16,5) (16,6) (16,7) (16,8) (16,9) (16,10) (16,11) (16,12) (17,0) (17,1) (17,2) (17,3) (17,4) (17,5) (17,6) (17,7) (17,8) (17,9) (17,10) (17,11) (17,12) (18,0) (18,1) (18,2) (18,3) (18,4) (18,5) (18,6) (18,7) (18,8) (18,9) (18,10) (18,11) (18,12)   also met at 3 more region(s)
  O89  MM[O89] (1D) seats (0,0) (0,1) (0,2) (0,3) (0,4) (0,5) (0,6) (0,7) (0,8) (0,9) (0,10) (0,11) (0,12) (0,13) (0,14) (0,15) (0,16) (0,17) (0,18) (1,0) (1,1) (1,2) (1,3) (1,4) (1,5) (1,6) (1,7) (1,8) (1,9) (1,10) (1,11) (1,12) (1,13) (1,14) (1,15) (1,16) (1,17) (1,18) (2,0) (2,1) (2,2) (2,3) (2,4) (2,5) (2,6) (2,7) (2,8) (2,9) (2,10) (2,11) (2,12) (2,13) (2,14) (2,15) (2,16) (3,0) (3,1) (3,2) (3,3) (3,4) (3,5) (3,6) (3,7) (3,8) (3,9) (3,10) (3,11) (3,12) (3,13) (3,14) (3,15) (3,16) (4,0) (4,1) (4,2) (4,3) (4,4) (4,5) (4,6) (4,7) (4,8) (4,9) (4,10) (4,11) (4,12) (4,13) (4,14) (4,15) (4,16) (5,0) (5,1) (5,2) (5,3) (5,4) (5,5) (5,6) (5,7) (5,8) (5,9) (5,10) (5,11) (5,12) (5,13) (5,14) (5,15) (5,16) (6,0) (6,1) (6,2) (6,3) (6,4) (6,5) (6,6) (6,7) (6,8) (6,9) (6,10) (6,11) (6,12) (6,13) (6,14) (6,15) (6,16) (7,0) (7,1) (7,2) (7,3) (7,4) (7,5) (7,6) (7,7) (7,8) (7,9) (7,10) (7,11) (7,12) (7,13) (7,14) (7,15) (7,16) (8,0) (8,1) (8,2) (8,3) (8,4) (8,5) (8,6) (8,7) (8,8) (8,9) (8,10) (8,11) (8,12) (8,13) (8,14) (8,15) (8,16) (9,0) (9,1) (9,2) (9,3) (9,4) (9,5) (9,6) (9,7) (9,8) (9,9) (9,10) (9,11) (9,12) (9,13) (9,14) (9,15) (9,16) (10,0) (10,1) (10,2) (10,3) (10,4) (10,5) (10,6) (10,7) (10,8) (10,9) (10,10) (10,11) (10,12) (10,13) (10,14) (10,15) (10,16) (11,0) (11,1) (11,2) (11,3) (11,4) (11,5) (11,6) (11,7) (11,8) (11,9) (11,10) (11,11) (11,12) (11,13) (11,14) (11,15) (11,16) (12,0) (12,1) (12,2) (12,3) (12,4) (12,5) (12,6) (12,7) (12,8) (12,9) (12,10) (12,11) (12,12) (12,13) (12,14) (12,15) (12,16) (13,0) (13,1) (13,2) (13,3) (13,4) (13,5) (13,6) (13,7) (13,8) (13,9) (13,10) (13,11) (13,12) (13,13) (13,14) (13,15) (13,16) (14,0) (14,1) (14,2) (14,3) (14,4) (14,5) (14,6) (14,7) (14,8) (14,9) (14,10) (14,11) (14,12) (14,13) (14,14) (14,15) (14,16) (15,0) (15,1) (15,2) (15,3) (15,4) (15,5) (15,6) (15,7) (15,8) (15,9) (15,10) (15,11) (15,12) (15,13) (15,14) (15,15) (15,16) (16,0) (16,1) (16,2) (16,3) (16,4) (16,5) (16,6) (16,7) (16,8) (16,9) (16,10) (16,11) (16,12) (16,13) (16,14) (16,15) (16,16) (17,0) (17,1) (17,2) (17,3) (17,4) (17,5) (17,6) (17,7) (17,8) (17,9) (17,10) (17,11) (17,12) (17,13) (17,14) (17,15) (17,16) (18,0) (18,1) (18,2) (18,3) (18,4) (18,5) (18,6) (18,7) (18,8) (18,9) (18,10) (18,11) (18,12) (18,13) (18,14) (18,15) (18,16)   also met at 1 more region(s)
  O90  MM[O90] (1D) seats (0,0) (0,1) (0,2) (0,3) (0,4) (0,5) (0,6) (0,7) (0,8) (0,9) (0,10) (0,11) (0,12) (0,13) (0,14) (0,15) (0,16) (0,17) (0,18) (1,0) (1,1) (1,2) (1,3) (1,4) (1,5) (1,6) (1,7) (1,8) (1,9) (1,10) (1,11) (1,12) (1,13) (1,14) (1,15) (1,16) (1,17) (1,18) (2,0) (2,1) (2,2) (2,3) (2,4) (2,5) (2,6) (2,7) (2,8) (2,9) (2,10) (2,11) (2,12) (3,0) (3,1) (3,2) (3,3) (3,4) (3,5) (3,6) (3,7) (3,8) (3,9) (3,10) (3,11) (3,12) (4,0) (4,1) (4,2) (4,3) (4,4) (4,5) (4,6) (4,7) (4,8) (4,9) (4,10) (4,11) (4,12) (5,0) (5,1) (5,2) (5,3) (5,4) (5,5) (5,6) (5,7) (5,8) (5,9) (5,10) (5,11) (5,12) (6,0) (6,1) (6,2) (6,3) (6,4) (6,5) (6,6) (6,7) (6,8) (6,9) (6,10) (6,11) (6,12) (7,0) (7,1) (7,2) (7,3) (7,4) (7,5) (7,6) (7,7) (7,8) (7,9) (7,10) (7,11) (7,12) (8,0) (8,1) (8,2) (8,3) (8,4) (8,5) (8,6) (8,7) (8,8) (8,9) (8,10) (8,11) (8,12) (9,0) (9,1) (9,2) (9,3) (9,4) (9,5) (9,6) (9,7) (9,8) (9,9) (9,10) (9,11) (9,12) (10,0) (10,1) (10,2) (10,3) (10,4) (10,5) (10,6) (10,7) (10,8) (10,9) (10,10) (10,11) (10,12)   also met at 9 more region(s)
  O91  MM[O91] (1D) seats (0,0) (0,1) (0,2) (0,3) (0,4) (0,5) (0,6) (0,7) (0,8) (0,9) (0,10) (0,11) (0,12) (0,13) (0,14) (0,15) (0,16) (0,17) (0,18) (1,0) (1,1) (1,2) (1,3) (1,4) (1,5) (1,6) (1,7) (1,8) (1,9) (1,10) (1,11) (1,12) (1,13) (1,14) (1,15) (1,16) (1,17) (1,18) (2,0) (2,1) (2,2) (2,3) (2,4) (2,5) (2,6) (2,7) (2,8) (2,9) (2,10) (3,0) (3,1) (3,2) (3,3) (3,4) (3,5) (3,6) (3,7) (3,8) (3,9) (3,10) (4,0) (4,1) (4,2) (4,3) (4,4) (4,5) (4,6) (4,7) (4,8) (4,9) (4,10) (5,0) (5,1) (5,2) (5,3) (5,4) (5,5) (5,6) (5,7) (5,8) (5,9) (5,10) (6,0) (6,1) (6,2) (6,3) (6,4) (6,5) (6,6) (6,7) (6,8) (6,9) (6,10) (7,0) (7,1) (7,2) (7,3) (7,4) (7,5) (7,6) (7,7) (7,8) (7,9) (7,10) (8,0) (8,1) (8,2) (8,3) (8,4) (8,5) (8,6) (8,7) (8,8) (8,9) (8,10) (9,0) (9,1) (9,2) (9,3) (9,4) (9,5) (9,6) (9,7) (9,8) (9,9) (9,10) (10,0) (10,1) (10,2) (10,3) (10,4) (10,5) (10,6) (10,7) (10,8) (10,9) (10,10)   also met at 9 more region(s)
  O92  MM[O92] (1D) seats (0,0) (0,1) (0,2) (0,3) (0,4) (0,5) (0,6) (0,7) (0,8) (0,9) (0,10) (0,11) (0,12) (0,13) (0,14) (0,15) (0,16) (0,17) (0,18) (1,0) (1,1) (1,2) (1,3) (1,4) (1,5) (1,6) (1,7) (1,8) (1,9) (1,10) (1,11) (1,12) (1,13) (1,14) (1,15) (1,16) (1,17) (1,18) (2,0) (2,1) (3,0) (3,1) (4,0) (4,1) (5,0) (5,1) (6,0) (6,1) (7,0) (7,1) (8,0) (8,1) (9,0) (9,1) (10,0) (10,1) (11,0) (11,1) (12,0) (12,1) (13,0) (13,1) (14,0) (14,1) (15,0) (15,1) (16,0) (16,1)   also met at 1 more region(s)
  O93  MM[O93] (1D) seats (0,0) (0,1) (0,2) (0,3) (0,4) (0,5) (0,6) (0,7) (0,8) (0,9) (0,10) (0,11) (0,12) (0,13) (0,14) (0,15) (0,16) (0,17) (0,18) (1,0) (1,1) (1,2) (1,3) (1,4) (1,5) (1,6) (1,7) (1,8) (1,9) (1,10) (1,11) (1,12) (1,13) (1,14) (1,15) (1,16) (1,17) (1,18) (2,0) (2,1) (2,2) (2,3) (2,4) (3,0) (3,1) (3,2) (3,3) (3,4) (4,0) (4,1) (4,2) (4,3) (4,4) (5,0) (5,1) (5,2) (5,3) (5,4) (6,0) (6,1) (6,2) (6,3) (6,4) (7,0) (7,1) (7,2) (7,3) (7,4) (8,0) (8,1) (8,2) (8,3) (8,4) (9,0) (9,1) (9,2) (9,3) (9,4) (10,0) (10,1) (10,2) (10,3) (10,4) (11,0) (11,1) (11,2) (11,3) (11,4) (12,0) (12,1) (12,2) (12,3) (12,4) (13,0) (13,1) (13,2) (13,3) (13,4) (14,0) (14,1) (14,2) (14,3) (14,4) (15,0) (15,1) (15,2) (15,3) (15,4) (16,0) (16,1) (16,2) (16,3) (16,4)   also met at 5 more region(s)
  O94  MM[O94] (1D) seats (0,0) (0,1) (0,2) (0,3) (0,4) (0,5) (0,6) (0,7) (0,8) (0,9) (0,10) (0,11) (0,12) (0,13) (0,14) (0,15) (0,16) (0,17) (0,18) (1,0) (1,1) (1,2) (1,3) (1,4) (1,5) (1,6) (1,7) (1,8) (1,9) (1,10) (1,11) (1,12) (1,13) (1,14) (1,15) (1,16) (1,17) (1,18) (2,0) (2,1) (2,2) (2,3) (2,4) (2,5) (2,6) (2,7) (2,8) (2,9) (2,10) (2,11) (2,12) (3,0) (3,1) (3,2) (3,3) (3,4) (3,5) (3,6) (3,7) (3,8) (3,9) (3,10) (3,11) (3,12) (4,0) (4,1) (4,2) (4,3) (4,4) (4,5) (4,6) (4,7) (4,8) (4,9) (4,10) (4,11) (4,12) (5,0) (5,1) (5,2) (5,3) (5,4) (5,5) (5,6) (5,7) (5,8) (5,9) (5,10) (5,11) (5,12) (6,0) (6,1) (6,2) (6,3) (6,4) (6,5) (6,6) (6,7) (6,8) (6,9) (6,10) (6,11) (6,12) (7,0) (7,1) (7,2) (7,3) (7,4) (7,5) (7,6) (7,7) (7,8) (7,9) (7,10) (7,11) (7,12) (8,0) (8,1) (8,2) (8,3) (8,4) (8,5) (8,6) (8,7) (8,8) (8,9) (8,10) (8,11) (8,12) (9,0) (9,1) (9,2) (9,3) (9,4) (9,5) (9,6) (9,7) (9,8) (9,9) (9,10) (9,11) (9,12) (10,0) (10,1) (10,2) (10,3) (10,4) (10,5) (10,6) (10,7) (10,8) (10,9) (10,10) (10,11) (10,12) (11,0) (11,1) (11,2) (11,3) (11,4) (11,5) (11,6) (11,7) (11,8) (11,9) (11,10) (11,11) (11,12) (12,0) (12,1) (12,2) (12,3) (12,4) (12,5) (12,6) (12,7) (12,8) (12,9) (12,10) (12,11) (12,12) (13,0) (13,1) (13,2) (13,3) (13,4) (13,5) (13,6) (13,7) (13,8) (13,9) (13,10) (13,11) (13,12) (14,0) (14,1) (14,2) (14,3) (14,4) (14,5) (14,6) (14,7) (14,8) (14,9) (14,10) (14,11) (14,12) (15,0) (15,1) (15,2) (15,3) (15,4) (15,5) (15,6) (15,7) (15,8) (15,9) (15,10) (15,11) (15,12) (16,0) (16,1) (16,2) (16,3) (16,4) (16,5) (16,6) (16,7) (16,8) (16,9) (16,10) (16,11) (16,12)   also met at 5 more region(s)
  O95  MM[O95] (1D) seats (0,0) (0,1) (0,2) (0,3) (0,4) (0,5) (0,6) (0,7) (0,8) (0,9) (0,10) (0,11) (0,12) (0,13) (0,14) (0,15) (0,16) (0,17) (0,18) (1,0) (1,1) (1,2) (1,3) (1,4) (1,5) (1,6) (1,7) (1,8) (1,9) (1,10) (1,11) (1,12) (1,13) (1,14) (1,15) (1,16) (1,17) (1,18) (2,0) (2,1) (2,2) (2,3) (2,4) (2,5) (2,6) (2,7) (2,8) (2,9) (2,10) (3,0) (3,1) (3,2) (3,3) (3,4) (3,5) (3,6) (3,7) (3,8) (3,9) (3,10) (4,0) (4,1) (4,2) (4,3) (4,4) (4,5) (4,6) (4,7) (4,8) (4,9) (4,10) (5,0) (5,1) (5,2) (5,3) (5,4) (5,5) (5,6) (5,7) (5,8) (5,9) (5,10) (6,0) (6,1) (6,2) (6,3) (6,4) (6,5) (6,6) (6,7) (6,8) (6,9) (6,10) (7,0) (7,1) (7,2) (7,3) (7,4) (7,5) (7,6) (7,7) (7,8) (7,9) (7,10) (8,0) (8,1) (8,2) (8,3) (8,4) (8,5) (8,6) (8,7) (8,8) (8,9) (8,10) (9,0) (9,1) (9,2) (9,3) (9,4) (9,5) (9,6) (9,7) (9,8) (9,9) (9,10) (10,0) (10,1) (10,2) (10,3) (10,4) (10,5) (10,6) (10,7) (10,8) (10,9) (10,10) (11,0) (11,1) (11,2) (11,3) (11,4) (11,5) (11,6) (11,7) (11,8) (11,9) (11,10) (12,0) (12,1) (12,2) (12,3) (12,4) (12,5) (12,6) (12,7) (12,8) (12,9) (12,10) (13,0) (13,1) (13,2) (13,3) (13,4) (13,5) (13,6) (13,7) (13,8) (13,9) (13,10) (14,0) (14,1) (14,2) (14,3) (14,4) (14,5) (14,6) (14,7) (14,8) (14,9) (14,10) (15,0) (15,1) (15,2) (15,3) (15,4) (15,5) (15,6) (15,7) (15,8) (15,9) (15,10) (16,0) (16,1) (16,2) (16,3) (16,4) (16,5) (16,6) (16,7) (16,8) (16,9) (16,10)   also met at 3 more region(s)
  O96  MM[O96] (1D) seats (0,0) (0,1) (0,2) (0,3) (0,4) (0,5) (0,6) (0,7) (0,8) (0,9) (0,10) (0,11) (0,12) (0,13) (0,14) (0,15) (0,16) (0,17) (0,18) (1,0) (1,1) (1,2) (1,3) (1,4) (1,5) (1,6) (1,7) (1,8) (1,9) (1,10) (1,11) (1,12) (1,13) (1,14) (1,15) (1,16) (1,17) (1,18) (2,0) (2,1) (2,2) (2,3) (2,4) (2,5) (2,6) (2,7) (2,8) (2,9) (2,10) (2,11) (2,12) (2,13) (2,14) (2,15) (2,16) (3,0) (3,1) (3,2) (3,3) (3,4) (3,5) (3,6) (3,7) (3,8) (3,9) (3,10) (3,11) (3,12) (3,13) (3,14) (3,15) (3,16) (4,0) (4,1) (4,2) (4,3) (4,4) (4,5) (4,6) (4,7) (4,8) (4,9) (4,10) (4,11) (4,12) (4,13) (4,14) (4,15) (4,16) (5,0) (5,1) (5,2) (5,3) (5,4) (5,5) (5,6) (5,7) (5,8) (5,9) (5,10) (5,11) (5,12) (5,13) (5,14) (5,15) (5,16) (6,0) (6,1) (6,2) (6,3) (6,4) (6,5) (6,6) (6,7) (6,8) (6,9) (6,10) (6,11) (6,12) (6,13) (6,14) (6,15) (6,16) (7,0) (7,1) (7,2) (7,3) (7,4) (7,5) (7,6) (7,7) (7,8) (7,9) (7,10) (7,11) (7,12) (7,13) (7,14) (7,15) (7,16) (8,0) (8,1) (8,2) (8,3) (8,4) (8,5) (8,6) (8,7) (8,8) (8,9) (8,10) (8,11) (8,12) (8,13) (8,14) (8,15) (8,16) (9,0) (9,1) (9,2) (9,3) (9,4) (9,5) (9,6) (9,7) (9,8) (9,9) (9,10) (9,11) (9,12) (9,13) (9,14) (9,15) (9,16) (10,0) (10,1) (10,2) (10,3) (10,4) (10,5) (10,6) (10,7) (10,8) (10,9) (10,10) (10,11) (10,12) (10,13) (10,14) (10,15) (10,16) (11,0) (11,1) (11,2) (11,3) (11,4) (11,5) (11,6) (11,7) (11,8) (11,9) (11,10) (11,11) (11,12) (11,13) (11,14) (11,15) (11,16) (12,0) (12,1) (12,2) (12,3) (12,4) (12,5) (12,6) (12,7) (12,8) (12,9) (12,10) (12,11) (12,12) (12,13) (12,14) (12,15) (12,16) (13,0) (13,1) (13,2) (13,3) (13,4) (13,5) (13,6) (13,7) (13,8) (13,9) (13,10) (13,11) (13,12) (13,13) (13,14) (13,15) (13,16) (14,0) (14,1) (14,2) (14,3) (14,4) (14,5) (14,6) (14,7) (14,8) (14,9) (14,10) (14,11) (14,12) (14,13) (14,14) (14,15) (14,16) (15,0) (15,1) (15,2) (15,3) (15,4) (15,5) (15,6) (15,7) (15,8) (15,9) (15,10) (15,11) (15,12) (15,13) (15,14) (15,15) (15,16) (16,0) (16,1) (16,2) (16,3) (16,4) (16,5) (16,6) (16,7) (16,8) (16,9) (16,10) (16,11) (16,12) (16,13) (16,14) (16,15) (16,16)   also met at 1 more region(s)
  O97  MM[O97] (1D) seats (0,0) (0,1) (0,2) (0,3) (0,4) (0,5) (0,6) (0,7) (0,8) (0,9) (0,10) (1,0) (1,1) (1,2) (1,3) (1,4) (1,5) (1,6) (1,7) (1,8) (1,9) (1,10) (2,0) (2,1) (2,2) (2,3) (2,4) (2,5) (2,6) (3,0) (3,1) (3,2) (3,3) (3,4) (3,5) (3,6) (4,0) (4,1) (4,2) (4,3) (4,4) (4,5) (4,6) (5,0) (5,1) (5,2) (5,3) (5,4) (5,5) (5,6) (6,0) (6,1) (6,2) (6,3) (6,4) (6,5) (6,6) (7,0) (7,1) (7,2) (7,3) (7,4) (7,5) (7,6) (8,0) (8,1) (8,2) (8,3) (8,4) (8,5) (8,6) (9,0) (9,1) (9,2) (9,3) (9,4) (9,5) (9,6) (10,0) (10,1) (10,2) (10,3) (10,4) (10,5) (10,6) (11,0) (11,1) (11,2) (11,3) (11,4) (11,5) (11,6) (12,0) (12,1) (12,2) (12,3) (12,4) (12,5) (12,6) (13,0) (13,1) (13,2) (13,3) (13,4) (13,5) (13,6) (14,0) (14,1) (14,2) (14,3) (14,4) (14,5) (14,6) (15,0) (15,1) (15,2) (15,3) (15,4) (15,5) (15,6) (16,0) (16,1) (16,2) (16,3) (16,4) (16,5) (16,6) (17,0) (17,1) (17,2) (17,3) (17,4) (17,5) (17,6) (18,0) (18,1) (18,2) (18,3) (18,4) (18,5) (18,6)   also met at 3 more region(s)
  O98  MM[O98] (1D) seats (0,0) (0,1) (0,2) (0,3) (0,4) (0,5) (0,6) (0,7) (0,8) (0,9) (0,10) (1,0) (1,1) (1,2) (1,3) (1,4) (1,5) (1,6) (1,7) (1,8) (1,9) (1,10) (2,0) (2,1) (3,0) (3,1) (4,0) (4,1) (5,0) (5,1) (6,0) (6,1) (7,0) (7,1) (8,0) (8,1) (9,0) (9,1) (10,0) (10,1) (11,0) (11,1) (12,0) (12,1) (13,0) (13,1) (14,0) (14,1) (15,0) (15,1) (16,0) (16,1)   also met at 1 more region(s)
  O99  MM[O99] (1D) seats (0,0) (0,1) (0,2) (0,3) (0,4) (0,5) (0,6) (0,7) (0,8) (0,9) (0,10) (0,11) (0,12) (0,13) (0,14) (0,15) (0,16) (1,0) (1,1) (1,2) (1,3) (1,4) (1,5) (1,6) (1,7) (1,8) (1,9) (1,10) (1,11) (1,12) (1,13) (1,14) (1,15) (1,16) (2,0) (2,1) (2,2) (2,3) (2,4) (2,5) (2,6) (2,7) (2,8) (2,9) (2,10) (2,11) (2,12) (3,0) (3,1) (3,2) (3,3) (3,4) (3,5) (3,6) (3,7) (3,8) (3,9) (3,10) (3,11) (3,12) (4,0) (4,1) (4,2) (4,3) (4,4) (4,5) (4,6) (4,7) (4,8) (4,9) (4,10) (4,11) (4,12) (5,0) (5,1) (5,2) (5,3) (5,4) (5,5) (5,6) (5,7) (5,8) (5,9) (5,10) (5,11) (5,12) (6,0) (6,1) (6,2) (6,3) (6,4) (6,5) (6,6) (6,7) (6,8) (6,9) (6,10) (6,11) (6,12) (7,0) (7,1) (7,2) (7,3) (7,4) (7,5) (7,6) (7,7) (7,8) (7,9) (7,10) (7,11) (7,12) (8,0) (8,1) (8,2) (8,3) (8,4) (8,5) (8,6) (8,7) (8,8) (8,9) (8,10) (8,11) (8,12) (9,0) (9,1) (9,2) (9,3) (9,4) (9,5) (9,6) (9,7) (9,8) (9,9) (9,10) (9,11) (9,12) (10,0) (10,1) (10,2) (10,3) (10,4) (10,5) (10,6) (10,7) (10,8) (10,9) (10,10) (10,11) (10,12) (11,0) (11,1) (11,2) (11,3) (11,4) (11,5) (11,6) (11,7) (11,8) (11,9) (11,10) (11,11) (11,12) (12,0) (12,1) (12,2) (12,3) (12,4) (12,5) (12,6) (12,7) (12,8) (12,9) (12,10) (12,11) (12,12)   also met at 3 more region(s)
  O100 MM[O100] (1D) seats (0,0) (0,1) (0,2) (0,3) (0,4) (0,5) (0,6) (0,7) (0,8) (0,9) (0,10) (0,11) (0,12) (0,13) (0,14) (0,15) (0,16) (1,0) (1,1) (1,2) (1,3) (1,4) (1,5) (1,6) (1,7) (1,8) (1,9) (1,10) (1,11) (1,12) (1,13) (1,14) (1,15) (1,16) (2,0) (2,1) (2,2) (2,3) (2,4) (2,5) (2,6) (2,7) (2,8) (2,9) (2,10) (2,11) (2,12) (3,0) (3,1) (3,2) (3,3) (3,4) (3,5) (3,6) (3,7) (3,8) (3,9) (3,10) (3,11) (3,12) (4,0) (4,1) (4,2) (4,3) (4,4) (4,5) (4,6) (4,7) (4,8) (4,9) (4,10) (4,11) (4,12) (5,0) (5,1) (5,2) (5,3) (5,4) (5,5) (5,6) (5,7) (5,8) (5,9) (5,10) (5,11) (5,12) (6,0) (6,1) (6,2) (6,3) (6,4) (6,5) (6,6) (6,7) (6,8) (6,9) (6,10) (6,11) (6,12) (7,0) (7,1) (7,2) (7,3) (7,4) (7,5) (7,6) (7,7) (7,8) (7,9) (7,10) (7,11) (7,12) (8,0) (8,1) (8,2) (8,3) (8,4) (8,5) (8,6) (8,7) (8,8) (8,9) (8,10) (8,11) (8,12) (9,0) (9,1) (9,2) (9,3) (9,4) (9,5) (9,6) (9,7) (9,8) (9,9) (9,10) (9,11) (9,12) (10,0) (10,1) (10,2) (10,3) (10,4) (10,5) (10,6) (10,7) (10,8) (10,9) (10,10) (10,11) (10,12) (11,0) (11,1) (11,2) (11,3) (11,4) (11,5) (11,6) (11,7) (11,8) (11,9) (11,10) (11,11) (11,12) (12,0) (12,1) (12,2) (12,3) (12,4) (12,5) (12,6) (12,7) (12,8) (12,9) (12,10) (12,11) (12,12) (13,0) (13,1) (13,2) (13,3) (13,4) (13,5) (13,6) (13,7) (13,8) (13,9) (13,10) (13,11) (13,12) (14,0) (14,1) (14,2) (14,3) (14,4) (14,5) (14,6) (14,7) (14,8) (14,9) (14,10) (14,11) (14,12) (15,0) (15,1) (15,2) (15,3) (15,4) (15,5) (15,6) (15,7) (15,8) (15,9) (15,10) (15,11) (15,12) (16,0) (16,1) (16,2) (16,3) (16,4) (16,5) (16,6) (16,7) (16,8) (16,9) (16,10) (16,11) (16,12) (17,0) (17,1) (17,2) (17,3) (17,4) (17,5) (17,6) (17,7) (17,8) (17,9) (17,10) (17,11) (17,12) (18,0) (18,1) (18,2) (18,3) (18,4) (18,5) (18,6) (18,7) (18,8) (18,9) (18,10) (18,11) (18,12)   also met at 1 more region(s)
  O101 MM[O101] (1D) seats (0,0) (0,1) (0,2) (0,3) (0,4) (0,5) (0,6) (0,7) (0,8) (0,9) (0,10) (0,11) (0,12) (0,13) (0,14) (0,15) (0,16) (1,0) (1,1) (1,2) (1,3) (1,4) (1,5) (1,6) (1,7) (1,8) (1,9) (1,10) (1,11) (1,12) (1,13) (1,14) (1,15) (1,16) (2,0) (2,1) (2,2) (2,3) (2,4) (2,5) (2,6) (2,7) (2,8) (2,9) (2,10) (2,11) (2,12) (3,0) (3,1) (3,2) (3,3) (3,4) (3,5) (3,6) (3,7) (3,8) (3,9) (3,10) (3,11) (3,12) (4,0) (4,1) (4,2) (4,3) (4,4) (4,5) (4,6) (4,7) (4,8) (4,9) (4,10) (4,11) (4,12) (5,0) (5,1) (5,2) (5,3) (5,4) (5,5) (5,6) (5,7) (5,8) (5,9) (5,10) (5,11) (5,12) (6,0) (6,1) (6,2) (6,3) (6,4) (6,5) (6,6) (6,7) (6,8) (6,9) (6,10) (6,11) (6,12) (7,0) (7,1) (7,2) (7,3) (7,4) (7,5) (7,6) (7,7) (7,8) (7,9) (7,10) (7,11) (7,12) (8,0) (8,1) (8,2) (8,3) (8,4) (8,5) (8,6) (8,7) (8,8) (8,9) (8,10) (8,11) (8,12) (9,0) (9,1) (9,2) (9,3) (9,4) (9,5) (9,6) (9,7) (9,8) (9,9) (9,10) (9,11) (9,12) (10,0) (10,1) (10,2) (10,3) (10,4) (10,5) (10,6) (10,7) (10,8) (10,9) (10,10) (10,11) (10,12)   also met at 9 more region(s)
  O102 MM[O102] (1D) seats (0,0) (0,1) (0,2) (0,3) (0,4) (0,5) (0,6) (0,7) (0,8) (0,9) (0,10) (0,11) (0,12) (0,13) (0,14) (0,15) (0,16) (1,0) (1,1) (1,2) (1,3) (1,4) (1,5) (1,6) (1,7) (1,8) (1,9) (1,10) (1,11) (1,12) (1,13) (1,14) (1,15) (1,16) (2,0) (2,1) (3,0) (3,1) (4,0) (4,1) (5,0) (5,1) (6,0) (6,1) (7,0) (7,1) (8,0) (8,1) (9,0) (9,1) (10,0) (10,1) (11,0) (11,1) (12,0) (12,1) (13,0) (13,1) (14,0) (14,1) (15,0) (15,1) (16,0) (16,1)
  O103 MM[O103] (1D) seats (0,0) (0,1) (0,2) (0,3) (0,4) (0,5) (0,6) (0,7) (0,8) (0,9) (0,10) (0,11) (0,12) (0,13) (0,14) (0,15) (0,16) (1,0) (1,1) (1,2) (1,3) (1,4) (1,5) (1,6) (1,7) (1,8) (1,9) (1,10) (1,11) (1,12) (1,13) (1,14) (1,15) (1,16) (2,0) (2,1) (2,2) (2,3) (2,4) (2,5) (2,6) (3,0) (3,1) (3,2) (3,3) (3,4) (3,5) (3,6) (4,0) (4,1) (4,2) (4,3) (4,4) (4,5) (4,6) (5,0) (5,1) (5,2) (5,3) (5,4) (5,5) (5,6) (6,0) (6,1) (6,2) (6,3) (6,4) (6,5) (6,6) (7,0) (7,1) (7,2) (7,3) (7,4) (7,5) (7,6) (8,0) (8,1) (8,2) (8,3) (8,4) (8,5) (8,6) (9,0) (9,1) (9,2) (9,3) (9,4) (9,5) (9,6) (10,0) (10,1) (10,2) (10,3) (10,4) (10,5) (10,6) (11,0) (11,1) (11,2) (11,3) (11,4) (11,5) (11,6) (12,0) (12,1) (12,2) (12,3) (12,4) (12,5) (12,6) (13,0) (13,1) (13,2) (13,3) (13,4) (13,5) (13,6) (14,0) (14,1) (14,2) (14,3) (14,4) (14,5) (14,6) (15,0) (15,1) (15,2) (15,3) (15,4) (15,5) (15,6) (16,0) (16,1) (16,2) (16,3) (16,4) (16,5) (16,6)   also met at 7 more region(s)
  O104 MM[O104] (1D) seats (0,0) (0,1) (0,2) (0,3) (0,4) (0,5) (0,6) (0,7) (0,8) (0,9) (0,10) (0,11) (0,12) (0,13) (0,14) (0,15) (0,16) (1,0) (1,1) (1,2) (1,3) (1,4) (1,5) (1,6) (1,7) (1,8) (1,9) (1,10) (1,11) (1,12) (1,13) (1,14) (1,15) (1,16) (2,0) (2,1) (2,2) (2,3) (2,4) (2,5) (2,6) (2,7) (2,8) (2,9) (2,10) (2,11) (2,12) (3,0) (3,1) (3,2) (3,3) (3,4) (3,5) (3,6) (3,7) (3,8) (3,9) (3,10) (3,11) (3,12) (4,0) (4,1) (4,2) (4,3) (4,4) (4,5) (4,6) (4,7) (4,8) (4,9) (4,10) (4,11) (4,12) (5,0) (5,1) (5,2) (5,3) (5,4) (5,5) (5,6) (5,7) (5,8) (5,9) (5,10) (5,11) (5,12) (6,0) (6,1) (6,2) (6,3) (6,4) (6,5) (6,6) (6,7) (6,8) (6,9) (6,10) (6,11) (6,12) (7,0) (7,1) (7,2) (7,3) (7,4) (7,5) (7,6) (7,7) (7,8) (7,9) (7,10) (7,11) (7,12) (8,0) (8,1) (8,2) (8,3) (8,4) (8,5) (8,6) (8,7) (8,8) (8,9) (8,10) (8,11) (8,12) (9,0) (9,1) (9,2) (9,3) (9,4) (9,5) (9,6) (9,7) (9,8) (9,9) (9,10) (9,11) (9,12) (10,0) (10,1) (10,2) (10,3) (10,4) (10,5) (10,6) (10,7) (10,8) (10,9) (10,10) (10,11) (10,12) (11,0) (11,1) (11,2) (11,3) (11,4) (11,5) (11,6) (11,7) (11,8) (11,9) (11,10) (11,11) (11,12) (12,0) (12,1) (12,2) (12,3) (12,4) (12,5) (12,6) (12,7) (12,8) (12,9) (12,10) (12,11) (12,12) (13,0) (13,1) (13,2) (13,3) (13,4) (13,5) (13,6) (13,7) (13,8) (13,9) (13,10) (13,11) (13,12) (14,0) (14,1) (14,2) (14,3) (14,4) (14,5) (14,6) (14,7) (14,8) (14,9) (14,10) (14,11) (14,12) (15,0) (15,1) (15,2) (15,3) (15,4) (15,5) (15,6) (15,7) (15,8) (15,9) (15,10) (15,11) (15,12) (16,0) (16,1) (16,2) (16,3) (16,4) (16,5) (16,6) (16,7) (16,8) (16,9) (16,10) (16,11) (16,12)   also met at 3 more region(s)
  O105 MM[O105] (1D) seats (0,0) (0,1) (0,2) (0,3) (0,4) (0,5) (0,6) (0,7) (0,8) (0,9) (0,10) (0,11) (0,12) (0,13) (0,14) (0,15) (0,16) (1,0) (1,1) (1,2) (1,3) (1,4) (1,5) (1,6) (1,7) (1,8) (1,9) (1,10) (1,11) (1,12) (1,13) (1,14) (1,15) (1,16) (2,0) (2,1) (2,2) (2,3) (2,4) (2,5) (2,6) (2,7) (2,8) (2,9) (2,10) (3,0) (3,1) (3,2) (3,3) (3,4) (3,5) (3,6) (3,7) (3,8) (3,9) (3,10) (4,0) (4,1) (4,2) (4,3) (4,4) (4,5) (4,6) (4,7) (4,8) (4,9) (4,10) (5,0) (5,1) (5,2) (5,3) (5,4) (5,5) (5,6) (5,7) (5,8) (5,9) (5,10) (6,0) (6,1) (6,2) (6,3) (6,4) (6,5) (6,6) (6,7) (6,8) (6,9) (6,10) (7,0) (7,1) (7,2) (7,3) (7,4) (7,5) (7,6) (7,7) (7,8) (7,9) (7,10) (8,0) (8,1) (8,2) (8,3) (8,4) (8,5) (8,6) (8,7) (8,8) (8,9) (8,10) (9,0) (9,1) (9,2) (9,3) (9,4) (9,5) (9,6) (9,7) (9,8) (9,9) (9,10) (10,0) (10,1) (10,2) (10,3) (10,4) (10,5) (10,6) (10,7) (10,8) (10,9) (10,10) (11,0) (11,1) (11,2) (11,3) (11,4) (11,5) (11,6) (11,7) (11,8) (11,9) (11,10) (12,0) (12,1) (12,2) (12,3) (12,4) (12,5) (12,6) (12,7) (12,8) (12,9) (12,10) (13,0) (13,1) (13,2) (13,3) (13,4) (13,5) (13,6) (13,7) (13,8) (13,9) (13,10) (14,0) (14,1) (14,2) (14,3) (14,4) (14,5) (14,6) (14,7) (14,8) (14,9) (14,10) (15,0) (15,1) (15,2) (15,3) (15,4) (15,5) (15,6) (15,7) (15,8) (15,9) (15,10) (16,0) (16,1) (16,2) (16,3) (16,4) (16,5) (16,6) (16,7) (16,8) (16,9) (16,10)   also met at 5 more region(s)
  O106 MM[O106] (1D) seats (0,0) (0,1) (0,2) (0,3) (0,4) (0,5) (0,6) (0,7) (0,8) (0,9) (0,10) (0,11) (0,12) (1,0) (1,1) (1,2) (1,3) (1,4) (1,5) (1,6) (1,7) (1,8) (1,9) (1,10) (1,11) (1,12) (2,0) (2,1) (2,2) (2,3) (2,4) (2,5) (2,6) (2,7) (2,8) (2,9) (2,10) (2,11) (2,12) (3,0) (3,1) (3,2) (3,3) (3,4) (3,5) (3,6) (3,7) (3,8) (3,9) (3,10) (4,0) (4,1) (4,2) (4,3) (4,4) (4,5) (4,6) (4,7) (4,8) (4,9) (4,10) (5,0) (5,1) (5,2) (5,3) (5,4) (5,5) (5,6) (5,7) (5,8) (5,9) (5,10) (6,0) (6,1) (6,2) (6,3) (6,4) (6,5) (6,6) (6,7) (6,8) (6,9) (6,10) (7,0) (7,1) (7,2) (7,3) (7,4) (7,5) (7,6) (7,7) (7,8) (7,9) (7,10) (8,0) (8,1) (8,2) (8,3) (8,4) (8,5) (8,6) (8,7) (8,8) (8,9) (8,10) (9,0) (9,1) (9,2) (9,3) (9,4) (9,5) (9,6) (9,7) (9,8) (9,9) (9,10) (10,0) (10,1) (10,2) (10,3) (10,4) (10,5) (10,6) (10,7) (10,8) (10,9) (10,10) (11,0) (11,1) (11,2) (11,3) (11,4) (11,5) (11,6) (11,7) (11,8) (11,9) (11,10) (12,0) (12,1) (12,2) (12,3) (12,4) (12,5) (12,6) (12,7) (12,8) (12,9) (12,10) (13,0) (13,1) (13,2) (13,3) (13,4) (13,5) (13,6) (13,7) (13,8) (13,9) (13,10) (14,0) (14,1) (14,2) (14,3) (14,4) (14,5) (14,6) (14,7) (14,8) (14,9) (14,10) (15,0) (15,1) (15,2) (15,3) (15,4) (15,5) (15,6) (15,7) (15,8) (15,9) (15,10) (16,0) (16,1) (16,2) (16,3) (16,4) (16,5) (16,6) (16,7) (16,8) (16,9) (16,10) (17,0) (17,1) (17,2) (17,3) (17,4) (17,5) (17,6) (17,7) (17,8) (17,9) (17,10) (18,0) (18,1) (18,2) (18,3) (18,4) (18,5) (18,6) (18,7) (18,8) (18,9) (18,10)   also met at 3 more region(s)
  O107 MM[O107] (1D) seats (0,0) (0,1) (0,2) (0,3) (0,4) (0,5) (0,6) (0,7) (0,8) (0,9) (0,10) (0,11) (0,12) (1,0) (1,1) (1,2) (1,3) (1,4) (1,5) (1,6) (1,7) (1,8) (1,9) (1,10) (1,11) (1,12) (2,0) (2,1) (2,2) (2,3) (2,4) (2,5) (2,6) (2,7) (2,8) (2,9) (2,10) (2,11) (2,12) (3,0) (3,1) (3,2) (3,3) (3,4) (3,5) (3,6) (3,7) (3,8) (3,9) (3,10) (4,0) (4,1) (4,2) (4,3) (4,4) (4,5) (4,6) (4,7) (4,8) (4,9) (4,10) (5,0) (5,1) (5,2) (5,3) (5,4) (5,5) (5,6) (5,7) (5,8) (5,9) (5,10) (6,0) (6,1) (6,2) (6,3) (6,4) (6,5) (6,6) (6,7) (6,8) (6,9) (6,10) (7,0) (7,1) (7,2) (7,3) (7,4) (7,5) (7,6) (7,7) (7,8) (7,9) (7,10) (8,0) (8,1) (8,2) (8,3) (8,4) (8,5) (8,6) (8,7) (8,8) (8,9) (8,10) (9,0) (9,1) (9,2) (9,3) (9,4) (9,5) (9,6) (9,7) (9,8) (9,9) (9,10) (10,0) (10,1) (10,2) (10,3) (10,4) (10,5) (10,6) (10,7) (10,8) (10,9) (10,10) (11,0) (11,1) (11,2) (11,3) (11,4) (11,5) (11,6) (11,7) (11,8) (11,9) (11,10) (12,0) (12,1) (12,2) (12,3) (12,4) (12,5) (12,6) (12,7) (12,8) (12,9) (12,10) (13,0) (13,1) (13,2) (13,3) (13,4) (13,5) (13,6) (13,7) (13,8) (13,9) (13,10) (14,0) (14,1) (14,2) (14,3) (14,4) (14,5) (14,6) (14,7) (14,8) (14,9) (14,10) (15,0) (15,1) (15,2) (15,3) (15,4) (15,5) (15,6) (15,7) (15,8) (15,9) (15,10) (16,0) (16,1) (16,2) (16,3) (16,4) (16,5) (16,6) (16,7) (16,8) (16,9) (16,10)   also met at 7 more region(s)
  O108 MM[O108] (1D) seats (0,0) (0,1) (0,2) (0,3) (0,4) (0,5) (0,6) (0,7) (0,8) (0,9) (0,10) (0,11) (0,12) (0,13) (0,14) (0,15) (0,16) (0,17) (0,18) (1,0) (1,1) (1,2) (1,3) (1,4) (1,5) (1,6) (1,7) (1,8) (1,9) (1,10) (1,11) (1,12) (1,13) (1,14) (1,15) (1,16) (1,17) (1,18) (2,0) (2,1) (2,2) (2,3) (2,4) (2,5) (2,6) (2,7) (2,8) (2,9) (2,10) (2,11) (2,12) (2,13) (2,14) (2,15) (2,16) (2,17) (2,18) (3,0) (3,1) (3,2) (3,3) (3,4) (3,5) (3,6) (3,7) (3,8) (3,9) (3,10) (4,0) (4,1) (4,2) (4,3) (4,4) (4,5) (4,6) (4,7) (4,8) (4,9) (4,10) (5,0) (5,1) (5,2) (5,3) (5,4) (5,5) (5,6) (5,7) (5,8) (5,9) (5,10) (6,0) (6,1) (6,2) (6,3) (6,4) (6,5) (6,6) (6,7) (6,8) (6,9) (6,10) (7,0) (7,1) (7,2) (7,3) (7,4) (7,5) (7,6) (7,7) (7,8) (7,9) (7,10) (8,0) (8,1) (8,2) (8,3) (8,4) (8,5) (8,6) (8,7) (8,8) (8,9) (8,10) (9,0) (9,1) (9,2) (9,3) (9,4) (9,5) (9,6) (9,7) (9,8) (9,9) (9,10) (10,0) (10,1) (10,2) (10,3) (10,4) (10,5) (10,6) (10,7) (10,8) (10,9) (10,10) (11,0) (11,1) (11,2) (11,3) (11,4) (11,5) (11,6) (11,7) (11,8) (11,9) (11,10) (12,0) (12,1) (12,2) (12,3) (12,4) (12,5) (12,6) (12,7) (12,8) (12,9) (12,10)   also met at 1 more region(s)
  O109 MM[O109] (1D) seats (0,0) (0,1) (0,2) (0,3) (0,4) (0,5) (0,6) (0,7) (0,8) (0,9) (0,10) (0,11) (0,12) (0,13) (0,14) (0,15) (0,16) (0,17) (0,18) (1,0) (1,1) (1,2) (1,3) (1,4) (1,5) (1,6) (1,7) (1,8) (1,9) (1,10) (1,11) (1,12) (1,13) (1,14) (1,15) (1,16) (1,17) (1,18) (2,0) (2,1) (2,2) (2,3) (2,4) (2,5) (2,6) (2,7) (2,8) (2,9) (2,10) (2,11) (2,12) (2,13) (2,14) (2,15) (2,16) (2,17) (2,18) (3,0) (3,1) (3,2) (3,3) (3,4) (3,5) (3,6) (3,7) (3,8) (3,9) (3,10) (3,11) (3,12) (3,13) (3,14) (3,15) (3,16) (4,0) (4,1) (4,2) (4,3) (4,4) (4,5) (4,6) (4,7) (4,8) (4,9) (4,10) (4,11) (4,12) (4,13) (4,14) (4,15) (4,16) (5,0) (5,1) (5,2) (5,3) (5,4) (5,5) (5,6) (5,7) (5,8) (5,9) (5,10) (5,11) (5,12) (5,13) (5,14) (5,15) (5,16) (6,0) (6,1) (6,2) (6,3) (6,4) (6,5) (6,6) (6,7) (6,8) (6,9) (6,10) (6,11) (6,12) (6,13) (6,14) (6,15) (6,16) (7,0) (7,1) (7,2) (7,3) (7,4) (7,5) (7,6) (7,7) (7,8) (7,9) (7,10) (7,11) (7,12) (7,13) (7,14) (7,15) (7,16) (8,0) (8,1) (8,2) (8,3) (8,4) (8,5) (8,6) (8,7) (8,8) (8,9) (8,10) (8,11) (8,12) (8,13) (8,14) (8,15) (8,16) (9,0) (9,1) (9,2) (9,3) (9,4) (9,5) (9,6) (9,7) (9,8) (9,9) (9,10) (9,11) (9,12) (9,13) (9,14) (9,15) (9,16) (10,0) (10,1) (10,2) (10,3) (10,4) (10,5) (10,6) (10,7) (10,8) (10,9) (10,10) (10,11) (10,12) (10,13) (10,14) (10,15) (10,16) (11,0) (11,1) (11,2) (11,3) (11,4) (11,5) (11,6) (11,7) (11,8) (11,9) (11,10) (11,11) (11,12) (11,13) (11,14) (11,15) (11,16) (12,0) (12,1) (12,2) (12,3) (12,4) (12,5) (12,6) (12,7) (12,8) (12,9) (12,10) (12,11) (12,12) (12,13) (12,14) (12,15) (12,16)   also met at 7 more region(s)
  O110 MM[O110] (1D) seats (0,0) (0,1) (0,2) (0,3) (0,4) (0,5) (0,6) (0,7) (0,8) (0,9) (0,10) (0,11) (0,12) (0,13) (0,14) (0,15) (0,16) (0,17) (0,18) (1,0) (1,1) (1,2) (1,3) (1,4) (1,5) (1,6) (1,7) (1,8) (1,9) (1,10) (1,11) (1,12) (1,13) (1,14) (1,15) (1,16) (1,17) (1,18) (2,0) (2,1) (2,2) (2,3) (2,4) (2,5) (2,6) (2,7) (2,8) (2,9) (2,10) (2,11) (2,12) (2,13) (2,14) (2,15) (2,16) (2,17) (2,18) (3,0) (3,1) (3,2) (3,3) (3,4) (3,5) (3,6) (3,7) (3,8) (3,9) (3,10) (3,11) (3,12) (4,0) (4,1) (4,2) (4,3) (4,4) (4,5) (4,6) (4,7) (4,8) (4,9) (4,10) (4,11) (4,12) (5,0) (5,1) (5,2) (5,3) (5,4) (5,5) (5,6) (5,7) (5,8) (5,9) (5,10) (5,11) (5,12) (6,0) (6,1) (6,2) (6,3) (6,4) (6,5) (6,6) (6,7) (6,8) (6,9) (6,10) (6,11) (6,12) (7,0) (7,1) (7,2) (7,3) (7,4) (7,5) (7,6) (7,7) (7,8) (7,9) (7,10) (7,11) (7,12) (8,0) (8,1) (8,2) (8,3) (8,4) (8,5) (8,6) (8,7) (8,8) (8,9) (8,10) (8,11) (8,12) (9,0) (9,1) (9,2) (9,3) (9,4) (9,5) (9,6) (9,7) (9,8) (9,9) (9,10) (9,11) (9,12) (10,0) (10,1) (10,2) (10,3) (10,4) (10,5) (10,6) (10,7) (10,8) (10,9) (10,10) (10,11) (10,12) (11,0) (11,1) (11,2) (11,3) (11,4) (11,5) (11,6) (11,7) (11,8) (11,9) (11,10) (11,11) (11,12) (12,0) (12,1) (12,2) (12,3) (12,4) (12,5) (12,6) (12,7) (12,8) (12,9) (12,10) (12,11) (12,12) (13,0) (13,1) (13,2) (13,3) (13,4) (13,5) (13,6) (13,7) (13,8) (13,9) (13,10) (13,11) (13,12) (14,0) (14,1) (14,2) (14,3) (14,4) (14,5) (14,6) (14,7) (14,8) (14,9) (14,10) (14,11) (14,12) (15,0) (15,1) (15,2) (15,3) (15,4) (15,5) (15,6) (15,7) (15,8) (15,9) (15,10) (15,11) (15,12) (16,0) (16,1) (16,2) (16,3) (16,4) (16,5) (16,6) (16,7) (16,8) (16,9) (16,10) (16,11) (16,12) (17,0) (17,1) (17,2) (17,3) (17,4) (17,5) (17,6) (17,7) (17,8) (17,9) (17,10) (17,11) (17,12) (18,0) (18,1) (18,2) (18,3) (18,4) (18,5) (18,6) (18,7) (18,8) (18,9) (18,10) (18,11) (18,12)   also met at 5 more region(s)
  O111 MM[O111] (1D) seats (0,0) (0,1) (0,2) (0,3) (0,4) (0,5) (0,6) (0,7) (0,8) (0,9) (0,10) (0,11) (0,12) (0,13) (0,14) (0,15) (0,16) (0,17) (0,18) (1,0) (1,1) (1,2) (1,3) (1,4) (1,5) (1,6) (1,7) (1,8) (1,9) (1,10) (1,11) (1,12) (1,13) (1,14) (1,15) (1,16) (1,17) (1,18) (2,0) (2,1) (2,2) (2,3) (2,4) (2,5) (2,6) (2,7) (2,8) (2,9) (2,10) (2,11) (2,12) (2,13) (2,14) (2,15) (2,16) (2,17) (2,18) (3,0) (3,1) (3,2) (3,3) (3,4) (3,5) (3,6) (3,7) (3,8) (3,9) (3,10) (3,11) (3,12) (3,13) (3,14) (3,15) (3,16) (4,0) (4,1) (4,2) (4,3) (4,4) (4,5) (4,6) (4,7) (4,8) (4,9) (4,10) (4,11) (4,12) (4,13) (4,14) (4,15) (4,16) (5,0) (5,1) (5,2) (5,3) (5,4) (5,5) (5,6) (5,7) (5,8) (5,9) (5,10) (5,11) (5,12) (5,13) (5,14) (5,15) (5,16) (6,0) (6,1) (6,2) (6,3) (6,4) (6,5) (6,6) (6,7) (6,8) (6,9) (6,10) (6,11) (6,12) (6,13) (6,14) (6,15) (6,16) (7,0) (7,1) (7,2) (7,3) (7,4) (7,5) (7,6) (7,7) (7,8) (7,9) (7,10) (7,11) (7,12) (7,13) (7,14) (7,15) (7,16) (8,0) (8,1) (8,2) (8,3) (8,4) (8,5) (8,6) (8,7) (8,8) (8,9) (8,10) (8,11) (8,12) (8,13) (8,14) (8,15) (8,16) (9,0) (9,1) (9,2) (9,3) (9,4) (9,5) (9,6) (9,7) (9,8) (9,9) (9,10) (9,11) (9,12) (9,13) (9,14) (9,15) (9,16) (10,0) (10,1) (10,2) (10,3) (10,4) (10,5) (10,6) (10,7) (10,8) (10,9) (10,10) (10,11) (10,12) (10,13) (10,14) (10,15) (10,16) (11,0) (11,1) (11,2) (11,3) (11,4) (11,5) (11,6) (11,7) (11,8) (11,9) (11,10) (11,11) (11,12) (11,13) (11,14) (11,15) (11,16) (12,0) (12,1) (12,2) (12,3) (12,4) (12,5) (12,6) (12,7) (12,8) (12,9) (12,10) (12,11) (12,12) (12,13) (12,14) (12,15) (12,16) (13,0) (13,1) (13,2) (13,3) (13,4) (13,5) (13,6) (13,7) (13,8) (13,9) (13,10) (13,11) (13,12) (13,13) (13,14) (13,15) (13,16) (14,0) (14,1) (14,2) (14,3) (14,4) (14,5) (14,6) (14,7) (14,8) (14,9) (14,10) (14,11) (14,12) (14,13) (14,14) (14,15) (14,16) (15,0) (15,1) (15,2) (15,3) (15,4) (15,5) (15,6) (15,7) (15,8) (15,9) (15,10) (15,11) (15,12) (15,13) (15,14) (15,15) (15,16) (16,0) (16,1) (16,2) (16,3) (16,4) (16,5) (16,6) (16,7) (16,8) (16,9) (16,10) (16,11) (16,12) (16,13) (16,14) (16,15) (16,16) (17,0) (17,1) (17,2) (17,3) (17,4) (17,5) (17,6) (17,7) (17,8) (17,9) (17,10) (17,11) (17,12) (17,13) (17,14) (17,15) (17,16) (18,0) (18,1) (18,2) (18,3) (18,4) (18,5) (18,6) (18,7) (18,8) (18,9) (18,10) (18,11) (18,12) (18,13) (18,14) (18,15) (18,16)   also met at 1 more region(s)
  O112 MM[O112] (1D) seats (0,0) (0,1) (0,2) (0,3) (0,4) (0,5) (0,6) (0,7) (0,8) (0,9) (0,10) (0,11) (0,12) (0,13) (0,14) (0,15) (0,16) (0,17) (0,18) (1,0) (1,1) (1,2) (1,3) (1,4) (1,5) (1,6) (1,7) (1,8) (1,9) (1,10) (1,11) (1,12) (1,13) (1,14) (1,15) (1,16) (1,17) (1,18) (2,0) (2,1) (2,2) (2,3) (2,4) (2,5) (2,6) (2,7) (2,8) (2,9) (2,10) (2,11) (2,12) (2,13) (2,14) (2,15) (2,16) (2,17) (2,18) (3,0) (3,1) (3,2) (3,3) (3,4) (3,5) (3,6) (3,7) (3,8) (3,9) (3,10) (3,11) (3,12) (4,0) (4,1) (4,2) (4,3) (4,4) (4,5) (4,6) (4,7) (4,8) (4,9) (4,10) (4,11) (4,12) (5,0) (5,1) (5,2) (5,3) (5,4) (5,5) (5,6) (5,7) (5,8) (5,9) (5,10) (5,11) (5,12) (6,0) (6,1) (6,2) (6,3) (6,4) (6,5) (6,6) (6,7) (6,8) (6,9) (6,10) (6,11) (6,12) (7,0) (7,1) (7,2) (7,3) (7,4) (7,5) (7,6) (7,7) (7,8) (7,9) (7,10) (7,11) (7,12) (8,0) (8,1) (8,2) (8,3) (8,4) (8,5) (8,6) (8,7) (8,8) (8,9) (8,10) (8,11) (8,12) (9,0) (9,1) (9,2) (9,3) (9,4) (9,5) (9,6) (9,7) (9,8) (9,9) (9,10) (9,11) (9,12) (10,0) (10,1) (10,2) (10,3) (10,4) (10,5) (10,6) (10,7) (10,8) (10,9) (10,10) (10,11) (10,12)   also met at 9 more region(s)
  O113 MM[O113] (1D) seats (0,0) (0,1) (0,2) (0,3) (0,4) (0,5) (0,6) (0,7) (0,8) (0,9) (0,10) (0,11) (0,12) (0,13) (0,14) (0,15) (0,16) (0,17) (0,18) (1,0) (1,1) (1,2) (1,3) (1,4) (1,5) (1,6) (1,7) (1,8) (1,9) (1,10) (1,11) (1,12) (1,13) (1,14) (1,15) (1,16) (1,17) (1,18) (2,0) (2,1) (2,2) (2,3) (2,4) (2,5) (2,6) (2,7) (2,8) (2,9) (2,10) (2,11) (2,12) (2,13) (2,14) (2,15) (2,16) (2,17) (2,18) (3,0) (3,1) (3,2) (3,3) (3,4) (3,5) (3,6) (3,7) (3,8) (3,9) (3,10) (3,11) (3,12) (4,0) (4,1) (4,2) (4,3) (4,4) (4,5) (4,6) (4,7) (4,8) (4,9) (4,10) (4,11) (4,12) (5,0) (5,1) (5,2) (5,3) (5,4) (5,5) (5,6) (5,7) (5,8) (5,9) (5,10) (5,11) (5,12) (6,0) (6,1) (6,2) (6,3) (6,4) (6,5) (6,6) (6,7) (6,8) (6,9) (6,10) (6,11) (6,12) (7,0) (7,1) (7,2) (7,3) (7,4) (7,5) (7,6) (7,7) (7,8) (7,9) (7,10) (7,11) (7,12) (8,0) (8,1) (8,2) (8,3) (8,4) (8,5) (8,6) (8,7) (8,8) (8,9) (8,10) (8,11) (8,12) (9,0) (9,1) (9,2) (9,3) (9,4) (9,5) (9,6) (9,7) (9,8) (9,9) (9,10) (9,11) (9,12) (10,0) (10,1) (10,2) (10,3) (10,4) (10,5) (10,6) (10,7) (10,8) (10,9) (10,10) (10,11) (10,12) (11,0) (11,1) (11,2) (11,3) (11,4) (11,5) (11,6) (11,7) (11,8) (11,9) (11,10) (11,11) (11,12) (12,0) (12,1) (12,2) (12,3) (12,4) (12,5) (12,6) (12,7) (12,8) (12,9) (12,10) (12,11) (12,12) (13,0) (13,1) (13,2) (13,3) (13,4) (13,5) (13,6) (13,7) (13,8) (13,9) (13,10) (13,11) (13,12) (14,0) (14,1) (14,2) (14,3) (14,4) (14,5) (14,6) (14,7) (14,8) (14,9) (14,10) (14,11) (14,12) (15,0) (15,1) (15,2) (15,3) (15,4) (15,5) (15,6) (15,7) (15,8) (15,9) (15,10) (15,11) (15,12) (16,0) (16,1) (16,2) (16,3) (16,4) (16,5) (16,6) (16,7) (16,8) (16,9) (16,10) (16,11) (16,12)   also met at 3 more region(s)
  O114 MM[O114] (1D) seats (0,0) (0,1) (0,2) (0,3) (0,4) (0,5) (0,6) (0,7) (0,8) (0,9) (0,10) (0,11) (0,12) (0,13) (0,14) (0,15) (0,16) (0,17) (0,18) (1,0) (1,1) (1,2) (1,3) (1,4) (1,5) (1,6) (1,7) (1,8) (1,9) (1,10) (1,11) (1,12) (1,13) (1,14) (1,15) (1,16) (1,17) (1,18) (2,0) (2,1) (2,2) (2,3) (2,4) (2,5) (2,6) (2,7) (2,8) (2,9) (2,10) (2,11) (2,12) (2,13) (2,14) (2,15) (2,16) (2,17) (2,18) (3,0) (3,1) (3,2) (3,3) (3,4) (3,5) (3,6) (3,7) (3,8) (3,9) (3,10) (4,0) (4,1) (4,2) (4,3) (4,4) (4,5) (4,6) (4,7) (4,8) (4,9) (4,10) (5,0) (5,1) (5,2) (5,3) (5,4) (5,5) (5,6) (5,7) (5,8) (5,9) (5,10) (6,0) (6,1) (6,2) (6,3) (6,4) (6,5) (6,6) (6,7) (6,8) (6,9) (6,10) (7,0) (7,1) (7,2) (7,3) (7,4) (7,5) (7,6) (7,7) (7,8) (7,9) (7,10) (8,0) (8,1) (8,2) (8,3) (8,4) (8,5) (8,6) (8,7) (8,8) (8,9) (8,10) (9,0) (9,1) (9,2) (9,3) (9,4) (9,5) (9,6) (9,7) (9,8) (9,9) (9,10) (10,0) (10,1) (10,2) (10,3) (10,4) (10,5) (10,6) (10,7) (10,8) (10,9) (10,10) (11,0) (11,1) (11,2) (11,3) (11,4) (11,5) (11,6) (11,7) (11,8) (11,9) (11,10) (12,0) (12,1) (12,2) (12,3) (12,4) (12,5) (12,6) (12,7) (12,8) (12,9) (12,10) (13,0) (13,1) (13,2) (13,3) (13,4) (13,5) (13,6) (13,7) (13,8) (13,9) (13,10) (14,0) (14,1) (14,2) (14,3) (14,4) (14,5) (14,6) (14,7) (14,8) (14,9) (14,10) (15,0) (15,1) (15,2) (15,3) (15,4) (15,5) (15,6) (15,7) (15,8) (15,9) (15,10) (16,0) (16,1) (16,2) (16,3) (16,4) (16,5) (16,6) (16,7) (16,8) (16,9) (16,10)   also met at 5 more region(s)
  O115 MM[O115] (1D) seats (0,0) (0,1) (0,2) (0,3) (0,4) (0,5) (0,6) (0,7) (0,8) (0,9) (0,10) (0,11) (0,12) (0,13) (0,14) (0,15) (0,16) (0,17) (0,18) (1,0) (1,1) (1,2) (1,3) (1,4) (1,5) (1,6) (1,7) (1,8) (1,9) (1,10) (1,11) (1,12) (1,13) (1,14) (1,15) (1,16) (1,17) (1,18) (2,0) (2,1) (2,2) (2,3) (2,4) (2,5) (2,6) (2,7) (2,8) (2,9) (2,10) (2,11) (2,12) (2,13) (2,14) (2,15) (2,16) (2,17) (2,18) (3,0) (3,1) (3,2) (3,3) (3,4) (3,5) (3,6) (3,7) (3,8) (3,9) (3,10) (3,11) (3,12) (3,13) (3,14) (3,15) (3,16) (4,0) (4,1) (4,2) (4,3) (4,4) (4,5) (4,6) (4,7) (4,8) (4,9) (4,10) (4,11) (4,12) (4,13) (4,14) (4,15) (4,16) (5,0) (5,1) (5,2) (5,3) (5,4) (5,5) (5,6) (5,7) (5,8) (5,9) (5,10) (5,11) (5,12) (5,13) (5,14) (5,15) (5,16) (6,0) (6,1) (6,2) (6,3) (6,4) (6,5) (6,6) (6,7) (6,8) (6,9) (6,10) (6,11) (6,12) (6,13) (6,14) (6,15) (6,16) (7,0) (7,1) (7,2) (7,3) (7,4) (7,5) (7,6) (7,7) (7,8) (7,9) (7,10) (7,11) (7,12) (7,13) (7,14) (7,15) (7,16) (8,0) (8,1) (8,2) (8,3) (8,4) (8,5) (8,6) (8,7) (8,8) (8,9) (8,10) (8,11) (8,12) (8,13) (8,14) (8,15) (8,16) (9,0) (9,1) (9,2) (9,3) (9,4) (9,5) (9,6) (9,7) (9,8) (9,9) (9,10) (9,11) (9,12) (9,13) (9,14) (9,15) (9,16) (10,0) (10,1) (10,2) (10,3) (10,4) (10,5) (10,6) (10,7) (10,8) (10,9) (10,10) (10,11) (10,12) (10,13) (10,14) (10,15) (10,16) (11,0) (11,1) (11,2) (11,3) (11,4) (11,5) (11,6) (11,7) (11,8) (11,9) (11,10) (11,11) (11,12) (11,13) (11,14) (11,15) (11,16) (12,0) (12,1) (12,2) (12,3) (12,4) (12,5) (12,6) (12,7) (12,8) (12,9) (12,10) (12,11) (12,12) (12,13) (12,14) (12,15) (12,16) (13,0) (13,1) (13,2) (13,3) (13,4) (13,5) (13,6) (13,7) (13,8) (13,9) (13,10) (13,11) (13,12) (13,13) (13,14) (13,15) (13,16) (14,0) (14,1) (14,2) (14,3) (14,4) (14,5) (14,6) (14,7) (14,8) (14,9) (14,10) (14,11) (14,12) (14,13) (14,14) (14,15) (14,16) (15,0) (15,1) (15,2) (15,3) (15,4) (15,5) (15,6) (15,7) (15,8) (15,9) (15,10) (15,11) (15,12) (15,13) (15,14) (15,15) (15,16) (16,0) (16,1) (16,2) (16,3) (16,4) (16,5) (16,6) (16,7) (16,8) (16,9) (16,10) (16,11) (16,12) (16,13) (16,14) (16,15) (16,16)   also met at 1 more region(s)
  O116 MM[O116] (1D) seats (0,0) (0,1) (0,2) (0,3) (0,4) (0,5) (0,6) (0,7) (0,8) (0,9) (0,10) (0,11) (0,12) (0,13) (0,14) (0,15) (0,16) (1,0) (1,1) (1,2) (1,3) (1,4) (1,5) (1,6) (1,7) (1,8) (1,9) (1,10) (1,11) (1,12) (1,13) (1,14) (1,15) (1,16) (2,0) (2,1) (2,2) (2,3) (2,4) (2,5) (2,6) (2,7) (2,8) (2,9) (2,10) (2,11) (2,12) (2,13) (2,14) (2,15) (2,16) (3,0) (3,1) (3,2) (3,3) (3,4) (3,5) (3,6) (4,0) (4,1) (4,2) (4,3) (4,4) (4,5) (4,6) (5,0) (5,1) (5,2) (5,3) (5,4) (5,5) (5,6) (6,0) (6,1) (6,2) (6,3) (6,4) (6,5) (6,6) (7,0) (7,1) (7,2) (7,3) (7,4) (7,5) (7,6) (8,0) (8,1) (8,2) (8,3) (8,4) (8,5) (8,6) (9,0) (9,1) (9,2) (9,3) (9,4) (9,5) (9,6) (10,0) (10,1) (10,2) (10,3) (10,4) (10,5) (10,6) (11,0) (11,1) (11,2) (11,3) (11,4) (11,5) (11,6) (12,0) (12,1) (12,2) (12,3) (12,4) (12,5) (12,6) (13,0) (13,1) (13,2) (13,3) (13,4) (13,5) (13,6) (14,0) (14,1) (14,2) (14,3) (14,4) (14,5) (14,6) (15,0) (15,1) (15,2) (15,3) (15,4) (15,5) (15,6) (16,0) (16,1) (16,2) (16,3) (16,4) (16,5) (16,6) (17,0) (17,1) (17,2) (17,3) (17,4) (17,5) (17,6) (18,0) (18,1) (18,2) (18,3) (18,4) (18,5) (18,6)   also met at 7 more region(s)
  O117 MM[O117] (1D) seats (0,0) (0,1) (0,2) (0,3) (0,4) (0,5) (0,6) (0,7) (0,8) (0,9) (0,10) (0,11) (0,12) (0,13) (0,14) (0,15) (0,16) (1,0) (1,1) (1,2) (1,3) (1,4) (1,5) (1,6) (1,7) (1,8) (1,9) (1,10) (1,11) (1,12) (1,13) (1,14) (1,15) (1,16) (2,0) (2,1) (2,2) (2,3) (2,4) (2,5) (2,6) (2,7) (2,8) (2,9) (2,10) (2,11) (2,12) (2,13) (2,14) (2,15) (2,16) (3,0) (3,1) (3,2) (3,3) (3,4) (3,5) (3,6) (3,7) (3,8) (3,9) (3,10) (4,0) (4,1) (4,2) (4,3) (4,4) (4,5) (4,6) (4,7) (4,8) (4,9) (4,10) (5,0) (5,1) (5,2) (5,3) (5,4) (5,5) (5,6) (5,7) (5,8) (5,9) (5,10) (6,0) (6,1) (6,2) (6,3) (6,4) (6,5) (6,6) (6,7) (6,8) (6,9) (6,10) (7,0) (7,1) (7,2) (7,3) (7,4) (7,5) (7,6) (7,7) (7,8) (7,9) (7,10) (8,0) (8,1) (8,2) (8,3) (8,4) (8,5) (8,6) (8,7) (8,8) (8,9) (8,10) (9,0) (9,1) (9,2) (9,3) (9,4) (9,5) (9,6) (9,7) (9,8) (9,9) (9,10) (10,0) (10,1) (10,2) (10,3) (10,4) (10,5) (10,6) (10,7) (10,8) (10,9) (10,10) (11,0) (11,1) (11,2) (11,3) (11,4) (11,5) (11,6) (11,7) (11,8) (11,9) (11,10) (12,0) (12,1) (12,2) (12,3) (12,4) (12,5) (12,6) (12,7) (12,8) (12,9) (12,10) (13,0) (13,1) (13,2) (13,3) (13,4) (13,5) (13,6) (13,7) (13,8) (13,9) (13,10) (14,0) (14,1) (14,2) (14,3) (14,4) (14,5) (14,6) (14,7) (14,8) (14,9) (14,10) (15,0) (15,1) (15,2) (15,3) (15,4) (15,5) (15,6) (15,7) (15,8) (15,9) (15,10) (16,0) (16,1) (16,2) (16,3) (16,4) (16,5) (16,6) (16,7) (16,8) (16,9) (16,10)   also met at 1 more region(s)
  O118 MM[O118] (1D) seats (0,0) (0,1) (0,2) (0,3) (0,4) (0,5) (0,6) (0,7) (0,8) (0,9) (0,10) (0,11) (0,12) (1,0) (1,1) (1,2) (1,3) (1,4) (1,5) (1,6) (1,7) (1,8) (1,9) (1,10) (1,11) (1,12) (2,0) (2,1) (2,2) (2,3) (2,4) (2,5) (2,6) (2,7) (2,8) (2,9) (2,10) (2,11) (2,12) (3,0) (3,1) (3,2) (3,3) (3,4) (3,5) (3,6) (3,7) (3,8) (3,9) (3,10) (3,11) (3,12) (4,0) (4,1) (4,2) (4,3) (4,4) (4,5) (4,6) (4,7) (4,8) (4,9) (4,10) (4,11) (4,12) (5,0) (5,1) (5,2) (5,3) (5,4) (5,5) (5,6) (5,7) (5,8) (5,9) (5,10) (6,0) (6,1) (6,2) (6,3) (6,4) (6,5) (6,6) (6,7) (6,8) (6,9) (6,10) (7,0) (7,1) (7,2) (7,3) (7,4) (7,5) (7,6) (7,7) (7,8) (7,9) (7,10) (8,0) (8,1) (8,2) (8,3) (8,4) (8,5) (8,6) (8,7) (8,8) (8,9) (8,10) (9,0) (9,1) (9,2) (9,3) (9,4) (9,5) (9,6) (9,7) (9,8) (9,9) (9,10) (10,0) (10,1) (10,2) (10,3) (10,4) (10,5) (10,6) (10,7) (10,8) (10,9) (10,10) (11,0) (11,1) (11,2) (11,3) (11,4) (11,5) (11,6) (11,7) (11,8) (11,9) (11,10) (12,0) (12,1) (12,2) (12,3) (12,4) (12,5) (12,6) (12,7) (12,8) (12,9) (12,10) (13,0) (13,1) (13,2) (13,3) (13,4) (13,5) (13,6) (13,7) (13,8) (13,9) (13,10) (14,0) (14,1) (14,2) (14,3) (14,4) (14,5) (14,6) (14,7) (14,8) (14,9) (14,10) (15,0) (15,1) (15,2) (15,3) (15,4) (15,5) (15,6) (15,7) (15,8) (15,9) (15,10) (16,0) (16,1) (16,2) (16,3) (16,4) (16,5) (16,6) (16,7) (16,8) (16,9) (16,10) (17,0) (17,1) (17,2) (17,3) (17,4) (17,5) (17,6) (17,7) (17,8) (17,9) (17,10) (18,0) (18,1) (18,2) (18,3) (18,4) (18,5) (18,6) (18,7) (18,8) (18,9) (18,10)   also met at 1 more region(s)
  O119 MM[O119] (1D) seats (0,0) (0,1) (0,2) (0,3) (0,4) (0,5) (0,6) (0,7) (0,8) (0,9) (0,10) (0,11) (0,12) (1,0) (1,1) (1,2) (1,3) (1,4) (1,5) (1,6) (1,7) (1,8) (1,9) (1,10) (1,11) (1,12) (2,0) (2,1) (2,2) (2,3) (2,4) (2,5) (2,6) (2,7) (2,8) (2,9) (2,10) (2,11) (2,12) (3,0) (3,1) (3,2) (3,3) (3,4) (3,5) (3,6) (3,7) (3,8) (3,9) (3,10) (3,11) (3,12) (4,0) (4,1) (4,2) (4,3) (4,4) (4,5) (4,6) (4,7) (4,8) (4,9) (4,10) (4,11) (4,12) (5,0) (5,1) (5,2) (5,3) (5,4) (5,5) (5,6) (5,7) (5,8) (5,9) (5,10) (6,0) (6,1) (6,2) (6,3) (6,4) (6,5) (6,6) (6,7) (6,8) (6,9) (6,10) (7,0) (7,1) (7,2) (7,3) (7,4) (7,5) (7,6) (7,7) (7,8) (7,9) (7,10) (8,0) (8,1) (8,2) (8,3) (8,4) (8,5) (8,6) (8,7) (8,8) (8,9) (8,10) (9,0) (9,1) (9,2) (9,3) (9,4) (9,5) (9,6) (9,7) (9,8) (9,9) (9,10) (10,0) (10,1) (10,2) (10,3) (10,4) (10,5) (10,6) (10,7) (10,8) (10,9) (10,10) (11,0) (11,1) (11,2) (11,3) (11,4) (11,5) (11,6) (11,7) (11,8) (11,9) (11,10) (12,0) (12,1) (12,2) (12,3) (12,4) (12,5) (12,6) (12,7) (12,8) (12,9) (12,10) (13,0) (13,1) (13,2) (13,3) (13,4) (13,5) (13,6) (13,7) (13,8) (13,9) (13,10) (14,0) (14,1) (14,2) (14,3) (14,4) (14,5) (14,6) (14,7) (14,8) (14,9) (14,10) (15,0) (15,1) (15,2) (15,3) (15,4) (15,5) (15,6) (15,7) (15,8) (15,9) (15,10) (16,0) (16,1) (16,2) (16,3) (16,4) (16,5) (16,6) (16,7) (16,8) (16,9) (16,10)   also met at 5 more region(s)
  O120 MM[O120] (1D) seats (0,0) (0,1) (0,2) (0,3) (0,4) (0,5) (0,6) (0,7) (0,8) (0,9) (0,10) (0,11) (0,12) (0,13) (0,14) (0,15) (0,16) (0,17) (0,18) (1,0) (1,1) (1,2) (1,3) (1,4) (1,5) (1,6) (1,7) (1,8) (1,9) (1,10) (1,11) (1,12) (1,13) (1,14) (1,15) (1,16) (1,17) (1,18) (2,0) (2,1) (2,2) (2,3) (2,4) (2,5) (2,6) (2,7) (2,8) (2,9) (2,10) (2,11) (2,12) (2,13) (2,14) (2,15) (2,16) (2,17) (2,18) (3,0) (3,1) (3,2) (3,3) (3,4) (3,5) (3,6) (3,7) (3,8) (3,9) (3,10) (3,11) (3,12) (3,13) (3,14) (3,15) (3,16) (3,17) (3,18) (4,0) (4,1) (4,2) (4,3) (4,4) (4,5) (4,6) (4,7) (4,8) (4,9) (4,10) (4,11) (4,12) (4,13) (4,14) (4,15) (4,16) (4,17) (4,18) (5,0) (5,1) (5,2) (5,3) (5,4) (5,5) (5,6) (5,7) (5,8) (5,9) (5,10) (6,0) (6,1) (6,2) (6,3) (6,4) (6,5) (6,6) (6,7) (6,8) (6,9) (6,10)   also met at 1 more region(s)
  O121 MM[O121] (1D) seats (0,0) (0,1) (0,2) (0,3) (0,4) (0,5) (0,6) (0,7) (0,8) (0,9) (0,10) (0,11) (0,12) (0,13) (0,14) (0,15) (0,16) (0,17) (0,18) (1,0) (1,1) (1,2) (1,3) (1,4) (1,5) (1,6) (1,7) (1,8) (1,9) (1,10) (1,11) (1,12) (1,13) (1,14) (1,15) (1,16) (1,17) (1,18) (2,0) (2,1) (2,2) (2,3) (2,4) (2,5) (2,6) (2,7) (2,8) (2,9) (2,10) (2,11) (2,12) (2,13) (2,14) (2,15) (2,16) (2,17) (2,18) (3,0) (3,1) (3,2) (3,3) (3,4) (3,5) (3,6) (3,7) (3,8) (3,9) (3,10) (3,11) (3,12) (3,13) (3,14) (3,15) (3,16) (3,17) (3,18) (4,0) (4,1) (4,2) (4,3) (4,4) (4,5) (4,6) (4,7) (4,8) (4,9) (4,10) (4,11) (4,12) (4,13) (4,14) (4,15) (4,16) (4,17) (4,18) (5,0) (5,1) (5,2) (5,3) (5,4) (5,5) (5,6) (5,7) (5,8) (5,9) (5,10) (5,11) (5,12) (5,13) (5,14) (5,15) (5,16) (6,0) (6,1) (6,2) (6,3) (6,4) (6,5) (6,6) (6,7) (6,8) (6,9) (6,10) (6,11) (6,12) (6,13) (6,14) (6,15) (6,16)   also met at 5 more region(s)
  O122 MM[O122] (1D) seats (0,0) (0,1) (0,2) (0,3) (0,4) (0,5) (0,6) (0,7) (0,8) (0,9) (0,10) (0,11) (0,12) (0,13) (0,14) (0,15) (0,16) (0,17) (0,18) (1,0) (1,1) (1,2) (1,3) (1,4) (1,5) (1,6) (1,7) (1,8) (1,9) (1,10) (1,11) (1,12) (1,13) (1,14) (1,15) (1,16) (1,17) (1,18) (2,0) (2,1) (2,2) (2,3) (2,4) (2,5) (2,6) (2,7) (2,8) (2,9) (2,10) (2,11) (2,12) (2,13) (2,14) (2,15) (2,16) (2,17) (2,18) (3,0) (3,1) (3,2) (3,3) (3,4) (3,5) (3,6) (3,7) (3,8) (3,9) (3,10) (3,11) (3,12) (3,13) (3,14) (3,15) (3,16) (3,17) (3,18) (4,0) (4,1) (4,2) (4,3) (4,4) (4,5) (4,6) (4,7) (4,8) (4,9) (4,10) (4,11) (4,12) (4,13) (4,14) (4,15) (4,16) (4,17) (4,18) (5,0) (5,1) (5,2) (5,3) (5,4) (5,5) (5,6) (5,7) (5,8) (5,9) (5,10) (6,0) (6,1) (6,2) (6,3) (6,4) (6,5) (6,6) (6,7) (6,8) (6,9) (6,10) (7,0) (7,1) (7,2) (7,3) (7,4) (7,5) (7,6) (7,7) (7,8) (7,9) (7,10) (8,0) (8,1) (8,2) (8,3) (8,4) (8,5) (8,6) (8,7) (8,8) (8,9) (8,10) (9,0) (9,1) (9,2) (9,3) (9,4) (9,5) (9,6) (9,7) (9,8) (9,9) (9,10) (10,0) (10,1) (10,2) (10,3) (10,4) (10,5) (10,6) (10,7) (10,8) (10,9) (10,10) (11,0) (11,1) (11,2) (11,3) (11,4) (11,5) (11,6) (11,7) (11,8) (11,9) (11,10) (12,0) (12,1) (12,2) (12,3) (12,4) (12,5) (12,6) (12,7) (12,8) (12,9) (12,10)   also met at 3 more region(s)
  O123 MM[O123] (1D) seats (0,0) (0,1) (0,2) (0,3) (0,4) (0,5) (0,6) (0,7) (0,8) (0,9) (0,10) (0,11) (0,12) (0,13) (0,14) (0,15) (0,16) (0,17) (0,18) (1,0) (1,1) (1,2) (1,3) (1,4) (1,5) (1,6) (1,7) (1,8) (1,9) (1,10) (1,11) (1,12) (1,13) (1,14) (1,15) (1,16) (1,17) (1,18) (2,0) (2,1) (2,2) (2,3) (2,4) (2,5) (2,6) (2,7) (2,8) (2,9) (2,10) (2,11) (2,12) (2,13) (2,14) (2,15) (2,16) (2,17) (2,18) (3,0) (3,1) (3,2) (3,3) (3,4) (3,5) (3,6) (3,7) (3,8) (3,9) (3,10) (3,11) (3,12) (3,13) (3,14) (3,15) (3,16) (3,17) (3,18) (4,0) (4,1) (4,2) (4,3) (4,4) (4,5) (4,6) (4,7) (4,8) (4,9) (4,10) (4,11) (4,12) (4,13) (4,14) (4,15) (4,16) (4,17) (4,18) (5,0) (5,1) (5,2) (5,3) (5,4) (5,5) (5,6) (5,7) (5,8) (5,9) (5,10) (5,11) (5,12) (5,13) (5,14) (5,15) (5,16) (6,0) (6,1) (6,2) (6,3) (6,4) (6,5) (6,6) (6,7) (6,8) (6,9) (6,10) (6,11) (6,12) (6,13) (6,14) (6,15) (6,16) (7,0) (7,1) (7,2) (7,3) (7,4) (7,5) (7,6) (7,7) (7,8) (7,9) (7,10) (7,11) (7,12) (7,13) (7,14) (7,15) (7,16) (8,0) (8,1) (8,2) (8,3) (8,4) (8,5) (8,6) (8,7) (8,8) (8,9) (8,10) (8,11) (8,12) (8,13) (8,14) (8,15) (8,16) (9,0) (9,1) (9,2) (9,3) (9,4) (9,5) (9,6) (9,7) (9,8) (9,9) (9,10) (9,11) (9,12) (9,13) (9,14) (9,15) (9,16) (10,0) (10,1) (10,2) (10,3) (10,4) (10,5) (10,6) (10,7) (10,8) (10,9) (10,10) (10,11) (10,12) (10,13) (10,14) (10,15) (10,16) (11,0) (11,1) (11,2) (11,3) (11,4) (11,5) (11,6) (11,7) (11,8) (11,9) (11,10) (11,11) (11,12) (11,13) (11,14) (11,15) (11,16) (12,0) (12,1) (12,2) (12,3) (12,4) (12,5) (12,6) (12,7) (12,8) (12,9) (12,10) (12,11) (12,12) (12,13) (12,14) (12,15) (12,16)   also met at 3 more region(s)
  O124 MM[O124] (1D) seats (0,0) (0,1) (0,2) (0,3) (0,4) (0,5) (0,6) (0,7) (0,8) (0,9) (0,10) (0,11) (0,12) (0,13) (0,14) (0,15) (0,16) (0,17) (0,18) (1,0) (1,1) (1,2) (1,3) (1,4) (1,5) (1,6) (1,7) (1,8) (1,9) (1,10) (1,11) (1,12) (1,13) (1,14) (1,15) (1,16) (1,17) (1,18) (2,0) (2,1) (2,2) (2,3) (2,4) (2,5) (2,6) (2,7) (2,8) (2,9) (2,10) (2,11) (2,12) (2,13) (2,14) (2,15) (2,16) (2,17) (2,18) (3,0) (3,1) (3,2) (3,3) (3,4) (3,5) (3,6) (3,7) (3,8) (3,9) (3,10) (3,11) (3,12) (3,13) (3,14) (3,15) (3,16) (3,17) (3,18) (4,0) (4,1) (4,2) (4,3) (4,4) (4,5) (4,6) (4,7) (4,8) (4,9) (4,10) (4,11) (4,12) (4,13) (4,14) (4,15) (4,16) (4,17) (4,18) (5,0) (5,1) (5,2) (5,3) (5,4) (5,5) (5,6) (5,7) (5,8) (5,9) (5,10) (5,11) (5,12) (6,0) (6,1) (6,2) (6,3) (6,4) (6,5) (6,6) (6,7) (6,8) (6,9) (6,10) (6,11) (6,12) (7,0) (7,1) (7,2) (7,3) (7,4) (7,5) (7,6) (7,7) (7,8) (7,9) (7,10) (7,11) (7,12) (8,0) (8,1) (8,2) (8,3) (8,4) (8,5) (8,6) (8,7) (8,8) (8,9) (8,10) (8,11) (8,12) (9,0) (9,1) (9,2) (9,3) (9,4) (9,5) (9,6) (9,7) (9,8) (9,9) (9,10) (9,11) (9,12) (10,0) (10,1) (10,2) (10,3) (10,4) (10,5) (10,6) (10,7) (10,8) (10,9) (10,10) (10,11) (10,12) (11,0) (11,1) (11,2) (11,3) (11,4) (11,5) (11,6) (11,7) (11,8) (11,9) (11,10) (11,11) (11,12) (12,0) (12,1) (12,2) (12,3) (12,4) (12,5) (12,6) (12,7) (12,8) (12,9) (12,10) (12,11) (12,12) (13,0) (13,1) (13,2) (13,3) (13,4) (13,5) (13,6) (13,7) (13,8) (13,9) (13,10) (13,11) (13,12) (14,0) (14,1) (14,2) (14,3) (14,4) (14,5) (14,6) (14,7) (14,8) (14,9) (14,10) (14,11) (14,12) (15,0) (15,1) (15,2) (15,3) (15,4) (15,5) (15,6) (15,7) (15,8) (15,9) (15,10) (15,11) (15,12) (16,0) (16,1) (16,2) (16,3) (16,4) (16,5) (16,6) (16,7) (16,8) (16,9) (16,10) (16,11) (16,12) (17,0) (17,1) (17,2) (17,3) (17,4) (17,5) (17,6) (17,7) (17,8) (17,9) (17,10) (17,11) (17,12) (18,0) (18,1) (18,2) (18,3) (18,4) (18,5) (18,6) (18,7) (18,8) (18,9) (18,10) (18,11) (18,12)   also met at 1 more region(s)
  O125 MM[O125] (1D) seats (0,0) (0,1) (0,2) (0,3) (0,4) (0,5) (0,6) (0,7) (0,8) (0,9) (0,10) (0,11) (0,12) (0,13) (0,14) (0,15) (0,16) (0,17) (0,18) (1,0) (1,1) (1,2) (1,3) (1,4) (1,5) (1,6) (1,7) (1,8) (1,9) (1,10) (1,11) (1,12) (1,13) (1,14) (1,15) (1,16) (1,17) (1,18) (2,0) (2,1) (2,2) (2,3) (2,4) (2,5) (2,6) (2,7) (2,8) (2,9) (2,10) (2,11) (2,12) (2,13) (2,14) (2,15) (2,16) (2,17) (2,18) (3,0) (3,1) (3,2) (3,3) (3,4) (3,5) (3,6) (3,7) (3,8) (3,9) (3,10) (3,11) (3,12) (3,13) (3,14) (3,15) (3,16) (3,17) (3,18) (4,0) (4,1) (4,2) (4,3) (4,4) (4,5) (4,6) (4,7) (4,8) (4,9) (4,10) (4,11) (4,12) (4,13) (4,14) (4,15) (4,16) (4,17) (4,18) (5,0) (5,1) (5,2) (5,3) (5,4) (5,5) (5,6) (5,7) (5,8) (5,9) (5,10) (6,0) (6,1) (6,2) (6,3) (6,4) (6,5) (6,6) (6,7) (6,8) (6,9) (6,10) (7,0) (7,1) (7,2) (7,3) (7,4) (7,5) (7,6) (7,7) (7,8) (7,9) (7,10) (8,0) (8,1) (8,2) (8,3) (8,4) (8,5) (8,6) (8,7) (8,8) (8,9) (8,10) (9,0) (9,1) (9,2) (9,3) (9,4) (9,5) (9,6) (9,7) (9,8) (9,9) (9,10) (10,0) (10,1) (10,2) (10,3) (10,4) (10,5) (10,6) (10,7) (10,8) (10,9) (10,10) (11,0) (11,1) (11,2) (11,3) (11,4) (11,5) (11,6) (11,7) (11,8) (11,9) (11,10) (12,0) (12,1) (12,2) (12,3) (12,4) (12,5) (12,6) (12,7) (12,8) (12,9) (12,10) (13,0) (13,1) (13,2) (13,3) (13,4) (13,5) (13,6) (13,7) (13,8) (13,9) (13,10) (14,0) (14,1) (14,2) (14,3) (14,4) (14,5) (14,6) (14,7) (14,8) (14,9) (14,10) (15,0) (15,1) (15,2) (15,3) (15,4) (15,5) (15,6) (15,7) (15,8) (15,9) (15,10) (16,0) (16,1) (16,2) (16,3) (16,4) (16,5) (16,6) (16,7) (16,8) (16,9) (16,10) (17,0) (17,1) (17,2) (17,3) (17,4) (17,5) (17,6) (17,7) (17,8) (17,9) (17,10) (18,0) (18,1) (18,2) (18,3) (18,4) (18,5) (18,6) (18,7) (18,8) (18,9) (18,10)   also met at 3 more region(s)
  O126 MM[O126] (1D) seats (0,0) (0,1) (0,2) (0,3) (0,4) (0,5) (0,6) (0,7) (0,8) (0,9) (0,10) (0,11) (0,12) (0,13) (0,14) (0,15) (0,16) (0,17) (0,18) (1,0) (1,1) (1,2) (1,3) (1,4) (1,5) (1,6) (1,7) (1,8) (1,9) (1,10) (1,11) (1,12) (1,13) (1,14) (1,15) (1,16) (1,17) (1,18) (2,0) (2,1) (2,2) (2,3) (2,4) (2,5) (2,6) (2,7) (2,8) (2,9) (2,10) (2,11) (2,12) (2,13) (2,14) (2,15) (2,16) (2,17) (2,18) (3,0) (3,1) (3,2) (3,3) (3,4) (3,5) (3,6) (3,7) (3,8) (3,9) (3,10) (3,11) (3,12) (3,13) (3,14) (3,15) (3,16) (3,17) (3,18) (4,0) (4,1) (4,2) (4,3) (4,4) (4,5) (4,6) (4,7) (4,8) (4,9) (4,10) (4,11) (4,12) (4,13) (4,14) (4,15) (4,16) (4,17) (4,18) (5,0) (5,1) (5,2) (5,3) (5,4) (5,5) (5,6) (5,7) (5,8) (5,9) (5,10) (5,11) (5,12) (5,13) (5,14) (5,15) (5,16) (6,0) (6,1) (6,2) (6,3) (6,4) (6,5) (6,6) (6,7) (6,8) (6,9) (6,10) (6,11) (6,12) (6,13) (6,14) (6,15) (6,16) (7,0) (7,1) (7,2) (7,3) (7,4) (7,5) (7,6) (7,7) (7,8) (7,9) (7,10) (7,11) (7,12) (7,13) (7,14) (7,15) (7,16) (8,0) (8,1) (8,2) (8,3) (8,4) (8,5) (8,6) (8,7) (8,8) (8,9) (8,10) (8,11) (8,12) (8,13) (8,14) (8,15) (8,16) (9,0) (9,1) (9,2) (9,3) (9,4) (9,5) (9,6) (9,7) (9,8) (9,9) (9,10) (9,11) (9,12) (9,13) (9,14) (9,15) (9,16) (10,0) (10,1) (10,2) (10,3) (10,4) (10,5) (10,6) (10,7) (10,8) (10,9) (10,10) (10,11) (10,12) (10,13) (10,14) (10,15) (10,16) (11,0) (11,1) (11,2) (11,3) (11,4) (11,5) (11,6) (11,7) (11,8) (11,9) (11,10) (11,11) (11,12) (11,13) (11,14) (11,15) (11,16) (12,0) (12,1) (12,2) (12,3) (12,4) (12,5) (12,6) (12,7) (12,8) (12,9) (12,10) (12,11) (12,12) (12,13) (12,14) (12,15) (12,16) (13,0) (13,1) (13,2) (13,3) (13,4) (13,5) (13,6) (13,7) (13,8) (13,9) (13,10) (13,11) (13,12) (13,13) (13,14) (13,15) (13,16) (14,0) (14,1) (14,2) (14,3) (14,4) (14,5) (14,6) (14,7) (14,8) (14,9) (14,10) (14,11) (14,12) (14,13) (14,14) (14,15) (14,16) (15,0) (15,1) (15,2) (15,3) (15,4) (15,5) (15,6) (15,7) (15,8) (15,9) (15,10) (15,11) (15,12) (15,13) (15,14) (15,15) (15,16) (16,0) (16,1) (16,2) (16,3) (16,4) (16,5) (16,6) (16,7) (16,8) (16,9) (16,10) (16,11) (16,12) (16,13) (16,14) (16,15) (16,16) (17,0) (17,1) (17,2) (17,3) (17,4) (17,5) (17,6) (17,7) (17,8) (17,9) (17,10) (17,11) (17,12) (17,13) (17,14) (17,15) (17,16) (18,0) (18,1) (18,2) (18,3) (18,4) (18,5) (18,6) (18,7) (18,8) (18,9) (18,10) (18,11) (18,12) (18,13) (18,14) (18,15) (18,16)   also met at 1 more region(s)
  O127 MM[O127] (1D) seats (0,0) (0,1) (0,2) (0,3) (0,4) (0,5) (0,6) (0,7) (0,8) (0,9) (0,10) (0,11) (0,12) (0,13) (0,14) (0,15) (0,16) (0,17) (0,18) (1,0) (1,1) (1,2) (1,3) (1,4) (1,5) (1,6) (1,7) (1,8) (1,9) (1,10) (1,11) (1,12) (1,13) (1,14) (1,15) (1,16) (1,17) (1,18) (2,0) (2,1) (2,2) (2,3) (2,4) (2,5) (2,6) (2,7) (2,8) (2,9) (2,10) (2,11) (2,12) (2,13) (2,14) (2,15) (2,16) (2,17) (2,18) (3,0) (3,1) (3,2) (3,3) (3,4) (3,5) (3,6) (3,7) (3,8) (3,9) (3,10) (3,11) (3,12) (3,13) (3,14) (3,15) (3,16) (3,17) (3,18) (4,0) (4,1) (4,2) (4,3) (4,4) (4,5) (4,6) (4,7) (4,8) (4,9) (4,10) (4,11) (4,12) (4,13) (4,14) (4,15) (4,16) (4,17) (4,18) (5,0) (5,1) (5,2) (5,3) (5,4) (5,5) (5,6) (5,7) (5,8) (5,9) (5,10) (5,11) (5,12) (6,0) (6,1) (6,2) (6,3) (6,4) (6,5) (6,6) (6,7) (6,8) (6,9) (6,10) (6,11) (6,12) (7,0) (7,1) (7,2) (7,3) (7,4) (7,5) (7,6) (7,7) (7,8) (7,9) (7,10) (7,11) (7,12) (8,0) (8,1) (8,2) (8,3) (8,4) (8,5) (8,6) (8,7) (8,8) (8,9) (8,10) (8,11) (8,12) (9,0) (9,1) (9,2) (9,3) (9,4) (9,5) (9,6) (9,7) (9,8) (9,9) (9,10) (9,11) (9,12) (10,0) (10,1) (10,2) (10,3) (10,4) (10,5) (10,6) (10,7) (10,8) (10,9) (10,10) (10,11) (10,12)   also met at 5 more region(s)
  O128 MM[O128] (1D) seats (0,0) (0,1) (0,2) (0,3) (0,4) (0,5) (0,6) (0,7) (0,8) (0,9) (0,10) (0,11) (0,12) (0,13) (0,14) (0,15) (0,16) (0,17) (0,18) (1,0) (1,1) (1,2) (1,3) (1,4) (1,5) (1,6) (1,7) (1,8) (1,9) (1,10) (1,11) (1,12) (1,13) (1,14) (1,15) (1,16) (1,17) (1,18) (2,0) (2,1) (2,2) (2,3) (2,4) (2,5) (2,6) (2,7) (2,8) (2,9) (2,10) (2,11) (2,12) (2,13) (2,14) (2,15) (2,16) (2,17) (2,18) (3,0) (3,1) (3,2) (3,3) (3,4) (3,5) (3,6) (3,7) (3,8) (3,9) (3,10) (3,11) (3,12) (3,13) (3,14) (3,15) (3,16) (3,17) (3,18) (4,0) (4,1) (4,2) (4,3) (4,4) (4,5) (4,6) (4,7) (4,8) (4,9) (4,10) (4,11) (4,12) (4,13) (4,14) (4,15) (4,16) (4,17) (4,18) (5,0) (5,1) (5,2) (5,3) (5,4) (5,5) (5,6) (6,0) (6,1) (6,2) (6,3) (6,4) (6,5) (6,6) (7,0) (7,1) (7,2) (7,3) (7,4) (7,5) (7,6) (8,0) (8,1) (8,2) (8,3) (8,4) (8,5) (8,6) (9,0) (9,1) (9,2) (9,3) (9,4) (9,5) (9,6) (10,0) (10,1) (10,2) (10,3) (10,4) (10,5) (10,6) (11,0) (11,1) (11,2) (11,3) (11,4) (11,5) (11,6) (12,0) (12,1) (12,2) (12,3) (12,4) (12,5) (12,6) (13,0) (13,1) (13,2) (13,3) (13,4) (13,5) (13,6) (14,0) (14,1) (14,2) (14,3) (14,4) (14,5) (14,6) (15,0) (15,1) (15,2) (15,3) (15,4) (15,5) (15,6) (16,0) (16,1) (16,2) (16,3) (16,4) (16,5) (16,6)   also met at 1 more region(s)
  O129 MM[O129] (1D) seats (0,0) (0,1) (0,2) (0,3) (0,4) (0,5) (0,6) (0,7) (0,8) (0,9) (0,10) (0,11) (0,12) (0,13) (0,14) (0,15) (0,16) (0,17) (0,18) (1,0) (1,1) (1,2) (1,3) (1,4) (1,5) (1,6) (1,7) (1,8) (1,9) (1,10) (1,11) (1,12) (1,13) (1,14) (1,15) (1,16) (1,17) (1,18) (2,0) (2,1) (2,2) (2,3) (2,4) (2,5) (2,6) (2,7) (2,8) (2,9) (2,10) (2,11) (2,12) (2,13) (2,14) (2,15) (2,16) (2,17) (2,18) (3,0) (3,1) (3,2) (3,3) (3,4) (3,5) (3,6) (3,7) (3,8) (3,9) (3,10) (3,11) (3,12) (3,13) (3,14) (3,15) (3,16) (3,17) (3,18) (4,0) (4,1) (4,2) (4,3) (4,4) (4,5) (4,6) (4,7) (4,8) (4,9) (4,10) (4,11) (4,12) (4,13) (4,14) (4,15) (4,16) (4,17) (4,18) (5,0) (5,1) (5,2) (5,3) (5,4) (5,5) (5,6) (5,7) (5,8) (5,9) (5,10) (5,11) (5,12) (6,0) (6,1) (6,2) (6,3) (6,4) (6,5) (6,6) (6,7) (6,8) (6,9) (6,10) (6,11) (6,12) (7,0) (7,1) (7,2) (7,3) (7,4) (7,5) (7,6) (7,7) (7,8) (7,9) (7,10) (7,11) (7,12) (8,0) (8,1) (8,2) (8,3) (8,4) (8,5) (8,6) (8,7) (8,8) (8,9) (8,10) (8,11) (8,12) (9,0) (9,1) (9,2) (9,3) (9,4) (9,5) (9,6) (9,7) (9,8) (9,9) (9,10) (9,11) (9,12) (10,0) (10,1) (10,2) (10,3) (10,4) (10,5) (10,6) (10,7) (10,8) (10,9) (10,10) (10,11) (10,12) (11,0) (11,1) (11,2) (11,3) (11,4) (11,5) (11,6) (11,7) (11,8) (11,9) (11,10) (11,11) (11,12) (12,0) (12,1) (12,2) (12,3) (12,4) (12,5) (12,6) (12,7) (12,8) (12,9) (12,10) (12,11) (12,12) (13,0) (13,1) (13,2) (13,3) (13,4) (13,5) (13,6) (13,7) (13,8) (13,9) (13,10) (13,11) (13,12) (14,0) (14,1) (14,2) (14,3) (14,4) (14,5) (14,6) (14,7) (14,8) (14,9) (14,10) (14,11) (14,12) (15,0) (15,1) (15,2) (15,3) (15,4) (15,5) (15,6) (15,7) (15,8) (15,9) (15,10) (15,11) (15,12) (16,0) (16,1) (16,2) (16,3) (16,4) (16,5) (16,6) (16,7) (16,8) (16,9) (16,10) (16,11) (16,12)   also met at 5 more region(s)
  O130 MM[O130] (1D) seats (0,0) (0,1) (0,2) (0,3) (0,4) (0,5) (0,6) (0,7) (0,8) (0,9) (0,10) (0,11) (0,12) (0,13) (0,14) (0,15) (0,16) (0,17) (0,18) (1,0) (1,1) (1,2) (1,3) (1,4) (1,5) (1,6) (1,7) (1,8) (1,9) (1,10) (1,11) (1,12) (1,13) (1,14) (1,15) (1,16) (1,17) (1,18) (2,0) (2,1) (2,2) (2,3) (2,4) (2,5) (2,6) (2,7) (2,8) (2,9) (2,10) (2,11) (2,12) (2,13) (2,14) (2,15) (2,16) (2,17) (2,18) (3,0) (3,1) (3,2) (3,3) (3,4) (3,5) (3,6) (3,7) (3,8) (3,9) (3,10) (3,11) (3,12) (3,13) (3,14) (3,15) (3,16) (3,17) (3,18) (4,0) (4,1) (4,2) (4,3) (4,4) (4,5) (4,6) (4,7) (4,8) (4,9) (4,10) (4,11) (4,12) (4,13) (4,14) (4,15) (4,16) (4,17) (4,18) (5,0) (5,1) (5,2) (5,3) (5,4) (5,5) (5,6) (5,7) (5,8) (5,9) (5,10) (5,11) (5,12) (5,13) (5,14) (5,15) (5,16) (6,0) (6,1) (6,2) (6,3) (6,4) (6,5) (6,6) (6,7) (6,8) (6,9) (6,10) (6,11) (6,12) (6,13) (6,14) (6,15) (6,16) (7,0) (7,1) (7,2) (7,3) (7,4) (7,5) (7,6) (7,7) (7,8) (7,9) (7,10) (7,11) (7,12) (7,13) (7,14) (7,15) (7,16) (8,0) (8,1) (8,2) (8,3) (8,4) (8,5) (8,6) (8,7) (8,8) (8,9) (8,10) (8,11) (8,12) (8,13) (8,14) (8,15) (8,16) (9,0) (9,1) (9,2) (9,3) (9,4) (9,5) (9,6) (9,7) (9,8) (9,9) (9,10) (9,11) (9,12) (9,13) (9,14) (9,15) (9,16) (10,0) (10,1) (10,2) (10,3) (10,4) (10,5) (10,6) (10,7) (10,8) (10,9) (10,10) (10,11) (10,12) (10,13) (10,14) (10,15) (10,16) (11,0) (11,1) (11,2) (11,3) (11,4) (11,5) (11,6) (11,7) (11,8) (11,9) (11,10) (11,11) (11,12) (11,13) (11,14) (11,15) (11,16) (12,0) (12,1) (12,2) (12,3) (12,4) (12,5) (12,6) (12,7) (12,8) (12,9) (12,10) (12,11) (12,12) (12,13) (12,14) (12,15) (12,16) (13,0) (13,1) (13,2) (13,3) (13,4) (13,5) (13,6) (13,7) (13,8) (13,9) (13,10) (13,11) (13,12) (13,13) (13,14) (13,15) (13,16) (14,0) (14,1) (14,2) (14,3) (14,4) (14,5) (14,6) (14,7) (14,8) (14,9) (14,10) (14,11) (14,12) (14,13) (14,14) (14,15) (14,16) (15,0) (15,1) (15,2) (15,3) (15,4) (15,5) (15,6) (15,7) (15,8) (15,9) (15,10) (15,11) (15,12) (15,13) (15,14) (15,15) (15,16) (16,0) (16,1) (16,2) (16,3) (16,4) (16,5) (16,6) (16,7) (16,8) (16,9) (16,10) (16,11) (16,12) (16,13) (16,14) (16,15) (16,16)   also met at 3 more region(s)
  O131 MM[O131] (1D) seats (0,0) (0,1) (0,2) (0,3) (0,4) (0,5) (0,6) (0,7) (0,8) (0,9) (0,10) (0,11) (0,12) (0,13) (0,14) (0,15) (0,16) (1,0) (1,1) (1,2) (1,3) (1,4) (1,5) (1,6) (1,7) (1,8) (1,9) (1,10) (1,11) (1,12) (1,13) (1,14) (1,15) (1,16) (2,0) (2,1) (2,2) (2,3) (2,4) (2,5) (2,6) (2,7) (2,8) (2,9) (2,10) (2,11) (2,12) (2,13) (2,14) (2,15) (2,16) (3,0) (3,1) (3,2) (3,3) (3,4) (3,5) (3,6) (3,7) (3,8) (3,9) (3,10) (3,11) (3,12) (3,13) (3,14) (3,15) (3,16) (4,0) (4,1) (4,2) (4,3) (4,4) (4,5) (4,6) (4,7) (4,8) (4,9) (4,10) (4,11) (4,12) (4,13) (4,14) (4,15) (4,16) (5,0) (5,1) (5,2) (5,3) (5,4) (5,5) (5,6) (5,7) (5,8) (5,9) (5,10) (5,11) (5,12) (6,0) (6,1) (6,2) (6,3) (6,4) (6,5) (6,6) (6,7) (6,8) (6,9) (6,10) (6,11) (6,12) (7,0) (7,1) (7,2) (7,3) (7,4) (7,5) (7,6) (7,7) (7,8) (7,9) (7,10) (7,11) (7,12) (8,0) (8,1) (8,2) (8,3) (8,4) (8,5) (8,6) (8,7) (8,8) (8,9) (8,10) (8,11) (8,12) (9,0) (9,1) (9,2) (9,3) (9,4) (9,5) (9,6) (9,7) (9,8) (9,9) (9,10) (9,11) (9,12) (10,0) (10,1) (10,2) (10,3) (10,4) (10,5) (10,6) (10,7) (10,8) (10,9) (10,10) (10,11) (10,12) (11,0) (11,1) (11,2) (11,3) (11,4) (11,5) (11,6) (11,7) (11,8) (11,9) (11,10) (11,11) (11,12) (12,0) (12,1) (12,2) (12,3) (12,4) (12,5) (12,6) (12,7) (12,8) (12,9) (12,10) (12,11) (12,12)   also met at 6 more region(s)
  O132 MM[O132] (1D) seats (0,0) (0,1) (0,2) (0,3) (0,4) (0,5) (0,6) (0,7) (0,8) (0,9) (0,10) (0,11) (0,12) (0,13) (0,14) (0,15) (0,16) (1,0) (1,1) (1,2) (1,3) (1,4) (1,5) (1,6) (1,7) (1,8) (1,9) (1,10) (1,11) (1,12) (1,13) (1,14) (1,15) (1,16) (2,0) (2,1) (2,2) (2,3) (2,4) (2,5) (2,6) (2,7) (2,8) (2,9) (2,10) (2,11) (2,12) (2,13) (2,14) (2,15) (2,16) (3,0) (3,1) (3,2) (3,3) (3,4) (3,5) (3,6) (3,7) (3,8) (3,9) (3,10) (3,11) (3,12) (3,13) (3,14) (3,15) (3,16) (4,0) (4,1) (4,2) (4,3) (4,4) (4,5) (4,6) (4,7) (4,8) (4,9) (4,10) (4,11) (4,12) (4,13) (4,14) (4,15) (4,16) (5,0) (5,1) (5,2) (5,3) (5,4) (5,5) (5,6) (5,7) (5,8) (5,9) (5,10) (5,11) (5,12) (6,0) (6,1) (6,2) (6,3) (6,4) (6,5) (6,6) (6,7) (6,8) (6,9) (6,10) (6,11) (6,12) (7,0) (7,1) (7,2) (7,3) (7,4) (7,5) (7,6) (7,7) (7,8) (7,9) (7,10) (7,11) (7,12) (8,0) (8,1) (8,2) (8,3) (8,4) (8,5) (8,6) (8,7) (8,8) (8,9) (8,10) (8,11) (8,12) (9,0) (9,1) (9,2) (9,3) (9,4) (9,5) (9,6) (9,7) (9,8) (9,9) (9,10) (9,11) (9,12) (10,0) (10,1) (10,2) (10,3) (10,4) (10,5) (10,6) (10,7) (10,8) (10,9) (10,10) (10,11) (10,12) (11,0) (11,1) (11,2) (11,3) (11,4) (11,5) (11,6) (11,7) (11,8) (11,9) (11,10) (11,11) (11,12) (12,0) (12,1) (12,2) (12,3) (12,4) (12,5) (12,6) (12,7) (12,8) (12,9) (12,10) (12,11) (12,12) (13,0) (13,1) (13,2) (13,3) (13,4) (13,5) (13,6) (13,7) (13,8) (13,9) (13,10) (13,11) (13,12) (14,0) (14,1) (14,2) (14,3) (14,4) (14,5) (14,6) (14,7) (14,8) (14,9) (14,10) (14,11) (14,12) (15,0) (15,1) (15,2) (15,3) (15,4) (15,5) (15,6) (15,7) (15,8) (15,9) (15,10) (15,11) (15,12) (16,0) (16,1) (16,2) (16,3) (16,4) (16,5) (16,6) (16,7) (16,8) (16,9) (16,10) (16,11) (16,12) (17,0) (17,1) (17,2) (17,3) (17,4) (17,5) (17,6) (17,7) (17,8) (17,9) (17,10) (17,11) (17,12) (18,0) (18,1) (18,2) (18,3) (18,4) (18,5) (18,6) (18,7) (18,8) (18,9) (18,10) (18,11) (18,12)   also met at 1 more region(s)
  O133 MM[O133] (1D) seats (0,0) (0,1) (0,2) (0,3) (0,4) (0,5) (0,6) (0,7) (0,8) (0,9) (0,10) (0,11) (0,12) (0,13) (0,14) (0,15) (0,16) (1,0) (1,1) (1,2) (1,3) (1,4) (1,5) (1,6) (1,7) (1,8) (1,9) (1,10) (1,11) (1,12) (1,13) (1,14) (1,15) (1,16) (2,0) (2,1) (2,2) (2,3) (2,4) (2,5) (2,6) (2,7) (2,8) (2,9) (2,10) (2,11) (2,12) (2,13) (2,14) (2,15) (2,16) (3,0) (3,1) (3,2) (3,3) (3,4) (3,5) (3,6) (3,7) (3,8) (3,9) (3,10) (3,11) (3,12) (3,13) (3,14) (3,15) (3,16) (4,0) (4,1) (4,2) (4,3) (4,4) (4,5) (4,6) (4,7) (4,8) (4,9) (4,10) (4,11) (4,12) (4,13) (4,14) (4,15) (4,16) (5,0) (5,1) (5,2) (5,3) (5,4) (5,5) (5,6) (5,7) (5,8) (5,9) (5,10) (5,11) (5,12) (6,0) (6,1) (6,2) (6,3) (6,4) (6,5) (6,6) (6,7) (6,8) (6,9) (6,10) (6,11) (6,12) (7,0) (7,1) (7,2) (7,3) (7,4) (7,5) (7,6) (7,7) (7,8) (7,9) (7,10) (7,11) (7,12) (8,0) (8,1) (8,2) (8,3) (8,4) (8,5) (8,6) (8,7) (8,8) (8,9) (8,10) (8,11) (8,12) (9,0) (9,1) (9,2) (9,3) (9,4) (9,5) (9,6) (9,7) (9,8) (9,9) (9,10) (9,11) (9,12) (10,0) (10,1) (10,2) (10,3) (10,4) (10,5) (10,6) (10,7) (10,8) (10,9) (10,10) (10,11) (10,12) (11,0) (11,1) (11,2) (11,3) (11,4) (11,5) (11,6) (11,7) (11,8) (11,9) (11,10) (11,11) (11,12) (12,0) (12,1) (12,2) (12,3) (12,4) (12,5) (12,6) (12,7) (12,8) (12,9) (12,10) (12,11) (12,12) (13,0) (13,1) (13,2) (13,3) (13,4) (13,5) (13,6) (13,7) (13,8) (13,9) (13,10) (13,11) (13,12) (14,0) (14,1) (14,2) (14,3) (14,4) (14,5) (14,6) (14,7) (14,8) (14,9) (14,10) (14,11) (14,12) (15,0) (15,1) (15,2) (15,3) (15,4) (15,5) (15,6) (15,7) (15,8) (15,9) (15,10) (15,11) (15,12) (16,0) (16,1) (16,2) (16,3) (16,4) (16,5) (16,6) (16,7) (16,8) (16,9) (16,10) (16,11) (16,12)   also met at 1 more region(s)
  O134 MM[O134] (1D) seats (0,0) (0,1) (0,2) (0,3) (0,4) (0,5) (0,6) (0,7) (0,8) (0,9) (0,10) (0,11) (0,12) (0,13) (0,14) (0,15) (0,16) (1,0) (1,1) (1,2) (1,3) (1,4) (1,5) (1,6) (1,7) (1,8) (1,9) (1,10) (1,11) (1,12) (1,13) (1,14) (1,15) (1,16) (2,0) (2,1) (2,2) (2,3) (2,4) (2,5) (2,6) (2,7) (2,8) (2,9) (2,10) (2,11) (2,12) (2,13) (2,14) (2,15) (2,16) (3,0) (3,1) (3,2) (3,3) (3,4) (3,5) (3,6) (3,7) (3,8) (3,9) (3,10) (3,11) (3,12) (3,13) (3,14) (3,15) (3,16) (4,0) (4,1) (4,2) (4,3) (4,4) (4,5) (4,6) (4,7) (4,8) (4,9) (4,10) (4,11) (4,12) (4,13) (4,14) (4,15) (4,16) (5,0) (5,1) (5,2) (5,3) (5,4) (5,5) (5,6) (5,7) (5,8) (5,9) (5,10) (6,0) (6,1) (6,2) (6,3) (6,4) (6,5) (6,6) (6,7) (6,8) (6,9) (6,10) (7,0) (7,1) (7,2) (7,3) (7,4) (7,5) (7,6) (7,7) (7,8) (7,9) (7,10) (8,0) (8,1) (8,2) (8,3) (8,4) (8,5) (8,6) (8,7) (8,8) (8,9) (8,10) (9,0) (9,1) (9,2) (9,3) (9,4) (9,5) (9,6) (9,7) (9,8) (9,9) (9,10) (10,0) (10,1) (10,2) (10,3) (10,4) (10,5) (10,6) (10,7) (10,8) (10,9) (10,10) (11,0) (11,1) (11,2) (11,3) (11,4) (11,5) (11,6) (11,7) (11,8) (11,9) (11,10) (12,0) (12,1) (12,2) (12,3) (12,4) (12,5) (12,6) (12,7) (12,8) (12,9) (12,10) (13,0) (13,1) (13,2) (13,3) (13,4) (13,5) (13,6) (13,7) (13,8) (13,9) (13,10) (14,0) (14,1) (14,2) (14,3) (14,4) (14,5) (14,6) (14,7) (14,8) (14,9) (14,10) (15,0) (15,1) (15,2) (15,3) (15,4) (15,5) (15,6) (15,7) (15,8) (15,9) (15,10) (16,0) (16,1) (16,2) (16,3) (16,4) (16,5) (16,6) (16,7) (16,8) (16,9) (16,10)   also met at 4 more region(s)
  O135 MM[O135] (1D) seats (0,0) (0,1) (0,2) (0,3) (0,4) (0,5) (0,6) (0,7) (0,8) (0,9) (0,10) (0,11) (0,12) (1,0) (1,1) (1,2) (1,3) (1,4) (1,5) (1,6) (1,7) (1,8) (1,9) (1,10) (1,11) (1,12) (2,0) (2,1) (2,2) (2,3) (2,4) (2,5) (2,6) (2,7) (2,8) (2,9) (2,10) (2,11) (2,12) (3,0) (3,1) (3,2) (3,3) (3,4) (3,5) (3,6) (3,7) (3,8) (3,9) (3,10) (3,11) (3,12) (4,0) (4,1) (4,2) (4,3) (4,4) (4,5) (4,6) (4,7) (4,8) (4,9) (4,10) (4,11) (4,12) (5,0) (5,1) (5,2) (5,3) (5,4) (5,5) (5,6) (5,7) (5,8) (5,9) (5,10) (5,11) (5,12) (6,0) (6,1) (6,2) (6,3) (6,4) (6,5) (6,6) (6,7) (6,8) (6,9) (6,10) (6,11) (6,12) (7,0) (7,1) (7,2) (7,3) (7,4) (7,5) (7,6) (8,0) (8,1) (8,2) (8,3) (8,4) (8,5) (8,6) (9,0) (9,1) (9,2) (9,3) (9,4) (9,5) (9,6) (10,0) (10,1) (10,2) (10,3) (10,4) (10,5) (10,6) (11,0) (11,1) (11,2) (11,3) (11,4) (11,5) (11,6) (12,0) (12,1) (12,2) (12,3) (12,4) (12,5) (12,6) (13,0) (13,1) (13,2) (13,3) (13,4) (13,5) (13,6) (14,0) (14,1) (14,2) (14,3) (14,4) (14,5) (14,6) (15,0) (15,1) (15,2) (15,3) (15,4) (15,5) (15,6) (16,0) (16,1) (16,2) (16,3) (16,4) (16,5) (16,6) (17,0) (17,1) (17,2) (17,3) (17,4) (17,5) (17,6) (18,0) (18,1) (18,2) (18,3) (18,4) (18,5) (18,6)   also met at 3 more region(s)
  O136 MM[O136] (1D) seats (0,0) (0,1) (0,2) (0,3) (0,4) (0,5) (0,6) (0,7) (0,8) (0,9) (0,10) (0,11) (0,12) (1,0) (1,1) (1,2) (1,3) (1,4) (1,5) (1,6) (1,7) (1,8) (1,9) (1,10) (1,11) (1,12) (2,0) (2,1) (2,2) (2,3) (2,4) (2,5) (2,6) (2,7) (2,8) (2,9) (2,10) (2,11) (2,12) (3,0) (3,1) (3,2) (3,3) (3,4) (3,5) (3,6) (3,7) (3,8) (3,9) (3,10) (3,11) (3,12) (4,0) (4,1) (4,2) (4,3) (4,4) (4,5) (4,6) (4,7) (4,8) (4,9) (4,10) (4,11) (4,12) (5,0) (5,1) (5,2) (5,3) (5,4) (5,5) (5,6) (5,7) (5,8) (5,9) (5,10) (5,11) (5,12) (6,0) (6,1) (6,2) (6,3) (6,4) (6,5) (6,6) (6,7) (6,8) (6,9) (6,10) (6,11) (6,12) (7,0) (7,1) (7,2) (7,3) (7,4) (7,5) (7,6) (7,7) (7,8) (7,9) (7,10) (8,0) (8,1) (8,2) (8,3) (8,4) (8,5) (8,6) (8,7) (8,8) (8,9) (8,10) (9,0) (9,1) (9,2) (9,3) (9,4) (9,5) (9,6) (9,7) (9,8) (9,9) (9,10) (10,0) (10,1) (10,2) (10,3) (10,4) (10,5) (10,6) (10,7) (10,8) (10,9) (10,10) (11,0) (11,1) (11,2) (11,3) (11,4) (11,5) (11,6) (11,7) (11,8) (11,9) (11,10) (12,0) (12,1) (12,2) (12,3) (12,4) (12,5) (12,6) (12,7) (12,8) (12,9) (12,10) (13,0) (13,1) (13,2) (13,3) (13,4) (13,5) (13,6) (13,7) (13,8) (13,9) (13,10) (14,0) (14,1) (14,2) (14,3) (14,4) (14,5) (14,6) (14,7) (14,8) (14,9) (14,10) (15,0) (15,1) (15,2) (15,3) (15,4) (15,5) (15,6) (15,7) (15,8) (15,9) (15,10) (16,0) (16,1) (16,2) (16,3) (16,4) (16,5) (16,6) (16,7) (16,8) (16,9) (16,10) (17,0) (17,1) (17,2) (17,3) (17,4) (17,5) (17,6) (17,7) (17,8) (17,9) (17,10) (18,0) (18,1) (18,2) (18,3) (18,4) (18,5) (18,6) (18,7) (18,8) (18,9) (18,10)   also met at 3 more region(s)
  O137 MM[O137] (1D) seats (0,0) (0,1) (0,2) (0,3) (0,4) (0,5) (0,6) (0,7) (0,8) (0,9) (0,10) (0,11) (0,12) (1,0) (1,1) (1,2) (1,3) (1,4) (1,5) (1,6) (1,7) (1,8) (1,9) (1,10) (1,11) (1,12) (2,0) (2,1) (2,2) (2,3) (2,4) (2,5) (2,6) (2,7) (2,8) (2,9) (2,10) (2,11) (2,12) (3,0) (3,1) (3,2) (3,3) (3,4) (3,5) (3,6) (3,7) (3,8) (3,9) (3,10) (3,11) (3,12) (4,0) (4,1) (4,2) (4,3) (4,4) (4,5) (4,6) (4,7) (4,8) (4,9) (4,10) (4,11) (4,12) (5,0) (5,1) (5,2) (5,3) (5,4) (5,5) (5,6) (5,7) (5,8) (5,9) (5,10) (5,11) (5,12) (6,0) (6,1) (6,2) (6,3) (6,4) (6,5) (6,6) (6,7) (6,8) (6,9) (6,10) (6,11) (6,12) (7,0) (7,1) (7,2) (7,3) (7,4) (7,5) (7,6) (7,7) (7,8) (7,9) (7,10) (8,0) (8,1) (8,2) (8,3) (8,4) (8,5) (8,6) (8,7) (8,8) (8,9) (8,10) (9,0) (9,1) (9,2) (9,3) (9,4) (9,5) (9,6) (9,7) (9,8) (9,9) (9,10) (10,0) (10,1) (10,2) (10,3) (10,4) (10,5) (10,6) (10,7) (10,8) (10,9) (10,10) (11,0) (11,1) (11,2) (11,3) (11,4) (11,5) (11,6) (11,7) (11,8) (11,9) (11,10) (12,0) (12,1) (12,2) (12,3) (12,4) (12,5) (12,6) (12,7) (12,8) (12,9) (12,10) (13,0) (13,1) (13,2) (13,3) (13,4) (13,5) (13,6) (13,7) (13,8) (13,9) (13,10) (14,0) (14,1) (14,2) (14,3) (14,4) (14,5) (14,6) (14,7) (14,8) (14,9) (14,10) (15,0) (15,1) (15,2) (15,3) (15,4) (15,5) (15,6) (15,7) (15,8) (15,9) (15,10) (16,0) (16,1) (16,2) (16,3) (16,4) (16,5) (16,6) (16,7) (16,8) (16,9) (16,10)   also met at 3 more region(s)
  O138 MM[O138] (1D) seats (0,0) (0,1) (0,2) (0,3) (0,4) (0,5) (0,6) (0,7) (0,8) (0,9) (0,10) (0,11) (0,12) (0,13) (0,14) (0,15) (0,16) (0,17) (0,18) (1,0) (1,1) (1,2) (1,3) (1,4) (1,5) (1,6) (1,7) (1,8) (1,9) (1,10) (1,11) (1,12) (1,13) (1,14) (1,15) (1,16) (1,17) (1,18) (2,0) (2,1) (2,2) (2,3) (2,4) (2,5) (2,6) (2,7) (2,8) (2,9) (2,10) (2,11) (2,12) (2,13) (2,14) (2,15) (2,16) (2,17) (2,18) (3,0) (3,1) (3,2) (3,3) (3,4) (3,5) (3,6) (3,7) (3,8) (3,9) (3,10) (3,11) (3,12) (3,13) (3,14) (3,15) (3,16) (3,17) (3,18) (4,0) (4,1) (4,2) (4,3) (4,4) (4,5) (4,6) (4,7) (4,8) (4,9) (4,10) (4,11) (4,12) (4,13) (4,14) (4,15) (4,16) (4,17) (4,18) (5,0) (5,1) (5,2) (5,3) (5,4) (5,5) (5,6) (5,7) (5,8) (5,9) (5,10) (5,11) (5,12) (5,13) (5,14) (5,15) (5,16) (5,17) (5,18) (6,0) (6,1) (6,2) (6,3) (6,4) (6,5) (6,6) (6,7) (6,8) (6,9) (6,10) (6,11) (6,12) (6,13) (6,14) (6,15) (6,16) (6,17) (6,18) (7,0) (7,1) (7,2) (7,3) (7,4) (7,5) (7,6) (7,7) (7,8) (7,9) (7,10) (7,11) (7,12) (7,13) (7,14) (7,15) (7,16) (8,0) (8,1) (8,2) (8,3) (8,4) (8,5) (8,6) (8,7) (8,8) (8,9) (8,10) (8,11) (8,12) (8,13) (8,14) (8,15) (8,16) (9,0) (9,1) (9,2) (9,3) (9,4) (9,5) (9,6) (9,7) (9,8) (9,9) (9,10) (9,11) (9,12) (9,13) (9,14) (9,15) (9,16) (10,0) (10,1) (10,2) (10,3) (10,4) (10,5) (10,6) (10,7) (10,8) (10,9) (10,10) (10,11) (10,12) (10,13) (10,14) (10,15) (10,16) (11,0) (11,1) (11,2) (11,3) (11,4) (11,5) (11,6) (11,7) (11,8) (11,9) (11,10) (11,11) (11,12) (11,13) (11,14) (11,15) (11,16) (12,0) (12,1) (12,2) (12,3) (12,4) (12,5) (12,6) (12,7) (12,8) (12,9) (12,10) (12,11) (12,12) (12,13) (12,14) (12,15) (12,16)   also met at 3 more region(s)
  O139 MM[O139] (1D) seats (0,0) (0,1) (0,2) (0,3) (0,4) (0,5) (0,6) (0,7) (0,8) (0,9) (0,10) (0,11) (0,12) (0,13) (0,14) (0,15) (0,16) (0,17) (0,18) (1,0) (1,1) (1,2) (1,3) (1,4) (1,5) (1,6) (1,7) (1,8) (1,9) (1,10) (1,11) (1,12) (1,13) (1,14) (1,15) (1,16) (1,17) (1,18) (2,0) (2,1) (2,2) (2,3) (2,4) (2,5) (2,6) (2,7) (2,8) (2,9) (2,10) (2,11) (2,12) (2,13) (2,14) (2,15) (2,16) (2,17) (2,18) (3,0) (3,1) (3,2) (3,3) (3,4) (3,5) (3,6) (3,7) (3,8) (3,9) (3,10) (3,11) (3,12) (3,13) (3,14) (3,15) (3,16) (3,17) (3,18) (4,0) (4,1) (4,2) (4,3) (4,4) (4,5) (4,6) (4,7) (4,8) (4,9) (4,10) (4,11) (4,12) (4,13) (4,14) (4,15) (4,16) (4,17) (4,18) (5,0) (5,1) (5,2) (5,3) (5,4) (5,5) (5,6) (5,7) (5,8) (5,9) (5,10) (5,11) (5,12) (5,13) (5,14) (5,15) (5,16) (5,17) (5,18) (6,0) (6,1) (6,2) (6,3) (6,4) (6,5) (6,6) (6,7) (6,8) (6,9) (6,10) (6,11) (6,12) (6,13) (6,14) (6,15) (6,16) (6,17) (6,18) (7,0) (7,1) (7,2) (7,3) (7,4) (7,5) (7,6) (7,7) (7,8) (7,9) (7,10) (7,11) (7,12) (7,13) (7,14) (7,15) (7,16) (8,0) (8,1) (8,2) (8,3) (8,4) (8,5) (8,6) (8,7) (8,8) (8,9) (8,10) (8,11) (8,12) (8,13) (8,14) (8,15) (8,16) (9,0) (9,1) (9,2) (9,3) (9,4) (9,5) (9,6) (9,7) (9,8) (9,9) (9,10) (9,11) (9,12) (9,13) (9,14) (9,15) (9,16) (10,0) (10,1) (10,2) (10,3) (10,4) (10,5) (10,6) (10,7) (10,8) (10,9) (10,10) (10,11) (10,12) (10,13) (10,14) (10,15) (10,16) (11,0) (11,1) (11,2) (11,3) (11,4) (11,5) (11,6) (11,7) (11,8) (11,9) (11,10) (11,11) (11,12) (11,13) (11,14) (11,15) (11,16) (12,0) (12,1) (12,2) (12,3) (12,4) (12,5) (12,6) (12,7) (12,8) (12,9) (12,10) (12,11) (12,12) (12,13) (12,14) (12,15) (12,16) (13,0) (13,1) (13,2) (13,3) (13,4) (13,5) (13,6) (13,7) (13,8) (13,9) (13,10) (13,11) (13,12) (13,13) (13,14) (13,15) (13,16) (14,0) (14,1) (14,2) (14,3) (14,4) (14,5) (14,6) (14,7) (14,8) (14,9) (14,10) (14,11) (14,12) (14,13) (14,14) (14,15) (14,16) (15,0) (15,1) (15,2) (15,3) (15,4) (15,5) (15,6) (15,7) (15,8) (15,9) (15,10) (15,11) (15,12) (15,13) (15,14) (15,15) (15,16) (16,0) (16,1) (16,2) (16,3) (16,4) (16,5) (16,6) (16,7) (16,8) (16,9) (16,10) (16,11) (16,12) (16,13) (16,14) (16,15) (16,16) (17,0) (17,1) (17,2) (17,3) (17,4) (17,5) (17,6) (17,7) (17,8) (17,9) (17,10) (17,11) (17,12) (17,13) (17,14) (17,15) (17,16) (18,0) (18,1) (18,2) (18,3) (18,4) (18,5) (18,6) (18,7) (18,8) (18,9) (18,10) (18,11) (18,12) (18,13) (18,14) (18,15) (18,16)   also met at 1 more region(s)
  O140 MM[O140] (1D) seats (0,0) (0,1) (0,2) (0,3) (0,4) (0,5) (0,6) (0,7) (0,8) (0,9) (0,10) (0,11) (0,12) (0,13) (0,14) (0,15) (0,16) (0,17) (0,18) (1,0) (1,1) (1,2) (1,3) (1,4) (1,5) (1,6) (1,7) (1,8) (1,9) (1,10) (1,11) (1,12) (1,13) (1,14) (1,15) (1,16) (1,17) (1,18) (2,0) (2,1) (2,2) (2,3) (2,4) (2,5) (2,6) (2,7) (2,8) (2,9) (2,10) (2,11) (2,12) (2,13) (2,14) (2,15) (2,16) (2,17) (2,18) (3,0) (3,1) (3,2) (3,3) (3,4) (3,5) (3,6) (3,7) (3,8) (3,9) (3,10) (3,11) (3,12) (3,13) (3,14) (3,15) (3,16) (3,17) (3,18) (4,0) (4,1) (4,2) (4,3) (4,4) (4,5) (4,6) (4,7) (4,8) (4,9) (4,10) (4,11) (4,12) (4,13) (4,14) (4,15) (4,16) (4,17) (4,18) (5,0) (5,1) (5,2) (5,3) (5,4) (5,5) (5,6) (5,7) (5,8) (5,9) (5,10) (5,11) (5,12) (5,13) (5,14) (5,15) (5,16) (5,17) (5,18) (6,0) (6,1) (6,2) (6,3) (6,4) (6,5) (6,6) (6,7) (6,8) (6,9) (6,10) (6,11) (6,12) (6,13) (6,14) (6,15) (6,16) (6,17) (6,18) (7,0) (7,1) (7,2) (7,3) (7,4) (7,5) (7,6) (7,7) (7,8) (7,9) (7,10) (7,11) (7,12) (8,0) (8,1) (8,2) (8,3) (8,4) (8,5) (8,6) (8,7) (8,8) (8,9) (8,10) (8,11) (8,12) (9,0) (9,1) (9,2) (9,3) (9,4) (9,5) (9,6) (9,7) (9,8) (9,9) (9,10) (9,11) (9,12) (10,0) (10,1) (10,2) (10,3) (10,4) (10,5) (10,6) (10,7) (10,8) (10,9) (10,10) (10,11) (10,12)   also met at 3 more region(s)
  O141 MM[O141] (1D) seats (0,0) (0,1) (0,2) (0,3) (0,4) (0,5) (0,6) (0,7) (0,8) (0,9) (0,10) (0,11) (0,12) (0,13) (0,14) (0,15) (0,16) (0,17) (0,18) (1,0) (1,1) (1,2) (1,3) (1,4) (1,5) (1,6) (1,7) (1,8) (1,9) (1,10) (1,11) (1,12) (1,13) (1,14) (1,15) (1,16) (1,17) (1,18) (2,0) (2,1) (2,2) (2,3) (2,4) (2,5) (2,6) (2,7) (2,8) (2,9) (2,10) (2,11) (2,12) (2,13) (2,14) (2,15) (2,16) (2,17) (2,18) (3,0) (3,1) (3,2) (3,3) (3,4) (3,5) (3,6) (3,7) (3,8) (3,9) (3,10) (3,11) (3,12) (3,13) (3,14) (3,15) (3,16) (3,17) (3,18) (4,0) (4,1) (4,2) (4,3) (4,4) (4,5) (4,6) (4,7) (4,8) (4,9) (4,10) (4,11) (4,12) (4,13) (4,14) (4,15) (4,16) (4,17) (4,18) (5,0) (5,1) (5,2) (5,3) (5,4) (5,5) (5,6) (5,7) (5,8) (5,9) (5,10) (5,11) (5,12) (5,13) (5,14) (5,15) (5,16) (5,17) (5,18) (6,0) (6,1) (6,2) (6,3) (6,4) (6,5) (6,6) (6,7) (6,8) (6,9) (6,10) (6,11) (6,12) (6,13) (6,14) (6,15) (6,16) (6,17) (6,18) (7,0) (7,1) (7,2) (7,3) (7,4) (7,5) (7,6) (7,7) (7,8) (7,9) (7,10) (7,11) (7,12) (8,0) (8,1) (8,2) (8,3) (8,4) (8,5) (8,6) (8,7) (8,8) (8,9) (8,10) (8,11) (8,12) (9,0) (9,1) (9,2) (9,3) (9,4) (9,5) (9,6) (9,7) (9,8) (9,9) (9,10) (9,11) (9,12) (10,0) (10,1) (10,2) (10,3) (10,4) (10,5) (10,6) (10,7) (10,8) (10,9) (10,10) (10,11) (10,12) (11,0) (11,1) (11,2) (11,3) (11,4) (11,5) (11,6) (11,7) (11,8) (11,9) (11,10) (11,11) (11,12) (12,0) (12,1) (12,2) (12,3) (12,4) (12,5) (12,6) (12,7) (12,8) (12,9) (12,10) (12,11) (12,12) (13,0) (13,1) (13,2) (13,3) (13,4) (13,5) (13,6) (13,7) (13,8) (13,9) (13,10) (13,11) (13,12) (14,0) (14,1) (14,2) (14,3) (14,4) (14,5) (14,6) (14,7) (14,8) (14,9) (14,10) (14,11) (14,12) (15,0) (15,1) (15,2) (15,3) (15,4) (15,5) (15,6) (15,7) (15,8) (15,9) (15,10) (15,11) (15,12) (16,0) (16,1) (16,2) (16,3) (16,4) (16,5) (16,6) (16,7) (16,8) (16,9) (16,10) (16,11) (16,12)   also met at 1 more region(s)
  O142 MM[O142] (1D) seats (0,0) (0,1) (0,2) (0,3) (0,4) (0,5) (0,6) (0,7) (0,8) (0,9) (0,10) (0,11) (0,12) (0,13) (0,14) (0,15) (0,16) (0,17) (0,18) (1,0) (1,1) (1,2) (1,3) (1,4) (1,5) (1,6) (1,7) (1,8) (1,9) (1,10) (1,11) (1,12) (1,13) (1,14) (1,15) (1,16) (1,17) (1,18) (2,0) (2,1) (2,2) (2,3) (2,4) (2,5) (2,6) (2,7) (2,8) (2,9) (2,10) (2,11) (2,12) (2,13) (2,14) (2,15) (2,16) (2,17) (2,18) (3,0) (3,1) (3,2) (3,3) (3,4) (3,5) (3,6) (3,7) (3,8) (3,9) (3,10) (3,11) (3,12) (3,13) (3,14) (3,15) (3,16) (3,17) (3,18) (4,0) (4,1) (4,2) (4,3) (4,4) (4,5) (4,6) (4,7) (4,8) (4,9) (4,10) (4,11) (4,12) (4,13) (4,14) (4,15) (4,16) (4,17) (4,18) (5,0) (5,1) (5,2) (5,3) (5,4) (5,5) (5,6) (5,7) (5,8) (5,9) (5,10) (5,11) (5,12) (5,13) (5,14) (5,15) (5,16) (5,17) (5,18) (6,0) (6,1) (6,2) (6,3) (6,4) (6,5) (6,6) (6,7) (6,8) (6,9) (6,10) (6,11) (6,12) (6,13) (6,14) (6,15) (6,16) (6,17) (6,18) (7,0) (7,1) (7,2) (7,3) (7,4) (7,5) (7,6) (7,7) (7,8) (7,9) (7,10) (8,0) (8,1) (8,2) (8,3) (8,4) (8,5) (8,6) (8,7) (8,8) (8,9) (8,10) (9,0) (9,1) (9,2) (9,3) (9,4) (9,5) (9,6) (9,7) (9,8) (9,9) (9,10) (10,0) (10,1) (10,2) (10,3) (10,4) (10,5) (10,6) (10,7) (10,8) (10,9) (10,10) (11,0) (11,1) (11,2) (11,3) (11,4) (11,5) (11,6) (11,7) (11,8) (11,9) (11,10) (12,0) (12,1) (12,2) (12,3) (12,4) (12,5) (12,6) (12,7) (12,8) (12,9) (12,10) (13,0) (13,1) (13,2) (13,3) (13,4) (13,5) (13,6) (13,7) (13,8) (13,9) (13,10) (14,0) (14,1) (14,2) (14,3) (14,4) (14,5) (14,6) (14,7) (14,8) (14,9) (14,10) (15,0) (15,1) (15,2) (15,3) (15,4) (15,5) (15,6) (15,7) (15,8) (15,9) (15,10) (16,0) (16,1) (16,2) (16,3) (16,4) (16,5) (16,6) (16,7) (16,8) (16,9) (16,10)   also met at 3 more region(s)
  O143 MM[O143] (1D) seats (0,0) (0,1) (0,2) (0,3) (0,4) (0,5) (0,6) (0,7) (0,8) (0,9) (0,10) (0,11) (0,12) (0,13) (0,14) (0,15) (0,16) (0,17) (0,18) (1,0) (1,1) (1,2) (1,3) (1,4) (1,5) (1,6) (1,7) (1,8) (1,9) (1,10) (1,11) (1,12) (1,13) (1,14) (1,15) (1,16) (1,17) (1,18) (2,0) (2,1) (2,2) (2,3) (2,4) (2,5) (2,6) (2,7) (2,8) (2,9) (2,10) (2,11) (2,12) (2,13) (2,14) (2,15) (2,16) (2,17) (2,18) (3,0) (3,1) (3,2) (3,3) (3,4) (3,5) (3,6) (3,7) (3,8) (3,9) (3,10) (3,11) (3,12) (3,13) (3,14) (3,15) (3,16) (3,17) (3,18) (4,0) (4,1) (4,2) (4,3) (4,4) (4,5) (4,6) (4,7) (4,8) (4,9) (4,10) (4,11) (4,12) (4,13) (4,14) (4,15) (4,16) (4,17) (4,18) (5,0) (5,1) (5,2) (5,3) (5,4) (5,5) (5,6) (5,7) (5,8) (5,9) (5,10) (5,11) (5,12) (5,13) (5,14) (5,15) (5,16) (5,17) (5,18) (6,0) (6,1) (6,2) (6,3) (6,4) (6,5) (6,6) (6,7) (6,8) (6,9) (6,10) (6,11) (6,12) (6,13) (6,14) (6,15) (6,16) (6,17) (6,18) (7,0) (7,1) (7,2) (7,3) (7,4) (7,5) (7,6) (7,7) (7,8) (7,9) (7,10) (7,11) (7,12) (7,13) (7,14) (7,15) (7,16) (8,0) (8,1) (8,2) (8,3) (8,4) (8,5) (8,6) (8,7) (8,8) (8,9) (8,10) (8,11) (8,12) (8,13) (8,14) (8,15) (8,16) (9,0) (9,1) (9,2) (9,3) (9,4) (9,5) (9,6) (9,7) (9,8) (9,9) (9,10) (9,11) (9,12) (9,13) (9,14) (9,15) (9,16) (10,0) (10,1) (10,2) (10,3) (10,4) (10,5) (10,6) (10,7) (10,8) (10,9) (10,10) (10,11) (10,12) (10,13) (10,14) (10,15) (10,16) (11,0) (11,1) (11,2) (11,3) (11,4) (11,5) (11,6) (11,7) (11,8) (11,9) (11,10) (11,11) (11,12) (11,13) (11,14) (11,15) (11,16) (12,0) (12,1) (12,2) (12,3) (12,4) (12,5) (12,6) (12,7) (12,8) (12,9) (12,10) (12,11) (12,12) (12,13) (12,14) (12,15) (12,16) (13,0) (13,1) (13,2) (13,3) (13,4) (13,5) (13,6) (13,7) (13,8) (13,9) (13,10) (13,11) (13,12) (13,13) (13,14) (13,15) (13,16) (14,0) (14,1) (14,2) (14,3) (14,4) (14,5) (14,6) (14,7) (14,8) (14,9) (14,10) (14,11) (14,12) (14,13) (14,14) (14,15) (14,16) (15,0) (15,1) (15,2) (15,3) (15,4) (15,5) (15,6) (15,7) (15,8) (15,9) (15,10) (15,11) (15,12) (15,13) (15,14) (15,15) (15,16) (16,0) (16,1) (16,2) (16,3) (16,4) (16,5) (16,6) (16,7) (16,8) (16,9) (16,10) (16,11) (16,12) (16,13) (16,14) (16,15) (16,16)   also met at 1 more region(s)
  O144 MM[O144] (1D) seats (0,0) (0,1) (0,2) (0,3) (0,4) (0,5) (0,6) (0,7) (0,8) (0,9) (0,10) (0,11) (0,12) (0,13) (0,14) (0,15) (0,16) (1,0) (1,1) (1,2) (1,3) (1,4) (1,5) (1,6) (1,7) (1,8) (1,9) (1,10) (1,11) (1,12) (1,13) (1,14) (1,15) (1,16) (2,0) (2,1) (2,2) (2,3) (2,4) (2,5) (2,6) (2,7) (2,8) (2,9) (2,10) (2,11) (2,12) (2,13) (2,14) (2,15) (2,16) (3,0) (3,1) (3,2) (3,3) (3,4) (3,5) (3,6) (3,7) (3,8) (3,9) (3,10) (3,11) (3,12) (3,13) (3,14) (3,15) (3,16) (4,0) (4,1) (4,2) (4,3) (4,4) (4,5) (4,6) (4,7) (4,8) (4,9) (4,10) (4,11) (4,12) (4,13) (4,14) (4,15) (4,16) (5,0) (5,1) (5,2) (5,3) (5,4) (5,5) (5,6) (5,7) (5,8) (5,9) (5,10) (5,11) (5,12) (5,13) (5,14) (5,15) (5,16) (6,0) (6,1) (6,2) (6,3) (6,4) (6,5) (6,6) (6,7) (6,8) (6,9) (6,10) (6,11) (6,12) (6,13) (6,14) (6,15) (6,16) (7,0) (7,1) (7,2) (7,3) (7,4) (7,5) (7,6) (7,7) (7,8) (7,9) (7,10) (7,11) (7,12) (8,0) (8,1) (8,2) (8,3) (8,4) (8,5) (8,6) (8,7) (8,8) (8,9) (8,10) (8,11) (8,12) (9,0) (9,1) (9,2) (9,3) (9,4) (9,5) (9,6) (9,7) (9,8) (9,9) (9,10) (9,11) (9,12) (10,0) (10,1) (10,2) (10,3) (10,4) (10,5) (10,6) (10,7) (10,8) (10,9) (10,10) (10,11) (10,12) (11,0) (11,1) (11,2) (11,3) (11,4) (11,5) (11,6) (11,7) (11,8) (11,9) (11,10) (11,11) (11,12) (12,0) (12,1) (12,2) (12,3) (12,4) (12,5) (12,6) (12,7) (12,8) (12,9) (12,10) (12,11) (12,12) (13,0) (13,1) (13,2) (13,3) (13,4) (13,5) (13,6) (13,7) (13,8) (13,9) (13,10) (13,11) (13,12) (14,0) (14,1) (14,2) (14,3) (14,4) (14,5) (14,6) (14,7) (14,8) (14,9) (14,10) (14,11) (14,12) (15,0) (15,1) (15,2) (15,3) (15,4) (15,5) (15,6) (15,7) (15,8) (15,9) (15,10) (15,11) (15,12) (16,0) (16,1) (16,2) (16,3) (16,4) (16,5) (16,6) (16,7) (16,8) (16,9) (16,10) (16,11) (16,12) (17,0) (17,1) (17,2) (17,3) (17,4) (17,5) (17,6) (17,7) (17,8) (17,9) (17,10) (17,11) (17,12) (18,0) (18,1) (18,2) (18,3) (18,4) (18,5) (18,6) (18,7) (18,8) (18,9) (18,10) (18,11) (18,12)   also met at 3 more region(s)
  O145 MM[O145] (1D) seats (0,0) (0,1) (0,2) (0,3) (0,4) (0,5) (0,6) (0,7) (0,8) (0,9) (0,10) (0,11) (0,12) (0,13) (0,14) (0,15) (0,16) (1,0) (1,1) (1,2) (1,3) (1,4) (1,5) (1,6) (1,7) (1,8) (1,9) (1,10) (1,11) (1,12) (1,13) (1,14) (1,15) (1,16) (2,0) (2,1) (2,2) (2,3) (2,4) (2,5) (2,6) (2,7) (2,8) (2,9) (2,10) (2,11) (2,12) (2,13) (2,14) (2,15) (2,16) (3,0) (3,1) (3,2) (3,3) (3,4) (3,5) (3,6) (3,7) (3,8) (3,9) (3,10) (3,11) (3,12) (3,13) (3,14) (3,15) (3,16) (4,0) (4,1) (4,2) (4,3) (4,4) (4,5) (4,6) (4,7) (4,8) (4,9) (4,10) (4,11) (4,12) (4,13) (4,14) (4,15) (4,16) (5,0) (5,1) (5,2) (5,3) (5,4) (5,5) (5,6) (5,7) (5,8) (5,9) (5,10) (5,11) (5,12) (5,13) (5,14) (5,15) (5,16) (6,0) (6,1) (6,2) (6,3) (6,4) (6,5) (6,6) (6,7) (6,8) (6,9) (6,10) (6,11) (6,12) (6,13) (6,14) (6,15) (6,16) (7,0) (7,1) (7,2) (7,3) (7,4) (7,5) (7,6) (7,7) (7,8) (7,9) (7,10) (7,11) (7,12) (8,0) (8,1) (8,2) (8,3) (8,4) (8,5) (8,6) (8,7) (8,8) (8,9) (8,10) (8,11) (8,12) (9,0) (9,1) (9,2) (9,3) (9,4) (9,5) (9,6) (9,7) (9,8) (9,9) (9,10) (9,11) (9,12) (10,0) (10,1) (10,2) (10,3) (10,4) (10,5) (10,6) (10,7) (10,8) (10,9) (10,10) (10,11) (10,12)   also met at 1 more region(s)
  O146 MM[O146] (1D) seats (0,0) (0,1) (0,2) (0,3) (0,4) (0,5) (0,6) (0,7) (0,8) (0,9) (0,10) (0,11) (0,12) (0,13) (0,14) (0,15) (0,16) (0,17) (0,18) (1,0) (1,1) (1,2) (1,3) (1,4) (1,5) (1,6) (1,7) (1,8) (1,9) (1,10) (1,11) (1,12) (1,13) (1,14) (1,15) (1,16) (1,17) (1,18) (2,0) (2,1) (2,2) (2,3) (2,4) (2,5) (2,6) (2,7) (2,8) (2,9) (2,10) (2,11) (2,12) (2,13) (2,14) (2,15) (2,16) (2,17) (2,18) (3,0) (3,1) (3,2) (3,3) (3,4) (3,5) (3,6) (3,7) (3,8) (3,9) (3,10) (3,11) (3,12) (3,13) (3,14) (3,15) (3,16) (3,17) (3,18) (4,0) (4,1) (4,2) (4,3) (4,4) (4,5) (4,6) (4,7) (4,8) (4,9) (4,10) (4,11) (4,12) (4,13) (4,14) (4,15) (4,16) (4,17) (4,18) (5,0) (5,1) (5,2) (5,3) (5,4) (5,5) (5,6) (5,7) (5,8) (5,9) (5,10) (5,11) (5,12) (5,13) (5,14) (5,15) (5,16) (5,17) (5,18) (6,0) (6,1) (6,2) (6,3) (6,4) (6,5) (6,6) (6,7) (6,8) (6,9) (6,10) (6,11) (6,12) (6,13) (6,14) (6,15) (6,16) (6,17) (6,18) (7,0) (7,1) (7,2) (7,3) (7,4) (7,5) (7,6) (7,7) (7,8) (7,9) (7,10) (7,11) (7,12) (7,13) (7,14) (7,15) (7,16) (7,17) (7,18) (8,0) (8,1) (8,2) (8,3) (8,4) (8,5) (8,6) (8,7) (8,8) (8,9) (8,10) (8,11) (8,12) (8,13) (8,14) (8,15) (8,16) (8,17) (8,18) (9,0) (9,1) (9,2) (9,3) (9,4) (9,5) (9,6) (9,7) (9,8) (9,9) (9,10) (9,11) (9,12) (9,13) (9,14) (9,15) (9,16) (9,17) (9,18) (10,0) (10,1) (10,2) (10,3) (10,4) (10,5) (10,6) (10,7) (10,8) (10,9) (10,10) (10,11) (10,12) (10,13) (10,14) (10,15) (10,16) (10,17) (10,18) (11,0) (11,1) (11,2) (11,3) (11,4) (11,5) (11,6) (11,7) (11,8) (11,9) (11,10) (11,11) (11,12) (11,13) (11,14) (11,15) (11,16) (11,17) (11,18) (12,0) (12,1) (12,2) (12,3) (12,4) (12,5) (12,6) (12,7) (12,8) (12,9) (12,10) (12,11) (12,12) (12,13) (12,14) (12,15) (12,16) (12,17) (12,18) (13,0) (13,1) (13,2) (13,3) (13,4) (13,5) (13,6) (13,7) (13,8) (13,9) (13,10) (13,11) (13,12) (14,0) (14,1) (14,2) (14,3) (14,4) (14,5) (14,6) (14,7) (14,8) (14,9) (14,10) (14,11) (14,12) (15,0) (15,1) (15,2) (15,3) (15,4) (15,5) (15,6) (15,7) (15,8) (15,9) (15,10) (15,11) (15,12) (16,0) (16,1) (16,2) (16,3) (16,4) (16,5) (16,6) (16,7) (16,8) (16,9) (16,10) (16,11) (16,12) (17,0) (17,1) (17,2) (17,3) (17,4) (17,5) (17,6) (17,7) (17,8) (17,9) (17,10) (17,11) (17,12) (18,0) (18,1) (18,2) (18,3) (18,4) (18,5) (18,6) (18,7) (18,8) (18,9) (18,10) (18,11) (18,12)   also met at 2 more region(s)
  O147 MM[O147] (1D) seats (0,0) (0,1) (0,2) (0,3) (0,4) (0,5) (0,6) (0,7) (0,8) (0,9) (0,10) (0,11) (0,12) (0,13) (0,14) (0,15) (0,16) (0,17) (0,18) (1,0) (1,1) (1,2) (1,3) (1,4) (1,5) (1,6) (1,7) (1,8) (1,9) (1,10) (1,11) (1,12) (1,13) (1,14) (1,15) (1,16) (1,17) (1,18) (2,0) (2,1) (2,2) (2,3) (2,4) (2,5) (2,6) (2,7) (2,8) (2,9) (2,10) (2,11) (2,12) (2,13) (2,14) (2,15) (2,16) (2,17) (2,18) (3,0) (3,1) (3,2) (3,3) (3,4) (3,5) (3,6) (3,7) (3,8) (3,9) (3,10) (3,11) (3,12) (3,13) (3,14) (3,15) (3,16) (3,17) (3,18) (4,0) (4,1) (4,2) (4,3) (4,4) (4,5) (4,6) (4,7) (4,8) (4,9) (4,10) (4,11) (4,12) (4,13) (4,14) (4,15) (4,16) (4,17) (4,18) (5,0) (5,1) (5,2) (5,3) (5,4) (5,5) (5,6) (5,7) (5,8) (5,9) (5,10) (5,11) (5,12) (5,13) (5,14) (5,15) (5,16) (5,17) (5,18) (6,0) (6,1) (6,2) (6,3) (6,4) (6,5) (6,6) (6,7) (6,8) (6,9) (6,10) (6,11) (6,12) (6,13) (6,14) (6,15) (6,16) (6,17) (6,18) (7,0) (7,1) (7,2) (7,3) (7,4) (7,5) (7,6) (7,7) (7,8) (7,9) (7,10) (7,11) (7,12) (7,13) (7,14) (7,15) (7,16) (7,17) (7,18) (8,0) (8,1) (8,2) (8,3) (8,4) (8,5) (8,6) (8,7) (8,8) (8,9) (8,10) (8,11) (8,12) (8,13) (8,14) (8,15) (8,16) (8,17) (8,18) (9,0) (9,1) (9,2) (9,3) (9,4) (9,5) (9,6) (9,7) (9,8) (9,9) (9,10) (9,11) (9,12) (9,13) (9,14) (9,15) (9,16) (9,17) (9,18) (10,0) (10,1) (10,2) (10,3) (10,4) (10,5) (10,6) (10,7) (10,8) (10,9) (10,10) (10,11) (10,12) (10,13) (10,14) (10,15) (10,16) (10,17) (10,18) (11,0) (11,1) (11,2) (11,3) (11,4) (11,5) (11,6) (11,7) (11,8) (11,9) (11,10) (11,11) (11,12) (11,13) (11,14) (11,15) (11,16) (11,17) (11,18) (12,0) (12,1) (12,2) (12,3) (12,4) (12,5) (12,6) (12,7) (12,8) (12,9) (12,10) (12,11) (12,12) (12,13) (12,14) (12,15) (12,16) (12,17) (12,18) (13,0) (13,1) (13,2) (13,3) (13,4) (13,5) (13,6) (13,7) (13,8) (13,9) (13,10) (14,0) (14,1) (14,2) (14,3) (14,4) (14,5) (14,6) (14,7) (14,8) (14,9) (14,10) (15,0) (15,1) (15,2) (15,3) (15,4) (15,5) (15,6) (15,7) (15,8) (15,9) (15,10) (16,0) (16,1) (16,2) (16,3) (16,4) (16,5) (16,6) (16,7) (16,8) (16,9) (16,10) (17,0) (17,1) (17,2) (17,3) (17,4) (17,5) (17,6) (17,7) (17,8) (17,9) (17,10) (18,0) (18,1) (18,2) (18,3) (18,4) (18,5) (18,6) (18,7) (18,8) (18,9) (18,10)   also met at 1 more region(s)
  O148 MM[O148] (1D) seats (0,0) (0,1) (0,2) (0,3) (0,4) (0,5) (0,6) (0,7) (0,8) (0,9) (0,10) (0,11) (0,12) (0,13) (0,14) (0,15) (0,16) (0,17) (0,18) (1,0) (1,1) (1,2) (1,3) (1,4) (1,5) (1,6) (1,7) (1,8) (1,9) (1,10) (1,11) (1,12) (1,13) (1,14) (1,15) (1,16) (1,17) (1,18) (2,0) (2,1) (2,2) (2,3) (2,4) (2,5) (2,6) (2,7) (2,8) (2,9) (2,10) (2,11) (2,12) (2,13) (2,14) (2,15) (2,16) (2,17) (2,18) (3,0) (3,1) (3,2) (3,3) (3,4) (3,5) (3,6) (3,7) (3,8) (3,9) (3,10) (3,11) (3,12) (3,13) (3,14) (3,15) (3,16) (3,17) (3,18) (4,0) (4,1) (4,2) (4,3) (4,4) (4,5) (4,6) (4,7) (4,8) (4,9) (4,10) (4,11) (4,12) (4,13) (4,14) (4,15) (4,16) (4,17) (4,18) (5,0) (5,1) (5,2) (5,3) (5,4) (5,5) (5,6) (5,7) (5,8) (5,9) (5,10) (5,11) (5,12) (5,13) (5,14) (5,15) (5,16) (5,17) (5,18) (6,0) (6,1) (6,2) (6,3) (6,4) (6,5) (6,6) (6,7) (6,8) (6,9) (6,10) (6,11) (6,12) (6,13) (6,14) (6,15) (6,16) (6,17) (6,18) (7,0) (7,1) (7,2) (7,3) (7,4) (7,5) (7,6) (7,7) (7,8) (7,9) (7,10) (7,11) (7,12) (7,13) (7,14) (7,15) (7,16) (7,17) (7,18) (8,0) (8,1) (8,2) (8,3) (8,4) (8,5) (8,6) (8,7) (8,8) (8,9) (8,10) (8,11) (8,12) (8,13) (8,14) (8,15) (8,16) (8,17) (8,18) (9,0) (9,1) (9,2) (9,3) (9,4) (9,5) (9,6) (9,7) (9,8) (9,9) (9,10) (9,11) (9,12) (9,13) (9,14) (9,15) (9,16) (9,17) (9,18) (10,0) (10,1) (10,2) (10,3) (10,4) (10,5) (10,6) (10,7) (10,8) (10,9) (10,10) (10,11) (10,12) (10,13) (10,14) (10,15) (10,16) (10,17) (10,18) (11,0) (11,1) (11,2) (11,3) (11,4) (11,5) (11,6) (11,7) (11,8) (11,9) (11,10) (11,11) (11,12) (11,13) (11,14) (11,15) (11,16) (11,17) (11,18) (12,0) (12,1) (12,2) (12,3) (12,4) (12,5) (12,6) (12,7) (12,8) (12,9) (12,10) (12,11) (12,12) (12,13) (12,14) (12,15) (12,16) (12,17) (12,18) (13,0) (13,1) (13,2) (13,3) (13,4) (13,5) (13,6) (13,7) (13,8) (13,9) (13,10) (13,11) (13,12) (13,13) (13,14) (13,15) (13,16) (14,0) (14,1) (14,2) (14,3) (14,4) (14,5) (14,6) (14,7) (14,8) (14,9) (14,10) (14,11) (14,12) (14,13) (14,14) (14,15) (14,16) (15,0) (15,1) (15,2) (15,3) (15,4) (15,5) (15,6) (15,7) (15,8) (15,9) (15,10) (15,11) (15,12) (15,13) (15,14) (15,15) (15,16) (16,0) (16,1) (16,2) (16,3) (16,4) (16,5) (16,6) (16,7) (16,8) (16,9) (16,10) (16,11) (16,12) (16,13) (16,14) (16,15) (16,16) (17,0) (17,1) (17,2) (17,3) (17,4) (17,5) (17,6) (17,7) (17,8) (17,9) (17,10) (17,11) (17,12) (17,13) (17,14) (17,15) (17,16) (18,0) (18,1) (18,2) (18,3) (18,4) (18,5) (18,6) (18,7) (18,8) (18,9) (18,10) (18,11) (18,12) (18,13) (18,14) (18,15) (18,16)   also met at 1 more region(s)
  O149 MM[O149] (1D) seats (0,0) (0,1) (0,2) (0,3) (0,4) (0,5) (0,6) (0,7) (0,8) (0,9) (0,10) (0,11) (0,12) (0,13) (0,14) (0,15) (0,16) (0,17) (0,18) (1,0) (1,1) (1,2) (1,3) (1,4) (1,5) (1,6) (1,7) (1,8) (1,9) (1,10) (1,11) (1,12) (1,13) (1,14) (1,15) (1,16) (1,17) (1,18) (2,0) (2,1) (2,2) (2,3) (2,4) (2,5) (2,6) (2,7) (2,8) (2,9) (2,10) (2,11) (2,12) (2,13) (2,14) (2,15) (2,16) (2,17) (2,18) (3,0) (3,1) (3,2) (3,3) (3,4) (3,5) (3,6) (3,7) (3,8) (3,9) (3,10) (3,11) (3,12) (3,13) (3,14) (3,15) (3,16) (3,17) (3,18) (4,0) (4,1) (4,2) (4,3) (4,4) (4,5) (4,6) (4,7) (4,8) (4,9) (4,10) (4,11) (4,12) (4,13) (4,14) (4,15) (4,16) (4,17) (4,18) (5,0) (5,1) (5,2) (5,3) (5,4) (5,5) (5,6) (5,7) (5,8) (5,9) (5,10) (5,11) (5,12) (5,13) (5,14) (5,15) (5,16) (5,17) (5,18) (6,0) (6,1) (6,2) (6,3) (6,4) (6,5) (6,6) (6,7) (6,8) (6,9) (6,10) (6,11) (6,12) (6,13) (6,14) (6,15) (6,16) (6,17) (6,18) (7,0) (7,1) (7,2) (7,3) (7,4) (7,5) (7,6) (7,7) (7,8) (7,9) (7,10) (7,11) (7,12) (7,13) (7,14) (7,15) (7,16) (7,17) (7,18) (8,0) (8,1) (8,2) (8,3) (8,4) (8,5) (8,6) (8,7) (8,8) (8,9) (8,10) (8,11) (8,12) (8,13) (8,14) (8,15) (8,16) (8,17) (8,18) (9,0) (9,1) (9,2) (9,3) (9,4) (9,5) (9,6) (9,7) (9,8) (9,9) (9,10) (9,11) (9,12) (9,13) (9,14) (9,15) (9,16) (9,17) (9,18) (10,0) (10,1) (10,2) (10,3) (10,4) (10,5) (10,6) (10,7) (10,8) (10,9) (10,10) (10,11) (10,12) (10,13) (10,14) (10,15) (10,16) (10,17) (10,18) (11,0) (11,1) (11,2) (11,3) (11,4) (11,5) (11,6) (11,7) (11,8) (11,9) (11,10) (11,11) (11,12) (11,13) (11,14) (11,15) (11,16) (11,17) (11,18) (12,0) (12,1) (12,2) (12,3) (12,4) (12,5) (12,6) (12,7) (12,8) (12,9) (12,10) (12,11) (12,12) (12,13) (12,14) (12,15) (12,16) (12,17) (12,18) (13,0) (13,1) (13,2) (13,3) (13,4) (13,5) (13,6) (13,7) (13,8) (13,9) (13,10) (14,0) (14,1) (14,2) (14,3) (14,4) (14,5) (14,6) (14,7) (14,8) (14,9) (14,10) (15,0) (15,1) (15,2) (15,3) (15,4) (15,5) (15,6) (15,7) (15,8) (15,9) (15,10) (16,0) (16,1) (16,2) (16,3) (16,4) (16,5) (16,6) (16,7) (16,8) (16,9) (16,10)   also met at 3 more region(s)
  O150 MM[O150] (1D) seats (0,0) (0,1) (0,2) (0,3) (0,4) (0,5) (0,6) (0,7) (0,8) (0,9) (0,10) (0,11) (0,12) (0,13) (0,14) (0,15) (0,16) (0,17) (0,18) (1,0) (1,1) (1,2) (1,3) (1,4) (1,5) (1,6) (1,7) (1,8) (1,9) (1,10) (1,11) (1,12) (1,13) (1,14) (1,15) (1,16) (1,17) (1,18) (2,0) (2,1) (2,2) (2,3) (2,4) (2,5) (2,6) (2,7) (2,8) (2,9) (2,10) (2,11) (2,12) (2,13) (2,14) (2,15) (2,16) (2,17) (2,18) (3,0) (3,1) (3,2) (3,3) (3,4) (3,5) (3,6) (3,7) (3,8) (3,9) (3,10) (3,11) (3,12) (3,13) (3,14) (3,15) (3,16) (3,17) (3,18) (4,0) (4,1) (4,2) (4,3) (4,4) (4,5) (4,6) (4,7) (4,8) (4,9) (4,10) (4,11) (4,12) (4,13) (4,14) (4,15) (4,16) (4,17) (4,18) (5,0) (5,1) (5,2) (5,3) (5,4) (5,5) (5,6) (5,7) (5,8) (5,9) (5,10) (5,11) (5,12) (5,13) (5,14) (5,15) (5,16) (5,17) (5,18) (6,0) (6,1) (6,2) (6,3) (6,4) (6,5) (6,6) (6,7) (6,8) (6,9) (6,10) (6,11) (6,12) (6,13) (6,14) (6,15) (6,16) (6,17) (6,18) (7,0) (7,1) (7,2) (7,3) (7,4) (7,5) (7,6) (7,7) (7,8) (7,9) (7,10) (7,11) (7,12) (7,13) (7,14) (7,15) (7,16) (7,17) (7,18) (8,0) (8,1) (8,2) (8,3) (8,4) (8,5) (8,6) (8,7) (8,8) (8,9) (8,10) (8,11) (8,12) (8,13) (8,14) (8,15) (8,16) (8,17) (8,18) (9,0) (9,1) (9,2) (9,3) (9,4) (9,5) (9,6) (9,7) (9,8) (9,9) (9,10) (9,11) (9,12) (9,13) (9,14) (9,15) (9,16) (9,17) (9,18) (10,0) (10,1) (10,2) (10,3) (10,4) (10,5) (10,6) (10,7) (10,8) (10,9) (10,10) (10,11) (10,12) (10,13) (10,14) (10,15) (10,16) (10,17) (10,18) (11,0) (11,1) (11,2) (11,3) (11,4) (11,5) (11,6) (11,7) (11,8) (11,9) (11,10) (11,11) (11,12) (11,13) (11,14) (11,15) (11,16) (11,17) (11,18) (12,0) (12,1) (12,2) (12,3) (12,4) (12,5) (12,6) (12,7) (12,8) (12,9) (12,10) (12,11) (12,12) (12,13) (12,14) (12,15) (12,16) (12,17) (12,18) (13,0) (13,1) (13,2) (13,3) (13,4) (13,5) (13,6) (13,7) (13,8) (13,9) (13,10) (13,11) (13,12) (13,13) (13,14) (13,15) (13,16) (14,0) (14,1) (14,2) (14,3) (14,4) (14,5) (14,6) (14,7) (14,8) (14,9) (14,10) (14,11) (14,12) (14,13) (14,14) (14,15) (14,16) (15,0) (15,1) (15,2) (15,3) (15,4) (15,5) (15,6) (15,7) (15,8) (15,9) (15,10) (15,11) (15,12) (15,13) (15,14) (15,15) (15,16) (16,0) (16,1) (16,2) (16,3) (16,4) (16,5) (16,6) (16,7) (16,8) (16,9) (16,10) (16,11) (16,12) (16,13) (16,14) (16,15) (16,16)   also met at 1 more region(s)
  O151 MM[O151] (1D) seats (0,0) (0,1) (0,2) (0,3) (0,4) (0,5) (0,6) (0,7) (0,8) (0,9) (0,10) (0,11) (0,12) (0,13) (0,14) (0,15) (0,16) (0,17) (0,18) (1,0) (1,1) (1,2) (1,3) (1,4) (1,5) (1,6) (1,7) (1,8) (1,9) (1,10) (1,11) (1,12) (1,13) (1,14) (1,15) (1,16) (1,17) (1,18) (2,0) (2,1) (2,2) (2,3) (2,4) (2,5) (2,6) (2,7) (2,8) (2,9) (2,10) (2,11) (2,12) (2,13) (2,14) (2,15) (2,16) (2,17) (2,18) (3,0) (3,1) (3,2) (3,3) (3,4) (3,5) (3,6) (3,7) (3,8) (3,9) (3,10) (3,11) (3,12) (3,13) (3,14) (3,15) (3,16) (3,17) (3,18) (4,0) (4,1) (4,2) (4,3) (4,4) (4,5) (4,6) (4,7) (4,8) (4,9) (4,10) (4,11) (4,12) (4,13) (4,14) (4,15) (4,16) (4,17) (4,18) (5,0) (5,1) (5,2) (5,3) (5,4) (5,5) (5,6) (5,7) (5,8) (5,9) (5,10) (5,11) (5,12) (5,13) (5,14) (5,15) (5,16) (5,17) (5,18) (6,0) (6,1) (6,2) (6,3) (6,4) (6,5) (6,6) (6,7) (6,8) (6,9) (6,10) (6,11) (6,12) (6,13) (6,14) (6,15) (6,16) (6,17) (6,18) (7,0) (7,1) (7,2) (7,3) (7,4) (7,5) (7,6) (7,7) (7,8) (7,9) (7,10) (7,11) (7,12) (7,13) (7,14) (7,15) (7,16) (7,17) (7,18) (8,0) (8,1) (8,2) (8,3) (8,4) (8,5) (8,6) (8,7) (8,8) (8,9) (8,10) (8,11) (8,12) (8,13) (8,14) (8,15) (8,16) (8,17) (8,18) (9,0) (9,1) (9,2) (9,3) (9,4) (9,5) (9,6) (9,7) (9,8) (9,9) (9,10) (9,11) (9,12) (9,13) (9,14) (9,15) (9,16) (9,17) (9,18) (10,0) (10,1) (10,2) (10,3) (10,4) (10,5) (10,6) (10,7) (10,8) (10,9) (10,10) (10,11) (10,12) (10,13) (10,14) (10,15) (10,16) (10,17) (10,18) (11,0) (11,1) (11,2) (11,3) (11,4) (11,5) (11,6) (11,7) (11,8) (11,9) (11,10) (11,11) (11,12) (11,13) (11,14) (11,15) (11,16) (11,17) (11,18) (12,0) (12,1) (12,2) (12,3) (12,4) (12,5) (12,6) (12,7) (12,8) (12,9) (12,10) (12,11) (12,12) (12,13) (12,14) (12,15) (12,16) (12,17) (12,18) (13,0) (14,0) (15,0) (16,0) (17,0) (18,0)   also met at 2 more region(s)
  O152 MM[O152] (1D) seats (0,0) (0,1) (0,2) (0,3) (0,4) (0,5) (0,6) (0,7) (0,8) (0,9) (0,10) (0,11) (0,12) (0,13) (0,14) (0,15) (0,16) (1,0) (1,1) (1,2) (1,3) (1,4) (1,5) (1,6) (1,7) (1,8) (1,9) (1,10) (1,11) (1,12) (1,13) (1,14) (1,15) (1,16) (2,0) (2,1) (2,2) (2,3) (2,4) (2,5) (2,6) (2,7) (2,8) (2,9) (2,10) (2,11) (2,12) (2,13) (2,14) (2,15) (2,16) (3,0) (3,1) (3,2) (3,3) (3,4) (3,5) (3,6) (3,7) (3,8) (3,9) (3,10) (3,11) (3,12) (3,13) (3,14) (3,15) (3,16) (4,0) (4,1) (4,2) (4,3) (4,4) (4,5) (4,6) (4,7) (4,8) (4,9) (4,10) (4,11) (4,12) (4,13) (4,14) (4,15) (4,16) (5,0) (5,1) (5,2) (5,3) (5,4) (5,5) (5,6) (5,7) (5,8) (5,9) (5,10) (5,11) (5,12) (5,13) (5,14) (5,15) (5,16) (6,0) (6,1) (6,2) (6,3) (6,4) (6,5) (6,6) (6,7) (6,8) (6,9) (6,10) (6,11) (6,12) (6,13) (6,14) (6,15) (6,16) (7,0) (7,1) (7,2) (7,3) (7,4) (7,5) (7,6) (7,7) (7,8) (7,9) (7,10) (7,11) (7,12) (7,13) (7,14) (7,15) (7,16) (8,0) (8,1) (8,2) (8,3) (8,4) (8,5) (8,6) (8,7) (8,8) (8,9) (8,10) (8,11) (8,12) (8,13) (8,14) (8,15) (8,16) (9,0) (9,1) (9,2) (9,3) (9,4) (9,5) (9,6) (9,7) (9,8) (9,9) (9,10) (9,11) (9,12) (9,13) (9,14) (9,15) (9,16) (10,0) (10,1) (10,2) (10,3) (10,4) (10,5) (10,6) (10,7) (10,8) (10,9) (10,10) (10,11) (10,12) (10,13) (10,14) (10,15) (10,16) (11,0) (11,1) (11,2) (11,3) (11,4) (11,5) (11,6) (11,7) (11,8) (11,9) (11,10) (11,11) (11,12) (11,13) (11,14) (11,15) (11,16) (12,0) (12,1) (12,2) (12,3) (12,4) (12,5) (12,6) (12,7) (12,8) (12,9) (12,10) (12,11) (12,12) (12,13) (12,14) (12,15) (12,16) (13,0) (13,1) (13,2) (13,3) (13,4) (13,5) (13,6) (13,7) (13,8) (13,9) (13,10) (14,0) (14,1) (14,2) (14,3) (14,4) (14,5) (14,6) (14,7) (14,8) (14,9) (14,10) (15,0) (15,1) (15,2) (15,3) (15,4) (15,5) (15,6) (15,7) (15,8) (15,9) (15,10) (16,0) (16,1) (16,2) (16,3) (16,4) (16,5) (16,6) (16,7) (16,8) (16,9) (16,10) (17,0) (17,1) (17,2) (17,3) (17,4) (17,5) (17,6) (17,7) (17,8) (17,9) (17,10) (18,0) (18,1) (18,2) (18,3) (18,4) (18,5) (18,6) (18,7) (18,8) (18,9) (18,10)   also met at 1 more region(s)
  O153 MM[O153] (1D) seats (0,0) (0,1) (0,2) (0,3) (0,4) (0,5) (0,6) (0,7) (0,8) (0,9) (0,10) (0,11) (0,12) (0,13) (0,14) (0,15) (0,16) (1,0) (1,1) (1,2) (1,3) (1,4) (1,5) (1,6) (1,7) (1,8) (1,9) (1,10) (1,11) (1,12) (1,13) (1,14) (1,15) (1,16) (2,0) (2,1) (2,2) (2,3) (2,4) (2,5) (2,6) (2,7) (2,8) (2,9) (2,10) (2,11) (2,12) (2,13) (2,14) (2,15) (2,16) (3,0) (3,1) (3,2) (3,3) (3,4) (3,5) (3,6) (3,7) (3,8) (3,9) (3,10) (3,11) (3,12) (3,13) (3,14) (3,15) (3,16) (4,0) (4,1) (4,2) (4,3) (4,4) (4,5) (4,6) (4,7) (4,8) (4,9) (4,10) (4,11) (4,12) (4,13) (4,14) (4,15) (4,16) (5,0) (5,1) (5,2) (5,3) (5,4) (5,5) (5,6) (5,7) (5,8) (5,9) (5,10) (5,11) (5,12) (5,13) (5,14) (5,15) (5,16) (6,0) (6,1) (6,2) (6,3) (6,4) (6,5) (6,6) (6,7) (6,8) (6,9) (6,10) (6,11) (6,12) (6,13) (6,14) (6,15) (6,16) (7,0) (7,1) (7,2) (7,3) (7,4) (7,5) (7,6) (7,7) (7,8) (7,9) (7,10) (7,11) (7,12) (7,13) (7,14) (7,15) (7,16) (8,0) (8,1) (8,2) (8,3) (8,4) (8,5) (8,6) (8,7) (8,8) (8,9) (8,10) (8,11) (8,12) (8,13) (8,14) (8,15) (8,16) (9,0) (9,1) (9,2) (9,3) (9,4) (9,5) (9,6) (9,7) (9,8) (9,9) (9,10) (9,11) (9,12) (9,13) (9,14) (9,15) (9,16) (10,0) (10,1) (10,2) (10,3) (10,4) (10,5) (10,6) (10,7) (10,8) (10,9) (10,10) (10,11) (10,12) (10,13) (10,14) (10,15) (10,16) (11,0) (11,1) (11,2) (11,3) (11,4) (11,5) (11,6) (11,7) (11,8) (11,9) (11,10) (11,11) (11,12) (11,13) (11,14) (11,15) (11,16) (12,0) (12,1) (12,2) (12,3) (12,4) (12,5) (12,6) (12,7) (12,8) (12,9) (12,10) (12,11) (12,12) (12,13) (12,14) (12,15) (12,16) (13,0) (13,1) (13,2) (13,3) (13,4) (13,5) (13,6) (13,7) (13,8) (13,9) (13,10) (13,11) (13,12) (14,0) (14,1) (14,2) (14,3) (14,4) (14,5) (14,6) (14,7) (14,8) (14,9) (14,10) (14,11) (14,12) (15,0) (15,1) (15,2) (15,3) (15,4) (15,5) (15,6) (15,7) (15,8) (15,9) (15,10) (15,11) (15,12) (16,0) (16,1) (16,2) (16,3) (16,4) (16,5) (16,6) (16,7) (16,8) (16,9) (16,10) (16,11) (16,12)
  O154 MM[O154] (1D) seats (0,0) (0,1) (0,2) (0,3) (0,4) (0,5) (0,6) (0,7) (0,8) (0,9) (0,10) (1,0) (1,1) (1,2) (1,3) (1,4) (1,5) (1,6) (1,7) (1,8) (1,9) (1,10) (2,0) (2,1) (2,2) (2,3) (2,4) (2,5) (2,6) (2,7) (2,8) (2,9) (2,10) (3,0) (3,1) (3,2) (3,3) (3,4) (3,5) (3,6) (3,7) (3,8) (3,9) (3,10) (4,0) (4,1) (4,2) (4,3) (4,4) (4,5) (4,6) (4,7) (4,8) (4,9) (4,10) (5,0) (5,1) (5,2) (5,3) (5,4) (5,5) (5,6) (5,7) (5,8) (5,9) (5,10) (6,0) (6,1) (6,2) (6,3) (6,4) (6,5) (6,6) (6,7) (6,8) (6,9) (6,10) (7,0) (7,1) (7,2) (7,3) (7,4) (7,5) (7,6) (7,7) (7,8) (7,9) (7,10) (8,0) (8,1) (8,2) (8,3) (8,4) (8,5) (8,6) (8,7) (8,8) (8,9) (8,10) (9,0) (9,1) (9,2) (9,3) (9,4) (9,5) (9,6) (9,7) (9,8) (9,9) (9,10) (10,0) (10,1) (10,2) (10,3) (10,4) (10,5) (10,6) (10,7) (10,8) (10,9) (10,10) (11,0) (11,1) (11,2) (11,3) (11,4) (11,5) (11,6) (11,7) (11,8) (11,9) (11,10) (12,0) (12,1) (12,2) (12,3) (12,4) (12,5) (12,6) (12,7) (12,8) (12,9) (12,10) (13,0) (13,1) (13,2) (13,3) (13,4) (13,5) (13,6) (13,7) (13,8) (13,9) (13,10) (14,0) (14,1) (14,2) (14,3) (14,4) (14,5) (14,6) (14,7) (14,8) (14,9) (14,10) (15,0) (15,1) (15,2) (15,3) (15,4) (15,5) (15,6) (15,7) (15,8) (15,9) (15,10) (16,0) (16,1) (16,2) (16,3) (16,4) (16,5) (16,6) (16,7) (16,8) (16,9) (16,10) (17,0) (17,1) (17,2) (17,3) (17,4) (17,5) (17,6) (17,7) (17,8) (17,9) (17,10) (18,0) (18,1) (18,2) (18,3) (18,4) (18,5) (18,6) (18,7) (18,8) (18,9) (18,10) (0,11) (0,12) (0,13) (0,14) (0,15) (0,16) (0,17) (0,18) (1,11) (1,12) (1,13) (1,14) (1,15) (1,16) (1,17) (1,18) (2,11) (2,12) (2,13) (2,14) (2,15) (2,16) (2,17) (2,18) (3,11) (3,12) (3,13) (3,14) (3,15) (3,16) (3,17) (3,18) (4,11) (4,12) (4,13) (4,14) (4,15) (4,16) (4,17) (4,18) (5,11) (5,12) (5,13) (5,14) (5,15) (5,16) (5,17) (5,18) (6,11) (6,12) (6,13) (6,14) (6,15) (6,16) (6,17) (6,18) (7,11) (7,12) (7,13) (7,14) (7,15) (7,16) (7,17) (7,18) (8,11) (8,12) (8,13) (8,14) (8,15) (8,16) (8,17) (8,18) (9,11) (9,12) (9,13) (9,14) (9,15) (9,16) (9,17) (9,18) (10,11) (10,12) (10,13) (10,14) (10,15) (10,16) (10,17) (10,18)
  O155 MM[O155] (1D) seats (0,0) (0,1) (0,2) (0,3) (0,4) (0,5) (0,6) (0,7) (0,8) (0,9) (0,10) (1,0) (1,1) (1,2) (1,3) (1,4) (1,5) (1,6) (1,7) (1,8) (1,9) (1,10) (2,0) (2,1) (2,2) (2,3) (2,4) (2,5) (2,6) (2,7) (2,8) (2,9) (2,10) (3,0) (3,1) (3,2) (3,3) (3,4) (3,5) (3,6) (3,7) (3,8) (3,9) (3,10) (4,0) (4,1) (4,2) (4,3) (4,4) (4,5) (4,6) (4,7) (4,8) (4,9) (4,10) (5,0) (5,1) (5,2) (5,3) (5,4) (5,5) (5,6) (5,7) (5,8) (5,9) (5,10) (6,0) (6,1) (6,2) (6,3) (6,4) (6,5) (6,6) (6,7) (6,8) (6,9) (6,10) (7,0) (7,1) (7,2) (7,3) (7,4) (7,5) (7,6) (7,7) (7,8) (7,9) (7,10) (8,0) (8,1) (8,2) (8,3) (8,4) (8,5) (8,6) (8,7) (8,8) (8,9) (8,10) (9,0) (9,1) (9,2) (9,3) (9,4) (9,5) (9,6) (9,7) (9,8) (9,9) (9,10) (10,0) (10,1) (10,2) (10,3) (10,4) (10,5) (10,6) (10,7) (10,8) (10,9) (10,10) (11,0) (11,1) (11,2) (11,3) (11,4) (11,5) (11,6) (11,7) (11,8) (11,9) (11,10) (12,0) (12,1) (12,2) (12,3) (12,4) (12,5) (12,6) (12,7) (12,8) (12,9) (12,10) (13,0) (13,1) (13,2) (13,3) (13,4) (13,5) (13,6) (13,7) (13,8) (13,9) (13,10) (14,0) (14,1) (14,2) (14,3) (14,4) (14,5) (14,6) (14,7) (14,8) (14,9) (14,10) (15,0) (15,1) (15,2) (15,3) (15,4) (15,5) (15,6) (15,7) (15,8) (15,9) (15,10) (16,0) (16,1) (16,2) (16,3) (16,4) (16,5) (16,6) (16,7) (16,8) (16,9) (16,10) (17,0) (17,1) (17,2) (17,3) (17,4) (17,5) (17,6) (17,7) (17,8) (17,9) (17,10) (18,0) (18,1) (18,2) (18,3) (18,4) (18,5) (18,6) (18,7) (18,8) (18,9) (18,10) (0,11) (0,12) (0,13) (0,14) (0,15) (0,16) (0,17) (0,18) (1,11) (1,12) (1,13) (1,14) (1,15) (1,16) (1,17) (1,18) (2,11) (2,12) (2,13) (2,14) (2,15) (2,16) (2,17) (2,18) (3,11) (3,12) (3,13) (3,14) (3,15) (3,16) (3,17) (3,18) (4,11) (4,12) (4,13) (4,14) (4,15) (4,16) (4,17) (4,18) (5,11) (5,12) (5,13) (5,14) (5,15) (5,16) (5,17) (5,18) (6,11) (6,12) (6,13) (6,14) (6,15) (6,16) (6,17) (6,18) (7,11) (7,12) (7,13) (7,14) (7,15) (7,16) (7,17) (7,18) (8,11) (8,12) (8,13) (8,14) (8,15) (8,16) (8,17) (8,18) (9,11) (9,12) (9,13) (9,14) (9,15) (9,16) (9,17) (9,18) (10,11) (10,12) (10,13) (10,14) (10,15) (10,16) (10,17) (10,18) (11,11) (11,12) (11,13) (11,14) (11,15) (11,16) (11,17) (11,18) (12,11) (12,12) (12,13) (12,14) (12,15) (12,16) (12,17) (12,18) (13,11) (13,12) (13,13) (13,14) (13,15) (13,16) (13,17) (13,18) (14,11) (14,12) (14,13) (14,14) (14,15) (14,16) (14,17) (14,18) (15,11) (15,12) (15,13) (15,14) (15,15) (15,16) (15,17) (15,18) (16,11) (16,12) (16,13) (16,14) (16,15) (16,16) (16,17) (16,18)   also met at 1 more region(s)
  O156 MM[O156] (1D) seats (0,0) (0,1) (0,2) (0,3) (0,4) (0,5) (0,6) (0,7) (0,8) (0,9) (0,10) (1,0) (1,1) (1,2) (1,3) (1,4) (1,5) (1,6) (1,7) (1,8) (1,9) (1,10) (2,0) (2,1) (2,2) (2,3) (2,4) (2,5) (2,6) (2,7) (2,8) (2,9) (2,10) (3,0) (3,1) (3,2) (3,3) (3,4) (3,5) (3,6) (3,7) (3,8) (3,9) (3,10) (4,0) (4,1) (4,2) (4,3) (4,4) (4,5) (4,6) (4,7) (4,8) (4,9) (4,10) (5,0) (5,1) (5,2) (5,3) (5,4) (5,5) (5,6) (5,7) (5,8) (5,9) (5,10) (6,0) (6,1) (6,2) (6,3) (6,4) (6,5) (6,6) (6,7) (6,8) (6,9) (6,10) (7,0) (7,1) (7,2) (7,3) (7,4) (7,5) (7,6) (7,7) (7,8) (7,9) (7,10) (8,0) (8,1) (8,2) (8,3) (8,4) (8,5) (8,6) (8,7) (8,8) (8,9) (8,10) (9,0) (9,1) (9,2) (9,3) (9,4) (9,5) (9,6) (9,7) (9,8) (9,9) (9,10) (10,0) (10,1) (10,2) (10,3) (10,4) (10,5) (10,6) (10,7) (10,8) (10,9) (10,10) (11,0) (11,1) (11,2) (11,3) (11,4) (11,5) (11,6) (11,7) (11,8) (11,9) (11,10) (12,0) (12,1) (12,2) (12,3) (12,4) (12,5) (12,6) (12,7) (12,8) (12,9) (12,10) (13,0) (13,1) (13,2) (13,3) (13,4) (13,5) (13,6) (13,7) (13,8) (13,9) (13,10) (14,0) (14,1) (14,2) (14,3) (14,4) (14,5) (14,6) (14,7) (14,8) (14,9) (14,10) (15,0) (15,1) (15,2) (15,3) (15,4) (15,5) (15,6) (15,7) (15,8) (15,9) (15,10) (16,0) (16,1) (16,2) (16,3) (16,4) (16,5) (16,6) (16,7) (16,8) (16,9) (16,10) (17,0) (17,1) (17,2) (17,3) (17,4) (17,5) (17,6) (17,7) (17,8) (17,9) (17,10) (18,0) (18,1) (18,2) (18,3) (18,4) (18,5) (18,6) (18,7) (18,8) (18,9) (18,10) (0,11) (0,12) (0,13) (0,14) (0,15) (0,16) (1,11) (1,12) (1,13) (1,14) (1,15) (1,16) (2,11) (2,12) (2,13) (2,14) (2,15) (2,16) (3,11) (3,12) (3,13) (3,14) (3,15) (3,16) (4,11) (4,12) (4,13) (4,14) (4,15) (4,16) (5,11) (5,12) (5,13) (5,14) (5,15) (5,16) (6,11) (6,12) (6,13) (6,14) (6,15) (6,16) (7,11) (7,12) (7,13) (7,14) (7,15) (7,16) (8,11) (8,12) (8,13) (8,14) (8,15) (8,16) (9,11) (9,12) (9,13) (9,14) (9,15) (9,16) (10,11) (10,12) (10,13) (10,14) (10,15) (10,16) (11,11) (11,12) (11,13) (11,14) (11,15) (11,16) (12,11) (12,12) (12,13) (12,14) (12,15) (12,16) (13,11) (13,12) (13,13) (13,14) (13,15) (13,16) (14,11) (14,12) (14,13) (14,14) (14,15) (14,16) (15,11) (15,12) (15,13) (15,14) (15,15) (15,16) (16,11) (16,12) (16,13) (16,14) (16,15) (16,16)   also met at 1 more region(s)
  O157 MM[O157] (1D) seats (0,0) (0,1) (0,2) (0,3) (0,4) (0,5) (0,6) (0,7) (0,8) (0,9) (0,10) (0,11) (0,12) (0,13) (0,14) (0,15) (0,16) (1,0) (1,1) (1,2) (1,3) (1,4) (1,5) (1,6) (1,7) (1,8) (1,9) (1,10) (1,11) (1,12) (1,13) (1,14) (1,15) (1,16) (2,0) (2,1) (2,2) (2,3) (2,4) (2,5) (2,6) (2,7) (2,8) (2,9) (2,10) (2,11) (2,12) (2,13) (2,14) (2,15) (2,16) (3,0) (3,1) (3,2) (3,3) (3,4) (3,5) (3,6) (3,7) (3,8) (3,9) (3,10) (3,11) (3,12) (3,13) (3,14) (3,15) (3,16) (4,0) (4,1) (4,2) (4,3) (4,4) (4,5) (4,6) (4,7) (4,8) (4,9) (4,10) (4,11) (4,12) (4,13) (4,14) (4,15) (4,16) (5,0) (5,1) (5,2) (5,3) (5,4) (5,5) (5,6) (5,7) (5,8) (5,9) (5,10) (5,11) (5,12) (5,13) (5,14) (5,15) (5,16) (6,0) (6,1) (6,2) (6,3) (6,4) (6,5) (6,6) (6,7) (6,8) (6,9) (6,10) (6,11) (6,12) (6,13) (6,14) (6,15) (6,16) (7,0) (7,1) (7,2) (7,3) (7,4) (7,5) (7,6) (7,7) (7,8) (7,9) (7,10) (7,11) (7,12) (7,13) (7,14) (7,15) (7,16) (8,0) (8,1) (8,2) (8,3) (8,4) (8,5) (8,6) (8,7) (8,8) (8,9) (8,10) (8,11) (8,12) (8,13) (8,14) (8,15) (8,16) (9,0) (9,1) (9,2) (9,3) (9,4) (9,5) (9,6) (9,7) (9,8) (9,9) (9,10) (9,11) (9,12) (9,13) (9,14) (9,15) (9,16) (10,0) (10,1) (10,2) (10,3) (10,4) (10,5) (10,6) (10,7) (10,8) (10,9) (10,10) (10,11) (10,12) (10,13) (10,14) (10,15) (10,16) (11,0) (11,1) (11,2) (11,3) (11,4) (11,5) (11,6) (11,7) (11,8) (11,9) (11,10) (11,11) (11,12) (11,13) (11,14) (11,15) (11,16) (12,0) (12,1) (12,2) (12,3) (12,4) (12,5) (12,6) (12,7) (12,8) (12,9) (12,10) (12,11) (12,12) (12,13) (12,14) (12,15) (12,16) (13,0) (13,1) (13,2) (13,3) (13,4) (13,5) (13,6) (13,7) (13,8) (13,9) (13,10) (13,11) (13,12) (13,13) (13,14) (13,15) (13,16) (14,0) (14,1) (14,2) (14,3) (14,4) (14,5) (14,6) (14,7) (14,8) (14,9) (14,10) (14,11) (14,12) (14,13) (14,14) (14,15) (14,16) (15,0) (15,1) (15,2) (15,3) (15,4) (15,5) (15,6) (15,7) (15,8) (15,9) (15,10) (15,11) (15,12) (15,13) (15,14) (15,15) (15,16) (16,0) (16,1) (16,2) (16,3) (16,4) (16,5) (16,6) (16,7) (16,8) (16,9) (16,10) (16,11) (16,12) (16,13) (16,14) (16,15) (16,16) (17,0) (17,1) (17,2) (17,3) (17,4) (17,5) (17,6) (17,7) (17,8) (17,9) (17,10) (17,11) (17,12) (17,13) (17,14) (17,15) (17,16) (18,0) (18,1) (18,2) (18,3) (18,4) (18,5) (18,6) (18,7) (18,8) (18,9) (18,10) (18,11) (18,12) (18,13) (18,14) (18,15) (18,16) (0,17) (0,18) (1,17) (1,18) (2,17) (2,18) (3,17) (3,18) (4,17) (4,18) (5,17) (5,18) (6,17) (6,18) (7,17) (7,18) (8,17) (8,18) (9,17) (9,18) (10,17) (10,18) (11,17) (11,18) (12,17) (12,18) (13,17) (13,18) (14,17) (14,18) (15,17) (15,18) (16,17) (16,18)
  O158 MM[O158] (1D) seats (0,0) (0,1) (0,2) (0,3) (0,4) (0,5) (0,6) (0,7) (0,8) (0,9) (0,10) (0,11) (0,12) (0,13) (0,14) (0,15) (0,16) (1,0) (1,1) (1,2) (1,3) (1,4) (1,5) (1,6) (1,7) (1,8) (1,9) (1,10) (1,11) (1,12) (1,13) (1,14) (1,15) (1,16) (2,0) (2,1) (2,2) (2,3) (2,4) (2,5) (2,6) (2,7) (2,8) (2,9) (2,10) (2,11) (2,12) (2,13) (2,14) (2,15) (2,16) (3,0) (3,1) (3,2) (3,3) (3,4) (3,5) (3,6) (3,7) (3,8) (3,9) (3,10) (3,11) (3,12) (3,13) (3,14) (3,15) (3,16) (4,0) (4,1) (4,2) (4,3) (4,4) (4,5) (4,6) (4,7) (4,8) (4,9) (4,10) (4,11) (4,12) (4,13) (4,14) (4,15) (4,16) (5,0) (5,1) (5,2) (5,3) (5,4) (5,5) (5,6) (5,7) (5,8) (5,9) (5,10) (5,11) (5,12) (5,13) (5,14) (5,15) (5,16) (6,0) (6,1) (6,2) (6,3) (6,4) (6,5) (6,6) (6,7) (6,8) (6,9) (6,10) (6,11) (6,12) (6,13) (6,14) (6,15) (6,16) (7,0) (7,1) (7,2) (7,3) (7,4) (7,5) (7,6) (7,7) (7,8) (7,9) (7,10) (7,11) (7,12) (7,13) (7,14) (7,15) (7,16) (8,0) (8,1) (8,2) (8,3) (8,4) (8,5) (8,6) (8,7) (8,8) (8,9) (8,10) (8,11) (8,12) (8,13) (8,14) (8,15) (8,16) (9,0) (9,1) (9,2) (9,3) (9,4) (9,5) (9,6) (9,7) (9,8) (9,9) (9,10) (9,11) (9,12) (9,13) (9,14) (9,15) (9,16) (10,0) (10,1) (10,2) (10,3) (10,4) (10,5) (10,6) (10,7) (10,8) (10,9) (10,10) (10,11) (10,12) (10,13) (10,14) (10,15) (10,16) (11,0) (12,0) (13,0) (14,0) (15,0) (16,0) (17,0) (18,0)   also met at 1 more region(s)
re-met (rings already on the rail, met here):
  8    MM[8] (1D)   seats (0,0) (0,1) (0,2) (1,0) (1,1) (1,2) (2,0) (2,1)   also met at 4 more region(s)
  [2,2,3] MM[[2,2,3]] (1D) seats (0,0) (0,1) (0,2) (1,0) (1,1) (1,2) (2,0) (2,1) (3,0) (3,1) (4,0) (4,1)   also met at 5 more region(s)
  [8,2] MM[[8,2]] (1D) seats (0,0) (0,1) (0,2) (1,0) (1,1) (1,2) (2,0) (2,1) (3,0) (3,1) (4,0) (4,1) (5,0) (5,1) (6,0) (6,1)   also met at 6 more region(s)
  [7,4] MM[[7,4]] (1D) seats (0,0) (0,1) (0,2) (1,0) (1,1) (1,2) (2,0) (2,1) (3,0) (3,1) (4,0) (4,1) (5,0) (5,1) (6,0) (6,1) (7,0) (7,1) (8,0) (8,1) (9,0) (9,1) (10,0) (10,1) (11,0) (11,1) (12,0) (12,1)   also met at 5 more region(s)
  [8,5] MM[[8,5]] (1D) seats (0,0) (0,1) (0,2) (1,0) (1,1) (1,2) (2,0) (2,1) (3,0) (3,1) (4,0) (4,1) (5,0) (5,1) (6,0) (6,1) (7,0) (7,1) (8,0) (8,1) (9,0) (9,1) (10,0) (10,1) (11,0) (11,1) (12,0) (12,1) (13,0) (13,1) (14,0) (14,1) (15,0) (15,1) (16,0) (16,1) (17,0) (17,1) (18,0) (18,1)   also met at 4 more region(s)
  [[2,3],4] MM[[[2,3],4]] (1D) seats (0,0) (0,1) (0,2) (1,0) (1,1) (1,2) (2,0) (2,1) (3,0) (3,1) (4,0) (4,1) (5,0) (5,1) (6,0) (6,1) (7,0) (7,1) (8,0) (8,1) (9,0) (9,1) (10,0) (10,1)   also met at 8 more region(s)
  [[3,3],4] MM[[[3,3],4]] (1D) seats (0,0) (0,1) (0,2) (1,0) (1,1) (1,2) (2,0) (2,1) (3,0) (3,1) (4,0) (4,1) (5,0) (5,1) (6,0) (6,1) (7,0) (7,1) (8,0) (8,1) (9,0) (9,1) (10,0) (10,1) (11,0) (11,1) (12,0) (12,1) (13,0) (13,1) (14,0) (14,1) (15,0) (15,1) (16,0) (16,1)   also met at 5 more region(s)
  23   MM[23] (1D)  seats (0,0) (0,1) (0,2) (1,0) (1,1) (1,2) (2,0) (3,0) (4,0) (5,0) (6,0) (7,0) (8,0) (9,0) (10,0) (11,0) (12,0) (13,0) (14,0) (15,0) (16,0) (17,0) (18,0)   also met at 21 more region(s)
  [5,4] MM[[5,4]] (1D) seats (0,0) (0,1) (0,2) (1,0) (1,1) (1,2) (0,3) (0,4) (0,5) (0,6) (0,7) (0,8) (0,9) (0,10) (0,11) (0,12) (0,13) (0,14) (0,15) (0,16)   also met at 7 more region(s)
  [8,4] MM[[8,4]] (1D) seats (0,0) (0,1) (0,2) (0,3) (0,4) (1,0) (1,1) (1,2) (1,3) (1,4) (2,0) (2,1) (3,0) (3,1) (4,0) (4,1) (5,0) (5,1) (6,0) (6,1) (7,0) (7,1) (8,0) (8,1) (9,0) (9,1) (10,0) (10,1) (11,0) (11,1) (12,0) (12,1)   also met at 5 more region(s)
  43   MM[43] (1D)  seats (0,0) (0,1) (0,2) (0,3) (0,4) (1,0) (1,1) (1,2) (1,3) (1,4) (2,0) (2,1) (2,2) (3,0) (3,1) (3,2) (4,0) (4,1) (4,2) (5,0) (5,1) (5,2) (6,0) (6,1) (6,2) (7,0) (7,1) (7,2) (8,0) (8,1) (8,2) (9,0) (9,1) (9,2) (10,0) (10,1) (10,2) (11,0) (11,1) (11,2) (12,0) (12,1) (12,2)   also met at 23 more region(s)
  [11,4] MM[[11,4]] (1D) seats (0,0) (0,1) (0,2) (0,3) (0,4) (1,0) (1,1) (1,2) (1,3) (1,4) (2,0) (2,1) (3,0) (3,1) (4,0) (4,1) (5,0) (5,1) (6,0) (6,1) (7,0) (7,1) (8,0) (8,1) (9,0) (9,1) (10,0) (10,1) (11,0) (11,1) (12,0) (12,1) (13,0) (13,1) (14,0) (14,1) (15,0) (15,1) (16,0) (16,1) (17,0) (17,1) (18,0) (18,1)   also met at 5 more region(s)
  61   MM[61] (1D)  seats (0,0) (0,1) (0,2) (0,3) (0,4) (1,0) (1,1) (1,2) (1,3) (1,4) (2,0) (2,1) (2,2) (3,0) (3,1) (3,2) (4,0) (4,1) (4,2) (5,0) (5,1) (5,2) (6,0) (6,1) (6,2) (7,0) (7,1) (7,2) (8,0) (8,1) (8,2) (9,0) (9,1) (9,2) (10,0) (10,1) (10,2) (11,0) (11,1) (11,2) (12,0) (12,1) (12,2) (13,0) (13,1) (13,2) (14,0) (14,1) (14,2) (15,0) (15,1) (15,2) (16,0) (16,1) (16,2) (17,0) (17,1) (17,2) (18,0) (18,1) (18,2)   also met at 23 more region(s)
  37   MM[37] (1D)  seats (0,0) (0,1) (0,2) (0,3) (0,4) (1,0) (1,1) (1,2) (1,3) (1,4) (2,0) (2,1) (2,2) (3,0) (3,1) (3,2) (4,0) (4,1) (4,2) (5,0) (5,1) (5,2) (6,0) (6,1) (6,2) (7,0) (7,1) (7,2) (8,0) (8,1) (8,2) (9,0) (9,1) (9,2) (10,0) (10,1) (10,2)   also met at 24 more region(s)
  [2,3,3] MM[[2,3,3]] (1D) seats (0,0) (0,1) (0,2) (0,3) (0,4) (1,0) (1,1) (1,2) (1,3) (1,4) (0,5) (0,6) (0,7) (0,8) (0,9) (0,10) (0,11) (0,12)   also met at 5 more region(s)
  [3,3,3] MM[[3,3,3]] (1D) seats (0,0) (0,1) (0,2) (0,3) (0,4) (1,0) (1,1) (1,2) (1,3) (1,4) (2,0) (3,0) (4,0) (5,0) (6,0) (7,0) (8,0) (9,0) (10,0) (11,0) (12,0) (13,0) (14,0) (15,0) (16,0) (17,0) (18,0)   also met at 17 more region(s)
  29   MM[29] (1D)  seats (0,0) (0,1) (0,2) (0,3) (0,4) (0,5) (0,6) (1,0) (1,1) (1,2) (1,3) (1,4) (1,5) (1,6) (2,0) (2,1) (2,2) (2,3) (2,4) (3,0) (3,1) (3,2) (3,3) (3,4) (4,0) (4,1) (4,2) (4,3) (4,4)   also met at 21 more region(s)
  47   MM[47] (1D)  seats (0,0) (0,1) (0,2) (0,3) (0,4) (0,5) (0,6) (1,0) (1,1) (1,2) (1,3) (1,4) (1,5) (1,6) (2,0) (2,1) (2,2) (3,0) (3,1) (3,2) (4,0) (4,1) (4,2) (5,0) (5,1) (5,2) (6,0) (6,1) (6,2) (7,0) (7,1) (7,2) (8,0) (8,1) (8,2) (9,0) (9,1) (9,2) (10,0) (10,1) (10,2) (11,0) (11,1) (11,2) (12,0) (12,1) (12,2)   also met at 21 more region(s)
  [23,3] MM[[23,3]] (1D) seats (0,0) (0,1) (0,2) (0,3) (0,4) (0,5) (0,6) (1,0) (1,1) (1,2) (1,3) (1,4) (1,5) (1,6) (2,0) (2,1) (2,2) (2,3) (2,4) (3,0) (3,1) (3,2) (3,3) (3,4) (4,0) (4,1) (4,2) (4,3) (4,4) (5,0) (5,1) (5,2) (5,3) (5,4) (6,0) (6,1) (6,2) (6,3) (6,4) (7,0) (7,1) (7,2) (7,3) (7,4) (8,0) (8,1) (8,2) (8,3) (8,4) (9,0) (9,1) (9,2) (9,3) (9,4) (10,0) (10,1) (10,2) (10,3) (10,4) (11,0) (11,1) (11,2) (11,3) (11,4) (12,0) (12,1) (12,2) (12,3) (12,4)   also met at 12 more region(s)
  [8,[2,3]] MM[[8,[2,3]]] (1D) seats (0,0) (0,1) (0,2) (0,3) (0,4) (0,5) (0,6) (1,0) (1,1) (1,2) (1,3) (1,4) (1,5) (1,6) (2,0) (2,1) (3,0) (3,1) (4,0) (4,1) (5,0) (5,1) (6,0) (6,1) (7,0) (7,1) (8,0) (8,1) (9,0) (9,1) (10,0) (10,1) (11,0) (11,1) (12,0) (12,1) (13,0) (13,1) (14,0) (14,1) (15,0) (15,1) (16,0) (16,1) (17,0) (17,1) (18,0) (18,1)   also met at 2 more region(s)
  [11,[3,3]] MM[[11,[3,3]]] (1D) seats (0,0) (0,1) (0,2) (0,3) (0,4) (0,5) (0,6) (1,0) (1,1) (1,2) (1,3) (1,4) (1,5) (1,6) (2,0) (2,1) (2,2) (2,3) (2,4) (3,0) (3,1) (3,2) (3,3) (3,4) (4,0) (4,1) (4,2) (4,3) (4,4) (5,0) (5,1) (5,2) (5,3) (5,4) (6,0) (6,1) (6,2) (6,3) (6,4) (7,0) (7,1) (7,2) (7,3) (7,4) (8,0) (8,1) (8,2) (8,3) (8,4) (9,0) (9,1) (9,2) (9,3) (9,4) (10,0) (10,1) (10,2) (10,3) (10,4) (11,0) (11,1) (11,2) (11,3) (11,4) (12,0) (12,1) (12,2) (12,3) (12,4) (13,0) (13,1) (13,2) (13,3) (13,4) (14,0) (14,1) (14,2) (14,3) (14,4) (15,0) (15,1) (15,2) (15,3) (15,4) (16,0) (16,1) (16,2) (16,3) (16,4) (17,0) (17,1) (17,2) (17,3) (17,4) (18,0) (18,1) (18,2) (18,3) (18,4)   also met at 11 more region(s)
  41   MM[41] (1D)  seats (0,0) (0,1) (0,2) (0,3) (0,4) (0,5) (0,6) (1,0) (1,1) (1,2) (1,3) (1,4) (1,5) (1,6) (2,0) (2,1) (2,2) (3,0) (3,1) (3,2) (4,0) (4,1) (4,2) (5,0) (5,1) (5,2) (6,0) (6,1) (6,2) (7,0) (7,1) (7,2) (8,0) (8,1) (8,2) (9,0) (9,1) (9,2) (10,0) (10,1) (10,2)   also met at 25 more region(s)
  59   MM[59] (1D)  seats (0,0) (0,1) (0,2) (0,3) (0,4) (0,5) (0,6) (1,0) (1,1) (1,2) (1,3) (1,4) (1,5) (1,6) (2,0) (2,1) (2,2) (2,3) (2,4) (3,0) (3,1) (3,2) (3,3) (3,4) (4,0) (4,1) (4,2) (4,3) (4,4) (5,0) (5,1) (5,2) (5,3) (5,4) (6,0) (6,1) (6,2) (6,3) (6,4) (7,0) (7,1) (7,2) (7,3) (7,4) (8,0) (8,1) (8,2) (8,3) (8,4) (9,0) (9,1) (9,2) (9,3) (9,4) (10,0) (10,1) (10,2) (10,3) (10,4)   also met at 19 more region(s)
  89   MM[89] (1D)  seats (0,0) (0,1) (0,2) (0,3) (0,4) (0,5) (0,6) (1,0) (1,1) (1,2) (1,3) (1,4) (1,5) (1,6) (2,0) (2,1) (2,2) (2,3) (2,4) (3,0) (3,1) (3,2) (3,3) (3,4) (4,0) (4,1) (4,2) (4,3) (4,4) (5,0) (5,1) (5,2) (5,3) (5,4) (6,0) (6,1) (6,2) (6,3) (6,4) (7,0) (7,1) (7,2) (7,3) (7,4) (8,0) (8,1) (8,2) (8,3) (8,4) (9,0) (9,1) (9,2) (9,3) (9,4) (10,0) (10,1) (10,2) (10,3) (10,4) (11,0) (11,1) (11,2) (11,3) (11,4) (12,0) (12,1) (12,2) (12,3) (12,4) (13,0) (13,1) (13,2) (13,3) (13,4) (14,0) (14,1) (14,2) (14,3) (14,4) (15,0) (15,1) (15,2) (15,3) (15,4) (16,0) (16,1) (16,2) (16,3) (16,4)   also met at 17 more region(s)
  31   MM[31] (1D)  seats (0,0) (0,1) (0,2) (0,3) (0,4) (0,5) (0,6) (1,0) (1,1) (1,2) (1,3) (1,4) (1,5) (1,6) (2,0) (3,0) (4,0) (5,0) (6,0) (7,0) (8,0) (9,0) (10,0) (11,0) (12,0) (13,0) (14,0) (15,0) (16,0) (17,0) (18,0)   also met at 21 more region(s)
  [[3,3,3],3] MM[[[3,3,3],3]] (1D) seats (0,0) (0,1) (0,2) (0,3) (0,4) (0,5) (0,6) (0,7) (0,8) (0,9) (0,10) (0,11) (0,12) (1,0) (1,1) (1,2) (1,3) (1,4) (1,5) (1,6) (1,7) (1,8) (1,9) (1,10) (1,11) (1,12) (2,0) (2,1) (2,2) (2,3) (2,4) (2,5) (2,6) (2,7) (2,8) (2,9) (2,10) (3,0) (3,1) (3,2) (3,3) (3,4) (3,5) (3,6) (3,7) (3,8) (3,9) (3,10) (4,0) (4,1) (4,2) (4,3) (4,4) (4,5) (4,6) (4,7) (4,8) (4,9) (4,10) (5,0) (5,1) (5,2) (5,3) (5,4) (5,5) (5,6) (5,7) (5,8) (5,9) (5,10) (6,0) (6,1) (6,2) (6,3) (6,4) (6,5) (6,6) (6,7) (6,8) (6,9) (6,10)   also met at 9 more region(s)
  103  MM[103] (1D) seats (0,0) (0,1) (0,2) (0,3) (0,4) (0,5) (0,6) (0,7) (0,8) (0,9) (0,10) (0,11) (0,12) (1,0) (1,1) (1,2) (1,3) (1,4) (1,5) (1,6) (1,7) (1,8) (1,9) (1,10) (1,11) (1,12) (2,0) (2,1) (2,2) (2,3) (2,4) (2,5) (2,6) (3,0) (3,1) (3,2) (3,3) (3,4) (3,5) (3,6) (4,0) (4,1) (4,2) (4,3) (4,4) (4,5) (4,6) (5,0) (5,1) (5,2) (5,3) (5,4) (5,5) (5,6) (6,0) (6,1) (6,2) (6,3) (6,4) (6,5) (6,6) (7,0) (7,1) (7,2) (7,3) (7,4) (7,5) (7,6) (8,0) (8,1) (8,2) (8,3) (8,4) (8,5) (8,6) (9,0) (9,1) (9,2) (9,3) (9,4) (9,5) (9,6) (10,0) (10,1) (10,2) (10,3) (10,4) (10,5) (10,6) (11,0) (11,1) (11,2) (11,3) (11,4) (11,5) (11,6) (12,0) (12,1) (12,2) (12,3) (12,4) (12,5) (12,6)   also met at 13 more region(s)
  [[3,7],7] MM[[[3,7],7]] (1D) seats (0,0) (0,1) (0,2) (0,3) (0,4) (0,5) (0,6) (0,7) (0,8) (0,9) (0,10) (0,11) (0,12) (1,0) (1,1) (1,2) (1,3) (1,4) (1,5) (1,6) (1,7) (1,8) (1,9) (1,10) (1,11) (1,12) (2,0) (2,1) (2,2) (2,3) (2,4) (2,5) (2,6) (2,7) (2,8) (2,9) (2,10) (3,0) (3,1) (3,2) (3,3) (3,4) (3,5) (3,6) (3,7) (3,8) (3,9) (3,10) (4,0) (4,1) (4,2) (4,3) (4,4) (4,5) (4,6) (4,7) (4,8) (4,9) (4,10) (5,0) (5,1) (5,2) (5,3) (5,4) (5,5) (5,6) (5,7) (5,8) (5,9) (5,10) (6,0) (6,1) (6,2) (6,3) (6,4) (6,5) (6,6) (6,7) (6,8) (6,9) (6,10) (7,0) (7,1) (7,2) (7,3) (7,4) (7,5) (7,6) (7,7) (7,8) (7,9) (7,10) (8,0) (8,1) (8,2) (8,3) (8,4) (8,5) (8,6) (8,7) (8,8) (8,9) (8,10) (9,0) (9,1) (9,2) (9,3) (9,4) (9,5) (9,6) (9,7) (9,8) (9,9) (9,10) (10,0) (10,1) (10,2) (10,3) (10,4) (10,5) (10,6) (10,7) (10,8) (10,9) (10,10) (11,0) (11,1) (11,2) (11,3) (11,4) (11,5) (11,6) (11,7) (11,8) (11,9) (11,10) (12,0) (12,1) (12,2) (12,3) (12,4) (12,5) (12,6) (12,7) (12,8) (12,9) (12,10)   also met at 5 more region(s)
  [37,3] MM[[37,3]] (1D) seats (0,0) (0,1) (0,2) (0,3) (0,4) (0,5) (0,6) (0,7) (0,8) (0,9) (0,10) (0,11) (0,12) (1,0) (1,1) (1,2) (1,3) (1,4) (1,5) (1,6) (1,7) (1,8) (1,9) (1,10) (1,11) (1,12) (2,0) (2,1) (2,2) (2,3) (2,4) (3,0) (3,1) (3,2) (3,3) (3,4) (4,0) (4,1) (4,2) (4,3) (4,4) (5,0) (5,1) (5,2) (5,3) (5,4) (6,0) (6,1) (6,2) (6,3) (6,4) (7,0) (7,1) (7,2) (7,3) (7,4) (8,0) (8,1) (8,2) (8,3) (8,4) (9,0) (9,1) (9,2) (9,3) (9,4) (10,0) (10,1) (10,2) (10,3) (10,4) (11,0) (11,1) (11,2) (11,3) (11,4) (12,0) (12,1) (12,2) (12,3) (12,4) (13,0) (13,1) (13,2) (13,3) (13,4) (14,0) (14,1) (14,2) (14,3) (14,4) (15,0) (15,1) (15,2) (15,3) (15,4) (16,0) (16,1) (16,2) (16,3) (16,4) (17,0) (17,1) (17,2) (17,3) (17,4) (18,0) (18,1) (18,2) (18,3) (18,4)   also met at 7 more region(s)
  [29,5] MM[[29,5]] (1D) seats (0,0) (0,1) (0,2) (0,3) (0,4) (0,5) (0,6) (0,7) (0,8) (0,9) (0,10) (0,11) (0,12) (1,0) (1,1) (1,2) (1,3) (1,4) (1,5) (1,6) (1,7) (1,8) (1,9) (1,10) (1,11) (1,12) (2,0) (2,1) (2,2) (2,3) (2,4) (2,5) (2,6) (3,0) (3,1) (3,2) (3,3) (3,4) (3,5) (3,6) (4,0) (4,1) (4,2) (4,3) (4,4) (4,5) (4,6) (5,0) (5,1) (5,2) (5,3) (5,4) (5,5) (5,6) (6,0) (6,1) (6,2) (6,3) (6,4) (6,5) (6,6) (7,0) (7,1) (7,2) (7,3) (7,4) (7,5) (7,6) (8,0) (8,1) (8,2) (8,3) (8,4) (8,5) (8,6) (9,0) (9,1) (9,2) (9,3) (9,4) (9,5) (9,6) (10,0) (10,1) (10,2) (10,3) (10,4) (10,5) (10,6) (11,0) (11,1) (11,2) (11,3) (11,4) (11,5) (11,6) (12,0) (12,1) (12,2) (12,3) (12,4) (12,5) (12,6) (13,0) (13,1) (13,2) (13,3) (13,4) (13,5) (13,6) (14,0) (14,1) (14,2) (14,3) (14,4) (14,5) (14,6) (15,0) (15,1) (15,2) (15,3) (15,4) (15,5) (15,6) (16,0) (16,1) (16,2) (16,3) (16,4) (16,5) (16,6) (17,0) (17,1) (17,2) (17,3) (17,4) (17,5) (17,6) (18,0) (18,1) (18,2) (18,3) (18,4) (18,5) (18,6)   also met at 10 more region(s)
  53   MM[53] (1D)  seats (0,0) (0,1) (0,2) (0,3) (0,4) (0,5) (0,6) (0,7) (0,8) (0,9) (0,10) (0,11) (0,12) (1,0) (1,1) (1,2) (1,3) (1,4) (1,5) (1,6) (1,7) (1,8) (1,9) (1,10) (1,11) (1,12) (2,0) (2,1) (2,2) (3,0) (3,1) (3,2) (4,0) (4,1) (4,2) (5,0) (5,1) (5,2) (6,0) (6,1) (6,2) (7,0) (7,1) (7,2) (8,0) (8,1) (8,2) (9,0) (9,1) (9,2) (10,0) (10,1) (10,2)   also met at 19 more region(s)
  71   MM[71] (1D)  seats (0,0) (0,1) (0,2) (0,3) (0,4) (0,5) (0,6) (0,7) (0,8) (0,9) (0,10) (0,11) (0,12) (1,0) (1,1) (1,2) (1,3) (1,4) (1,5) (1,6) (1,7) (1,8) (1,9) (1,10) (1,11) (1,12) (2,0) (2,1) (2,2) (2,3) (2,4) (3,0) (3,1) (3,2) (3,3) (3,4) (4,0) (4,1) (4,2) (4,3) (4,4) (5,0) (5,1) (5,2) (5,3) (5,4) (6,0) (6,1) (6,2) (6,3) (6,4) (7,0) (7,1) (7,2) (7,3) (7,4) (8,0) (8,1) (8,2) (8,3) (8,4) (9,0) (9,1) (9,2) (9,3) (9,4) (10,0) (10,1) (10,2) (10,3) (10,4)   also met at 19 more region(s)
  [[5,5],5] MM[[[5,5],5]] (1D) seats (0,0) (0,1) (0,2) (0,3) (0,4) (0,5) (0,6) (0,7) (0,8) (0,9) (0,10) (0,11) (0,12) (1,0) (1,1) (1,2) (1,3) (1,4) (1,5) (1,6) (1,7) (1,8) (1,9) (1,10) (1,11) (1,12) (2,0) (2,1) (2,2) (2,3) (2,4) (2,5) (2,6) (2,7) (2,8) (2,9) (2,10) (3,0) (3,1) (3,2) (3,3) (3,4) (3,5) (3,6) (3,7) (3,8) (3,9) (3,10) (4,0) (4,1) (4,2) (4,3) (4,4) (4,5) (4,6) (4,7) (4,8) (4,9) (4,10) (5,0) (5,1) (5,2) (5,3) (5,4) (5,5) (5,6) (5,7) (5,8) (5,9) (5,10) (6,0) (6,1) (6,2) (6,3) (6,4) (6,5) (6,6) (6,7) (6,8) (6,9) (6,10) (7,0) (7,1) (7,2) (7,3) (7,4) (7,5) (7,6) (7,7) (7,8) (7,9) (7,10) (8,0) (8,1) (8,2) (8,3) (8,4) (8,5) (8,6) (8,7) (8,8) (8,9) (8,10) (9,0) (9,1) (9,2) (9,3) (9,4) (9,5) (9,6) (9,7) (9,8) (9,9) (9,10) (10,0) (10,1) (10,2) (10,3) (10,4) (10,5) (10,6) (10,7) (10,8) (10,9) (10,10)   also met at 9 more region(s)
  131  MM[131] (1D) seats (0,0) (0,1) (0,2) (0,3) (0,4) (0,5) (0,6) (0,7) (0,8) (0,9) (0,10) (0,11) (0,12) (1,0) (1,1) (1,2) (1,3) (1,4) (1,5) (1,6) (1,7) (1,8) (1,9) (1,10) (1,11) (1,12) (2,0) (2,1) (2,2) (2,3) (2,4) (2,5) (2,6) (3,0) (3,1) (3,2) (3,3) (3,4) (3,5) (3,6) (4,0) (4,1) (4,2) (4,3) (4,4) (4,5) (4,6) (5,0) (5,1) (5,2) (5,3) (5,4) (5,5) (5,6) (6,0) (6,1) (6,2) (6,3) (6,4) (6,5) (6,6) (7,0) (7,1) (7,2) (7,3) (7,4) (7,5) (7,6) (8,0) (8,1) (8,2) (8,3) (8,4) (8,5) (8,6) (9,0) (9,1) (9,2) (9,3) (9,4) (9,5) (9,6) (10,0) (10,1) (10,2) (10,3) (10,4) (10,5) (10,6) (11,0) (11,1) (11,2) (11,3) (11,4) (11,5) (11,6) (12,0) (12,1) (12,2) (12,3) (12,4) (12,5) (12,6) (13,0) (13,1) (13,2) (13,3) (13,4) (13,5) (13,6) (14,0) (14,1) (14,2) (14,3) (14,4) (14,5) (14,6) (15,0) (15,1) (15,2) (15,3) (15,4) (15,5) (15,6) (16,0) (16,1) (16,2) (16,3) (16,4) (16,5) (16,6)   also met at 9 more region(s)
  [[3,3],5] MM[[[3,3],5]] (1D) seats (0,0) (0,1) (0,2) (0,3) (0,4) (0,5) (0,6) (0,7) (0,8) (0,9) (0,10) (0,11) (0,12) (0,13) (0,14) (0,15) (0,16) (0,17) (0,18) (1,0) (1,1) (1,2) (1,3) (1,4) (1,5) (1,6) (1,7) (1,8) (1,9) (1,10) (1,11) (1,12) (1,13) (1,14) (1,15) (1,16) (1,17) (1,18) (2,0) (2,1) (2,2) (2,3) (2,4) (2,5) (2,6)   also met at 14 more region(s)
  [[3,3],7] MM[[[3,3],7]] (1D) seats (0,0) (0,1) (0,2) (0,3) (0,4) (0,5) (0,6) (0,7) (0,8) (0,9) (0,10) (0,11) (0,12) (0,13) (0,14) (0,15) (0,16) (0,17) (0,18) (1,0) (1,1) (1,2) (1,3) (1,4) (1,5) (1,6) (1,7) (1,8) (1,9) (1,10) (1,11) (1,12) (1,13) (1,14) (1,15) (1,16) (1,17) (1,18) (2,0) (2,1) (2,2) (2,3) (2,4) (3,0) (3,1) (3,2) (3,3) (3,4) (4,0) (4,1) (4,2) (4,3) (4,4) (5,0) (5,1) (5,2) (5,3) (5,4) (6,0) (6,1) (6,2) (6,3) (6,4)   also met at 11 more region(s)
  73   MM[73] (1D)  seats (0,0) (0,1) (0,2) (0,3) (0,4) (0,5) (0,6) (0,7) (0,8) (0,9) (0,10) (0,11) (0,12) (0,13) (0,14) (0,15) (0,16) (0,17) (0,18) (1,0) (1,1) (1,2) (1,3) (1,4) (1,5) (1,6) (1,7) (1,8) (1,9) (1,10) (1,11) (1,12) (1,13) (1,14) (1,15) (1,16) (1,17) (1,18) (2,0) (2,1) (2,2) (2,3) (2,4) (2,5) (2,6) (3,0) (3,1) (3,2) (3,3) (3,4) (3,5) (3,6) (4,0) (4,1) (4,2) (4,3) (4,4) (4,5) (4,6) (5,0) (5,1) (5,2) (5,3) (5,4) (5,5) (5,6) (6,0) (6,1) (6,2) (6,3) (6,4) (6,5) (6,6)   also met at 13 more region(s)
  [41,3] MM[[41,3]] (1D) seats (0,0) (0,1) (0,2) (0,3) (0,4) (0,5) (0,6) (0,7) (0,8) (0,9) (0,10) (0,11) (0,12) (0,13) (0,14) (0,15) (0,16) (0,17) (0,18) (1,0) (1,1) (1,2) (1,3) (1,4) (1,5) (1,6) (1,7) (1,8) (1,9) (1,10) (1,11) (1,12) (1,13) (1,14) (1,15) (1,16) (1,17) (1,18) (2,0) (2,1) (2,2) (2,3) (2,4) (2,5) (2,6) (2,7) (2,8) (2,9) (2,10) (2,11) (2,12) (2,13) (2,14) (2,15) (2,16) (3,0) (3,1) (3,2) (3,3) (3,4) (3,5) (3,6) (3,7) (3,8) (3,9) (3,10) (3,11) (3,12) (3,13) (3,14) (3,15) (3,16) (4,0) (4,1) (4,2) (4,3) (4,4) (4,5) (4,6) (4,7) (4,8) (4,9) (4,10) (4,11) (4,12) (4,13) (4,14) (4,15) (4,16) (5,0) (5,1) (5,2) (5,3) (5,4) (5,5) (5,6) (5,7) (5,8) (5,9) (5,10) (5,11) (5,12) (5,13) (5,14) (5,15) (5,16) (6,0) (6,1) (6,2) (6,3) (6,4) (6,5) (6,6) (6,7) (6,8) (6,9) (6,10) (6,11) (6,12) (6,13) (6,14) (6,15) (6,16)   also met at 7 more region(s)
  157  MM[157] (1D) seats (0,0) (0,1) (0,2) (0,3) (0,4) (0,5) (0,6) (0,7) (0,8) (0,9) (0,10) (0,11) (0,12) (0,13) (0,14) (0,15) (0,16) (0,17) (0,18) (1,0) (1,1) (1,2) (1,3) (1,4) (1,5) (1,6) (1,7) (1,8) (1,9) (1,10) (1,11) (1,12) (1,13) (1,14) (1,15) (1,16) (1,17) (1,18) (2,0) (2,1) (2,2) (2,3) (2,4) (2,5) (2,6) (3,0) (3,1) (3,2) (3,3) (3,4) (3,5) (3,6) (4,0) (4,1) (4,2) (4,3) (4,4) (4,5) (4,6) (5,0) (5,1) (5,2) (5,3) (5,4) (5,5) (5,6) (6,0) (6,1) (6,2) (6,3) (6,4) (6,5) (6,6) (7,0) (7,1) (7,2) (7,3) (7,4) (7,5) (7,6) (8,0) (8,1) (8,2) (8,3) (8,4) (8,5) (8,6) (9,0) (9,1) (9,2) (9,3) (9,4) (9,5) (9,6) (10,0) (10,1) (10,2) (10,3) (10,4) (10,5) (10,6) (11,0) (11,1) (11,2) (11,3) (11,4) (11,5) (11,6) (12,0) (12,1) (12,2) (12,3) (12,4) (12,5) (12,6) (13,0) (13,1) (13,2) (13,3) (13,4) (13,5) (13,6) (14,0) (14,1) (14,2) (14,3) (14,4) (14,5) (14,6) (15,0) (15,1) (15,2) (15,3) (15,4) (15,5) (15,6) (16,0) (16,1) (16,2) (16,3) (16,4) (16,5) (16,6) (17,0) (17,1) (17,2) (17,3) (17,4) (17,5) (17,6) (18,0) (18,1) (18,2) (18,3) (18,4) (18,5) (18,6)   also met at 3 more region(s)
  83   MM[83] (1D)  seats (0,0) (0,1) (0,2) (0,3) (0,4) (0,5) (0,6) (0,7) (0,8) (0,9) (0,10) (0,11) (0,12) (0,13) (0,14) (0,15) (0,16) (0,17) (0,18) (1,0) (1,1) (1,2) (1,3) (1,4) (1,5) (1,6) (1,7) (1,8) (1,9) (1,10) (1,11) (1,12) (1,13) (1,14) (1,15) (1,16) (1,17) (1,18) (2,0) (2,1) (2,2) (2,3) (2,4) (3,0) (3,1) (3,2) (3,3) (3,4) (4,0) (4,1) (4,2) (4,3) (4,4) (5,0) (5,1) (5,2) (5,3) (5,4) (6,0) (6,1) (6,2) (6,3) (6,4) (7,0) (7,1) (7,2) (7,3) (7,4) (8,0) (8,1) (8,2) (8,3) (8,4) (9,0) (9,1) (9,2) (9,3) (9,4) (10,0) (10,1) (10,2) (10,3) (10,4)   also met at 13 more region(s)
  107  MM[107] (1D) seats (0,0) (0,1) (0,2) (0,3) (0,4) (0,5) (0,6) (0,7) (0,8) (0,9) (0,10) (1,0) (1,1) (1,2) (1,3) (1,4) (1,5) (1,6) (1,7) (1,8) (1,9) (1,10) (2,0) (2,1) (2,2) (2,3) (2,4) (3,0) (3,1) (3,2) (3,3) (3,4) (4,0) (4,1) (4,2) (4,3) (4,4) (5,0) (5,1) (5,2) (5,3) (5,4) (6,0) (6,1) (6,2) (6,3) (6,4) (7,0) (7,1) (7,2) (7,3) (7,4) (8,0) (8,1) (8,2) (8,3) (8,4) (9,0) (9,1) (9,2) (9,3) (9,4) (10,0) (10,1) (10,2) (10,3) (10,4) (11,0) (11,1) (11,2) (11,3) (11,4) (12,0) (12,1) (12,2) (12,3) (12,4) (13,0) (13,1) (13,2) (13,3) (13,4) (14,0) (14,1) (14,2) (14,3) (14,4) (15,0) (15,1) (15,2) (15,3) (15,4) (16,0) (16,1) (16,2) (16,3) (16,4) (17,0) (17,1) (17,2) (17,3) (17,4) (18,0) (18,1) (18,2) (18,3) (18,4)   also met at 11 more region(s)
  67   MM[67] (1D)  seats (0,0) (0,1) (0,2) (0,3) (0,4) (0,5) (0,6) (0,7) (0,8) (0,9) (0,10) (1,0) (1,1) (1,2) (1,3) (1,4) (1,5) (1,6) (1,7) (1,8) (1,9) (1,10) (2,0) (2,1) (2,2) (2,3) (2,4) (3,0) (3,1) (3,2) (3,3) (3,4) (4,0) (4,1) (4,2) (4,3) (4,4) (5,0) (5,1) (5,2) (5,3) (5,4) (6,0) (6,1) (6,2) (6,3) (6,4) (7,0) (7,1) (7,2) (7,3) (7,4) (8,0) (8,1) (8,2) (8,3) (8,4) (9,0) (9,1) (9,2) (9,3) (9,4) (10,0) (10,1) (10,2) (10,3) (10,4)   also met at 19 more region(s)
  97   MM[97] (1D)  seats (0,0) (0,1) (0,2) (0,3) (0,4) (0,5) (0,6) (0,7) (0,8) (0,9) (0,10) (1,0) (1,1) (1,2) (1,3) (1,4) (1,5) (1,6) (1,7) (1,8) (1,9) (1,10) (2,0) (2,1) (2,2) (2,3) (2,4) (3,0) (3,1) (3,2) (3,3) (3,4) (4,0) (4,1) (4,2) (4,3) (4,4) (5,0) (5,1) (5,2) (5,3) (5,4) (6,0) (6,1) (6,2) (6,3) (6,4) (7,0) (7,1) (7,2) (7,3) (7,4) (8,0) (8,1) (8,2) (8,3) (8,4) (9,0) (9,1) (9,2) (9,3) (9,4) (10,0) (10,1) (10,2) (10,3) (10,4) (11,0) (11,1) (11,2) (11,3) (11,4) (12,0) (12,1) (12,2) (12,3) (12,4) (13,0) (13,1) (13,2) (13,3) (13,4) (14,0) (14,1) (14,2) (14,3) (14,4) (15,0) (15,1) (15,2) (15,3) (15,4) (16,0) (16,1) (16,2) (16,3) (16,4)   also met at 15 more region(s)
  127  MM[127] (1D) seats (0,0) (0,1) (0,2) (0,3) (0,4) (0,5) (0,6) (0,7) (0,8) (0,9) (0,10) (1,0) (1,1) (1,2) (1,3) (1,4) (1,5) (1,6) (1,7) (1,8) (1,9) (1,10) (2,0) (2,1) (2,2) (2,3) (2,4) (2,5) (2,6) (3,0) (3,1) (3,2) (3,3) (3,4) (3,5) (3,6) (4,0) (4,1) (4,2) (4,3) (4,4) (4,5) (4,6) (5,0) (5,1) (5,2) (5,3) (5,4) (5,5) (5,6) (6,0) (6,1) (6,2) (6,3) (6,4) (6,5) (6,6) (7,0) (7,1) (7,2) (7,3) (7,4) (7,5) (7,6) (8,0) (8,1) (8,2) (8,3) (8,4) (8,5) (8,6) (9,0) (9,1) (9,2) (9,3) (9,4) (9,5) (9,6) (10,0) (10,1) (10,2) (10,3) (10,4) (10,5) (10,6) (11,0) (11,1) (11,2) (11,3) (11,4) (11,5) (11,6) (12,0) (12,1) (12,2) (12,3) (12,4) (12,5) (12,6) (13,0) (13,1) (13,2) (13,3) (13,4) (13,5) (13,6) (14,0) (14,1) (14,2) (14,3) (14,4) (14,5) (14,6) (15,0) (15,1) (15,2) (15,3) (15,4) (15,5) (15,6) (16,0) (16,1) (16,2) (16,3) (16,4) (16,5) (16,6)   also met at 11 more region(s)
  [17,[3,3]] MM[[17,[3,3]]] (1D) seats (0,0) (0,1) (0,2) (0,3) (0,4) (0,5) (0,6) (0,7) (0,8) (0,9) (0,10) (0,11) (0,12) (0,13) (0,14) (0,15) (0,16) (1,0) (1,1) (1,2) (1,3) (1,4) (1,5) (1,6) (1,7) (1,8) (1,9) (1,10) (1,11) (1,12) (1,13) (1,14) (1,15) (1,16) (2,0) (2,1) (2,2) (2,3) (2,4) (2,5) (2,6) (3,0) (3,1) (3,2) (3,3) (3,4) (3,5) (3,6) (4,0) (4,1) (4,2) (4,3) (4,4) (4,5) (4,6) (5,0) (5,1) (5,2) (5,3) (5,4) (5,5) (5,6) (6,0) (6,1) (6,2) (6,3) (6,4) (6,5) (6,6) (7,0) (7,1) (7,2) (7,3) (7,4) (7,5) (7,6) (8,0) (8,1) (8,2) (8,3) (8,4) (8,5) (8,6) (9,0) (9,1) (9,2) (9,3) (9,4) (9,5) (9,6) (10,0) (10,1) (10,2) (10,3) (10,4) (10,5) (10,6) (11,0) (11,1) (11,2) (11,3) (11,4) (11,5) (11,6) (12,0) (12,1) (12,2) (12,3) (12,4) (12,5) (12,6) (13,0) (13,1) (13,2) (13,3) (13,4) (13,5) (13,6) (14,0) (14,1) (14,2) (14,3) (14,4) (14,5) (14,6) (15,0) (15,1) (15,2) (15,3) (15,4) (15,5) (15,6) (16,0) (16,1) (16,2) (16,3) (16,4) (16,5) (16,6) (17,0) (17,1) (17,2) (17,3) (17,4) (17,5) (17,6) (18,0) (18,1) (18,2) (18,3) (18,4) (18,5) (18,6)   also met at 5 more region(s)
  79   MM[79] (1D)  seats (0,0) (0,1) (0,2) (0,3) (0,4) (0,5) (0,6) (0,7) (0,8) (0,9) (0,10) (0,11) (0,12) (0,13) (0,14) (0,15) (0,16) (1,0) (1,1) (1,2) (1,3) (1,4) (1,5) (1,6) (1,7) (1,8) (1,9) (1,10) (1,11) (1,12) (1,13) (1,14) (1,15) (1,16) (2,0) (2,1) (2,2) (2,3) (2,4) (3,0) (3,1) (3,2) (3,3) (3,4) (4,0) (4,1) (4,2) (4,3) (4,4) (5,0) (5,1) (5,2) (5,3) (5,4) (6,0) (6,1) (6,2) (6,3) (6,4) (7,0) (7,1) (7,2) (7,3) (7,4) (8,0) (8,1) (8,2) (8,3) (8,4) (9,0) (9,1) (9,2) (9,3) (9,4) (10,0) (10,1) (10,2) (10,3) (10,4)   also met at 15 more region(s)
  109  MM[109] (1D) seats (0,0) (0,1) (0,2) (0,3) (0,4) (0,5) (0,6) (0,7) (0,8) (0,9) (0,10) (0,11) (0,12) (0,13) (0,14) (0,15) (0,16) (1,0) (1,1) (1,2) (1,3) (1,4) (1,5) (1,6) (1,7) (1,8) (1,9) (1,10) (1,11) (1,12) (1,13) (1,14) (1,15) (1,16) (2,0) (2,1) (2,2) (2,3) (2,4) (3,0) (3,1) (3,2) (3,3) (3,4) (4,0) (4,1) (4,2) (4,3) (4,4) (5,0) (5,1) (5,2) (5,3) (5,4) (6,0) (6,1) (6,2) (6,3) (6,4) (7,0) (7,1) (7,2) (7,3) (7,4) (8,0) (8,1) (8,2) (8,3) (8,4) (9,0) (9,1) (9,2) (9,3) (9,4) (10,0) (10,1) (10,2) (10,3) (10,4) (11,0) (11,1) (11,2) (11,3) (11,4) (12,0) (12,1) (12,2) (12,3) (12,4) (13,0) (13,1) (13,2) (13,3) (13,4) (14,0) (14,1) (14,2) (14,3) (14,4) (15,0) (15,1) (15,2) (15,3) (15,4) (16,0) (16,1) (16,2) (16,3) (16,4)   also met at 11 more region(s)
  149  MM[149] (1D) seats (0,0) (0,1) (0,2) (0,3) (0,4) (0,5) (0,6) (0,7) (0,8) (0,9) (0,10) (0,11) (0,12) (1,0) (1,1) (1,2) (1,3) (1,4) (1,5) (1,6) (1,7) (1,8) (1,9) (1,10) (1,11) (1,12) (2,0) (2,1) (2,2) (2,3) (2,4) (2,5) (2,6) (2,7) (2,8) (2,9) (2,10) (2,11) (2,12) (3,0) (3,1) (3,2) (3,3) (3,4) (3,5) (3,6) (3,7) (3,8) (3,9) (3,10) (4,0) (4,1) (4,2) (4,3) (4,4) (4,5) (4,6) (4,7) (4,8) (4,9) (4,10) (5,0) (5,1) (5,2) (5,3) (5,4) (5,5) (5,6) (5,7) (5,8) (5,9) (5,10) (6,0) (6,1) (6,2) (6,3) (6,4) (6,5) (6,6) (6,7) (6,8) (6,9) (6,10) (7,0) (7,1) (7,2) (7,3) (7,4) (7,5) (7,6) (7,7) (7,8) (7,9) (7,10) (8,0) (8,1) (8,2) (8,3) (8,4) (8,5) (8,6) (8,7) (8,8) (8,9) (8,10) (9,0) (9,1) (9,2) (9,3) (9,4) (9,5) (9,6) (9,7) (9,8) (9,9) (9,10) (10,0) (10,1) (10,2) (10,3) (10,4) (10,5) (10,6) (10,7) (10,8) (10,9) (10,10) (11,0) (11,1) (11,2) (11,3) (11,4) (11,5) (11,6) (11,7) (11,8) (11,9) (11,10) (12,0) (12,1) (12,2) (12,3) (12,4) (12,5) (12,6) (12,7) (12,8) (12,9) (12,10)   also met at 9 more region(s)
  [29,3] MM[[29,3]] (1D) seats (0,0) (0,1) (0,2) (0,3) (0,4) (0,5) (0,6) (0,7) (0,8) (0,9) (0,10) (0,11) (0,12) (1,0) (1,1) (1,2) (1,3) (1,4) (1,5) (1,6) (1,7) (1,8) (1,9) (1,10) (1,11) (1,12) (2,0) (2,1) (2,2) (2,3) (2,4) (2,5) (2,6) (2,7) (2,8) (2,9) (2,10) (2,11) (2,12) (3,0) (3,1) (3,2) (4,0) (4,1) (4,2) (5,0) (5,1) (5,2) (6,0) (6,1) (6,2) (7,0) (7,1) (7,2) (8,0) (8,1) (8,2) (9,0) (9,1) (9,2) (10,0) (10,1) (10,2) (11,0) (11,1) (11,2) (12,0) (12,1) (12,2) (13,0) (13,1) (13,2) (14,0) (14,1) (14,2) (15,0) (15,1) (15,2) (16,0) (16,1) (16,2) (17,0) (17,1) (17,2) (18,0) (18,1) (18,2)   also met at 9 more region(s)
  [[3,5],7] MM[[[3,5],7]] (1D) seats (0,0) (0,1) (0,2) (0,3) (0,4) (0,5) (0,6) (0,7) (0,8) (0,9) (0,10) (0,11) (0,12) (0,13) (0,14) (0,15) (0,16) (0,17) (0,18) (1,0) (1,1) (1,2) (1,3) (1,4) (1,5) (1,6) (1,7) (1,8) (1,9) (1,10) (1,11) (1,12) (1,13) (1,14) (1,15) (1,16) (1,17) (1,18) (2,0) (2,1) (2,2) (2,3) (2,4) (2,5) (2,6) (2,7) (2,8) (2,9) (2,10) (2,11) (2,12) (2,13) (2,14) (2,15) (2,16) (2,17) (2,18) (3,0) (3,1) (3,2) (4,0) (4,1) (4,2) (5,0) (5,1) (5,2) (6,0) (6,1) (6,2) (7,0) (7,1) (7,2) (8,0) (8,1) (8,2) (9,0) (9,1) (9,2) (10,0) (10,1) (10,2) (11,0) (11,1) (11,2) (12,0) (12,1) (12,2) (13,0) (13,1) (13,2) (14,0) (14,1) (14,2) (15,0) (15,1) (15,2) (16,0) (16,1) (16,2) (17,0) (17,1) (17,2) (18,0) (18,1) (18,2)   also met at 4 more region(s)
  [[5,5],3] MM[[[5,5],3]] (1D) seats (0,0) (0,1) (0,2) (0,3) (0,4) (0,5) (0,6) (0,7) (0,8) (0,9) (0,10) (1,0) (1,1) (1,2) (1,3) (1,4) (1,5) (1,6) (1,7) (1,8) (1,9) (1,10) (2,0) (2,1) (2,2) (2,3) (2,4) (2,5) (2,6) (2,7) (2,8) (2,9) (2,10) (3,0) (3,1) (3,2) (4,0) (4,1) (4,2) (5,0) (5,1) (5,2) (6,0) (6,1) (6,2) (7,0) (7,1) (7,2) (8,0) (8,1) (8,2) (9,0) (9,1) (9,2) (10,0) (10,1) (10,2) (11,0) (11,1) (11,2) (12,0) (12,1) (12,2) (13,0) (13,1) (13,2) (14,0) (14,1) (14,2) (15,0) (15,1) (15,2) (16,0) (16,1) (16,2)   also met at 3 more region(s)
  [[3,5],[3,3]] MM[[[3,5],[3,3]]] (1D) seats (0,0) (0,1) (0,2) (0,3) (0,4) (0,5) (0,6) (0,7) (0,8) (0,9) (0,10) (0,11) (0,12) (1,0) (1,1) (1,2) (1,3) (1,4) (1,5) (1,6) (1,7) (1,8) (1,9) (1,10) (1,11) (1,12) (2,0) (2,1) (2,2) (2,3) (2,4) (2,5) (2,6) (2,7) (2,8) (2,9) (2,10) (2,11) (2,12) (3,0) (3,1) (3,2) (3,3) (3,4) (3,5) (3,6) (3,7) (3,8) (3,9) (3,10) (3,11) (3,12) (4,0) (4,1) (4,2) (4,3) (4,4) (4,5) (4,6) (4,7) (4,8) (4,9) (4,10) (4,11) (4,12) (5,0) (5,1) (5,2) (5,3) (5,4) (6,0) (6,1) (6,2) (6,3) (6,4) (7,0) (7,1) (7,2) (7,3) (7,4) (8,0) (8,1) (8,2) (8,3) (8,4) (9,0) (9,1) (9,2) (9,3) (9,4) (10,0) (10,1) (10,2) (10,3) (10,4) (11,0) (11,1) (11,2) (11,3) (11,4) (12,0) (12,1) (12,2) (12,3) (12,4) (13,0) (13,1) (13,2) (13,3) (13,4) (14,0) (14,1) (14,2) (14,3) (14,4) (15,0) (15,1) (15,2) (15,3) (15,4) (16,0) (16,1) (16,2) (16,3) (16,4) (17,0) (17,1) (17,2) (17,3) (17,4) (18,0) (18,1) (18,2) (18,3) (18,4)   also met at 3 more region(s)
  [[3,5],11] MM[[[3,5],11]] (1D) seats (0,0) (0,1) (0,2) (0,3) (0,4) (0,5) (0,6) (0,7) (0,8) (0,9) (0,10) (0,11) (0,12) (0,13) (0,14) (0,15) (0,16) (0,17) (0,18) (1,0) (1,1) (1,2) (1,3) (1,4) (1,5) (1,6) (1,7) (1,8) (1,9) (1,10) (1,11) (1,12) (1,13) (1,14) (1,15) (1,16) (1,17) (1,18) (2,0) (2,1) (2,2) (2,3) (2,4) (2,5) (2,6) (2,7) (2,8) (2,9) (2,10) (2,11) (2,12) (2,13) (2,14) (2,15) (2,16) (2,17) (2,18) (3,0) (3,1) (3,2) (3,3) (3,4) (3,5) (3,6) (3,7) (3,8) (3,9) (3,10) (3,11) (3,12) (3,13) (3,14) (3,15) (3,16) (3,17) (3,18) (4,0) (4,1) (4,2) (4,3) (4,4) (4,5) (4,6) (4,7) (4,8) (4,9) (4,10) (4,11) (4,12) (4,13) (4,14) (4,15) (4,16) (4,17) (4,18) (5,0) (5,1) (5,2) (5,3) (5,4) (6,0) (6,1) (6,2) (6,3) (6,4) (7,0) (7,1) (7,2) (7,3) (7,4) (8,0) (8,1) (8,2) (8,3) (8,4) (9,0) (9,1) (9,2) (9,3) (9,4) (10,0) (10,1) (10,2) (10,3) (10,4) (11,0) (11,1) (11,2) (11,3) (11,4) (12,0) (12,1) (12,2) (12,3) (12,4) (13,0) (13,1) (13,2) (13,3) (13,4) (14,0) (14,1) (14,2) (14,3) (14,4) (15,0) (15,1) (15,2) (15,3) (15,4) (16,0) (16,1) (16,2) (16,3) (16,4) (17,0) (17,1) (17,2) (17,3) (17,4) (18,0) (18,1) (18,2) (18,3) (18,4)   also met at 1 more region(s)
collapses (a rail ring this container's matrix is the resolution of):
  none

every address:   19{Q*([19,19]/O76, O76/[19,19], O76/4, 4/O76, O76/[2,3], [2,3]/O76, O76/[2,5], [2,5]/O76, O76/[2,7], [2,7]/O76, O76/[2,13], [2,13]/O76, O76/[2,11], [2,11]/O76, O76/[3,2], [3,2]/O76, O76/[5,2], [5,2]/O76, O76/[7,2], [7,2]/O76, O76/[13,2], [13,2]/O76, O76/[19,2], [19,2]/O76, [19,13]/O76, O76/[19,13], [19,17]/O76, O76/[19,17], O76/[11,2], [11,2]/O76, O76/[17,2], [17,2]/O76, O76/2₀, 2₀/O76, O76/2₁, 2₁/O76, O76/3₀, 3₀/O76, O76/3₁, 3₁/O76, O76/5₀, 5₀/O76, O76/5₁, 5₁/O76, O76/7₀, 7₀/O76, O76/7₁, 7₁/O76, O76/13₀, 13₀/O76, O76/13₁, 13₁/O76, O76/19₀, 19₀/O76, O76/11₀, 11₀/O76, O76/11₁, 11₁/O76, O76/17₀, 17₀/O76, 1/O76, [19,19]/O77, O77/[19,19], O77/4, 4/O77, O77/[2,3], [2,3]/O77, O77/[2,5], [2,5]/O77, O77/[2,7], [2,7]/O77, O77/[2,13], [2,13]/O77, O77/[2,11], [2,11]/O77, O77/[3,2], [3,2]/O77, O77/[3,3], [3,3]/O77, O77/[3,5], [3,5]/O77, O77/[3,7], [3,7]/O77, O77/[3,11], [3,11]/O77, O77/[5,2], [5,2]/O77, O77/[5,3], [5,3]/O77, O77/[5,5], [5,5]/O77, O77/[5,7], [5,7]/O77, O77/[5,11], [5,11]/O77, O77/[7,2], [7,2]/O77, O77/[7,3], [7,3]/O77, O77/[7,5], [7,5]/O77, O77/[7,7], [7,7]/O77, O77/[7,11], [7,11]/O77, O77/[13,2], [13,2]/O77, O77/[13,3], [13,3]/O77, O77/[13,5], [13,5]/O77, O77/[13,7], [13,7]/O77, O77/[13,11], [13,11]/O77, O77/[19,2], [19,2]/O77, O77/[19,3], [19,3]/O77, O77/[19,5], [19,5]/O77, O77/[19,7], [19,7]/O77, [19,13]/O77, O77/[19,13], O77/[19,11], [19,11]/O77, [19,17]/O77, O77/[19,17], O77/[11,2], [11,2]/O77, O77/[11,3], [11,3]/O77, O77/[11,5], [11,5]/O77, O77/[11,7], [11,7]/O77, O77/[11,11], [11,11]/O77, O77/[17,2], [17,2]/O77, O77/[17,3], [17,3]/O77, O77/[17,5], [17,5]/O77, O77/[17,7], [17,7]/O77, O77/[17,11], [17,11]/O77, O77/2₀, 2₀/O77, O77/2₁, 2₁/O77, O77/3₀, 3₀/O77, O77/3₁, 3₁/O77, O77/5₀, 5₀/O77, O77/5₁, 5₁/O77, O77/7₀, 7₀/O77, O77/7₁, 7₁/O77, O77/13₀, 13₀/O77, O77/13₁, 13₁/O77, O77/19₀, 19₀/O77, O77/11₀, 11₀/O77, O77/11₁, 11₁/O77, O77/17₀, 17₀/O77, 1/O77, [19,19]/O78, O78/[19,19], O78/4, 4/O78, O78/[2,3], [2,3]/O78, O78/[2,5], [2,5]/O78, O78/[2,7], [2,7]/O78, O78/[2,13], [2,13]/O78, O78/[2,11], [2,11]/O78, O78/[3,2], [3,2]/O78, O78/[5,2], [5,2]/O78, O78/[7,2], [7,2]/O78, O78/[13,2], [13,2]/O78, [19,13]/O78, O78/[19,13], [19,17]/O78, O78/[19,17], O78/[11,2], [11,2]/O78, O78/[17,2], [17,2]/O78, [17,13]/O78, O78/[17,13], [17,19]/O78, O78/[17,19], [17,17]/O78, O78/[17,17], O78/2₀, 2₀/O78, O78/2₁, 2₁/O78, O78/3₀, 3₀/O78, O78/3₁, 3₁/O78, O78/5₀, 5₀/O78, O78/5₁, 5₁/O78, O78/7₀, 7₀/O78, O78/7₁, 7₁/O78, O78/13₀, 13₀/O78, O78/13₁, 13₁/O78, O78/11₀, 11₀/O78, O78/11₁, 11₁/O78, O78/17₀, 17₀/O78, 1/O78, [19,19]/O79, O79/[19,19], O79/4, 4/O79, O79/[2,3], [2,3]/O79, O79/[2,5], [2,5]/O79, O79/[2,7], [2,7]/O79, O79/[2,13], [2,13]/O79, O79/[2,11], [2,11]/O79, O79/[3,2], [3,2]/O79, O79/[3,3], [3,3]/O79, O79/[3,5], [3,5]/O79, O79/[5,2], [5,2]/O79, O79/[5,3], [5,3]/O79, O79/[5,5], [5,5]/O79, O79/[7,2], [7,2]/O79, O79/[7,3], [7,3]/O79, O79/[7,5], [7,5]/O79, O79/[13,2], [13,2]/O79, O79/[13,3], [13,3]/O79, O79/[13,5], [13,5]/O79, [19,13]/O79, O79/[19,13], [19,17]/O79, O79/[19,17], O79/[11,2], [11,2]/O79, O79/[11,3], [11,3]/O79, O79/[11,5], [11,5]/O79, O79/[17,2], [17,2]/O79, O79/[17,3], [17,3]/O79, O79/[17,5], [17,5]/O79, [17,13]/O79, O79/[17,13], [17,19]/O79, O79/[17,19], [17,17]/O79, O79/[17,17], O79/2₀, 2₀/O79, O79/2₁, 2₁/O79, O79/3₀, 3₀/O79, O79/3₁, 3₁/O79, O79/5₀, 5₀/O79, O79/5₁, 5₁/O79, O79/7₀, 7₀/O79, O79/7₁, 7₁/O79, O79/13₀, 13₀/O79, O79/13₁, 13₁/O79, O79/11₀, 11₀/O79, O79/11₁, 11₁/O79, O79/17₀, 17₀/O79, 1/O79, [19,19]/O80, O80/[19,19], O80/4, 4/O80, O80/[2,3], [2,3]/O80, O80/[2,5], [2,5]/O80, O80/[2,7], [2,7]/O80, O80/[2,13], [2,13]/O80, O80/[2,11], [2,11]/O80, O80/[3,2], [3,2]/O80, O80/[3,3], [3,3]/O80, O80/[3,5], [3,5]/O80, O80/[3,7], [3,7]/O80, O80/[3,11], [3,11]/O80, O80/[5,2], [5,2]/O80, O80/[5,3], [5,3]/O80, O80/[5,5], [5,5]/O80, O80/[5,7], [5,7]/O80, O80/[5,11], [5,11]/O80, O80/[7,2], [7,2]/O80, O80/[7,3], [7,3]/O80, O80/[7,5], [7,5]/O80, O80/[7,7], [7,7]/O80, O80/[7,11], [7,11]/O80, O80/[13,2], [13,2]/O80, O80/[13,3], [13,3]/O80, O80/[13,5], [13,5]/O80, O80/[13,7], [13,7]/O80, O80/[13,11], [13,11]/O80, [19,13]/O80, O80/[19,13], [19,17]/O80, O80/[19,17], O80/[11,2], [11,2]/O80, O80/[11,3], [11,3]/O80, O80/[11,5], [11,5]/O80, O80/[11,7], [11,7]/O80, O80/[11,11], [11,11]/O80, O80/[17,2], [17,2]/O80, O80/[17,3], [17,3]/O80, O80/[17,5], [17,5]/O80, O80/[17,7], [17,7]/O80, [17,13]/O80, O80/[17,13], [17,19]/O80, O80/[17,19], O80/[17,11], [17,11]/O80, [17,17]/O80, O80/[17,17], O80/2₀, 2₀/O80, O80/2₁, 2₁/O80, O80/3₀, 3₀/O80, O80/3₁, 3₁/O80, O80/5₀, 5₀/O80, O80/5₁, 5₁/O80, O80/7₀, 7₀/O80, O80/7₁, 7₁/O80, O80/13₀, 13₀/O80, O80/13₁, 13₁/O80, O80/11₀, 11₀/O80, O80/11₁, 11₁/O80, O80/17₀, 17₀/O80, 1/O80, [19,19]/O81, O81/[19,19], O81/4, 4/O81, O81/[2,3], [2,3]/O81, O81/[2,5], [2,5]/O81, O81/[2,7], [2,7]/O81, O81/[2,13], [2,13]/O81, [2,19]/O81, O81/[2,19], O81/[2,11], [2,11]/O81, [2,17]/O81, O81/[2,17], [3,19]/O81, O81/[3,19], [3,17]/O81, O81/[3,17], [5,19]/O81, O81/[5,19], [5,17]/O81, O81/[5,17], [7,19]/O81, O81/[7,19], [7,17]/O81, O81/[7,17], [13,19]/O81, O81/[13,19], [13,17]/O81, O81/[13,17], [19,17]/O81, O81/[19,17], [11,19]/O81, O81/[11,19], [11,17]/O81, O81/[11,17], [17,19]/O81, O81/[17,19], [17,17]/O81, O81/[17,17], O81/2₀, 2₀/O81, O81/2₁, 2₁/O81, O81/3₁, 3₁/O81, O81/5₁, 5₁/O81, O81/7₁, 7₁/O81, O81/13₁, 13₁/O81, O81/11₁, 11₁/O81, O81/17₁, 17₁/O81, 1/O81, [19,19]/O82, O82/[19,19], O82/4, 4/O82, O82/[2,3], [2,3]/O82, O82/[2,5], [2,5]/O82, O82/[2,7], [2,7]/O82, O82/[2,13], [2,13]/O82, O82/[2,19], [2,19]/O82, O82/[2,11], [2,11]/O82, O82/[2,17], [2,17]/O82, O82/[3,2], [3,2]/O82, O82/[3,3], [3,3]/O82, O82/[3,5], [3,5]/O82, O82/[3,7], [3,7]/O82, O82/[3,11], [3,11]/O82, O82/[5,2], [5,2]/O82, O82/[5,3], [5,3]/O82, O82/[5,5], [5,5]/O82, O82/[5,7], [5,7]/O82, O82/[5,11], [5,11]/O82, O82/[7,2], [7,2]/O82, O82/[7,3], [7,3]/O82, O82/[7,5], [7,5]/O82, O82/[7,7], [7,7]/O82, [7,19]/O82, O82/[7,19], O82/[7,11], [7,11]/O82, [13,19]/O82, O82/[13,19], [11,19]/O82, O82/[11,19], [17,19]/O82, O82/[17,19], O82/2₀, 2₀/O82, O82/2₁, 2₁/O82, O82/3₀, 3₀/O82, O82/3₁, 3₁/O82, O82/5₀, 5₀/O82, O82/5₁, 5₁/O82, O82/7₀, 7₀/O82, O82/7₁, 7₁/O82, O82/13₁, 13₁/O82, O82/19₁, 19₁/O82, O82/11₁, 11₁/O82, O82/17₁, 17₁/O82, 1/O82, [19,19]/O83, O83/[19,19], O83/4, 4/O83, O83/[2,3], [2,3]/O83, O83/[2,5], [2,5]/O83, O83/[2,7], [2,7]/O83, O83/[2,13], [2,13]/O83, O83/[2,19], [2,19]/O83, O83/[2,11], [2,11]/O83, O83/[2,17], [2,17]/O83, O83/[3,2], [3,2]/O83, O83/[3,3], [3,3]/O83, O83/[3,5], [3,5]/O83, O83/[3,7], [3,7]/O83, O83/[5,2], [5,2]/O83, O83/[5,3], [5,3]/O83, O83/[5,5], [5,5]/O83, O83/[5,7], [5,7]/O83, O83/[7,2], [7,2]/O83, O83/[7,3], [7,3]/O83, O83/[7,5], [7,5]/O83, O83/[7,7], [7,7]/O83, O83/[13,2], [13,2]/O83, O83/[13,3], [13,3]/O83, O83/[13,5], [13,5]/O83, O83/[13,7], [13,7]/O83, [13,19]/O83, O83/[13,19], O83/[11,2], [11,2]/O83, O83/[11,3], [11,3]/O83, O83/[11,5], [11,5]/O83, O83/[11,7], [11,7]/O83, [17,19]/O83, O83/[17,19], O83/2₀, 2₀/O83, O83/2₁, 2₁/O83, O83/3₀, 3₀/O83, O83/3₁, 3₁/O83, O83/5₀, 5₀/O83, O83/5₁, 5₁/O83, O83/7₀, 7₀/O83, O83/7₁, 7₁/O83, O83/13₀, 13₀/O83, O83/13₁, 13₁/O83, O83/19₁, 19₁/O83, O83/11₀, 11₀/O83, O83/11₁, 11₁/O83, O83/17₁, 17₁/O83, 1/O83, [19,19]/O84, O84/[19,19], O84/4, 4/O84, O84/[2,3], [2,3]/O84, O84/[2,5], [2,5]/O84, O84/[2,7], [2,7]/O84, O84/[2,13], [2,13]/O84, O84/[2,19], [2,19]/O84, O84/[2,11], [2,11]/O84, O84/[2,17], [2,17]/O84, O84/[3,2], [3,2]/O84, O84/[3,3], [3,3]/O84, O84/[3,5], [3,5]/O84, O84/[3,7], [3,7]/O84, O84/[3,13], [3,13]/O84, O84/[3,11], [3,11]/O84, O84/[5,2], [5,2]/O84, O84/[5,3], [5,3]/O84, O84/[5,5], [5,5]/O84, O84/[5,7], [5,7]/O84, O84/[5,13], [5,13]/O84, O84/[5,11], [5,11]/O84, O84/[7,2], [7,2]/O84, O84/[7,3], [7,3]/O84, O84/[7,5], [7,5]/O84, O84/[7,7], [7,7]/O84, O84/[7,13], [7,13]/O84, O84/[7,11], [7,11]/O84, O84/[13,2], [13,2]/O84, O84/[13,3], [13,3]/O84, O84/[13,5], [13,5]/O84, O84/[13,7], [13,7]/O84, O84/[13,13], [13,13]/O84, [13,19]/O84, O84/[13,19], O84/[13,11], [13,11]/O84, O84/[11,2], [11,2]/O84, O84/[11,3], [11,3]/O84, O84/[11,5], [11,5]/O84, O84/[11,7], [11,7]/O84, O84/[11,13], [11,13]/O84, O84/[11,11], [11,11]/O84, [17,19]/O84, O84/[17,19], O84/2₀, 2₀/O84, O84/2₁, 2₁/O84, O84/3₀, 3₀/O84, O84/3₁, 3₁/O84, O84/5₀, 5₀/O84, O84/5₁, 5₁/O84, O84/7₀, 7₀/O84, O84/7₁, 7₁/O84, O84/13₀, 13₀/O84, O84/13₁, 13₁/O84, O84/19₁, 19₁/O84, O84/11₀, 11₀/O84, O84/11₁, 11₁/O84, O84/17₁, 17₁/O84, 1/O84, [19,19]/O85, O85/[19,19], O85/4, 4/O85, O85/[2,3], [2,3]/O85, O85/[2,5], [2,5]/O85, O85/[2,7], [2,7]/O85, O85/[2,13], [2,13]/O85, O85/[2,19], [2,19]/O85, O85/[2,11], [2,11]/O85, O85/[2,17], [2,17]/O85, O85/[3,2], [3,2]/O85, O85/[3,3], [3,3]/O85, O85/[3,5], [3,5]/O85, O85/[3,7], [3,7]/O85, O85/[3,11], [3,11]/O85, O85/[5,2], [5,2]/O85, O85/[5,3], [5,3]/O85, O85/[5,5], [5,5]/O85, O85/[5,7], [5,7]/O85, O85/[5,11], [5,11]/O85, O85/[7,2], [7,2]/O85, O85/[7,3], [7,3]/O85, O85/[7,5], [7,5]/O85, O85/[7,7], [7,7]/O85, O85/[7,11], [7,11]/O85, O85/[13,2], [13,2]/O85, O85/[13,3], [13,3]/O85, O85/[13,5], [13,5]/O85, O85/[13,7], [13,7]/O85, [13,19]/O85, O85/[13,19], O85/[13,11], [13,11]/O85, O85/[11,2], [11,2]/O85, O85/[11,3], [11,3]/O85, O85/[11,5], [11,5]/O85, O85/[11,7], [11,7]/O85, O85/[11,11], [11,11]/O85, [17,19]/O85, O85/[17,19], O85/2₀, 2₀/O85, O85/2₁, 2₁/O85, O85/3₀, 3₀/O85, O85/3₁, 3₁/O85, O85/5₀, 5₀/O85, O85/5₁, 5₁/O85, O85/7₀, 7₀/O85, O85/7₁, 7₁/O85, O85/13₀, 13₀/O85, O85/13₁, 13₁/O85, O85/19₁, 19₁/O85, O85/11₀, 11₀/O85, O85/11₁, 11₁/O85, O85/17₁, 17₁/O85, 1/O85, [19,19]/O86, O86/[19,19], O86/4, 4/O86, O86/[2,3], [2,3]/O86, O86/[2,5], [2,5]/O86, O86/[2,7], [2,7]/O86, O86/[2,13], [2,13]/O86, O86/[2,19], [2,19]/O86, O86/[2,11], [2,11]/O86, O86/[2,17], [2,17]/O86, O86/[3,2], [3,2]/O86, O86/[3,3], [3,3]/O86, O86/[3,5], [3,5]/O86, O86/[3,7], [3,7]/O86, O86/[3,13], [3,13]/O86, O86/[3,11], [3,11]/O86, O86/[3,17], [3,17]/O86, O86/[5,2], [5,2]/O86, O86/[5,3], [5,3]/O86, O86/[5,5], [5,5]/O86, O86/[5,7], [5,7]/O86, O86/[5,13], [5,13]/O86, O86/[5,11], [5,11]/O86, O86/[5,17], [5,17]/O86, O86/[7,2], [7,2]/O86, O86/[7,3], [7,3]/O86, O86/[7,5], [7,5]/O86, O86/[7,7], [7,7]/O86, O86/[7,13], [7,13]/O86, O86/[7,11], [7,11]/O86, O86/[7,17], [7,17]/O86, O86/[13,2], [13,2]/O86, O86/[13,3], [13,3]/O86, O86/[13,5], [13,5]/O86, O86/[13,7], [13,7]/O86, O86/[13,13], [13,13]/O86, [13,19]/O86, O86/[13,19], O86/[13,11], [13,11]/O86, O86/[13,17], [13,17]/O86, O86/[11,2], [11,2]/O86, O86/[11,3], [11,3]/O86, O86/[11,5], [11,5]/O86, O86/[11,7], [11,7]/O86, O86/[11,13], [11,13]/O86, O86/[11,11], [11,11]/O86, O86/[11,17], [11,17]/O86, [17,19]/O86, O86/[17,19], O86/2₀, 2₀/O86, O86/2₁, 2₁/O86, O86/3₀, 3₀/O86, O86/3₁, 3₁/O86, O86/5₀, 5₀/O86, O86/5₁, 5₁/O86, O86/7₀, 7₀/O86, O86/7₁, 7₁/O86, O86/13₀, 13₀/O86, O86/13₁, 13₁/O86, O86/19₁, 19₁/O86, O86/11₀, 11₀/O86, O86/11₁, 11₁/O86, O86/17₁, 17₁/O86, 1/O86, [19,19]/O87, O87/[19,19], O87/4, 4/O87, O87/[2,3], [2,3]/O87, O87/[2,5], [2,5]/O87, O87/[2,7], [2,7]/O87, O87/[2,13], [2,13]/O87, O87/[2,19], [2,19]/O87, O87/[2,11], [2,11]/O87, O87/[2,17], [2,17]/O87, O87/[3,2], [3,2]/O87, O87/[5,2], [5,2]/O87, O87/[7,2], [7,2]/O87, O87/[13,2], [13,2]/O87, O87/[19,2], [19,2]/O87, O87/[11,2], [11,2]/O87, O87/[17,2], [17,2]/O87, O87/2₀, 2₀/O87, O87/2₁, 2₁/O87, O87/3₀, 3₀/O87, O87/3₁, 3₁/O87, O87/5₀, 5₀/O87, O87/5₁, 5₁/O87, O87/7₀, 7₀/O87, O87/7₁, 7₁/O87, O87/13₀, 13₀/O87, O87/13₁, 13₁/O87, O87/19₀, 19₀/O87, O87/19₁, 19₁/O87, O87/11₀, 11₀/O87, O87/11₁, 11₁/O87, O87/17₀, 17₀/O87, O87/17₁, 17₁/O87, 1/O87, [19,19]/O88, O88/[19,19], O88/4, 4/O88, O88/[2,3], [2,3]/O88, O88/[2,5], [2,5]/O88, O88/[2,7], [2,7]/O88, O88/[2,13], [2,13]/O88, O88/[2,19], [2,19]/O88, O88/[2,11], [2,11]/O88, O88/[2,17], [2,17]/O88, O88/[3,2], [3,2]/O88, O88/[3,3], [3,3]/O88, O88/[3,5], [3,5]/O88, O88/[3,7], [3,7]/O88, O88/[3,13], [3,13]/O88, O88/[3,11], [3,11]/O88, O88/[5,2], [5,2]/O88, O88/[5,3], [5,3]/O88, O88/[5,5], [5,5]/O88, O88/[5,7], [5,7]/O88, O88/[5,13], [5,13]/O88, O88/[5,11], [5,11]/O88, O88/[7,2], [7,2]/O88, O88/[7,3], [7,3]/O88, O88/[7,5], [7,5]/O88, O88/[7,7], [7,7]/O88, O88/[7,13], [7,13]/O88, O88/[7,11], [7,11]/O88, O88/[13,2], [13,2]/O88, O88/[13,3], [13,3]/O88, O88/[13,5], [13,5]/O88, O88/[13,7], [13,7]/O88, O88/[13,13], [13,13]/O88, O88/[13,11], [13,11]/O88, O88/[19,2], [19,2]/O88, O88/[19,3], [19,3]/O88, O88/[19,5], [19,5]/O88, O88/[19,7], [19,7]/O88, O88/[19,13], [19,13]/O88, O88/[19,11], [19,11]/O88, O88/[11,2], [11,2]/O88, O88/[11,3], [11,3]/O88, O88/[11,5], [11,5]/O88, O88/[11,7], [11,7]/O88, O88/[11,13], [11,13]/O88, O88/[11,11], [11,11]/O88, O88/[17,2], [17,2]/O88, O88/[17,3], [17,3]/O88, O88/[17,5], [17,5]/O88, O88/[17,7], [17,7]/O88, O88/[17,13], [17,13]/O88, O88/[17,11], [17,11]/O88, O88/2₀, 2₀/O88, O88/2₁, 2₁/O88, O88/3₀, 3₀/O88, O88/3₁, 3₁/O88, O88/5₀, 5₀/O88, O88/5₁, 5₁/O88, O88/7₀, 7₀/O88, O88/7₁, 7₁/O88, O88/13₀, 13₀/O88, O88/13₁, 13₁/O88, O88/19₀, 19₀/O88, O88/19₁, 19₁/O88, O88/11₀, 11₀/O88, O88/11₁, 11₁/O88, O88/17₀, 17₀/O88, O88/17₁, 17₁/O88, 1/O88, [19,19]/O89, O89/[19,19], O89/4, 4/O89, O89/[2,3], [2,3]/O89, O89/[2,5], [2,5]/O89, O89/[2,7], [2,7]/O89, O89/[2,13], [2,13]/O89, O89/[2,19], [2,19]/O89, O89/[2,11], [2,11]/O89, O89/[2,17], [2,17]/O89, O89/[3,2], [3,2]/O89, O89/[3,3], [3,3]/O89, O89/[3,5], [3,5]/O89, O89/[3,7], [3,7]/O89, O89/[3,13], [3,13]/O89, O89/[3,11], [3,11]/O89, O89/[3,17], [3,17]/O89, O89/[5,2], [5,2]/O89, O89/[5,3], [5,3]/O89, O89/[5,5], [5,5]/O89, O89/[5,7], [5,7]/O89, O89/[5,13], [5,13]/O89, O89/[5,11], [5,11]/O89, O89/[5,17], [5,17]/O89, O89/[7,2], [7,2]/O89, O89/[7,3], [7,3]/O89, O89/[7,5], [7,5]/O89, O89/[7,7], [7,7]/O89, O89/[7,13], [7,13]/O89, O89/[7,11], [7,11]/O89, O89/[7,17], [7,17]/O89, O89/[13,2], [13,2]/O89, O89/[13,3], [13,3]/O89, O89/[13,5], [13,5]/O89, O89/[13,7], [13,7]/O89, O89/[13,13], [13,13]/O89, O89/[13,11], [13,11]/O89, O89/[13,17], [13,17]/O89, O89/[19,2], [19,2]/O89, O89/[19,3], [19,3]/O89, O89/[19,5], [19,5]/O89, O89/[19,7], [19,7]/O89, O89/[19,13], [19,13]/O89, O89/[19,11], [19,11]/O89, O89/[19,17], [19,17]/O89, O89/[11,2], [11,2]/O89, O89/[11,3], [11,3]/O89, O89/[11,5], [11,5]/O89, O89/[11,7], [11,7]/O89, O89/[11,13], [11,13]/O89, O89/[11,11], [11,11]/O89, O89/[11,17], [11,17]/O89, O89/[17,2], [17,2]/O89, O89/[17,3], [17,3]/O89, O89/[17,5], [17,5]/O89, O89/[17,7], [17,7]/O89, O89/[17,13], [17,13]/O89, O89/[17,11], [17,11]/O89, O89/[17,17], [17,17]/O89, O89/2₀, 2₀/O89, O89/2₁, 2₁/O89, O89/3₀, 3₀/O89, O89/3₁, 3₁/O89, O89/5₀, 5₀/O89, O89/5₁, 5₁/O89, O89/7₀, 7₀/O89, O89/7₁, 7₁/O89, O89/13₀, 13₀/O89, O89/13₁, 13₁/O89, O89/19₀, 19₀/O89, O89/19₁, 19₁/O89, O89/11₀, 11₀/O89, O89/11₁, 11₁/O89, O89/17₀, 17₀/O89, O89/17₁, 17₁/O89, 1/O89, [19,19]/O90, O90/[19,19], O90/4, 4/O90, O90/[2,3], [2,3]/O90, O90/[2,5], [2,5]/O90, O90/[2,7], [2,7]/O90, O90/[2,13], [2,13]/O90, O90/[2,19], [2,19]/O90, O90/[2,11], [2,11]/O90, O90/[2,17], [2,17]/O90, O90/[3,2], [3,2]/O90, O90/[3,3], [3,3]/O90, O90/[3,5], [3,5]/O90, O90/[3,7], [3,7]/O90, O90/[3,13], [3,13]/O90, O90/[3,11], [3,11]/O90, O90/[5,2], [5,2]/O90, O90/[5,3], [5,3]/O90, O90/[5,5], [5,5]/O90, O90/[5,7], [5,7]/O90, O90/[5,13], [5,13]/O90, O90/[5,11], [5,11]/O90, O90/[7,2], [7,2]/O90, O90/[7,3], [7,3]/O90, O90/[7,5], [7,5]/O90, O90/[7,7], [7,7]/O90, O90/[7,13], [7,13]/O90, O90/[7,11], [7,11]/O90, [13,19]/O90, O90/[13,19], O90/[11,2], [11,2]/O90, O90/[11,3], [11,3]/O90, O90/[11,5], [11,5]/O90, O90/[11,7], [11,7]/O90, O90/[11,13], [11,13]/O90, [11,19]/O90, O90/[11,19], O90/[11,11], [11,11]/O90, [17,19]/O90, O90/[17,19], O90/2₀, 2₀/O90, O90/2₁, 2₁/O90, O90/3₀, 3₀/O90, O90/3₁, 3₁/O90, O90/5₀, 5₀/O90, O90/5₁, 5₁/O90, O90/7₀, 7₀/O90, O90/7₁, 7₁/O90, O90/13₁, 13₁/O90, O90/19₁, 19₁/O90, O90/11₀, 11₀/O90, O90/11₁, 11₁/O90, O90/17₁, 17₁/O90, 1/O90, [19,19]/O91, O91/[19,19], O91/4, 4/O91, O91/[2,3], [2,3]/O91, O91/[2,5], [2,5]/O91, O91/[2,7], [2,7]/O91, O91/[2,13], [2,13]/O91, O91/[2,19], [2,19]/O91, O91/[2,11], [2,11]/O91, O91/[2,17], [2,17]/O91, O91/[3,2], [3,2]/O91, O91/[3,3], [3,3]/O91, O91/[3,5], [3,5]/O91, O91/[3,7], [3,7]/O91, O91/[3,11], [3,11]/O91, O91/[5,2], [5,2]/O91, O91/[5,3], [5,3]/O91, O91/[5,5], [5,5]/O91, O91/[5,7], [5,7]/O91, O91/[5,11], [5,11]/O91, O91/[7,2], [7,2]/O91, O91/[7,3], [7,3]/O91, O91/[7,5], [7,5]/O91, O91/[7,7], [7,7]/O91, O91/[7,11], [7,11]/O91, [13,19]/O91, O91/[13,19], O91/[11,2], [11,2]/O91, O91/[11,3], [11,3]/O91, O91/[11,5], [11,5]/O91, O91/[11,7], [11,7]/O91, [11,19]/O91, O91/[11,19], O91/[11,11], [11,11]/O91, [17,19]/O91, O91/[17,19], O91/2₀, 2₀/O91, O91/2₁, 2₁/O91, O91/3₀, 3₀/O91, O91/3₁, 3₁/O91, O91/5₀, 5₀/O91, O91/5₁, 5₁/O91, O91/7₀, 7₀/O91, O91/7₁, 7₁/O91, O91/13₁, 13₁/O91, O91/19₁, 19₁/O91, O91/11₀, 11₀/O91, O91/11₁, 11₁/O91, O91/17₁, 17₁/O91, 1/O91, [19,19]/O92, O92/[19,19], O92/4, 4/O92, O92/[2,3], [2,3]/O92, O92/[2,5], [2,5]/O92, O92/[2,7], [2,7]/O92, O92/[2,13], [2,13]/O92, O92/[2,19], [2,19]/O92, O92/[2,11], [2,11]/O92, O92/[2,17], [2,17]/O92, O92/[3,2], [3,2]/O92, O92/[5,2], [5,2]/O92, O92/[7,2], [7,2]/O92, O92/[13,2], [13,2]/O92, O92/[11,2], [11,2]/O92, O92/[17,2], [17,2]/O92, [17,19]/O92, O92/[17,19], O92/2₀, 2₀/O92, O92/2₁, 2₁/O92, O92/3₀, 3₀/O92, O92/3₁, 3₁/O92, O92/5₀, 5₀/O92, O92/5₁, 5₁/O92, O92/7₀, 7₀/O92, O92/7₁, 7₁/O92, O92/13₀, 13₀/O92, O92/13₁, 13₁/O92, O92/19₁, 19₁/O92, O92/11₀, 11₀/O92, O92/11₁, 11₁/O92, O92/17₀, 17₀/O92, O92/17₁, 17₁/O92, 1/O92, [19,19]/O93, O93/[19,19], O93/4, 4/O93, O93/[2,3], [2,3]/O93, O93/[2,5], [2,5]/O93, O93/[2,7], [2,7]/O93, O93/[2,13], [2,13]/O93, O93/[2,19], [2,19]/O93, O93/[2,11], [2,11]/O93, O93/[2,17], [2,17]/O93, O93/[3,2], [3,2]/O93, O93/[3,3], [3,3]/O93, O93/[3,5], [3,5]/O93, O93/[5,2], [5,2]/O93, O93/[5,3], [5,3]/O93, O93/[5,5], [5,5]/O93, O93/[7,2], [7,2]/O93, O93/[7,3], [7,3]/O93, O93/[7,5], [7,5]/O93, O93/[13,2], [13,2]/O93, O93/[13,3], [13,3]/O93, O93/[13,5], [13,5]/O93, O93/[11,2], [11,2]/O93, O93/[11,3], [11,3]/O93, O93/[11,5], [11,5]/O93, O93/[17,2], [17,2]/O93, O93/[17,3], [17,3]/O93, O93/[17,5], [17,5]/O93, [17,19]/O93, O93/[17,19], O93/2₀, 2₀/O93, O93/2₁, 2₁/O93, O93/3₀, 3₀/O93, O93/3₁, 3₁/O93, O93/5₀, 5₀/O93, O93/5₁, 5₁/O93, O93/7₀, 7₀/O93, O93/7₁, 7₁/O93, O93/13₀, 13₀/O93, O93/13₁, 13₁/O93, O93/19₁, 19₁/O93, O93/11₀, 11₀/O93, O93/11₁, 11₁/O93, O93/17₀, 17₀/O93, O93/17₁, 17₁/O93, 1/O93, [19,19]/O94, O94/[19,19], O94/4, 4/O94, O94/[2,3], [2,3]/O94, O94/[2,5], [2,5]/O94, O94/[2,7], [2,7]/O94, O94/[2,13], [2,13]/O94, O94/[2,19], [2,19]/O94, O94/[2,11], [2,11]/O94, O94/[2,17], [2,17]/O94, O94/[3,2], [3,2]/O94, O94/[3,3], [3,3]/O94, O94/[3,5], [3,5]/O94, O94/[3,7], [3,7]/O94, O94/[3,13], [3,13]/O94, O94/[3,11], [3,11]/O94, O94/[5,2], [5,2]/O94, O94/[5,3], [5,3]/O94, O94/[5,5], [5,5]/O94, O94/[5,7], [5,7]/O94, O94/[5,13], [5,13]/O94, O94/[5,11], [5,11]/O94, O94/[7,2], [7,2]/O94, O94/[7,3], [7,3]/O94, O94/[7,5], [7,5]/O94, O94/[7,7], [7,7]/O94, O94/[7,13], [7,13]/O94, O94/[7,11], [7,11]/O94, O94/[13,2], [13,2]/O94, O94/[13,3], [13,3]/O94, O94/[13,5], [13,5]/O94, O94/[13,7], [13,7]/O94, O94/[13,13], [13,13]/O94, O94/[13,11], [13,11]/O94, O94/[11,2], [11,2]/O94, O94/[11,3], [11,3]/O94, O94/[11,5], [11,5]/O94, O94/[11,7], [11,7]/O94, O94/[11,13], [11,13]/O94, O94/[11,11], [11,11]/O94, O94/[17,2], [17,2]/O94, O94/[17,3], [17,3]/O94, O94/[17,5], [17,5]/O94, O94/[17,7], [17,7]/O94, O94/[17,13], [17,13]/O94, [17,19]/O94, O94/[17,19], O94/[17,11], [17,11]/O94, O94/2₀, 2₀/O94, O94/2₁, 2₁/O94, O94/3₀, 3₀/O94, O94/3₁, 3₁/O94, O94/5₀, 5₀/O94, O94/5₁, 5₁/O94, O94/7₀, 7₀/O94, O94/7₁, 7₁/O94, O94/13₀, 13₀/O94, O94/13₁, 13₁/O94, O94/19₁, 19₁/O94, O94/11₀, 11₀/O94, O94/11₁, 11₁/O94, O94/17₀, 17₀/O94, O94/17₁, 17₁/O94, 1/O94, [19,19]/O95, O95/[19,19], O95/4, 4/O95, O95/[2,3], [2,3]/O95, O95/[2,5], [2,5]/O95, O95/[2,7], [2,7]/O95, O95/[2,13], [2,13]/O95, O95/[2,19], [2,19]/O95, O95/[2,11], [2,11]/O95, O95/[2,17], [2,17]/O95, O95/[3,2], [3,2]/O95, O95/[3,3], [3,3]/O95, O95/[3,5], [3,5]/O95, O95/[3,7], [3,7]/O95, O95/[3,11], [3,11]/O95, O95/[5,2], [5,2]/O95, O95/[5,3], [5,3]/O95, O95/[5,5], [5,5]/O95, O95/[5,7], [5,7]/O95, O95/[5,11], [5,11]/O95, O95/[7,2], [7,2]/O95, O95/[7,3], [7,3]/O95, O95/[7,5], [7,5]/O95, O95/[7,7], [7,7]/O95, O95/[7,11], [7,11]/O95, O95/[13,2], [13,2]/O95, O95/[13,3], [13,3]/O95, O95/[13,5], [13,5]/O95, O95/[13,7], [13,7]/O95, O95/[13,11], [13,11]/O95, O95/[11,2], [11,2]/O95, O95/[11,3], [11,3]/O95, O95/[11,5], [11,5]/O95, O95/[11,7], [11,7]/O95, O95/[11,11], [11,11]/O95, O95/[17,2], [17,2]/O95, O95/[17,3], [17,3]/O95, O95/[17,5], [17,5]/O95, O95/[17,7], [17,7]/O95, [17,19]/O95, O95/[17,19], O95/[17,11], [17,11]/O95, O95/2₀, 2₀/O95, O95/2₁, 2₁/O95, O95/3₀, 3₀/O95, O95/3₁, 3₁/O95, O95/5₀, 5₀/O95, O95/5₁, 5₁/O95, O95/7₀, 7₀/O95, O95/7₁, 7₁/O95, O95/13₀, 13₀/O95, O95/13₁, 13₁/O95, O95/19₁, 19₁/O95, O95/11₀, 11₀/O95, O95/11₁, 11₁/O95, O95/17₀, 17₀/O95, O95/17₁, 17₁/O95, 1/O95, [19,19]/O96, O96/[19,19], O96/4, 4/O96, O96/[2,3], [2,3]/O96, O96/[2,5], [2,5]/O96, O96/[2,7], [2,7]/O96, O96/[2,13], [2,13]/O96, O96/[2,19], [2,19]/O96, O96/[2,11], [2,11]/O96, O96/[2,17], [2,17]/O96, O96/[3,2], [3,2]/O96, O96/[3,3], [3,3]/O96, O96/[3,5], [3,5]/O96, O96/[3,7], [3,7]/O96, O96/[3,13], [3,13]/O96, O96/[3,11], [3,11]/O96, O96/[3,17], [3,17]/O96, O96/[5,2], [5,2]/O96, O96/[5,3], [5,3]/O96, O96/[5,5], [5,5]/O96, O96/[5,7], [5,7]/O96, O96/[5,13], [5,13]/O96, O96/[5,11], [5,11]/O96, O96/[5,17], [5,17]/O96, O96/[7,2], [7,2]/O96, O96/[7,3], [7,3]/O96, O96/[7,5], [7,5]/O96, O96/[7,7], [7,7]/O96, O96/[7,13], [7,13]/O96, O96/[7,11], [7,11]/O96, O96/[7,17], [7,17]/O96, O96/[13,2], [13,2]/O96, O96/[13,3], [13,3]/O96, O96/[13,5], [13,5]/O96, O96/[13,7], [13,7]/O96, O96/[13,13], [13,13]/O96, O96/[13,11], [13,11]/O96, O96/[13,17], [13,17]/O96, O96/[11,2], [11,2]/O96, O96/[11,3], [11,3]/O96, O96/[11,5], [11,5]/O96, O96/[11,7], [11,7]/O96, O96/[11,13], [11,13]/O96, O96/[11,11], [11,11]/O96, O96/[11,17], [11,17]/O96, O96/[17,2], [17,2]/O96, O96/[17,3], [17,3]/O96, O96/[17,5], [17,5]/O96, O96/[17,7], [17,7]/O96, O96/[17,13], [17,13]/O96, [17,19]/O96, O96/[17,19], O96/[17,11], [17,11]/O96, O96/[17,17], [17,17]/O96, O96/2₀, 2₀/O96, O96/2₁, 2₁/O96, O96/3₀, 3₀/O96, O96/3₁, 3₁/O96, O96/5₀, 5₀/O96, O96/5₁, 5₁/O96, O96/7₀, 7₀/O96, O96/7₁, 7₁/O96, O96/13₀, 13₀/O96, O96/13₁, 13₁/O96, O96/19₁, 19₁/O96, O96/11₀, 11₀/O96, O96/11₁, 11₁/O96, O96/17₀, 17₀/O96, O96/17₁, 17₁/O96, 1/O96, [19,19]/O97, O97/[19,19], O97/4, 4/O97, O97/[2,3], [2,3]/O97, O97/[2,5], [2,5]/O97, O97/[2,7], [2,7]/O97, O97/[2,11], [2,11]/O97, O97/[3,2], [3,2]/O97, O97/[3,3], [3,3]/O97, O97/[3,5], [3,5]/O97, O97/[3,7], [3,7]/O97, O97/[5,2], [5,2]/O97, O97/[5,3], [5,3]/O97, O97/[5,5], [5,5]/O97, O97/[5,7], [5,7]/O97, O97/[7,2], [7,2]/O97, O97/[7,3], [7,3]/O97, O97/[7,5], [7,5]/O97, O97/[7,7], [7,7]/O97, O97/[13,2], [13,2]/O97, O97/[13,3], [13,3]/O97, O97/[13,5], [13,5]/O97, O97/[13,7], [13,7]/O97, O97/[19,2], [19,2]/O97, O97/[19,3], [19,3]/O97, O97/[19,5], [19,5]/O97, O97/[19,7], [19,7]/O97, [19,13]/O97, O97/[19,13], [19,11]/O97, O97/[19,11], [19,17]/O97, O97/[19,17], O97/[11,2], [11,2]/O97, O97/[11,3], [11,3]/O97, O97/[11,5], [11,5]/O97, O97/[11,7], [11,7]/O97, O97/[17,2], [17,2]/O97, O97/[17,3], [17,3]/O97, O97/[17,5], [17,5]/O97, O97/[17,7], [17,7]/O97, O97/2₀, 2₀/O97, O97/2₁, 2₁/O97, O97/3₀, 3₀/O97, O97/3₁, 3₁/O97, O97/5₀, 5₀/O97, O97/5₁, 5₁/O97, O97/7₀, 7₀/O97, O97/7₁, 7₁/O97, O97/13₀, 13₀/O97, O97/19₀, 19₀/O97, O97/11₀, 11₀/O97, O97/11₁, 11₁/O97, O97/17₀, 17₀/O97, 1/O97, [19,19]/O98, O98/[19,19], O98/4, 4/O98, O98/[2,3], [2,3]/O98, O98/[2,5], [2,5]/O98, O98/[2,7], [2,7]/O98, O98/[2,11], [2,11]/O98, O98/[3,2], [3,2]/O98, O98/[5,2], [5,2]/O98, O98/[7,2], [7,2]/O98, O98/[13,2], [13,2]/O98, [19,13]/O98, O98/[19,13], [19,11]/O98, O98/[19,11], [19,17]/O98, O98/[19,17], O98/[11,2], [11,2]/O98, O98/[17,2], [17,2]/O98, [17,13]/O98, O98/[17,13], [17,19]/O98, O98/[17,19], [17,11]/O98, O98/[17,11], [17,17]/O98, O98/[17,17], O98/2₀, 2₀/O98, O98/2₁, 2₁/O98, O98/3₀, 3₀/O98, O98/3₁, 3₁/O98, O98/5₀, 5₀/O98, O98/5₁, 5₁/O98, O98/7₀, 7₀/O98, O98/7₁, 7₁/O98, O98/13₀, 13₀/O98, O98/11₀, 11₀/O98, O98/11₁, 11₁/O98, O98/17₀, 17₀/O98, 1/O98, [19,19]/O99, O99/[19,19], O99/4, 4/O99, O99/[2,3], [2,3]/O99, O99/[2,5], [2,5]/O99, O99/[2,7], [2,7]/O99, O99/[2,13], [2,13]/O99, O99/[2,11], [2,11]/O99, O99/[2,17], [2,17]/O99, O99/[3,2], [3,2]/O99, O99/[3,3], [3,3]/O99, O99/[3,5], [3,5]/O99, O99/[3,7], [3,7]/O99, O99/[3,13], [3,13]/O99, O99/[3,11], [3,11]/O99, O99/[5,2], [5,2]/O99, O99/[5,3], [5,3]/O99, O99/[5,5], [5,5]/O99, O99/[5,7], [5,7]/O99, O99/[5,13], [5,13]/O99, O99/[5,11], [5,11]/O99, O99/[7,2], [7,2]/O99, O99/[7,3], [7,3]/O99, O99/[7,5], [7,5]/O99, O99/[7,7], [7,7]/O99, O99/[7,13], [7,13]/O99, O99/[7,11], [7,11]/O99, O99/[13,2], [13,2]/O99, O99/[13,3], [13,3]/O99, O99/[13,5], [13,5]/O99, O99/[13,7], [13,7]/O99, O99/[13,13], [13,13]/O99, [13,19]/O99, O99/[13,19], O99/[13,11], [13,11]/O99, [13,17]/O99, O99/[13,17], [19,17]/O99, O99/[19,17], O99/[11,2], [11,2]/O99, O99/[11,3], [11,3]/O99, O99/[11,5], [11,5]/O99, O99/[11,7], [11,7]/O99, O99/[11,13], [11,13]/O99, O99/[11,11], [11,11]/O99, [17,19]/O99, O99/[17,19], [17,17]/O99, O99/[17,17], O99/2₀, 2₀/O99, O99/2₁, 2₁/O99, O99/3₀, 3₀/O99, O99/3₁, 3₁/O99, O99/5₀, 5₀/O99, O99/5₁, 5₁/O99, O99/7₀, 7₀/O99, O99/7₁, 7₁/O99, O99/13₀, 13₀/O99, O99/13₁, 13₁/O99, O99/11₀, 11₀/O99, O99/11₁, 11₁/O99, O99/17₁, 17₁/O99, 1/O99, [19,19]/O100, O100/[19,19], O100/4, 4/O100, O100/[2,3], [2,3]/O100, O100/[2,5], [2,5]/O100, O100/[2,7], [2,7]/O100, O100/[2,13], [2,13]/O100, O100/[2,11], [2,11]/O100, O100/[2,17], [2,17]/O100, O100/[3,2], [3,2]/O100, O100/[3,3], [3,3]/O100, O100/[3,5], [3,5]/O100, O100/[3,7], [3,7]/O100, O100/[3,13], [3,13]/O100, O100/[3,11], [3,11]/O100, O100/[5,2], [5,2]/O100, O100/[5,3], [5,3]/O100, O100/[5,5], [5,5]/O100, O100/[5,7], [5,7]/O100, O100/[5,13], [5,13]/O100, O100/[5,11], [5,11]/O100, O100/[7,2], [7,2]/O100, O100/[7,3], [7,3]/O100, O100/[7,5], [7,5]/O100, O100/[7,7], [7,7]/O100, O100/[7,13], [7,13]/O100, O100/[7,11], [7,11]/O100, O100/[13,2], [13,2]/O100, O100/[13,3], [13,3]/O100, O100/[13,5], [13,5]/O100, O100/[13,7], [13,7]/O100, O100/[13,13], [13,13]/O100, O100/[13,11], [13,11]/O100, O100/[19,2], [19,2]/O100, O100/[19,3], [19,3]/O100, O100/[19,5], [19,5]/O100, O100/[19,7], [19,7]/O100, O100/[19,13], [19,13]/O100, O100/[19,11], [19,11]/O100, [19,17]/O100, O100/[19,17], O100/[11,2], [11,2]/O100, O100/[11,3], [11,3]/O100, O100/[11,5], [11,5]/O100, O100/[11,7], [11,7]/O100, O100/[11,13], [11,13]/O100, O100/[11,11], [11,11]/O100, O100/[17,2], [17,2]/O100, O100/[17,3], [17,3]/O100, O100/[17,5], [17,5]/O100, O100/[17,7], [17,7]/O100, O100/[17,13], [17,13]/O100, O100/[17,11], [17,11]/O100, O100/2₀, 2₀/O100, O100/2₁, 2₁/O100, O100/3₀, 3₀/O100, O100/3₁, 3₁/O100, O100/5₀, 5₀/O100, O100/5₁, 5₁/O100, O100/7₀, 7₀/O100, O100/7₁, 7₁/O100, O100/13₀, 13₀/O100, O100/13₁, 13₁/O100, O100/19₀, 19₀/O100, O100/11₀, 11₀/O100, O100/11₁, 11₁/O100, O100/17₀, 17₀/O100, O100/17₁, 17₁/O100, 1/O100, [19,19]/O101, O101/[19,19], O101/4, 4/O101, O101/[2,3], [2,3]/O101, O101/[2,5], [2,5]/O101, O101/[2,7], [2,7]/O101, O101/[2,13], [2,13]/O101, O101/[2,11], [2,11]/O101, O101/[2,17], [2,17]/O101, O101/[3,2], [3,2]/O101, O101/[3,3], [3,3]/O101, O101/[3,5], [3,5]/O101, O101/[3,7], [3,7]/O101, O101/[3,13], [3,13]/O101, O101/[3,11], [3,11]/O101, O101/[5,2], [5,2]/O101, O101/[5,3], [5,3]/O101, O101/[5,5], [5,5]/O101, O101/[5,7], [5,7]/O101, O101/[5,13], [5,13]/O101, O101/[5,11], [5,11]/O101, O101/[7,2], [7,2]/O101, O101/[7,3], [7,3]/O101, O101/[7,5], [7,5]/O101, O101/[7,7], [7,7]/O101, O101/[7,13], [7,13]/O101, O101/[7,11], [7,11]/O101, [13,19]/O101, O101/[13,19], [13,17]/O101, O101/[13,17], [19,17]/O101, O101/[19,17], O101/[11,2], [11,2]/O101, O101/[11,3], [11,3]/O101, O101/[11,5], [11,5]/O101, O101/[11,7], [11,7]/O101, O101/[11,13], [11,13]/O101, [11,19]/O101, O101/[11,19], O101/[11,11], [11,11]/O101, [11,17]/O101, O101/[11,17], [17,19]/O101, O101/[17,19], [17,17]/O101, O101/[17,17], O101/2₀, 2₀/O101, O101/2₁, 2₁/O101, O101/3₀, 3₀/O101, O101/3₁, 3₁/O101, O101/5₀, 5₀/O101, O101/5₁, 5₁/O101, O101/7₀, 7₀/O101, O101/7₁, 7₁/O101, O101/13₁, 13₁/O101, O101/11₀, 11₀/O101, O101/11₁, 11₁/O101, O101/17₁, 17₁/O101, 1/O101, [19,19]/O102, O102/[19,19], O102/4, 4/O102, O102/[2,3], [2,3]/O102, O102/[2,5], [2,5]/O102, O102/[2,7], [2,7]/O102, O102/[2,13], [2,13]/O102, O102/[2,11], [2,11]/O102, O102/[2,17], [2,17]/O102, O102/[3,2], [3,2]/O102, O102/[5,2], [5,2]/O102, O102/[7,2], [7,2]/O102, O102/[13,2], [13,2]/O102, [19,17]/O102, O102/[19,17], O102/[11,2], [11,2]/O102, O102/[17,2], [17,2]/O102, [17,19]/O102, O102/[17,19], [17,17]/O102, O102/[17,17], O102/2₀, 2₀/O102, O102/2₁, 2₁/O102, O102/3₀, 3₀/O102, O102/3₁, 3₁/O102, O102/5₀, 5₀/O102, O102/5₁, 5₁/O102, O102/7₀, 7₀/O102, O102/7₁, 7₁/O102, O102/13₀, 13₀/O102, O102/13₁, 13₁/O102, O102/11₀, 11₀/O102, O102/11₁, 11₁/O102, O102/17₀, 17₀/O102, O102/17₁, 17₁/O102, 1/O102, [19,19]/O103, O103/[19,19], O103/4, 4/O103, O103/[2,3], [2,3]/O103, O103/[2,5], [2,5]/O103, O103/[2,7], [2,7]/O103, O103/[2,13], [2,13]/O103, O103/[2,11], [2,11]/O103, O103/[2,17], [2,17]/O103, O103/[3,2], [3,2]/O103, O103/[3,3], [3,3]/O103, O103/[3,5], [3,5]/O103, O103/[3,7], [3,7]/O103, O103/[5,2], [5,2]/O103, O103/[5,3], [5,3]/O103, O103/[5,5], [5,5]/O103, O103/[5,7], [5,7]/O103, O103/[7,2], [7,2]/O103, O103/[7,3], [7,3]/O103, O103/[7,5], [7,5]/O103, O103/[7,7], [7,7]/O103, O103/[13,2], [13,2]/O103, O103/[13,3], [13,3]/O103, O103/[13,5], [13,5]/O103, O103/[13,7], [13,7]/O103, [19,17]/O103, O103/[19,17], O103/[11,2], [11,2]/O103, O103/[11,3], [11,3]/O103, O103/[11,5], [11,5]/O103, O103/[11,7], [11,7]/O103, O103/[17,2], [17,2]/O103, O103/[17,3], [17,3]/O103, O103/[17,5], [17,5]/O103, O103/[17,7], [17,7]/O103, [17,19]/O103, O103/[17,19], [17,17]/O103, O103/[17,17], O103/2₀, 2₀/O103, O103/2₁, 2₁/O103, O103/3₀, 3₀/O103, O103/3₁, 3₁/O103, O103/5₀, 5₀/O103, O103/5₁, 5₁/O103, O103/7₀, 7₀/O103, O103/7₁, 7₁/O103, O103/13₀, 13₀/O103, O103/13₁, 13₁/O103, O103/11₀, 11₀/O103, O103/11₁, 11₁/O103, O103/17₀, 17₀/O103, O103/17₁, 17₁/O103, 1/O103, [19,19]/O104, O104/[19,19], O104/4, 4/O104, O104/[2,3], [2,3]/O104, O104/[2,5], [2,5]/O104, O104/[2,7], [2,7]/O104, O104/[2,13], [2,13]/O104, O104/[2,11], [2,11]/O104, O104/[2,17], [2,17]/O104, O104/[3,2], [3,2]/O104, O104/[3,3], [3,3]/O104, O104/[3,5], [3,5]/O104, O104/[3,7], [3,7]/O104, O104/[3,13], [3,13]/O104, O104/[3,11], [3,11]/O104, O104/[5,2], [5,2]/O104, O104/[5,3], [5,3]/O104, O104/[5,5], [5,5]/O104, O104/[5,7], [5,7]/O104, O104/[5,13], [5,13]/O104, O104/[5,11], [5,11]/O104, O104/[7,2], [7,2]/O104, O104/[7,3], [7,3]/O104, O104/[7,5], [7,5]/O104, O104/[7,7], [7,7]/O104, O104/[7,13], [7,13]/O104, O104/[7,11], [7,11]/O104, O104/[13,2], [13,2]/O104, O104/[13,3], [13,3]/O104, O104/[13,5], [13,5]/O104, O104/[13,7], [13,7]/O104, O104/[13,13], [13,13]/O104, O104/[13,11], [13,11]/O104, [19,17]/O104, O104/[19,17], O104/[11,2], [11,2]/O104, O104/[11,3], [11,3]/O104, O104/[11,5], [11,5]/O104, O104/[11,7], [11,7]/O104, O104/[11,13], [11,13]/O104, O104/[11,11], [11,11]/O104, O104/[17,2], [17,2]/O104, O104/[17,3], [17,3]/O104, O104/[17,5], [17,5]/O104, O104/[17,7], [17,7]/O104, O104/[17,13], [17,13]/O104, [17,19]/O104, O104/[17,19], O104/[17,11], [17,11]/O104, [17,17]/O104, O104/[17,17], O104/2₀, 2₀/O104, O104/2₁, 2₁/O104, O104/3₀, 3₀/O104, O104/3₁, 3₁/O104, O104/5₀, 5₀/O104, O104/5₁, 5₁/O104, O104/7₀, 7₀/O104, O104/7₁, 7₁/O104, O104/13₀, 13₀/O104, O104/13₁, 13₁/O104, O104/11₀, 11₀/O104, O104/11₁, 11₁/O104, O104/17₀, 17₀/O104, O104/17₁, 17₁/O104, 1/O104, [19,19]/O105, O105/[19,19], O105/4, 4/O105, O105/[2,3], [2,3]/O105, O105/[2,5], [2,5]/O105, O105/[2,7], [2,7]/O105, O105/[2,13], [2,13]/O105, O105/[2,11], [2,11]/O105, O105/[2,17], [2,17]/O105, O105/[3,2], [3,2]/O105, O105/[3,3], [3,3]/O105, O105/[3,5], [3,5]/O105, O105/[3,7], [3,7]/O105, O105/[3,11], [3,11]/O105, O105/[5,2], [5,2]/O105, O105/[5,3], [5,3]/O105, O105/[5,5], [5,5]/O105, O105/[5,7], [5,7]/O105, O105/[5,11], [5,11]/O105, O105/[7,2], [7,2]/O105, O105/[7,3], [7,3]/O105, O105/[7,5], [7,5]/O105, O105/[7,7], [7,7]/O105, O105/[7,11], [7,11]/O105, O105/[13,2], [13,2]/O105, O105/[13,3], [13,3]/O105, O105/[13,5], [13,5]/O105, O105/[13,7], [13,7]/O105, O105/[13,11], [13,11]/O105, [19,17]/O105, O105/[19,17], O105/[11,2], [11,2]/O105, O105/[11,3], [11,3]/O105, O105/[11,5], [11,5]/O105, O105/[11,7], [11,7]/O105, O105/[11,11], [11,11]/O105, O105/[17,2], [17,2]/O105, O105/[17,3], [17,3]/O105, O105/[17,5], [17,5]/O105, O105/[17,7], [17,7]/O105, [17,19]/O105, O105/[17,19], O105/[17,11], [17,11]/O105, [17,17]/O105, O105/[17,17], O105/2₀, 2₀/O105, O105/2₁, 2₁/O105, O105/3₀, 3₀/O105, O105/3₁, 3₁/O105, O105/5₀, 5₀/O105, O105/5₁, 5₁/O105, O105/7₀, 7₀/O105, O105/7₁, 7₁/O105, O105/13₀, 13₀/O105, O105/13₁, 13₁/O105, O105/11₀, 11₀/O105, O105/11₁, 11₁/O105, O105/17₀, 17₀/O105, O105/17₁, 17₁/O105, 1/O105, [19,19]/O106, O106/[19,19], O106/4, 4/O106, O106/[2,3], [2,3]/O106, O106/[2,5], [2,5]/O106, O106/[2,7], [2,7]/O106, O106/[2,13], [2,13]/O106, O106/[2,11], [2,11]/O106, O106/[3,2], [3,2]/O106, O106/[3,3], [3,3]/O106, O106/[3,5], [3,5]/O106, O106/[3,7], [3,7]/O106, O106/[3,13], [3,13]/O106, O106/[3,11], [3,11]/O106, O106/[5,2], [5,2]/O106, O106/[5,3], [5,3]/O106, O106/[5,5], [5,5]/O106, O106/[5,7], [5,7]/O106, O106/[5,11], [5,11]/O106, O106/[7,2], [7,2]/O106, O106/[7,3], [7,3]/O106, O106/[7,5], [7,5]/O106, O106/[7,7], [7,7]/O106, O106/[7,11], [7,11]/O106, O106/[13,2], [13,2]/O106, O106/[13,3], [13,3]/O106, O106/[13,5], [13,5]/O106, O106/[13,7], [13,7]/O106, O106/[13,11], [13,11]/O106, O106/[19,2], [19,2]/O106, O106/[19,3], [19,3]/O106, O106/[19,5], [19,5]/O106, O106/[19,7], [19,7]/O106, [19,13]/O106, O106/[19,13], O106/[19,11], [19,11]/O106, [19,17]/O106, O106/[19,17], O106/[11,2], [11,2]/O106, O106/[11,3], [11,3]/O106, O106/[11,5], [11,5]/O106, O106/[11,7], [11,7]/O106, O106/[11,11], [11,11]/O106, O106/[17,2], [17,2]/O106, O106/[17,3], [17,3]/O106, O106/[17,5], [17,5]/O106, O106/[17,7], [17,7]/O106, O106/[17,11], [17,11]/O106, O106/2₀, 2₀/O106, O106/2₁, 2₁/O106, O106/3₀, 3₀/O106, O106/3₁, 3₁/O106, O106/5₀, 5₀/O106, O106/5₁, 5₁/O106, O106/7₀, 7₀/O106, O106/7₁, 7₁/O106, O106/13₀, 13₀/O106, O106/13₁, 13₁/O106, O106/19₀, 19₀/O106, O106/11₀, 11₀/O106, O106/11₁, 11₁/O106, O106/17₀, 17₀/O106, 1/O106, [19,19]/O107, O107/[19,19], O107/4, 4/O107, O107/[2,3], [2,3]/O107, O107/[2,5], [2,5]/O107, O107/[2,7], [2,7]/O107, O107/[2,13], [2,13]/O107, O107/[2,11], [2,11]/O107, O107/[3,2], [3,2]/O107, O107/[3,3], [3,3]/O107, O107/[3,5], [3,5]/O107, O107/[3,7], [3,7]/O107, O107/[3,13], [3,13]/O107, O107/[3,11], [3,11]/O107, O107/[5,2], [5,2]/O107, O107/[5,3], [5,3]/O107, O107/[5,5], [5,5]/O107, O107/[5,7], [5,7]/O107, O107/[5,11], [5,11]/O107, O107/[7,2], [7,2]/O107, O107/[7,3], [7,3]/O107, O107/[7,5], [7,5]/O107, O107/[7,7], [7,7]/O107, O107/[7,11], [7,11]/O107, O107/[13,2], [13,2]/O107, O107/[13,3], [13,3]/O107, O107/[13,5], [13,5]/O107, O107/[13,7], [13,7]/O107, O107/[13,11], [13,11]/O107, [19,13]/O107, O107/[19,13], [19,17]/O107, O107/[19,17], O107/[11,2], [11,2]/O107, O107/[11,3], [11,3]/O107, O107/[11,5], [11,5]/O107, O107/[11,7], [11,7]/O107, O107/[11,11], [11,11]/O107, O107/[17,2], [17,2]/O107, O107/[17,3], [17,3]/O107, O107/[17,5], [17,5]/O107, O107/[17,7], [17,7]/O107, [17,13]/O107, O107/[17,13], [17,19]/O107, O107/[17,19], O107/[17,11], [17,11]/O107, [17,17]/O107, O107/[17,17], O107/2₀, 2₀/O107, O107/2₁, 2₁/O107, O107/3₀, 3₀/O107, O107/3₁, 3₁/O107, O107/5₀, 5₀/O107, O107/5₁, 5₁/O107, O107/7₀, 7₀/O107, O107/7₁, 7₁/O107, O107/13₀, 13₀/O107, O107/13₁, 13₁/O107, O107/11₀, 11₀/O107, O107/11₁, 11₁/O107, O107/17₀, 17₀/O107, 1/O107, [19,19]/O108, O108/[19,19], O108/4, 4/O108, O108/[2,3], [2,3]/O108, O108/[2,5], [2,5]/O108, O108/[2,7], [2,7]/O108, O108/[2,13], [2,13]/O108, O108/[2,19], [2,19]/O108, O108/[2,11], [2,11]/O108, O108/[2,17], [2,17]/O108, O108/[3,2], [3,2]/O108, O108/[3,3], [3,3]/O108, O108/[3,5], [3,5]/O108, O108/[3,7], [3,7]/O108, O108/[3,13], [3,13]/O108, O108/[3,19], [3,19]/O108, O108/[3,11], [3,11]/O108, O108/[3,17], [3,17]/O108, O108/[5,2], [5,2]/O108, O108/[5,3], [5,3]/O108, O108/[5,5], [5,5]/O108, O108/[5,7], [5,7]/O108, O108/[5,11], [5,11]/O108, O108/[7,2], [7,2]/O108, O108/[7,3], [7,3]/O108, O108/[7,5], [7,5]/O108, O108/[7,7], [7,7]/O108, O108/[7,11], [7,11]/O108, O108/[13,2], [13,2]/O108, O108/[13,3], [13,3]/O108, O108/[13,5], [13,5]/O108, O108/[13,7], [13,7]/O108, [13,19]/O108, O108/[13,19], O108/[13,11], [13,11]/O108, O108/[11,2], [11,2]/O108, O108/[11,3], [11,3]/O108, O108/[11,5], [11,5]/O108, O108/[11,7], [11,7]/O108, O108/[11,11], [11,11]/O108, [17,19]/O108, O108/[17,19], O108/2₀, 2₀/O108, O108/2₁, 2₁/O108, O108/3₀, 3₀/O108, O108/3₁, 3₁/O108, O108/5₀, 5₀/O108, O108/5₁, 5₁/O108, O108/7₀, 7₀/O108, O108/7₁, 7₁/O108, O108/13₀, 13₀/O108, O108/13₁, 13₁/O108, O108/19₁, 19₁/O108, O108/11₀, 11₀/O108, O108/11₁, 11₁/O108, O108/17₁, 17₁/O108, 1/O108, [19,19]/O109, O109/[19,19], O109/4, 4/O109, O109/[2,3], [2,3]/O109, O109/[2,5], [2,5]/O109, O109/[2,7], [2,7]/O109, O109/[2,13], [2,13]/O109, O109/[2,19], [2,19]/O109, O109/[2,11], [2,11]/O109, O109/[2,17], [2,17]/O109, O109/[3,2], [3,2]/O109, O109/[3,3], [3,3]/O109, O109/[3,5], [3,5]/O109, O109/[3,7], [3,7]/O109, O109/[3,13], [3,13]/O109, O109/[3,19], [3,19]/O109, O109/[3,11], [3,11]/O109, O109/[3,17], [3,17]/O109, O109/[5,2], [5,2]/O109, O109/[5,3], [5,3]/O109, O109/[5,5], [5,5]/O109, O109/[5,7], [5,7]/O109, O109/[5,13], [5,13]/O109, O109/[5,11], [5,11]/O109, O109/[5,17], [5,17]/O109, O109/[7,2], [7,2]/O109, O109/[7,3], [7,3]/O109, O109/[7,5], [7,5]/O109, O109/[7,7], [7,7]/O109, O109/[7,13], [7,13]/O109, O109/[7,11], [7,11]/O109, O109/[7,17], [7,17]/O109, O109/[13,2], [13,2]/O109, O109/[13,3], [13,3]/O109, O109/[13,5], [13,5]/O109, O109/[13,7], [13,7]/O109, O109/[13,13], [13,13]/O109, [13,19]/O109, O109/[13,19], O109/[13,11], [13,11]/O109, O109/[13,17], [13,17]/O109, O109/[11,2], [11,2]/O109, O109/[11,3], [11,3]/O109, O109/[11,5], [11,5]/O109, O109/[11,7], [11,7]/O109, O109/[11,13], [11,13]/O109, O109/[11,11], [11,11]/O109, O109/[11,17], [11,17]/O109, [17,19]/O109, O109/[17,19], O109/2₀, 2₀/O109, O109/2₁, 2₁/O109, O109/3₀, 3₀/O109, O109/3₁, 3₁/O109, O109/5₀, 5₀/O109, O109/5₁, 5₁/O109, O109/7₀, 7₀/O109, O109/7₁, 7₁/O109, O109/13₀, 13₀/O109, O109/13₁, 13₁/O109, O109/19₁, 19₁/O109, O109/11₀, 11₀/O109, O109/11₁, 11₁/O109, O109/17₁, 17₁/O109, 1/O109, [19,19]/O110, O110/[19,19], O110/4, 4/O110, O110/[2,3], [2,3]/O110, O110/[2,5], [2,5]/O110, O110/[2,7], [2,7]/O110, O110/[2,13], [2,13]/O110, O110/[2,19], [2,19]/O110, O110/[2,11], [2,11]/O110, O110/[2,17], [2,17]/O110, O110/[3,2], [3,2]/O110, O110/[3,3], [3,3]/O110, O110/[3,5], [3,5]/O110, O110/[3,7], [3,7]/O110, O110/[3,13], [3,13]/O110, O110/[3,19], [3,19]/O110, O110/[3,11], [3,11]/O110, O110/[3,17], [3,17]/O110, O110/[5,2], [5,2]/O110, O110/[5,3], [5,3]/O110, O110/[5,5], [5,5]/O110, O110/[5,7], [5,7]/O110, O110/[5,13], [5,13]/O110, O110/[5,11], [5,11]/O110, O110/[7,2], [7,2]/O110, O110/[7,3], [7,3]/O110, O110/[7,5], [7,5]/O110, O110/[7,7], [7,7]/O110, O110/[7,13], [7,13]/O110, O110/[7,11], [7,11]/O110, O110/[13,2], [13,2]/O110, O110/[13,3], [13,3]/O110, O110/[13,5], [13,5]/O110, O110/[13,7], [13,7]/O110, O110/[13,13], [13,13]/O110, O110/[13,11], [13,11]/O110, O110/[19,2], [19,2]/O110, O110/[19,3], [19,3]/O110, O110/[19,5], [19,5]/O110, O110/[19,7], [19,7]/O110, O110/[19,13], [19,13]/O110, O110/[19,11], [19,11]/O110, O110/[11,2], [11,2]/O110, O110/[11,3], [11,3]/O110, O110/[11,5], [11,5]/O110, O110/[11,7], [11,7]/O110, O110/[11,13], [11,13]/O110, O110/[11,11], [11,11]/O110, O110/[17,2], [17,2]/O110, O110/[17,3], [17,3]/O110, O110/[17,5], [17,5]/O110, O110/[17,7], [17,7]/O110, O110/[17,13], [17,13]/O110, O110/[17,11], [17,11]/O110, O110/2₀, 2₀/O110, O110/2₁, 2₁/O110, O110/3₀, 3₀/O110, O110/3₁, 3₁/O110, O110/5₀, 5₀/O110, O110/5₁, 5₁/O110, O110/7₀, 7₀/O110, O110/7₁, 7₁/O110, O110/13₀, 13₀/O110, O110/13₁, 13₁/O110, O110/19₀, 19₀/O110, O110/19₁, 19₁/O110, O110/11₀, 11₀/O110, O110/11₁, 11₁/O110, O110/17₀, 17₀/O110, O110/17₁, 17₁/O110, 1/O110, [19,19]/O111, O111/[19,19], O111/4, 4/O111, O111/[2,3], [2,3]/O111, O111/[2,5], [2,5]/O111, O111/[2,7], [2,7]/O111, O111/[2,13], [2,13]/O111, O111/[2,19], [2,19]/O111, O111/[2,11], [2,11]/O111, O111/[2,17], [2,17]/O111, O111/[3,2], [3,2]/O111, O111/[3,3], [3,3]/O111, O111/[3,5], [3,5]/O111, O111/[3,7], [3,7]/O111, O111/[3,13], [3,13]/O111, O111/[3,19], [3,19]/O111, O111/[3,11], [3,11]/O111, O111/[3,17], [3,17]/O111, O111/[5,2], [5,2]/O111, O111/[5,3], [5,3]/O111, O111/[5,5], [5,5]/O111, O111/[5,7], [5,7]/O111, O111/[5,13], [5,13]/O111, O111/[5,11], [5,11]/O111, O111/[5,17], [5,17]/O111, O111/[7,2], [7,2]/O111, O111/[7,3], [7,3]/O111, O111/[7,5], [7,5]/O111, O111/[7,7], [7,7]/O111, O111/[7,13], [7,13]/O111, O111/[7,11], [7,11]/O111, O111/[7,17], [7,17]/O111, O111/[13,2], [13,2]/O111, O111/[13,3], [13,3]/O111, O111/[13,5], [13,5]/O111, O111/[13,7], [13,7]/O111, O111/[13,13], [13,13]/O111, O111/[13,11], [13,11]/O111, O111/[13,17], [13,17]/O111, O111/[19,2], [19,2]/O111, O111/[19,3], [19,3]/O111, O111/[19,5], [19,5]/O111, O111/[19,7], [19,7]/O111, O111/[19,13], [19,13]/O111, O111/[19,11], [19,11]/O111, O111/[19,17], [19,17]/O111, O111/[11,2], [11,2]/O111, O111/[11,3], [11,3]/O111, O111/[11,5], [11,5]/O111, O111/[11,7], [11,7]/O111, O111/[11,13], [11,13]/O111, O111/[11,11], [11,11]/O111, O111/[11,17], [11,17]/O111, O111/[17,2], [17,2]/O111, O111/[17,3], [17,3]/O111, O111/[17,5], [17,5]/O111, O111/[17,7], [17,7]/O111, O111/[17,13], [17,13]/O111, O111/[17,11], [17,11]/O111, O111/[17,17], [17,17]/O111, O111/2₀, 2₀/O111, O111/2₁, 2₁/O111, O111/3₀, 3₀/O111, O111/3₁, 3₁/O111, O111/5₀, 5₀/O111, O111/5₁, 5₁/O111, O111/7₀, 7₀/O111, O111/7₁, 7₁/O111, O111/13₀, 13₀/O111, O111/13₁, 13₁/O111, O111/19₀, 19₀/O111, O111/19₁, 19₁/O111, O111/11₀, 11₀/O111, O111/11₁, 11₁/O111, O111/17₀, 17₀/O111, O111/17₁, 17₁/O111, 1/O111, [19,19]/O112, O112/[19,19], O112/4, 4/O112, O112/[2,3], [2,3]/O112, O112/[2,5], [2,5]/O112, O112/[2,7], [2,7]/O112, O112/[2,13], [2,13]/O112, O112/[2,19], [2,19]/O112, O112/[2,11], [2,11]/O112, O112/[2,17], [2,17]/O112, O112/[3,2], [3,2]/O112, O112/[3,3], [3,3]/O112, O112/[3,5], [3,5]/O112, O112/[3,7], [3,7]/O112, O112/[3,13], [3,13]/O112, O112/[3,19], [3,19]/O112, O112/[3,11], [3,11]/O112, O112/[3,17], [3,17]/O112, O112/[5,2], [5,2]/O112, O112/[5,3], [5,3]/O112, O112/[5,5], [5,5]/O112, O112/[5,7], [5,7]/O112, O112/[5,13], [5,13]/O112, O112/[5,11], [5,11]/O112, O112/[7,2], [7,2]/O112, O112/[7,3], [7,3]/O112, O112/[7,5], [7,5]/O112, O112/[7,7], [7,7]/O112, O112/[7,13], [7,13]/O112, O112/[7,11], [7,11]/O112, [13,19]/O112, O112/[13,19], O112/[11,2], [11,2]/O112, O112/[11,3], [11,3]/O112, O112/[11,5], [11,5]/O112, O112/[11,7], [11,7]/O112, O112/[11,13], [11,13]/O112, [11,19]/O112, O112/[11,19], O112/[11,11], [11,11]/O112, [17,19]/O112, O112/[17,19], O112/2₀, 2₀/O112, O112/2₁, 2₁/O112, O112/3₀, 3₀/O112, O112/3₁, 3₁/O112, O112/5₀, 5₀/O112, O112/5₁, 5₁/O112, O112/7₀, 7₀/O112, O112/7₁, 7₁/O112, O112/13₁, 13₁/O112, O112/19₁, 19₁/O112, O112/11₀, 11₀/O112, O112/11₁, 11₁/O112, O112/17₁, 17₁/O112, 1/O112, [19,19]/O113, O113/[19,19], O113/4, 4/O113, O113/[2,3], [2,3]/O113, O113/[2,5], [2,5]/O113, O113/[2,7], [2,7]/O113, O113/[2,13], [2,13]/O113, O113/[2,19], [2,19]/O113, O113/[2,11], [2,11]/O113, O113/[2,17], [2,17]/O113, O113/[3,2], [3,2]/O113, O113/[3,3], [3,3]/O113, O113/[3,5], [3,5]/O113, O113/[3,7], [3,7]/O113, O113/[3,13], [3,13]/O113, O113/[3,19], [3,19]/O113, O113/[3,11], [3,11]/O113, O113/[3,17], [3,17]/O113, O113/[5,2], [5,2]/O113, O113/[5,3], [5,3]/O113, O113/[5,5], [5,5]/O113, O113/[5,7], [5,7]/O113, O113/[5,13], [5,13]/O113, O113/[5,11], [5,11]/O113, O113/[7,2], [7,2]/O113, O113/[7,3], [7,3]/O113, O113/[7,5], [7,5]/O113, O113/[7,7], [7,7]/O113, O113/[7,13], [7,13]/O113, O113/[7,11], [7,11]/O113, O113/[13,2], [13,2]/O113, O113/[13,3], [13,3]/O113, O113/[13,5], [13,5]/O113, O113/[13,7], [13,7]/O113, O113/[13,13], [13,13]/O113, O113/[13,11], [13,11]/O113, O113/[11,2], [11,2]/O113, O113/[11,3], [11,3]/O113, O113/[11,5], [11,5]/O113, O113/[11,7], [11,7]/O113, O113/[11,13], [11,13]/O113, O113/[11,11], [11,11]/O113, O113/[17,2], [17,2]/O113, O113/[17,3], [17,3]/O113, O113/[17,5], [17,5]/O113, O113/[17,7], [17,7]/O113, O113/[17,13], [17,13]/O113, [17,19]/O113, O113/[17,19], O113/[17,11], [17,11]/O113, O113/2₀, 2₀/O113, O113/2₁, 2₁/O113, O113/3₀, 3₀/O113, O113/3₁, 3₁/O113, O113/5₀, 5₀/O113, O113/5₁, 5₁/O113, O113/7₀, 7₀/O113, O113/7₁, 7₁/O113, O113/13₀, 13₀/O113, O113/13₁, 13₁/O113, O113/19₁, 19₁/O113, O113/11₀, 11₀/O113, O113/11₁, 11₁/O113, O113/17₀, 17₀/O113, O113/17₁, 17₁/O113, 1/O113, [19,19]/O114, O114/[19,19], O114/4, 4/O114, O114/[2,3], [2,3]/O114, O114/[2,5], [2,5]/O114, O114/[2,7], [2,7]/O114, O114/[2,13], [2,13]/O114, O114/[2,19], [2,19]/O114, O114/[2,11], [2,11]/O114, O114/[2,17], [2,17]/O114, O114/[3,2], [3,2]/O114, O114/[3,3], [3,3]/O114, O114/[3,5], [3,5]/O114, O114/[3,7], [3,7]/O114, O114/[3,13], [3,13]/O114, O114/[3,19], [3,19]/O114, O114/[3,11], [3,11]/O114, O114/[3,17], [3,17]/O114, O114/[5,2], [5,2]/O114, O114/[5,3], [5,3]/O114, O114/[5,5], [5,5]/O114, O114/[5,7], [5,7]/O114, O114/[5,11], [5,11]/O114, O114/[7,2], [7,2]/O114, O114/[7,3], [7,3]/O114, O114/[7,5], [7,5]/O114, O114/[7,7], [7,7]/O114, O114/[7,11], [7,11]/O114, O114/[13,2], [13,2]/O114, O114/[13,3], [13,3]/O114, O114/[13,5], [13,5]/O114, O114/[13,7], [13,7]/O114, O114/[13,11], [13,11]/O114, O114/[11,2], [11,2]/O114, O114/[11,3], [11,3]/O114, O114/[11,5], [11,5]/O114, O114/[11,7], [11,7]/O114, O114/[11,11], [11,11]/O114, O114/[17,2], [17,2]/O114, O114/[17,3], [17,3]/O114, O114/[17,5], [17,5]/O114, O114/[17,7], [17,7]/O114, [17,19]/O114, O114/[17,19], O114/[17,11], [17,11]/O114, O114/2₀, 2₀/O114, O114/2₁, 2₁/O114, O114/3₀, 3₀/O114, O114/3₁, 3₁/O114, O114/5₀, 5₀/O114, O114/5₁, 5₁/O114, O114/7₀, 7₀/O114, O114/7₁, 7₁/O114, O114/13₀, 13₀/O114, O114/13₁, 13₁/O114, O114/19₁, 19₁/O114, O114/11₀, 11₀/O114, O114/11₁, 11₁/O114, O114/17₀, 17₀/O114, O114/17₁, 17₁/O114, 1/O114, [19,19]/O115, O115/[19,19], O115/4, 4/O115, O115/[2,3], [2,3]/O115, O115/[2,5], [2,5]/O115, O115/[2,7], [2,7]/O115, O115/[2,13], [2,13]/O115, O115/[2,19], [2,19]/O115, O115/[2,11], [2,11]/O115, O115/[2,17], [2,17]/O115, O115/[3,2], [3,2]/O115, O115/[3,3], [3,3]/O115, O115/[3,5], [3,5]/O115, O115/[3,7], [3,7]/O115, O115/[3,13], [3,13]/O115, O115/[3,19], [3,19]/O115, O115/[3,11], [3,11]/O115, O115/[3,17], [3,17]/O115, O115/[5,2], [5,2]/O115, O115/[5,3], [5,3]/O115, O115/[5,5], [5,5]/O115, O115/[5,7], [5,7]/O115, O115/[5,13], [5,13]/O115, O115/[5,11], [5,11]/O115, O115/[5,17], [5,17]/O115, O115/[7,2], [7,2]/O115, O115/[7,3], [7,3]/O115, O115/[7,5], [7,5]/O115, O115/[7,7], [7,7]/O115, O115/[7,13], [7,13]/O115, O115/[7,11], [7,11]/O115, O115/[7,17], [7,17]/O115, O115/[13,2], [13,2]/O115, O115/[13,3], [13,3]/O115, O115/[13,5], [13,5]/O115, O115/[13,7], [13,7]/O115, O115/[13,13], [13,13]/O115, O115/[13,11], [13,11]/O115, O115/[13,17], [13,17]/O115, O115/[11,2], [11,2]/O115, O115/[11,3], [11,3]/O115, O115/[11,5], [11,5]/O115, O115/[11,7], [11,7]/O115, O115/[11,13], [11,13]/O115, O115/[11,11], [11,11]/O115, O115/[11,17], [11,17]/O115, O115/[17,2], [17,2]/O115, O115/[17,3], [17,3]/O115, O115/[17,5], [17,5]/O115, O115/[17,7], [17,7]/O115, O115/[17,13], [17,13]/O115, [17,19]/O115, O115/[17,19], O115/[17,11], [17,11]/O115, O115/[17,17], [17,17]/O115, O115/2₀, 2₀/O115, O115/2₁, 2₁/O115, O115/3₀, 3₀/O115, O115/3₁, 3₁/O115, O115/5₀, 5₀/O115, O115/5₁, 5₁/O115, O115/7₀, 7₀/O115, O115/7₁, 7₁/O115, O115/13₀, 13₀/O115, O115/13₁, 13₁/O115, O115/19₁, 19₁/O115, O115/11₀, 11₀/O115, O115/11₁, 11₁/O115, O115/17₀, 17₀/O115, O115/17₁, 17₁/O115, 1/O115, [19,19]/O116, O116/[19,19], O116/4, 4/O116, O116/[2,3], [2,3]/O116, O116/[2,5], [2,5]/O116, O116/[2,7], [2,7]/O116, O116/[2,13], [2,13]/O116, O116/[2,11], [2,11]/O116, O116/[2,17], [2,17]/O116, O116/[3,2], [3,2]/O116, O116/[3,3], [3,3]/O116, O116/[3,5], [3,5]/O116, O116/[3,7], [3,7]/O116, O116/[3,13], [3,13]/O116, O116/[3,11], [3,11]/O116, O116/[3,17], [3,17]/O116, O116/[5,2], [5,2]/O116, O116/[5,3], [5,3]/O116, O116/[5,5], [5,5]/O116, O116/[5,7], [5,7]/O116, O116/[7,2], [7,2]/O116, O116/[7,3], [7,3]/O116, O116/[7,5], [7,5]/O116, O116/[7,7], [7,7]/O116, O116/[13,2], [13,2]/O116, O116/[13,3], [13,3]/O116, O116/[13,5], [13,5]/O116, O116/[13,7], [13,7]/O116, O116/[19,2], [19,2]/O116, O116/[19,3], [19,3]/O116, O116/[19,5], [19,5]/O116, O116/[19,7], [19,7]/O116, [19,17]/O116, O116/[19,17], O116/[11,2], [11,2]/O116, O116/[11,3], [11,3]/O116, O116/[11,5], [11,5]/O116, O116/[11,7], [11,7]/O116, O116/[17,2], [17,2]/O116, O116/[17,3], [17,3]/O116, O116/[17,5], [17,5]/O116, O116/[17,7], [17,7]/O116, O116/2₀, 2₀/O116, O116/2₁, 2₁/O116, O116/3₀, 3₀/O116, O116/3₁, 3₁/O116, O116/5₀, 5₀/O116, O116/5₁, 5₁/O116, O116/7₀, 7₀/O116, O116/7₁, 7₁/O116, O116/13₀, 13₀/O116, O116/13₁, 13₁/O116, O116/19₀, 19₀/O116, O116/11₀, 11₀/O116, O116/11₁, 11₁/O116, O116/17₀, 17₀/O116, O116/17₁, 17₁/O116, 1/O116, [19,19]/O117, O117/[19,19], O117/4, 4/O117, O117/[2,3], [2,3]/O117, O117/[2,5], [2,5]/O117, O117/[2,7], [2,7]/O117, O117/[2,13], [2,13]/O117, O117/[2,11], [2,11]/O117, O117/[2,17], [2,17]/O117, O117/[3,2], [3,2]/O117, O117/[3,3], [3,3]/O117, O117/[3,5], [3,5]/O117, O117/[3,7], [3,7]/O117, O117/[3,13], [3,13]/O117, O117/[3,11], [3,11]/O117, O117/[3,17], [3,17]/O117, O117/[5,2], [5,2]/O117, O117/[5,3], [5,3]/O117, O117/[5,5], [5,5]/O117, O117/[5,7], [5,7]/O117, O117/[5,11], [5,11]/O117, O117/[7,2], [7,2]/O117, O117/[7,3], [7,3]/O117, O117/[7,5], [7,5]/O117, O117/[7,7], [7,7]/O117, O117/[7,11], [7,11]/O117, O117/[13,2], [13,2]/O117, O117/[13,3], [13,3]/O117, O117/[13,5], [13,5]/O117, O117/[13,7], [13,7]/O117, O117/[13,11], [13,11]/O117, [19,17]/O117, O117/[19,17], O117/[11,2], [11,2]/O117, O117/[11,3], [11,3]/O117, O117/[11,5], [11,5]/O117, O117/[11,7], [11,7]/O117, O117/[11,11], [11,11]/O117, O117/[17,2], [17,2]/O117, O117/[17,3], [17,3]/O117, O117/[17,5], [17,5]/O117, O117/[17,7], [17,7]/O117, [17,19]/O117, O117/[17,19], O117/[17,11], [17,11]/O117, [17,17]/O117, O117/[17,17], O117/2₀, 2₀/O117, O117/2₁, 2₁/O117, O117/3₀, 3₀/O117, O117/3₁, 3₁/O117, O117/5₀, 5₀/O117, O117/5₁, 5₁/O117, O117/7₀, 7₀/O117, O117/7₁, 7₁/O117, O117/13₀, 13₀/O117, O117/13₁, 13₁/O117, O117/11₀, 11₀/O117, O117/11₁, 11₁/O117, O117/17₀, 17₀/O117, O117/17₁, 17₁/O117, 1/O117, [19,19]/O118, O118/[19,19], O118/4, 4/O118, O118/[2,3], [2,3]/O118, O118/[2,5], [2,5]/O118, O118/[2,7], [2,7]/O118, O118/[2,13], [2,13]/O118, O118/[2,11], [2,11]/O118, O118/[3,2], [3,2]/O118, O118/[3,3], [3,3]/O118, O118/[3,5], [3,5]/O118, O118/[3,7], [3,7]/O118, O118/[3,13], [3,13]/O118, O118/[3,11], [3,11]/O118, O118/[5,2], [5,2]/O118, O118/[5,3], [5,3]/O118, O118/[5,5], [5,5]/O118, O118/[5,7], [5,7]/O118, O118/[5,13], [5,13]/O118, O118/[5,11], [5,11]/O118, O118/[7,2], [7,2]/O118, O118/[7,3], [7,3]/O118, O118/[7,5], [7,5]/O118, O118/[7,7], [7,7]/O118, O118/[7,11], [7,11]/O118, O118/[13,2], [13,2]/O118, O118/[13,3], [13,3]/O118, O118/[13,5], [13,5]/O118, O118/[13,7], [13,7]/O118, O118/[13,11], [13,11]/O118, O118/[19,2], [19,2]/O118, O118/[19,3], [19,3]/O118, O118/[19,5], [19,5]/O118, O118/[19,7], [19,7]/O118, [19,13]/O118, O118/[19,13], O118/[19,11], [19,11]/O118, [19,17]/O118, O118/[19,17], O118/[11,2], [11,2]/O118, O118/[11,3], [11,3]/O118, O118/[11,5], [11,5]/O118, O118/[11,7], [11,7]/O118, O118/[11,11], [11,11]/O118, O118/[17,2], [17,2]/O118, O118/[17,3], [17,3]/O118, O118/[17,5], [17,5]/O118, O118/[17,7], [17,7]/O118, O118/[17,11], [17,11]/O118, O118/2₀, 2₀/O118, O118/2₁, 2₁/O118, O118/3₀, 3₀/O118, O118/3₁, 3₁/O118, O118/5₀, 5₀/O118, O118/5₁, 5₁/O118, O118/7₀, 7₀/O118, O118/7₁, 7₁/O118, O118/13₀, 13₀/O118, O118/13₁, 13₁/O118, O118/19₀, 19₀/O118, O118/11₀, 11₀/O118, O118/11₁, 11₁/O118, O118/17₀, 17₀/O118, 1/O118, [19,19]/O119, O119/[19,19], O119/4, 4/O119, O119/[2,3], [2,3]/O119, O119/[2,5], [2,5]/O119, O119/[2,7], [2,7]/O119, O119/[2,13], [2,13]/O119, O119/[2,11], [2,11]/O119, O119/[3,2], [3,2]/O119, O119/[3,3], [3,3]/O119, O119/[3,5], [3,5]/O119, O119/[3,7], [3,7]/O119, O119/[3,13], [3,13]/O119, O119/[3,11], [3,11]/O119, O119/[5,2], [5,2]/O119, O119/[5,3], [5,3]/O119, O119/[5,5], [5,5]/O119, O119/[5,7], [5,7]/O119, O119/[5,13], [5,13]/O119, O119/[5,11], [5,11]/O119, O119/[7,2], [7,2]/O119, O119/[7,3], [7,3]/O119, O119/[7,5], [7,5]/O119, O119/[7,7], [7,7]/O119, O119/[7,11], [7,11]/O119, O119/[13,2], [13,2]/O119, O119/[13,3], [13,3]/O119, O119/[13,5], [13,5]/O119, O119/[13,7], [13,7]/O119, O119/[13,11], [13,11]/O119, [19,13]/O119, O119/[19,13], [19,17]/O119, O119/[19,17], O119/[11,2], [11,2]/O119, O119/[11,3], [11,3]/O119, O119/[11,5], [11,5]/O119, O119/[11,7], [11,7]/O119, O119/[11,11], [11,11]/O119, O119/[17,2], [17,2]/O119, O119/[17,3], [17,3]/O119, O119/[17,5], [17,5]/O119, O119/[17,7], [17,7]/O119, [17,13]/O119, O119/[17,13], [17,19]/O119, O119/[17,19], O119/[17,11], [17,11]/O119, [17,17]/O119, O119/[17,17], O119/2₀, 2₀/O119, O119/2₁, 2₁/O119, O119/3₀, 3₀/O119, O119/3₁, 3₁/O119, O119/5₀, 5₀/O119, O119/5₁, 5₁/O119, O119/7₀, 7₀/O119, O119/7₁, 7₁/O119, O119/13₀, 13₀/O119, O119/13₁, 13₁/O119, O119/11₀, 11₀/O119, O119/11₁, 11₁/O119, O119/17₀, 17₀/O119, 1/O119, [19,19]/O120, O120/[19,19], O120/4, 4/O120, O120/[2,3], [2,3]/O120, O120/[2,5], [2,5]/O120, O120/[2,7], [2,7]/O120, O120/[2,13], [2,13]/O120, O120/[2,19], [2,19]/O120, O120/[2,11], [2,11]/O120, O120/[2,17], [2,17]/O120, O120/[3,2], [3,2]/O120, O120/[3,3], [3,3]/O120, O120/[3,5], [3,5]/O120, O120/[3,7], [3,7]/O120, O120/[3,13], [3,13]/O120, O120/[3,19], [3,19]/O120, O120/[3,11], [3,11]/O120, O120/[3,17], [3,17]/O120, O120/[5,2], [5,2]/O120, O120/[5,3], [5,3]/O120, O120/[5,5], [5,5]/O120, O120/[5,7], [5,7]/O120, O120/[5,13], [5,13]/O120, O120/[5,19], [5,19]/O120, O120/[5,11], [5,11]/O120, O120/[5,17], [5,17]/O120, O120/[7,2], [7,2]/O120, O120/[7,3], [7,3]/O120, O120/[7,5], [7,5]/O120, O120/[7,7], [7,7]/O120, [7,19]/O120, O120/[7,19], O120/[7,11], [7,11]/O120, [13,19]/O120, O120/[13,19], [11,19]/O120, O120/[11,19], [17,19]/O120, O120/[17,19], O120/2₀, 2₀/O120, O120/2₁, 2₁/O120, O120/3₀, 3₀/O120, O120/3₁, 3₁/O120, O120/5₀, 5₀/O120, O120/5₁, 5₁/O120, O120/7₀, 7₀/O120, O120/7₁, 7₁/O120, O120/13₁, 13₁/O120, O120/19₁, 19₁/O120, O120/11₁, 11₁/O120, O120/17₁, 17₁/O120, 1/O120, [19,19]/O121, O121/[19,19], O121/4, 4/O121, O121/[2,3], [2,3]/O121, O121/[2,5], [2,5]/O121, O121/[2,7], [2,7]/O121, O121/[2,13], [2,13]/O121, O121/[2,19], [2,19]/O121, O121/[2,11], [2,11]/O121, O121/[2,17], [2,17]/O121, O121/[3,2], [3,2]/O121, O121/[3,3], [3,3]/O121, O121/[3,5], [3,5]/O121, O121/[3,7], [3,7]/O121, O121/[3,13], [3,13]/O121, O121/[3,19], [3,19]/O121, O121/[3,11], [3,11]/O121, O121/[3,17], [3,17]/O121, O121/[5,2], [5,2]/O121, O121/[5,3], [5,3]/O121, O121/[5,5], [5,5]/O121, O121/[5,7], [5,7]/O121, O121/[5,13], [5,13]/O121, O121/[5,19], [5,19]/O121, O121/[5,11], [5,11]/O121, O121/[5,17], [5,17]/O121, O121/[7,2], [7,2]/O121, O121/[7,3], [7,3]/O121, O121/[7,5], [7,5]/O121, O121/[7,7], [7,7]/O121, O121/[7,13], [7,13]/O121, [7,19]/O121, O121/[7,19], O121/[7,11], [7,11]/O121, O121/[7,17], [7,17]/O121, [13,19]/O121, O121/[13,19], [11,19]/O121, O121/[11,19], [17,19]/O121, O121/[17,19], O121/2₀, 2₀/O121, O121/2₁, 2₁/O121, O121/3₀, 3₀/O121, O121/3₁, 3₁/O121, O121/5₀, 5₀/O121, O121/5₁, 5₁/O121, O121/7₀, 7₀/O121, O121/7₁, 7₁/O121, O121/13₁, 13₁/O121, O121/19₁, 19₁/O121, O121/11₁, 11₁/O121, O121/17₁, 17₁/O121, 1/O121, [19,19]/O122, O122/[19,19], O122/4, 4/O122, O122/[2,3], [2,3]/O122, O122/[2,5], [2,5]/O122, O122/[2,7], [2,7]/O122, O122/[2,13], [2,13]/O122, O122/[2,19], [2,19]/O122, O122/[2,11], [2,11]/O122, O122/[2,17], [2,17]/O122, O122/[3,2], [3,2]/O122, O122/[3,3], [3,3]/O122, O122/[3,5], [3,5]/O122, O122/[3,7], [3,7]/O122, O122/[3,13], [3,13]/O122, O122/[3,19], [3,19]/O122, O122/[3,11], [3,11]/O122, O122/[3,17], [3,17]/O122, O122/[5,2], [5,2]/O122, O122/[5,3], [5,3]/O122, O122/[5,5], [5,5]/O122, O122/[5,7], [5,7]/O122, O122/[5,13], [5,13]/O122, O122/[5,19], [5,19]/O122, O122/[5,11], [5,11]/O122, O122/[5,17], [5,17]/O122, O122/[7,2], [7,2]/O122, O122/[7,3], [7,3]/O122, O122/[7,5], [7,5]/O122, O122/[7,7], [7,7]/O122, O122/[7,11], [7,11]/O122, O122/[13,2], [13,2]/O122, O122/[13,3], [13,3]/O122, O122/[13,5], [13,5]/O122, O122/[13,7], [13,7]/O122, [13,19]/O122, O122/[13,19], O122/[13,11], [13,11]/O122, O122/[11,2], [11,2]/O122, O122/[11,3], [11,3]/O122, O122/[11,5], [11,5]/O122, O122/[11,7], [11,7]/O122, O122/[11,11], [11,11]/O122, [17,19]/O122, O122/[17,19], O122/2₀, 2₀/O122, O122/2₁, 2₁/O122, O122/3₀, 3₀/O122, O122/3₁, 3₁/O122, O122/5₀, 5₀/O122, O122/5₁, 5₁/O122, O122/7₀, 7₀/O122, O122/7₁, 7₁/O122, O122/13₀, 13₀/O122, O122/13₁, 13₁/O122, O122/19₁, 19₁/O122, O122/11₀, 11₀/O122, O122/11₁, 11₁/O122, O122/17₁, 17₁/O122, 1/O122, [19,19]/O123, O123/[19,19], O123/4, 4/O123, O123/[2,3], [2,3]/O123, O123/[2,5], [2,5]/O123, O123/[2,7], [2,7]/O123, O123/[2,13], [2,13]/O123, O123/[2,19], [2,19]/O123, O123/[2,11], [2,11]/O123, O123/[2,17], [2,17]/O123, O123/[3,2], [3,2]/O123, O123/[3,3], [3,3]/O123, O123/[3,5], [3,5]/O123, O123/[3,7], [3,7]/O123, O123/[3,13], [3,13]/O123, O123/[3,19], [3,19]/O123, O123/[3,11], [3,11]/O123, O123/[3,17], [3,17]/O123, O123/[5,2], [5,2]/O123, O123/[5,3], [5,3]/O123, O123/[5,5], [5,5]/O123, O123/[5,7], [5,7]/O123, O123/[5,13], [5,13]/O123, O123/[5,19], [5,19]/O123, O123/[5,11], [5,11]/O123, O123/[5,17], [5,17]/O123, O123/[7,2], [7,2]/O123, O123/[7,3], [7,3]/O123, O123/[7,5], [7,5]/O123, O123/[7,7], [7,7]/O123, O123/[7,13], [7,13]/O123, O123/[7,11], [7,11]/O123, O123/[7,17], [7,17]/O123, O123/[13,2], [13,2]/O123, O123/[13,3], [13,3]/O123, O123/[13,5], [13,5]/O123, O123/[13,7], [13,7]/O123, O123/[13,13], [13,13]/O123, [13,19]/O123, O123/[13,19], O123/[13,11], [13,11]/O123, O123/[13,17], [13,17]/O123, O123/[11,2], [11,2]/O123, O123/[11,3], [11,3]/O123, O123/[11,5], [11,5]/O123, O123/[11,7], [11,7]/O123, O123/[11,13], [11,13]/O123, O123/[11,11], [11,11]/O123, O123/[11,17], [11,17]/O123, [17,19]/O123, O123/[17,19], O123/2₀, 2₀/O123, O123/2₁, 2₁/O123, O123/3₀, 3₀/O123, O123/3₁, 3₁/O123, O123/5₀, 5₀/O123, O123/5₁, 5₁/O123, O123/7₀, 7₀/O123, O123/7₁, 7₁/O123, O123/13₀, 13₀/O123, O123/13₁, 13₁/O123, O123/19₁, 19₁/O123, O123/11₀, 11₀/O123, O123/11₁, 11₁/O123, O123/17₁, 17₁/O123, 1/O123, [19,19]/O124, O124/[19,19], O124/4, 4/O124, O124/[2,3], [2,3]/O124, O124/[2,5], [2,5]/O124, O124/[2,7], [2,7]/O124, O124/[2,13], [2,13]/O124, O124/[2,19], [2,19]/O124, O124/[2,11], [2,11]/O124, O124/[2,17], [2,17]/O124, O124/[3,2], [3,2]/O124, O124/[3,3], [3,3]/O124, O124/[3,5], [3,5]/O124, O124/[3,7], [3,7]/O124, O124/[3,13], [3,13]/O124, O124/[3,19], [3,19]/O124, O124/[3,11], [3,11]/O124, O124/[3,17], [3,17]/O124, O124/[5,2], [5,2]/O124, O124/[5,3], [5,3]/O124, O124/[5,5], [5,5]/O124, O124/[5,7], [5,7]/O124, O124/[5,13], [5,13]/O124, O124/[5,19], [5,19]/O124, O124/[5,11], [5,11]/O124, O124/[5,17], [5,17]/O124, O124/[7,2], [7,2]/O124, O124/[7,3], [7,3]/O124, O124/[7,5], [7,5]/O124, O124/[7,7], [7,7]/O124, O124/[7,13], [7,13]/O124, O124/[7,11], [7,11]/O124, O124/[13,2], [13,2]/O124, O124/[13,3], [13,3]/O124, O124/[13,5], [13,5]/O124, O124/[13,7], [13,7]/O124, O124/[13,13], [13,13]/O124, O124/[13,11], [13,11]/O124, O124/[19,2], [19,2]/O124, O124/[19,3], [19,3]/O124, O124/[19,5], [19,5]/O124, O124/[19,7], [19,7]/O124, O124/[19,13], [19,13]/O124, O124/[19,11], [19,11]/O124, O124/[11,2], [11,2]/O124, O124/[11,3], [11,3]/O124, O124/[11,5], [11,5]/O124, O124/[11,7], [11,7]/O124, O124/[11,13], [11,13]/O124, O124/[11,11], [11,11]/O124, O124/[17,2], [17,2]/O124, O124/[17,3], [17,3]/O124, O124/[17,5], [17,5]/O124, O124/[17,7], [17,7]/O124, O124/[17,13], [17,13]/O124, O124/[17,11], [17,11]/O124, O124/2₀, 2₀/O124, O124/2₁, 2₁/O124, O124/3₀, 3₀/O124, O124/3₁, 3₁/O124, O124/5₀, 5₀/O124, O124/5₁, 5₁/O124, O124/7₀, 7₀/O124, O124/7₁, 7₁/O124, O124/13₀, 13₀/O124, O124/13₁, 13₁/O124, O124/19₀, 19₀/O124, O124/19₁, 19₁/O124, O124/11₀, 11₀/O124, O124/11₁, 11₁/O124, O124/17₀, 17₀/O124, O124/17₁, 17₁/O124, 1/O124, [19,19]/O125, O125/[19,19], O125/4, 4/O125, O125/[2,3], [2,3]/O125, O125/[2,5], [2,5]/O125, O125/[2,7], [2,7]/O125, O125/[2,13], [2,13]/O125, O125/[2,19], [2,19]/O125, O125/[2,11], [2,11]/O125, O125/[2,17], [2,17]/O125, O125/[3,2], [3,2]/O125, O125/[3,3], [3,3]/O125, O125/[3,5], [3,5]/O125, O125/[3,7], [3,7]/O125, O125/[3,13], [3,13]/O125, O125/[3,19], [3,19]/O125, O125/[3,11], [3,11]/O125, O125/[3,17], [3,17]/O125, O125/[5,2], [5,2]/O125, O125/[5,3], [5,3]/O125, O125/[5,5], [5,5]/O125, O125/[5,7], [5,7]/O125, O125/[5,13], [5,13]/O125, O125/[5,19], [5,19]/O125, O125/[5,11], [5,11]/O125, O125/[5,17], [5,17]/O125, O125/[7,2], [7,2]/O125, O125/[7,3], [7,3]/O125, O125/[7,5], [7,5]/O125, O125/[7,7], [7,7]/O125, O125/[7,11], [7,11]/O125, O125/[13,2], [13,2]/O125, O125/[13,3], [13,3]/O125, O125/[13,5], [13,5]/O125, O125/[13,7], [13,7]/O125, O125/[13,11], [13,11]/O125, O125/[19,2], [19,2]/O125, O125/[19,3], [19,3]/O125, O125/[19,5], [19,5]/O125, O125/[19,7], [19,7]/O125, O125/[19,11], [19,11]/O125, O125/[11,2], [11,2]/O125, O125/[11,3], [11,3]/O125, O125/[11,5], [11,5]/O125, O125/[11,7], [11,7]/O125, O125/[11,11], [11,11]/O125, O125/[17,2], [17,2]/O125, O125/[17,3], [17,3]/O125, O125/[17,5], [17,5]/O125, O125/[17,7], [17,7]/O125, O125/[17,11], [17,11]/O125, O125/2₀, 2₀/O125, O125/2₁, 2₁/O125, O125/3₀, 3₀/O125, O125/3₁, 3₁/O125, O125/5₀, 5₀/O125, O125/5₁, 5₁/O125, O125/7₀, 7₀/O125, O125/7₁, 7₁/O125, O125/13₀, 13₀/O125, O125/13₁, 13₁/O125, O125/19₀, 19₀/O125, O125/19₁, 19₁/O125, O125/11₀, 11₀/O125, O125/11₁, 11₁/O125, O125/17₀, 17₀/O125, O125/17₁, 17₁/O125, 1/O125, [19,19]/O126, O126/[19,19], O126/4, 4/O126, O126/[2,3], [2,3]/O126, O126/[2,5], [2,5]/O126, O126/[2,7], [2,7]/O126, O126/[2,13], [2,13]/O126, O126/[2,19], [2,19]/O126, O126/[2,11], [2,11]/O126, O126/[2,17], [2,17]/O126, O126/[3,2], [3,2]/O126, O126/[3,3], [3,3]/O126, O126/[3,5], [3,5]/O126, O126/[3,7], [3,7]/O126, O126/[3,13], [3,13]/O126, O126/[3,19], [3,19]/O126, O126/[3,11], [3,11]/O126, O126/[3,17], [3,17]/O126, O126/[5,2], [5,2]/O126, O126/[5,3], [5,3]/O126, O126/[5,5], [5,5]/O126, O126/[5,7], [5,7]/O126, O126/[5,13], [5,13]/O126, O126/[5,19], [5,19]/O126, O126/[5,11], [5,11]/O126, O126/[5,17], [5,17]/O126, O126/[7,2], [7,2]/O126, O126/[7,3], [7,3]/O126, O126/[7,5], [7,5]/O126, O126/[7,7], [7,7]/O126, O126/[7,13], [7,13]/O126, O126/[7,11], [7,11]/O126, O126/[7,17], [7,17]/O126, O126/[13,2], [13,2]/O126, O126/[13,3], [13,3]/O126, O126/[13,5], [13,5]/O126, O126/[13,7], [13,7]/O126, O126/[13,13], [13,13]/O126, O126/[13,11], [13,11]/O126, O126/[13,17], [13,17]/O126, O126/[19,2], [19,2]/O126, O126/[19,3], [19,3]/O126, O126/[19,5], [19,5]/O126, O126/[19,7], [19,7]/O126, O126/[19,13], [19,13]/O126, O126/[19,11], [19,11]/O126, O126/[19,17], [19,17]/O126, O126/[11,2], [11,2]/O126, O126/[11,3], [11,3]/O126, O126/[11,5], [11,5]/O126, O126/[11,7], [11,7]/O126, O126/[11,13], [11,13]/O126, O126/[11,11], [11,11]/O126, O126/[11,17], [11,17]/O126, O126/[17,2], [17,2]/O126, O126/[17,3], [17,3]/O126, O126/[17,5], [17,5]/O126, O126/[17,7], [17,7]/O126, O126/[17,13], [17,13]/O126, O126/[17,11], [17,11]/O126, O126/[17,17], [17,17]/O126, O126/2₀, 2₀/O126, O126/2₁, 2₁/O126, O126/3₀, 3₀/O126, O126/3₁, 3₁/O126, O126/5₀, 5₀/O126, O126/5₁, 5₁/O126, O126/7₀, 7₀/O126, O126/7₁, 7₁/O126, O126/13₀, 13₀/O126, O126/13₁, 13₁/O126, O126/19₀, 19₀/O126, O126/19₁, 19₁/O126, O126/11₀, 11₀/O126, O126/11₁, 11₁/O126, O126/17₀, 17₀/O126, O126/17₁, 17₁/O126, 1/O126, [19,19]/O127, O127/[19,19], O127/4, 4/O127, O127/[2,3], [2,3]/O127, O127/[2,5], [2,5]/O127, O127/[2,7], [2,7]/O127, O127/[2,13], [2,13]/O127, O127/[2,19], [2,19]/O127, O127/[2,11], [2,11]/O127, O127/[2,17], [2,17]/O127, O127/[3,2], [3,2]/O127, O127/[3,3], [3,3]/O127, O127/[3,5], [3,5]/O127, O127/[3,7], [3,7]/O127, O127/[3,13], [3,13]/O127, O127/[3,19], [3,19]/O127, O127/[3,11], [3,11]/O127, O127/[3,17], [3,17]/O127, O127/[5,2], [5,2]/O127, O127/[5,3], [5,3]/O127, O127/[5,5], [5,5]/O127, O127/[5,7], [5,7]/O127, O127/[5,13], [5,13]/O127, O127/[5,19], [5,19]/O127, O127/[5,11], [5,11]/O127, O127/[5,17], [5,17]/O127, O127/[7,2], [7,2]/O127, O127/[7,3], [7,3]/O127, O127/[7,5], [7,5]/O127, O127/[7,7], [7,7]/O127, O127/[7,13], [7,13]/O127, O127/[7,11], [7,11]/O127, [13,19]/O127, O127/[13,19], O127/[11,2], [11,2]/O127, O127/[11,3], [11,3]/O127, O127/[11,5], [11,5]/O127, O127/[11,7], [11,7]/O127, O127/[11,13], [11,13]/O127, [11,19]/O127, O127/[11,19], O127/[11,11], [11,11]/O127, [17,19]/O127, O127/[17,19], O127/2₀, 2₀/O127, O127/2₁, 2₁/O127, O127/3₀, 3₀/O127, O127/3₁, 3₁/O127, O127/5₀, 5₀/O127, O127/5₁, 5₁/O127, O127/7₀, 7₀/O127, O127/7₁, 7₁/O127, O127/13₁, 13₁/O127, O127/19₁, 19₁/O127, O127/11₀, 11₀/O127, O127/11₁, 11₁/O127, O127/17₁, 17₁/O127, 1/O127, [19,19]/O128, O128/[19,19], O128/4, 4/O128, O128/[2,3], [2,3]/O128, O128/[2,5], [2,5]/O128, O128/[2,7], [2,7]/O128, O128/[2,13], [2,13]/O128, O128/[2,19], [2,19]/O128, O128/[2,11], [2,11]/O128, O128/[2,17], [2,17]/O128, O128/[3,2], [3,2]/O128, O128/[3,3], [3,3]/O128, O128/[3,5], [3,5]/O128, O128/[3,7], [3,7]/O128, O128/[3,13], [3,13]/O128, O128/[3,19], [3,19]/O128, O128/[3,11], [3,11]/O128, O128/[3,17], [3,17]/O128, O128/[5,2], [5,2]/O128, O128/[5,3], [5,3]/O128, O128/[5,5], [5,5]/O128, O128/[5,7], [5,7]/O128, O128/[5,13], [5,13]/O128, O128/[5,19], [5,19]/O128, O128/[5,11], [5,11]/O128, O128/[5,17], [5,17]/O128, O128/[7,2], [7,2]/O128, O128/[7,3], [7,3]/O128, O128/[7,5], [7,5]/O128, O128/[7,7], [7,7]/O128, O128/[13,2], [13,2]/O128, O128/[13,3], [13,3]/O128, O128/[13,5], [13,5]/O128, O128/[13,7], [13,7]/O128, O128/[11,2], [11,2]/O128, O128/[11,3], [11,3]/O128, O128/[11,5], [11,5]/O128, O128/[11,7], [11,7]/O128, O128/[17,2], [17,2]/O128, O128/[17,3], [17,3]/O128, O128/[17,5], [17,5]/O128, O128/[17,7], [17,7]/O128, [17,19]/O128, O128/[17,19], O128/2₀, 2₀/O128, O128/2₁, 2₁/O128, O128/3₀, 3₀/O128, O128/3₁, 3₁/O128, O128/5₀, 5₀/O128, O128/5₁, 5₁/O128, O128/7₀, 7₀/O128, O128/7₁, 7₁/O128, O128/13₀, 13₀/O128, O128/13₁, 13₁/O128, O128/19₁, 19₁/O128, O128/11₀, 11₀/O128, O128/11₁, 11₁/O128, O128/17₀, 17₀/O128, O128/17₁, 17₁/O128, 1/O128, [19,19]/O129, O129/[19,19], O129/4, 4/O129, O129/[2,3], [2,3]/O129, O129/[2,5], [2,5]/O129, O129/[2,7], [2,7]/O129, O129/[2,13], [2,13]/O129, O129/[2,19], [2,19]/O129, O129/[2,11], [2,11]/O129, O129/[2,17], [2,17]/O129, O129/[3,2], [3,2]/O129, O129/[3,3], [3,3]/O129, O129/[3,5], [3,5]/O129, O129/[3,7], [3,7]/O129, O129/[3,13], [3,13]/O129, O129/[3,19], [3,19]/O129, O129/[3,11], [3,11]/O129, O129/[3,17], [3,17]/O129, O129/[5,2], [5,2]/O129, O129/[5,3], [5,3]/O129, O129/[5,5], [5,5]/O129, O129/[5,7], [5,7]/O129, O129/[5,13], [5,13]/O129, O129/[5,19], [5,19]/O129, O129/[5,11], [5,11]/O129, O129/[5,17], [5,17]/O129, O129/[7,2], [7,2]/O129, O129/[7,3], [7,3]/O129, O129/[7,5], [7,5]/O129, O129/[7,7], [7,7]/O129, O129/[7,13], [7,13]/O129, O129/[7,11], [7,11]/O129, O129/[13,2], [13,2]/O129, O129/[13,3], [13,3]/O129, O129/[13,5], [13,5]/O129, O129/[13,7], [13,7]/O129, O129/[13,13], [13,13]/O129, O129/[13,11], [13,11]/O129, O129/[11,2], [11,2]/O129, O129/[11,3], [11,3]/O129, O129/[11,5], [11,5]/O129, O129/[11,7], [11,7]/O129, O129/[11,13], [11,13]/O129, O129/[11,11], [11,11]/O129, O129/[17,2], [17,2]/O129, O129/[17,3], [17,3]/O129, O129/[17,5], [17,5]/O129, O129/[17,7], [17,7]/O129, O129/[17,13], [17,13]/O129, [17,19]/O129, O129/[17,19], O129/[17,11], [17,11]/O129, O129/2₀, 2₀/O129, O129/2₁, 2₁/O129, O129/3₀, 3₀/O129, O129/3₁, 3₁/O129, O129/5₀, 5₀/O129, O129/5₁, 5₁/O129, O129/7₀, 7₀/O129, O129/7₁, 7₁/O129, O129/13₀, 13₀/O129, O129/13₁, 13₁/O129, O129/19₁, 19₁/O129, O129/11₀, 11₀/O129, O129/11₁, 11₁/O129, O129/17₀, 17₀/O129, O129/17₁, 17₁/O129, 1/O129, [19,19]/O130, O130/[19,19], O130/4, 4/O130, O130/[2,3], [2,3]/O130, O130/[2,5], [2,5]/O130, O130/[2,7], [2,7]/O130, O130/[2,13], [2,13]/O130, O130/[2,19], [2,19]/O130, O130/[2,11], [2,11]/O130, O130/[2,17], [2,17]/O130, O130/[3,2], [3,2]/O130, O130/[3,3], [3,3]/O130, O130/[3,5], [3,5]/O130, O130/[3,7], [3,7]/O130, O130/[3,13], [3,13]/O130, O130/[3,19], [3,19]/O130, O130/[3,11], [3,11]/O130, O130/[3,17], [3,17]/O130, O130/[5,2], [5,2]/O130, O130/[5,3], [5,3]/O130, O130/[5,5], [5,5]/O130, O130/[5,7], [5,7]/O130, O130/[5,13], [5,13]/O130, O130/[5,19], [5,19]/O130, O130/[5,11], [5,11]/O130, O130/[5,17], [5,17]/O130, O130/[7,2], [7,2]/O130, O130/[7,3], [7,3]/O130, O130/[7,5], [7,5]/O130, O130/[7,7], [7,7]/O130, O130/[7,13], [7,13]/O130, O130/[7,11], [7,11]/O130, O130/[7,17], [7,17]/O130, O130/[13,2], [13,2]/O130, O130/[13,3], [13,3]/O130, O130/[13,5], [13,5]/O130, O130/[13,7], [13,7]/O130, O130/[13,13], [13,13]/O130, O130/[13,11], [13,11]/O130, O130/[13,17], [13,17]/O130, O130/[11,2], [11,2]/O130, O130/[11,3], [11,3]/O130, O130/[11,5], [11,5]/O130, O130/[11,7], [11,7]/O130, O130/[11,13], [11,13]/O130, O130/[11,11], [11,11]/O130, O130/[11,17], [11,17]/O130, O130/[17,2], [17,2]/O130, O130/[17,3], [17,3]/O130, O130/[17,5], [17,5]/O130, O130/[17,7], [17,7]/O130, O130/[17,13], [17,13]/O130, [17,19]/O130, O130/[17,19], O130/[17,11], [17,11]/O130, O130/[17,17], [17,17]/O130, O130/2₀, 2₀/O130, O130/2₁, 2₁/O130, O130/3₀, 3₀/O130, O130/3₁, 3₁/O130, O130/5₀, 5₀/O130, O130/5₁, 5₁/O130, O130/7₀, 7₀/O130, O130/7₁, 7₁/O130, O130/13₀, 13₀/O130, O130/13₁, 13₁/O130, O130/19₁, 19₁/O130, O130/11₀, 11₀/O130, O130/11₁, 11₁/O130, O130/17₀, 17₀/O130, O130/17₁, 17₁/O130, 1/O130, [19,19]/O131, O131/[19,19], O131/4, 4/O131, O131/[2,3], [2,3]/O131, O131/[2,5], [2,5]/O131, O131/[2,7], [2,7]/O131, O131/[2,13], [2,13]/O131, O131/[2,11], [2,11]/O131, O131/[2,17], [2,17]/O131, O131/[3,2], [3,2]/O131, O131/[3,3], [3,3]/O131, O131/[3,5], [3,5]/O131, O131/[3,7], [3,7]/O131, O131/[3,13], [3,13]/O131, O131/[3,11], [3,11]/O131, O131/[3,17], [3,17]/O131, O131/[5,2], [5,2]/O131, O131/[5,3], [5,3]/O131, O131/[5,5], [5,5]/O131, O131/[5,7], [5,7]/O131, O131/[5,13], [5,13]/O131, O131/[5,11], [5,11]/O131, O131/[5,17], [5,17]/O131, O131/[7,2], [7,2]/O131, O131/[7,3], [7,3]/O131, O131/[7,5], [7,5]/O131, O131/[7,7], [7,7]/O131, O131/[7,13], [7,13]/O131, O131/[7,11], [7,11]/O131, O131/[13,2], [13,2]/O131, O131/[13,3], [13,3]/O131, O131/[13,5], [13,5]/O131, O131/[13,7], [13,7]/O131, O131/[13,13], [13,13]/O131, [13,19]/O131, O131/[13,19], O131/[13,11], [13,11]/O131, [13,17]/O131, O131/[13,17], [19,17]/O131, O131/[19,17], O131/[11,2], [11,2]/O131, O131/[11,3], [11,3]/O131, O131/[11,5], [11,5]/O131, O131/[11,7], [11,7]/O131, O131/[11,13], [11,13]/O131, O131/[11,11], [11,11]/O131, [17,19]/O131, O131/[17,19], [17,17]/O131, O131/[17,17], O131/2₀, 2₀/O131, O131/2₁, 2₁/O131, O131/3₀, 3₀/O131, O131/3₁, 3₁/O131, O131/5₀, 5₀/O131, O131/5₁, 5₁/O131, O131/7₀, 7₀/O131, O131/7₁, 7₁/O131, O131/13₀, 13₀/O131, O131/13₁, 13₁/O131, O131/11₀, 11₀/O131, O131/11₁, 11₁/O131, O131/17₁, 17₁/O131, 1/O131, [19,19]/O132, O132/[19,19], O132/4, 4/O132, O132/[2,3], [2,3]/O132, O132/[2,5], [2,5]/O132, O132/[2,7], [2,7]/O132, O132/[2,13], [2,13]/O132, O132/[2,11], [2,11]/O132, O132/[2,17], [2,17]/O132, O132/[3,2], [3,2]/O132, O132/[3,3], [3,3]/O132, O132/[3,5], [3,5]/O132, O132/[3,7], [3,7]/O132, O132/[3,13], [3,13]/O132, O132/[3,11], [3,11]/O132, O132/[3,17], [3,17]/O132, O132/[5,2], [5,2]/O132, O132/[5,3], [5,3]/O132, O132/[5,5], [5,5]/O132, O132/[5,7], [5,7]/O132, O132/[5,13], [5,13]/O132, O132/[5,11], [5,11]/O132, O132/[5,17], [5,17]/O132, O132/[7,2], [7,2]/O132, O132/[7,3], [7,3]/O132, O132/[7,5], [7,5]/O132, O132/[7,7], [7,7]/O132, O132/[7,13], [7,13]/O132, O132/[7,11], [7,11]/O132, O132/[13,2], [13,2]/O132, O132/[13,3], [13,3]/O132, O132/[13,5], [13,5]/O132, O132/[13,7], [13,7]/O132, O132/[13,13], [13,13]/O132, O132/[13,11], [13,11]/O132, O132/[19,2], [19,2]/O132, O132/[19,3], [19,3]/O132, O132/[19,5], [19,5]/O132, O132/[19,7], [19,7]/O132, O132/[19,13], [19,13]/O132, O132/[19,11], [19,11]/O132, [19,17]/O132, O132/[19,17], O132/[11,2], [11,2]/O132, O132/[11,3], [11,3]/O132, O132/[11,5], [11,5]/O132, O132/[11,7], [11,7]/O132, O132/[11,13], [11,13]/O132, O132/[11,11], [11,11]/O132, O132/[17,2], [17,2]/O132, O132/[17,3], [17,3]/O132, O132/[17,5], [17,5]/O132, O132/[17,7], [17,7]/O132, O132/[17,13], [17,13]/O132, O132/[17,11], [17,11]/O132, O132/2₀, 2₀/O132, O132/2₁, 2₁/O132, O132/3₀, 3₀/O132, O132/3₁, 3₁/O132, O132/5₀, 5₀/O132, O132/5₁, 5₁/O132, O132/7₀, 7₀/O132, O132/7₁, 7₁/O132, O132/13₀, 13₀/O132, O132/13₁, 13₁/O132, O132/19₀, 19₀/O132, O132/11₀, 11₀/O132, O132/11₁, 11₁/O132, O132/17₀, 17₀/O132, O132/17₁, 17₁/O132, 1/O132, [19,19]/O133, O133/[19,19], O133/4, 4/O133, O133/[2,3], [2,3]/O133, O133/[2,5], [2,5]/O133, O133/[2,7], [2,7]/O133, O133/[2,13], [2,13]/O133, O133/[2,11], [2,11]/O133, O133/[2,17], [2,17]/O133, O133/[3,2], [3,2]/O133, O133/[3,3], [3,3]/O133, O133/[3,5], [3,5]/O133, O133/[3,7], [3,7]/O133, O133/[3,13], [3,13]/O133, O133/[3,11], [3,11]/O133, O133/[3,17], [3,17]/O133, O133/[5,2], [5,2]/O133, O133/[5,3], [5,3]/O133, O133/[5,5], [5,5]/O133, O133/[5,7], [5,7]/O133, O133/[5,13], [5,13]/O133, O133/[5,11], [5,11]/O133, O133/[5,17], [5,17]/O133, O133/[7,2], [7,2]/O133, O133/[7,3], [7,3]/O133, O133/[7,5], [7,5]/O133, O133/[7,7], [7,7]/O133, O133/[7,13], [7,13]/O133, O133/[7,11], [7,11]/O133, O133/[13,2], [13,2]/O133, O133/[13,3], [13,3]/O133, O133/[13,5], [13,5]/O133, O133/[13,7], [13,7]/O133, O133/[13,13], [13,13]/O133, O133/[13,11], [13,11]/O133, [19,17]/O133, O133/[19,17], O133/[11,2], [11,2]/O133, O133/[11,3], [11,3]/O133, O133/[11,5], [11,5]/O133, O133/[11,7], [11,7]/O133, O133/[11,13], [11,13]/O133, O133/[11,11], [11,11]/O133, O133/[17,2], [17,2]/O133, O133/[17,3], [17,3]/O133, O133/[17,5], [17,5]/O133, O133/[17,7], [17,7]/O133, O133/[17,13], [17,13]/O133, [17,19]/O133, O133/[17,19], O133/[17,11], [17,11]/O133, [17,17]/O133, O133/[17,17], O133/2₀, 2₀/O133, O133/2₁, 2₁/O133, O133/3₀, 3₀/O133, O133/3₁, 3₁/O133, O133/5₀, 5₀/O133, O133/5₁, 5₁/O133, O133/7₀, 7₀/O133, O133/7₁, 7₁/O133, O133/13₀, 13₀/O133, O133/13₁, 13₁/O133, O133/11₀, 11₀/O133, O133/11₁, 11₁/O133, O133/17₀, 17₀/O133, O133/17₁, 17₁/O133, 1/O133, [19,19]/O134, O134/[19,19], O134/4, 4/O134, O134/[2,3], [2,3]/O134, O134/[2,5], [2,5]/O134, O134/[2,7], [2,7]/O134, O134/[2,13], [2,13]/O134, O134/[2,11], [2,11]/O134, O134/[2,17], [2,17]/O134, O134/[3,2], [3,2]/O134, O134/[3,3], [3,3]/O134, O134/[3,5], [3,5]/O134, O134/[3,7], [3,7]/O134, O134/[3,13], [3,13]/O134, O134/[3,11], [3,11]/O134, O134/[3,17], [3,17]/O134, O134/[5,2], [5,2]/O134, O134/[5,3], [5,3]/O134, O134/[5,5], [5,5]/O134, O134/[5,7], [5,7]/O134, O134/[5,13], [5,13]/O134, O134/[5,11], [5,11]/O134, O134/[5,17], [5,17]/O134, O134/[7,2], [7,2]/O134, O134/[7,3], [7,3]/O134, O134/[7,5], [7,5]/O134, O134/[7,7], [7,7]/O134, O134/[7,11], [7,11]/O134, O134/[13,2], [13,2]/O134, O134/[13,3], [13,3]/O134, O134/[13,5], [13,5]/O134, O134/[13,7], [13,7]/O134, O134/[13,11], [13,11]/O134, [19,17]/O134, O134/[19,17], O134/[11,2], [11,2]/O134, O134/[11,3], [11,3]/O134, O134/[11,5], [11,5]/O134, O134/[11,7], [11,7]/O134, O134/[11,11], [11,11]/O134, O134/[17,2], [17,2]/O134, O134/[17,3], [17,3]/O134, O134/[17,5], [17,5]/O134, O134/[17,7], [17,7]/O134, [17,19]/O134, O134/[17,19], O134/[17,11], [17,11]/O134, [17,17]/O134, O134/[17,17], O134/2₀, 2₀/O134, O134/2₁, 2₁/O134, O134/3₀, 3₀/O134, O134/3₁, 3₁/O134, O134/5₀, 5₀/O134, O134/5₁, 5₁/O134, O134/7₀, 7₀/O134, O134/7₁, 7₁/O134, O134/13₀, 13₀/O134, O134/13₁, 13₁/O134, O134/11₀, 11₀/O134, O134/11₁, 11₁/O134, O134/17₀, 17₀/O134, O134/17₁, 17₁/O134, 1/O134, [19,19]/O135, O135/[19,19], O135/4, 4/O135, O135/[2,3], [2,3]/O135, O135/[2,5], [2,5]/O135, O135/[2,7], [2,7]/O135, O135/[2,13], [2,13]/O135, O135/[2,11], [2,11]/O135, O135/[3,2], [3,2]/O135, O135/[3,3], [3,3]/O135, O135/[3,5], [3,5]/O135, O135/[3,7], [3,7]/O135, O135/[3,13], [3,13]/O135, O135/[3,11], [3,11]/O135, O135/[5,2], [5,2]/O135, O135/[5,3], [5,3]/O135, O135/[5,5], [5,5]/O135, O135/[5,7], [5,7]/O135, O135/[5,13], [5,13]/O135, O135/[5,11], [5,11]/O135, O135/[7,2], [7,2]/O135, O135/[7,3], [7,3]/O135, O135/[7,5], [7,5]/O135, O135/[7,7], [7,7]/O135, O135/[7,13], [7,13]/O135, O135/[7,11], [7,11]/O135, O135/[13,2], [13,2]/O135, O135/[13,3], [13,3]/O135, O135/[13,5], [13,5]/O135, O135/[13,7], [13,7]/O135, O135/[19,2], [19,2]/O135, O135/[19,3], [19,3]/O135, O135/[19,5], [19,5]/O135, O135/[19,7], [19,7]/O135, [19,13]/O135, O135/[19,13], [19,17]/O135, O135/[19,17], O135/[11,2], [11,2]/O135, O135/[11,3], [11,3]/O135, O135/[11,5], [11,5]/O135, O135/[11,7], [11,7]/O135, O135/[17,2], [17,2]/O135, O135/[17,3], [17,3]/O135, O135/[17,5], [17,5]/O135, O135/[17,7], [17,7]/O135, O135/2₀, 2₀/O135, O135/2₁, 2₁/O135, O135/3₀, 3₀/O135, O135/3₁, 3₁/O135, O135/5₀, 5₀/O135, O135/5₁, 5₁/O135, O135/7₀, 7₀/O135, O135/7₁, 7₁/O135, O135/13₀, 13₀/O135, O135/13₁, 13₁/O135, O135/19₀, 19₀/O135, O135/11₀, 11₀/O135, O135/11₁, 11₁/O135, O135/17₀, 17₀/O135, 1/O135, [19,19]/O136, O136/[19,19], O136/4, 4/O136, O136/[2,3], [2,3]/O136, O136/[2,5], [2,5]/O136, O136/[2,7], [2,7]/O136, O136/[2,13], [2,13]/O136, O136/[2,11], [2,11]/O136, O136/[3,2], [3,2]/O136, O136/[3,3], [3,3]/O136, O136/[3,5], [3,5]/O136, O136/[3,7], [3,7]/O136, O136/[3,13], [3,13]/O136, O136/[3,11], [3,11]/O136, O136/[5,2], [5,2]/O136, O136/[5,3], [5,3]/O136, O136/[5,5], [5,5]/O136, O136/[5,7], [5,7]/O136, O136/[5,13], [5,13]/O136, O136/[5,11], [5,11]/O136, O136/[7,2], [7,2]/O136, O136/[7,3], [7,3]/O136, O136/[7,5], [7,5]/O136, O136/[7,7], [7,7]/O136, O136/[7,13], [7,13]/O136, O136/[7,11], [7,11]/O136, O136/[13,2], [13,2]/O136, O136/[13,3], [13,3]/O136, O136/[13,5], [13,5]/O136, O136/[13,7], [13,7]/O136, O136/[13,11], [13,11]/O136, O136/[19,2], [19,2]/O136, O136/[19,3], [19,3]/O136, O136/[19,5], [19,5]/O136, O136/[19,7], [19,7]/O136, [19,13]/O136, O136/[19,13], O136/[19,11], [19,11]/O136, [19,17]/O136, O136/[19,17], O136/[11,2], [11,2]/O136, O136/[11,3], [11,3]/O136, O136/[11,5], [11,5]/O136, O136/[11,7], [11,7]/O136, O136/[11,11], [11,11]/O136, O136/[17,2], [17,2]/O136, O136/[17,3], [17,3]/O136, O136/[17,5], [17,5]/O136, O136/[17,7], [17,7]/O136, O136/[17,11], [17,11]/O136, O136/2₀, 2₀/O136, O136/2₁, 2₁/O136, O136/3₀, 3₀/O136, O136/3₁, 3₁/O136, O136/5₀, 5₀/O136, O136/5₁, 5₁/O136, O136/7₀, 7₀/O136, O136/7₁, 7₁/O136, O136/13₀, 13₀/O136, O136/13₁, 13₁/O136, O136/19₀, 19₀/O136, O136/11₀, 11₀/O136, O136/11₁, 11₁/O136, O136/17₀, 17₀/O136, 1/O136, [19,19]/O137, O137/[19,19], O137/4, 4/O137, O137/[2,3], [2,3]/O137, O137/[2,5], [2,5]/O137, O137/[2,7], [2,7]/O137, O137/[2,13], [2,13]/O137, O137/[2,11], [2,11]/O137, O137/[3,2], [3,2]/O137, O137/[3,3], [3,3]/O137, O137/[3,5], [3,5]/O137, O137/[3,7], [3,7]/O137, O137/[3,13], [3,13]/O137, O137/[3,11], [3,11]/O137, O137/[5,2], [5,2]/O137, O137/[5,3], [5,3]/O137, O137/[5,5], [5,5]/O137, O137/[5,7], [5,7]/O137, O137/[5,13], [5,13]/O137, O137/[5,11], [5,11]/O137, O137/[7,2], [7,2]/O137, O137/[7,3], [7,3]/O137, O137/[7,5], [7,5]/O137, O137/[7,7], [7,7]/O137, O137/[7,13], [7,13]/O137, O137/[7,11], [7,11]/O137, O137/[13,2], [13,2]/O137, O137/[13,3], [13,3]/O137, O137/[13,5], [13,5]/O137, O137/[13,7], [13,7]/O137, O137/[13,11], [13,11]/O137, [19,13]/O137, O137/[19,13], [19,17]/O137, O137/[19,17], O137/[11,2], [11,2]/O137, O137/[11,3], [11,3]/O137, O137/[11,5], [11,5]/O137, O137/[11,7], [11,7]/O137, O137/[11,11], [11,11]/O137, O137/[17,2], [17,2]/O137, O137/[17,3], [17,3]/O137, O137/[17,5], [17,5]/O137, O137/[17,7], [17,7]/O137, [17,13]/O137, O137/[17,13], [17,19]/O137, O137/[17,19], O137/[17,11], [17,11]/O137, [17,17]/O137, O137/[17,17], O137/2₀, 2₀/O137, O137/2₁, 2₁/O137, O137/3₀, 3₀/O137, O137/3₁, 3₁/O137, O137/5₀, 5₀/O137, O137/5₁, 5₁/O137, O137/7₀, 7₀/O137, O137/7₁, 7₁/O137, O137/13₀, 13₀/O137, O137/13₁, 13₁/O137, O137/11₀, 11₀/O137, O137/11₁, 11₁/O137, O137/17₀, 17₀/O137, 1/O137, [19,19]/O138, O138/[19,19], O138/4, 4/O138, O138/[2,3], [2,3]/O138, O138/[2,5], [2,5]/O138, O138/[2,7], [2,7]/O138, O138/[2,13], [2,13]/O138, O138/[2,19], [2,19]/O138, O138/[2,11], [2,11]/O138, O138/[2,17], [2,17]/O138, O138/[3,2], [3,2]/O138, O138/[3,3], [3,3]/O138, O138/[3,5], [3,5]/O138, O138/[3,7], [3,7]/O138, O138/[3,13], [3,13]/O138, O138/[3,19], [3,19]/O138, O138/[3,11], [3,11]/O138, O138/[3,17], [3,17]/O138, O138/[5,2], [5,2]/O138, O138/[5,3], [5,3]/O138, O138/[5,5], [5,5]/O138, O138/[5,7], [5,7]/O138, O138/[5,13], [5,13]/O138, O138/[5,19], [5,19]/O138, O138/[5,11], [5,11]/O138, O138/[5,17], [5,17]/O138, O138/[7,2], [7,2]/O138, O138/[7,3], [7,3]/O138, O138/[7,5], [7,5]/O138, O138/[7,7], [7,7]/O138, O138/[7,13], [7,13]/O138, O138/[7,19], [7,19]/O138, O138/[7,11], [7,11]/O138, O138/[7,17], [7,17]/O138, O138/[13,2], [13,2]/O138, O138/[13,3], [13,3]/O138, O138/[13,5], [13,5]/O138, O138/[13,7], [13,7]/O138, O138/[13,13], [13,13]/O138, [13,19]/O138, O138/[13,19], O138/[13,11], [13,11]/O138, O138/[13,17], [13,17]/O138, O138/[11,2], [11,2]/O138, O138/[11,3], [11,3]/O138, O138/[11,5], [11,5]/O138, O138/[11,7], [11,7]/O138, O138/[11,13], [11,13]/O138, O138/[11,11], [11,11]/O138, O138/[11,17], [11,17]/O138, [17,19]/O138, O138/[17,19], O138/2₀, 2₀/O138, O138/2₁, 2₁/O138, O138/3₀, 3₀/O138, O138/3₁, 3₁/O138, O138/5₀, 5₀/O138, O138/5₁, 5₁/O138, O138/7₀, 7₀/O138, O138/7₁, 7₁/O138, O138/13₀, 13₀/O138, O138/13₁, 13₁/O138, O138/19₁, 19₁/O138, O138/11₀, 11₀/O138, O138/11₁, 11₁/O138, O138/17₁, 17₁/O138, 1/O138, [19,19]/O139, O139/[19,19], O139/4, 4/O139, O139/[2,3], [2,3]/O139, O139/[2,5], [2,5]/O139, O139/[2,7], [2,7]/O139, O139/[2,13], [2,13]/O139, O139/[2,19], [2,19]/O139, O139/[2,11], [2,11]/O139, O139/[2,17], [2,17]/O139, O139/[3,2], [3,2]/O139, O139/[3,3], [3,3]/O139, O139/[3,5], [3,5]/O139, O139/[3,7], [3,7]/O139, O139/[3,13], [3,13]/O139, O139/[3,19], [3,19]/O139, O139/[3,11], [3,11]/O139, O139/[3,17], [3,17]/O139, O139/[5,2], [5,2]/O139, O139/[5,3], [5,3]/O139, O139/[5,5], [5,5]/O139, O139/[5,7], [5,7]/O139, O139/[5,13], [5,13]/O139, O139/[5,19], [5,19]/O139, O139/[5,11], [5,11]/O139, O139/[5,17], [5,17]/O139, O139/[7,2], [7,2]/O139, O139/[7,3], [7,3]/O139, O139/[7,5], [7,5]/O139, O139/[7,7], [7,7]/O139, O139/[7,13], [7,13]/O139, O139/[7,19], [7,19]/O139, O139/[7,11], [7,11]/O139, O139/[7,17], [7,17]/O139, O139/[13,2], [13,2]/O139, O139/[13,3], [13,3]/O139, O139/[13,5], [13,5]/O139, O139/[13,7], [13,7]/O139, O139/[13,13], [13,13]/O139, O139/[13,11], [13,11]/O139, O139/[13,17], [13,17]/O139, O139/[19,2], [19,2]/O139, O139/[19,3], [19,3]/O139, O139/[19,5], [19,5]/O139, O139/[19,7], [19,7]/O139, O139/[19,13], [19,13]/O139, O139/[19,11], [19,11]/O139, O139/[19,17], [19,17]/O139, O139/[11,2], [11,2]/O139, O139/[11,3], [11,3]/O139, O139/[11,5], [11,5]/O139, O139/[11,7], [11,7]/O139, O139/[11,13], [11,13]/O139, O139/[11,11], [11,11]/O139, O139/[11,17], [11,17]/O139, O139/[17,2], [17,2]/O139, O139/[17,3], [17,3]/O139, O139/[17,5], [17,5]/O139, O139/[17,7], [17,7]/O139, O139/[17,13], [17,13]/O139, O139/[17,11], [17,11]/O139, O139/[17,17], [17,17]/O139, O139/2₀, 2₀/O139, O139/2₁, 2₁/O139, O139/3₀, 3₀/O139, O139/3₁, 3₁/O139, O139/5₀, 5₀/O139, O139/5₁, 5₁/O139, O139/7₀, 7₀/O139, O139/7₁, 7₁/O139, O139/13₀, 13₀/O139, O139/13₁, 13₁/O139, O139/19₀, 19₀/O139, O139/19₁, 19₁/O139, O139/11₀, 11₀/O139, O139/11₁, 11₁/O139, O139/17₀, 17₀/O139, O139/17₁, 17₁/O139, 1/O139, [19,19]/O140, O140/[19,19], O140/4, 4/O140, O140/[2,3], [2,3]/O140, O140/[2,5], [2,5]/O140, O140/[2,7], [2,7]/O140, O140/[2,13], [2,13]/O140, O140/[2,19], [2,19]/O140, O140/[2,11], [2,11]/O140, O140/[2,17], [2,17]/O140, O140/[3,2], [3,2]/O140, O140/[3,3], [3,3]/O140, O140/[3,5], [3,5]/O140, O140/[3,7], [3,7]/O140, O140/[3,13], [3,13]/O140, O140/[3,19], [3,19]/O140, O140/[3,11], [3,11]/O140, O140/[3,17], [3,17]/O140, O140/[5,2], [5,2]/O140, O140/[5,3], [5,3]/O140, O140/[5,5], [5,5]/O140, O140/[5,7], [5,7]/O140, O140/[5,13], [5,13]/O140, O140/[5,19], [5,19]/O140, O140/[5,11], [5,11]/O140, O140/[5,17], [5,17]/O140, O140/[7,2], [7,2]/O140, O140/[7,3], [7,3]/O140, O140/[7,5], [7,5]/O140, O140/[7,7], [7,7]/O140, O140/[7,13], [7,13]/O140, O140/[7,19], [7,19]/O140, O140/[7,11], [7,11]/O140, O140/[7,17], [7,17]/O140, [13,19]/O140, O140/[13,19], O140/[11,2], [11,2]/O140, O140/[11,3], [11,3]/O140, O140/[11,5], [11,5]/O140, O140/[11,7], [11,7]/O140, O140/[11,13], [11,13]/O140, [11,19]/O140, O140/[11,19], O140/[11,11], [11,11]/O140, [17,19]/O140, O140/[17,19], O140/2₀, 2₀/O140, O140/2₁, 2₁/O140, O140/3₀, 3₀/O140, O140/3₁, 3₁/O140, O140/5₀, 5₀/O140, O140/5₁, 5₁/O140, O140/7₀, 7₀/O140, O140/7₁, 7₁/O140, O140/13₁, 13₁/O140, O140/19₁, 19₁/O140, O140/11₀, 11₀/O140, O140/11₁, 11₁/O140, O140/17₁, 17₁/O140, 1/O140, [19,19]/O141, O141/[19,19], O141/4, 4/O141, O141/[2,3], [2,3]/O141, O141/[2,5], [2,5]/O141, O141/[2,7], [2,7]/O141, O141/[2,13], [2,13]/O141, O141/[2,19], [2,19]/O141, O141/[2,11], [2,11]/O141, O141/[2,17], [2,17]/O141, O141/[3,2], [3,2]/O141, O141/[3,3], [3,3]/O141, O141/[3,5], [3,5]/O141, O141/[3,7], [3,7]/O141, O141/[3,13], [3,13]/O141, O141/[3,19], [3,19]/O141, O141/[3,11], [3,11]/O141, O141/[3,17], [3,17]/O141, O141/[5,2], [5,2]/O141, O141/[5,3], [5,3]/O141, O141/[5,5], [5,5]/O141, O141/[5,7], [5,7]/O141, O141/[5,13], [5,13]/O141, O141/[5,19], [5,19]/O141, O141/[5,11], [5,11]/O141, O141/[5,17], [5,17]/O141, O141/[7,2], [7,2]/O141, O141/[7,3], [7,3]/O141, O141/[7,5], [7,5]/O141, O141/[7,7], [7,7]/O141, O141/[7,13], [7,13]/O141, O141/[7,19], [7,19]/O141, O141/[7,11], [7,11]/O141, O141/[7,17], [7,17]/O141, O141/[13,2], [13,2]/O141, O141/[13,3], [13,3]/O141, O141/[13,5], [13,5]/O141, O141/[13,7], [13,7]/O141, O141/[13,13], [13,13]/O141, O141/[13,11], [13,11]/O141, O141/[11,2], [11,2]/O141, O141/[11,3], [11,3]/O141, O141/[11,5], [11,5]/O141, O141/[11,7], [11,7]/O141, O141/[11,13], [11,13]/O141, O141/[11,11], [11,11]/O141, O141/[17,2], [17,2]/O141, O141/[17,3], [17,3]/O141, O141/[17,5], [17,5]/O141, O141/[17,7], [17,7]/O141, O141/[17,13], [17,13]/O141, [17,19]/O141, O141/[17,19], O141/[17,11], [17,11]/O141, O141/2₀, 2₀/O141, O141/2₁, 2₁/O141, O141/3₀, 3₀/O141, O141/3₁, 3₁/O141, O141/5₀, 5₀/O141, O141/5₁, 5₁/O141, O141/7₀, 7₀/O141, O141/7₁, 7₁/O141, O141/13₀, 13₀/O141, O141/13₁, 13₁/O141, O141/19₁, 19₁/O141, O141/11₀, 11₀/O141, O141/11₁, 11₁/O141, O141/17₀, 17₀/O141, O141/17₁, 17₁/O141, 1/O141, [19,19]/O142, O142/[19,19], O142/4, 4/O142, O142/[2,3], [2,3]/O142, O142/[2,5], [2,5]/O142, O142/[2,7], [2,7]/O142, O142/[2,13], [2,13]/O142, O142/[2,19], [2,19]/O142, O142/[2,11], [2,11]/O142, O142/[2,17], [2,17]/O142, O142/[3,2], [3,2]/O142, O142/[3,3], [3,3]/O142, O142/[3,5], [3,5]/O142, O142/[3,7], [3,7]/O142, O142/[3,13], [3,13]/O142, O142/[3,19], [3,19]/O142, O142/[3,11], [3,11]/O142, O142/[3,17], [3,17]/O142, O142/[5,2], [5,2]/O142, O142/[5,3], [5,3]/O142, O142/[5,5], [5,5]/O142, O142/[5,7], [5,7]/O142, O142/[5,13], [5,13]/O142, O142/[5,19], [5,19]/O142, O142/[5,11], [5,11]/O142, O142/[5,17], [5,17]/O142, O142/[7,2], [7,2]/O142, O142/[7,3], [7,3]/O142, O142/[7,5], [7,5]/O142, O142/[7,7], [7,7]/O142, O142/[7,13], [7,13]/O142, O142/[7,19], [7,19]/O142, O142/[7,11], [7,11]/O142, O142/[7,17], [7,17]/O142, O142/[13,2], [13,2]/O142, O142/[13,3], [13,3]/O142, O142/[13,5], [13,5]/O142, O142/[13,7], [13,7]/O142, O142/[13,11], [13,11]/O142, O142/[11,2], [11,2]/O142, O142/[11,3], [11,3]/O142, O142/[11,5], [11,5]/O142, O142/[11,7], [11,7]/O142, O142/[11,11], [11,11]/O142, O142/[17,2], [17,2]/O142, O142/[17,3], [17,3]/O142, O142/[17,5], [17,5]/O142, O142/[17,7], [17,7]/O142, [17,19]/O142, O142/[17,19], O142/[17,11], [17,11]/O142, O142/2₀, 2₀/O142, O142/2₁, 2₁/O142, O142/3₀, 3₀/O142, O142/3₁, 3₁/O142, O142/5₀, 5₀/O142, O142/5₁, 5₁/O142, O142/7₀, 7₀/O142, O142/7₁, 7₁/O142, O142/13₀, 13₀/O142, O142/13₁, 13₁/O142, O142/19₁, 19₁/O142, O142/11₀, 11₀/O142, O142/11₁, 11₁/O142, O142/17₀, 17₀/O142, O142/17₁, 17₁/O142, 1/O142, [19,19]/O143, O143/[19,19], O143/4, 4/O143, O143/[2,3], [2,3]/O143, O143/[2,5], [2,5]/O143, O143/[2,7], [2,7]/O143, O143/[2,13], [2,13]/O143, O143/[2,19], [2,19]/O143, O143/[2,11], [2,11]/O143, O143/[2,17], [2,17]/O143, O143/[3,2], [3,2]/O143, O143/[3,3], [3,3]/O143, O143/[3,5], [3,5]/O143, O143/[3,7], [3,7]/O143, O143/[3,13], [3,13]/O143, O143/[3,19], [3,19]/O143, O143/[3,11], [3,11]/O143, O143/[3,17], [3,17]/O143, O143/[5,2], [5,2]/O143, O143/[5,3], [5,3]/O143, O143/[5,5], [5,5]/O143, O143/[5,7], [5,7]/O143, O143/[5,13], [5,13]/O143, O143/[5,19], [5,19]/O143, O143/[5,11], [5,11]/O143, O143/[5,17], [5,17]/O143, O143/[7,2], [7,2]/O143, O143/[7,3], [7,3]/O143, O143/[7,5], [7,5]/O143, O143/[7,7], [7,7]/O143, O143/[7,13], [7,13]/O143, O143/[7,19], [7,19]/O143, O143/[7,11], [7,11]/O143, O143/[7,17], [7,17]/O143, O143/[13,2], [13,2]/O143, O143/[13,3], [13,3]/O143, O143/[13,5], [13,5]/O143, O143/[13,7], [13,7]/O143, O143/[13,13], [13,13]/O143, O143/[13,11], [13,11]/O143, O143/[13,17], [13,17]/O143, O143/[11,2], [11,2]/O143, O143/[11,3], [11,3]/O143, O143/[11,5], [11,5]/O143, O143/[11,7], [11,7]/O143, O143/[11,13], [11,13]/O143, O143/[11,11], [11,11]/O143, O143/[11,17], [11,17]/O143, O143/[17,2], [17,2]/O143, O143/[17,3], [17,3]/O143, O143/[17,5], [17,5]/O143, O143/[17,7], [17,7]/O143, O143/[17,13], [17,13]/O143, [17,19]/O143, O143/[17,19], O143/[17,11], [17,11]/O143, O143/[17,17], [17,17]/O143, O143/2₀, 2₀/O143, O143/2₁, 2₁/O143, O143/3₀, 3₀/O143, O143/3₁, 3₁/O143, O143/5₀, 5₀/O143, O143/5₁, 5₁/O143, O143/7₀, 7₀/O143, O143/7₁, 7₁/O143, O143/13₀, 13₀/O143, O143/13₁, 13₁/O143, O143/19₁, 19₁/O143, O143/11₀, 11₀/O143, O143/11₁, 11₁/O143, O143/17₀, 17₀/O143, O143/17₁, 17₁/O143, 1/O143, [19,19]/O144, O144/[19,19], O144/4, 4/O144, O144/[2,3], [2,3]/O144, O144/[2,5], [2,5]/O144, O144/[2,7], [2,7]/O144, O144/[2,13], [2,13]/O144, O144/[2,11], [2,11]/O144, O144/[2,17], [2,17]/O144, O144/[3,2], [3,2]/O144, O144/[3,3], [3,3]/O144, O144/[3,5], [3,5]/O144, O144/[3,7], [3,7]/O144, O144/[3,13], [3,13]/O144, O144/[3,11], [3,11]/O144, O144/[3,17], [3,17]/O144, O144/[5,2], [5,2]/O144, O144/[5,3], [5,3]/O144, O144/[5,5], [5,5]/O144, O144/[5,7], [5,7]/O144, O144/[5,13], [5,13]/O144, O144/[5,11], [5,11]/O144, O144/[5,17], [5,17]/O144, O144/[7,2], [7,2]/O144, O144/[7,3], [7,3]/O144, O144/[7,5], [7,5]/O144, O144/[7,7], [7,7]/O144, O144/[7,13], [7,13]/O144, O144/[7,11], [7,11]/O144, O144/[7,17], [7,17]/O144, O144/[13,2], [13,2]/O144, O144/[13,3], [13,3]/O144, O144/[13,5], [13,5]/O144, O144/[13,7], [13,7]/O144, O144/[13,13], [13,13]/O144, O144/[13,11], [13,11]/O144, O144/[19,2], [19,2]/O144, O144/[19,3], [19,3]/O144, O144/[19,5], [19,5]/O144, O144/[19,7], [19,7]/O144, O144/[19,13], [19,13]/O144, O144/[19,11], [19,11]/O144, [19,17]/O144, O144/[19,17], O144/[11,2], [11,2]/O144, O144/[11,3], [11,3]/O144, O144/[11,5], [11,5]/O144, O144/[11,7], [11,7]/O144, O144/[11,13], [11,13]/O144, O144/[11,11], [11,11]/O144, O144/[17,2], [17,2]/O144, O144/[17,3], [17,3]/O144, O144/[17,5], [17,5]/O144, O144/[17,7], [17,7]/O144, O144/[17,13], [17,13]/O144, O144/[17,11], [17,11]/O144, O144/2₀, 2₀/O144, O144/2₁, 2₁/O144, O144/3₀, 3₀/O144, O144/3₁, 3₁/O144, O144/5₀, 5₀/O144, O144/5₁, 5₁/O144, O144/7₀, 7₀/O144, O144/7₁, 7₁/O144, O144/13₀, 13₀/O144, O144/13₁, 13₁/O144, O144/19₀, 19₀/O144, O144/11₀, 11₀/O144, O144/11₁, 11₁/O144, O144/17₀, 17₀/O144, O144/17₁, 17₁/O144, 1/O144, [19,19]/O145, O145/[19,19], O145/4, 4/O145, O145/[2,3], [2,3]/O145, O145/[2,5], [2,5]/O145, O145/[2,7], [2,7]/O145, O145/[2,13], [2,13]/O145, O145/[2,11], [2,11]/O145, O145/[2,17], [2,17]/O145, O145/[3,2], [3,2]/O145, O145/[3,3], [3,3]/O145, O145/[3,5], [3,5]/O145, O145/[3,7], [3,7]/O145, O145/[3,13], [3,13]/O145, O145/[3,11], [3,11]/O145, O145/[3,17], [3,17]/O145, O145/[5,2], [5,2]/O145, O145/[5,3], [5,3]/O145, O145/[5,5], [5,5]/O145, O145/[5,7], [5,7]/O145, O145/[5,13], [5,13]/O145, O145/[5,11], [5,11]/O145, O145/[5,17], [5,17]/O145, O145/[7,2], [7,2]/O145, O145/[7,3], [7,3]/O145, O145/[7,5], [7,5]/O145, O145/[7,7], [7,7]/O145, O145/[7,13], [7,13]/O145, O145/[7,11], [7,11]/O145, O145/[7,17], [7,17]/O145, [13,19]/O145, O145/[13,19], [13,17]/O145, O145/[13,17], [19,17]/O145, O145/[19,17], O145/[11,2], [11,2]/O145, O145/[11,3], [11,3]/O145, O145/[11,5], [11,5]/O145, O145/[11,7], [11,7]/O145, O145/[11,13], [11,13]/O145, [11,19]/O145, O145/[11,19], O145/[11,11], [11,11]/O145, [11,17]/O145, O145/[11,17], [17,19]/O145, O145/[17,19], [17,17]/O145, O145/[17,17], O145/2₀, 2₀/O145, O145/2₁, 2₁/O145, O145/3₀, 3₀/O145, O145/3₁, 3₁/O145, O145/5₀, 5₀/O145, O145/5₁, 5₁/O145, O145/7₀, 7₀/O145, O145/7₁, 7₁/O145, O145/13₁, 13₁/O145, O145/11₀, 11₀/O145, O145/11₁, 11₁/O145, O145/17₁, 17₁/O145, 1/O145, [19,19]/O146, O146/[19,19], O146/4, 4/O146, O146/[2,3], [2,3]/O146, O146/[2,5], [2,5]/O146, O146/[2,7], [2,7]/O146, O146/[2,13], [2,13]/O146, O146/[2,19], [2,19]/O146, O146/[2,11], [2,11]/O146, O146/[2,17], [2,17]/O146, O146/[3,2], [3,2]/O146, O146/[3,3], [3,3]/O146, O146/[3,5], [3,5]/O146, O146/[3,7], [3,7]/O146, O146/[3,13], [3,13]/O146, O146/[3,19], [3,19]/O146, O146/[3,11], [3,11]/O146, O146/[3,17], [3,17]/O146, O146/[5,2], [5,2]/O146, O146/[5,3], [5,3]/O146, O146/[5,5], [5,5]/O146, O146/[5,7], [5,7]/O146, O146/[5,13], [5,13]/O146, O146/[5,19], [5,19]/O146, O146/[5,11], [5,11]/O146, O146/[5,17], [5,17]/O146, O146/[7,2], [7,2]/O146, O146/[7,3], [7,3]/O146, O146/[7,5], [7,5]/O146, O146/[7,7], [7,7]/O146, O146/[7,13], [7,13]/O146, O146/[7,19], [7,19]/O146, O146/[7,11], [7,11]/O146, O146/[7,17], [7,17]/O146, O146/[13,2], [13,2]/O146, O146/[13,3], [13,3]/O146, O146/[13,5], [13,5]/O146, O146/[13,7], [13,7]/O146, O146/[13,13], [13,13]/O146, O146/[13,19], [13,19]/O146, O146/[13,11], [13,11]/O146, O146/[13,17], [13,17]/O146, O146/[19,2], [19,2]/O146, O146/[19,3], [19,3]/O146, O146/[19,5], [19,5]/O146, O146/[19,7], [19,7]/O146, O146/[19,13], [19,13]/O146, O146/[19,11], [19,11]/O146, O146/[11,2], [11,2]/O146, O146/[11,3], [11,3]/O146, O146/[11,5], [11,5]/O146, O146/[11,7], [11,7]/O146, O146/[11,13], [11,13]/O146, O146/[11,19], [11,19]/O146, O146/[11,11], [11,11]/O146, O146/[11,17], [11,17]/O146, O146/[17,2], [17,2]/O146, O146/[17,3], [17,3]/O146, O146/[17,5], [17,5]/O146, O146/[17,7], [17,7]/O146, O146/[17,13], [17,13]/O146, O146/[17,11], [17,11]/O146, O146/2₀, 2₀/O146, O146/2₁, 2₁/O146, O146/3₀, 3₀/O146, O146/3₁, 3₁/O146, O146/5₀, 5₀/O146, O146/5₁, 5₁/O146, O146/7₀, 7₀/O146, O146/7₁, 7₁/O146, O146/13₀, 13₀/O146, O146/13₁, 13₁/O146, O146/19₀, 19₀/O146, O146/19₁, 19₁/O146, O146/11₀, 11₀/O146, O146/11₁, 11₁/O146, O146/17₀, 17₀/O146, O146/17₁, 17₁/O146, 1/O146, [19,19]/O147, O147/[19,19], O147/4, 4/O147, O147/[2,3], [2,3]/O147, O147/[2,5], [2,5]/O147, O147/[2,7], [2,7]/O147, O147/[2,13], [2,13]/O147, O147/[2,19], [2,19]/O147, O147/[2,11], [2,11]/O147, O147/[2,17], [2,17]/O147, O147/[3,2], [3,2]/O147, O147/[3,3], [3,3]/O147, O147/[3,5], [3,5]/O147, O147/[3,7], [3,7]/O147, O147/[3,13], [3,13]/O147, O147/[3,19], [3,19]/O147, O147/[3,11], [3,11]/O147, O147/[3,17], [3,17]/O147, O147/[5,2], [5,2]/O147, O147/[5,3], [5,3]/O147, O147/[5,5], [5,5]/O147, O147/[5,7], [5,7]/O147, O147/[5,13], [5,13]/O147, O147/[5,19], [5,19]/O147, O147/[5,11], [5,11]/O147, O147/[5,17], [5,17]/O147, O147/[7,2], [7,2]/O147, O147/[7,3], [7,3]/O147, O147/[7,5], [7,5]/O147, O147/[7,7], [7,7]/O147, O147/[7,13], [7,13]/O147, O147/[7,19], [7,19]/O147, O147/[7,11], [7,11]/O147, O147/[7,17], [7,17]/O147, O147/[13,2], [13,2]/O147, O147/[13,3], [13,3]/O147, O147/[13,5], [13,5]/O147, O147/[13,7], [13,7]/O147, O147/[13,13], [13,13]/O147, O147/[13,19], [13,19]/O147, O147/[13,11], [13,11]/O147, O147/[13,17], [13,17]/O147, O147/[19,2], [19,2]/O147, O147/[19,3], [19,3]/O147, O147/[19,5], [19,5]/O147, O147/[19,7], [19,7]/O147, O147/[19,11], [19,11]/O147, O147/[11,2], [11,2]/O147, O147/[11,3], [11,3]/O147, O147/[11,5], [11,5]/O147, O147/[11,7], [11,7]/O147, O147/[11,13], [11,13]/O147, O147/[11,19], [11,19]/O147, O147/[11,11], [11,11]/O147, O147/[11,17], [11,17]/O147, O147/[17,2], [17,2]/O147, O147/[17,3], [17,3]/O147, O147/[17,5], [17,5]/O147, O147/[17,7], [17,7]/O147, O147/[17,11], [17,11]/O147, O147/2₀, 2₀/O147, O147/2₁, 2₁/O147, O147/3₀, 3₀/O147, O147/3₁, 3₁/O147, O147/5₀, 5₀/O147, O147/5₁, 5₁/O147, O147/7₀, 7₀/O147, O147/7₁, 7₁/O147, O147/13₀, 13₀/O147, O147/13₁, 13₁/O147, O147/19₀, 19₀/O147, O147/19₁, 19₁/O147, O147/11₀, 11₀/O147, O147/11₁, 11₁/O147, O147/17₀, 17₀/O147, O147/17₁, 17₁/O147, 1/O147, [19,19]/O148, O148/[19,19], O148/4, 4/O148, O148/[2,3], [2,3]/O148, O148/[2,5], [2,5]/O148, O148/[2,7], [2,7]/O148, O148/[2,13], [2,13]/O148, O148/[2,19], [2,19]/O148, O148/[2,11], [2,11]/O148, O148/[2,17], [2,17]/O148, O148/[3,2], [3,2]/O148, O148/[3,3], [3,3]/O148, O148/[3,5], [3,5]/O148, O148/[3,7], [3,7]/O148, O148/[3,13], [3,13]/O148, O148/[3,19], [3,19]/O148, O148/[3,11], [3,11]/O148, O148/[3,17], [3,17]/O148, O148/[5,2], [5,2]/O148, O148/[5,3], [5,3]/O148, O148/[5,5], [5,5]/O148, O148/[5,7], [5,7]/O148, O148/[5,13], [5,13]/O148, O148/[5,19], [5,19]/O148, O148/[5,11], [5,11]/O148, O148/[5,17], [5,17]/O148, O148/[7,2], [7,2]/O148, O148/[7,3], [7,3]/O148, O148/[7,5], [7,5]/O148, O148/[7,7], [7,7]/O148, O148/[7,13], [7,13]/O148, O148/[7,19], [7,19]/O148, O148/[7,11], [7,11]/O148, O148/[7,17], [7,17]/O148, O148/[13,2], [13,2]/O148, O148/[13,3], [13,3]/O148, O148/[13,5], [13,5]/O148, O148/[13,7], [13,7]/O148, O148/[13,13], [13,13]/O148, O148/[13,19], [13,19]/O148, O148/[13,11], [13,11]/O148, O148/[13,17], [13,17]/O148, O148/[19,2], [19,2]/O148, O148/[19,3], [19,3]/O148, O148/[19,5], [19,5]/O148, O148/[19,7], [19,7]/O148, O148/[19,13], [19,13]/O148, O148/[19,11], [19,11]/O148, O148/[19,17], [19,17]/O148, O148/[11,2], [11,2]/O148, O148/[11,3], [11,3]/O148, O148/[11,5], [11,5]/O148, O148/[11,7], [11,7]/O148, O148/[11,13], [11,13]/O148, O148/[11,19], [11,19]/O148, O148/[11,11], [11,11]/O148, O148/[11,17], [11,17]/O148, O148/[17,2], [17,2]/O148, O148/[17,3], [17,3]/O148, O148/[17,5], [17,5]/O148, O148/[17,7], [17,7]/O148, O148/[17,13], [17,13]/O148, O148/[17,11], [17,11]/O148, O148/[17,17], [17,17]/O148, O148/2₀, 2₀/O148, O148/2₁, 2₁/O148, O148/3₀, 3₀/O148, O148/3₁, 3₁/O148, O148/5₀, 5₀/O148, O148/5₁, 5₁/O148, O148/7₀, 7₀/O148, O148/7₁, 7₁/O148, O148/13₀, 13₀/O148, O148/13₁, 13₁/O148, O148/19₀, 19₀/O148, O148/19₁, 19₁/O148, O148/11₀, 11₀/O148, O148/11₁, 11₁/O148, O148/17₀, 17₀/O148, O148/17₁, 17₁/O148, 1/O148, [19,19]/O149, O149/[19,19], O149/4, 4/O149, O149/[2,3], [2,3]/O149, O149/[2,5], [2,5]/O149, O149/[2,7], [2,7]/O149, O149/[2,13], [2,13]/O149, O149/[2,19], [2,19]/O149, O149/[2,11], [2,11]/O149, O149/[2,17], [2,17]/O149, O149/[3,2], [3,2]/O149, O149/[3,3], [3,3]/O149, O149/[3,5], [3,5]/O149, O149/[3,7], [3,7]/O149, O149/[3,13], [3,13]/O149, O149/[3,19], [3,19]/O149, O149/[3,11], [3,11]/O149, O149/[3,17], [3,17]/O149, O149/[5,2], [5,2]/O149, O149/[5,3], [5,3]/O149, O149/[5,5], [5,5]/O149, O149/[5,7], [5,7]/O149, O149/[5,13], [5,13]/O149, O149/[5,19], [5,19]/O149, O149/[5,11], [5,11]/O149, O149/[5,17], [5,17]/O149, O149/[7,2], [7,2]/O149, O149/[7,3], [7,3]/O149, O149/[7,5], [7,5]/O149, O149/[7,7], [7,7]/O149, O149/[7,13], [7,13]/O149, O149/[7,19], [7,19]/O149, O149/[7,11], [7,11]/O149, O149/[7,17], [7,17]/O149, O149/[13,2], [13,2]/O149, O149/[13,3], [13,3]/O149, O149/[13,5], [13,5]/O149, O149/[13,7], [13,7]/O149, O149/[13,13], [13,13]/O149, O149/[13,19], [13,19]/O149, O149/[13,11], [13,11]/O149, O149/[13,17], [13,17]/O149, O149/[11,2], [11,2]/O149, O149/[11,3], [11,3]/O149, O149/[11,5], [11,5]/O149, O149/[11,7], [11,7]/O149, O149/[11,13], [11,13]/O149, O149/[11,19], [11,19]/O149, O149/[11,11], [11,11]/O149, O149/[11,17], [11,17]/O149, O149/[17,2], [17,2]/O149, O149/[17,3], [17,3]/O149, O149/[17,5], [17,5]/O149, O149/[17,7], [17,7]/O149, [17,19]/O149, O149/[17,19], O149/[17,11], [17,11]/O149, O149/2₀, 2₀/O149, O149/2₁, 2₁/O149, O149/3₀, 3₀/O149, O149/3₁, 3₁/O149, O149/5₀, 5₀/O149, O149/5₁, 5₁/O149, O149/7₀, 7₀/O149, O149/7₁, 7₁/O149, O149/13₀, 13₀/O149, O149/13₁, 13₁/O149, O149/19₁, 19₁/O149, O149/11₀, 11₀/O149, O149/11₁, 11₁/O149, O149/17₀, 17₀/O149, O149/17₁, 17₁/O149, 1/O149, [19,19]/O150, O150/[19,19], O150/4, 4/O150, O150/[2,3], [2,3]/O150, O150/[2,5], [2,5]/O150, O150/[2,7], [2,7]/O150, O150/[2,13], [2,13]/O150, O150/[2,19], [2,19]/O150, O150/[2,11], [2,11]/O150, O150/[2,17], [2,17]/O150, O150/[3,2], [3,2]/O150, O150/[3,3], [3,3]/O150, O150/[3,5], [3,5]/O150, O150/[3,7], [3,7]/O150, O150/[3,13], [3,13]/O150, O150/[3,19], [3,19]/O150, O150/[3,11], [3,11]/O150, O150/[3,17], [3,17]/O150, O150/[5,2], [5,2]/O150, O150/[5,3], [5,3]/O150, O150/[5,5], [5,5]/O150, O150/[5,7], [5,7]/O150, O150/[5,13], [5,13]/O150, O150/[5,19], [5,19]/O150, O150/[5,11], [5,11]/O150, O150/[5,17], [5,17]/O150, O150/[7,2], [7,2]/O150, O150/[7,3], [7,3]/O150, O150/[7,5], [7,5]/O150, O150/[7,7], [7,7]/O150, O150/[7,13], [7,13]/O150, O150/[7,19], [7,19]/O150, O150/[7,11], [7,11]/O150, O150/[7,17], [7,17]/O150, O150/[13,2], [13,2]/O150, O150/[13,3], [13,3]/O150, O150/[13,5], [13,5]/O150, O150/[13,7], [13,7]/O150, O150/[13,13], [13,13]/O150, O150/[13,19], [13,19]/O150, O150/[13,11], [13,11]/O150, O150/[13,17], [13,17]/O150, O150/[11,2], [11,2]/O150, O150/[11,3], [11,3]/O150, O150/[11,5], [11,5]/O150, O150/[11,7], [11,7]/O150, O150/[11,13], [11,13]/O150, O150/[11,19], [11,19]/O150, O150/[11,11], [11,11]/O150, O150/[11,17], [11,17]/O150, O150/[17,2], [17,2]/O150, O150/[17,3], [17,3]/O150, O150/[17,5], [17,5]/O150, O150/[17,7], [17,7]/O150, O150/[17,13], [17,13]/O150, [17,19]/O150, O150/[17,19], O150/[17,11], [17,11]/O150, O150/[17,17], [17,17]/O150, O150/2₀, 2₀/O150, O150/2₁, 2₁/O150, O150/3₀, 3₀/O150, O150/3₁, 3₁/O150, O150/5₀, 5₀/O150, O150/5₁, 5₁/O150, O150/7₀, 7₀/O150, O150/7₁, 7₁/O150, O150/13₀, 13₀/O150, O150/13₁, 13₁/O150, O150/19₁, 19₁/O150, O150/11₀, 11₀/O150, O150/11₁, 11₁/O150, O150/17₀, 17₀/O150, O150/17₁, 17₁/O150, 1/O150, [19,19]/O151, O151/[19,19], O151/4, 4/O151, O151/[2,3], [2,3]/O151, O151/[2,5], [2,5]/O151, O151/[2,7], [2,7]/O151, O151/[2,13], [2,13]/O151, O151/[2,19], [2,19]/O151, O151/[2,11], [2,11]/O151, O151/[2,17], [2,17]/O151, O151/[3,2], [3,2]/O151, O151/[3,3], [3,3]/O151, O151/[3,5], [3,5]/O151, O151/[3,7], [3,7]/O151, O151/[3,13], [3,13]/O151, O151/[3,19], [3,19]/O151, O151/[3,11], [3,11]/O151, O151/[3,17], [3,17]/O151, O151/[5,2], [5,2]/O151, O151/[5,3], [5,3]/O151, O151/[5,5], [5,5]/O151, O151/[5,7], [5,7]/O151, O151/[5,13], [5,13]/O151, O151/[5,19], [5,19]/O151, O151/[5,11], [5,11]/O151, O151/[5,17], [5,17]/O151, O151/[7,2], [7,2]/O151, O151/[7,3], [7,3]/O151, O151/[7,5], [7,5]/O151, O151/[7,7], [7,7]/O151, O151/[7,13], [7,13]/O151, O151/[7,19], [7,19]/O151, O151/[7,11], [7,11]/O151, O151/[7,17], [7,17]/O151, O151/[13,2], [13,2]/O151, O151/[13,3], [13,3]/O151, O151/[13,5], [13,5]/O151, O151/[13,7], [13,7]/O151, O151/[13,13], [13,13]/O151, O151/[13,19], [13,19]/O151, O151/[13,11], [13,11]/O151, O151/[13,17], [13,17]/O151, O151/[11,2], [11,2]/O151, O151/[11,3], [11,3]/O151, O151/[11,5], [11,5]/O151, O151/[11,7], [11,7]/O151, O151/[11,13], [11,13]/O151, O151/[11,19], [11,19]/O151, O151/[11,11], [11,11]/O151, O151/[11,17], [11,17]/O151, O151/2₀, 2₀/O151, O151/2₁, 2₁/O151, O151/3₀, 3₀/O151, O151/3₁, 3₁/O151, O151/5₀, 5₀/O151, O151/5₁, 5₁/O151, O151/7₀, 7₀/O151, O151/7₁, 7₁/O151, O151/13₀, 13₀/O151, O151/13₁, 13₁/O151, O151/19₀, 19₀/O151, O151/19₁, 19₁/O151, O151/11₀, 11₀/O151, O151/11₁, 11₁/O151, O151/17₀, 17₀/O151, O151/17₁, 17₁/O151, 1/O151, [19,19]/O152, O152/[19,19], O152/4, 4/O152, O152/[2,3], [2,3]/O152, O152/[2,5], [2,5]/O152, O152/[2,7], [2,7]/O152, O152/[2,13], [2,13]/O152, O152/[2,11], [2,11]/O152, O152/[2,17], [2,17]/O152, O152/[3,2], [3,2]/O152, O152/[3,3], [3,3]/O152, O152/[3,5], [3,5]/O152, O152/[3,7], [3,7]/O152, O152/[3,13], [3,13]/O152, O152/[3,11], [3,11]/O152, O152/[3,17], [3,17]/O152, O152/[5,2], [5,2]/O152, O152/[5,3], [5,3]/O152, O152/[5,5], [5,5]/O152, O152/[5,7], [5,7]/O152, O152/[5,13], [5,13]/O152, O152/[5,11], [5,11]/O152, O152/[5,17], [5,17]/O152, O152/[7,2], [7,2]/O152, O152/[7,3], [7,3]/O152, O152/[7,5], [7,5]/O152, O152/[7,7], [7,7]/O152, O152/[7,13], [7,13]/O152, O152/[7,11], [7,11]/O152, O152/[7,17], [7,17]/O152, O152/[13,2], [13,2]/O152, O152/[13,3], [13,3]/O152, O152/[13,5], [13,5]/O152, O152/[13,7], [13,7]/O152, O152/[13,13], [13,13]/O152, O152/[13,11], [13,11]/O152, O152/[13,17], [13,17]/O152, O152/[19,2], [19,2]/O152, O152/[19,3], [19,3]/O152, O152/[19,5], [19,5]/O152, O152/[19,7], [19,7]/O152, O152/[19,11], [19,11]/O152, [19,17]/O152, O152/[19,17], O152/[11,2], [11,2]/O152, O152/[11,3], [11,3]/O152, O152/[11,5], [11,5]/O152, O152/[11,7], [11,7]/O152, O152/[11,13], [11,13]/O152, O152/[11,11], [11,11]/O152, O152/[11,17], [11,17]/O152, O152/[17,2], [17,2]/O152, O152/[17,3], [17,3]/O152, O152/[17,5], [17,5]/O152, O152/[17,7], [17,7]/O152, O152/[17,11], [17,11]/O152, O152/2₀, 2₀/O152, O152/2₁, 2₁/O152, O152/3₀, 3₀/O152, O152/3₁, 3₁/O152, O152/5₀, 5₀/O152, O152/5₁, 5₁/O152, O152/7₀, 7₀/O152, O152/7₁, 7₁/O152, O152/13₀, 13₀/O152, O152/13₁, 13₁/O152, O152/19₀, 19₀/O152, O152/11₀, 11₀/O152, O152/11₁, 11₁/O152, O152/17₀, 17₀/O152, O152/17₁, 17₁/O152, 1/O152, [19,19]/O153, O153/[19,19], O153/4, 4/O153, O153/[2,3], [2,3]/O153, O153/[2,5], [2,5]/O153, O153/[2,7], [2,7]/O153, O153/[2,13], [2,13]/O153, O153/[2,11], [2,11]/O153, O153/[2,17], [2,17]/O153, O153/[3,2], [3,2]/O153, O153/[3,3], [3,3]/O153, O153/[3,5], [3,5]/O153, O153/[3,7], [3,7]/O153, O153/[3,13], [3,13]/O153, O153/[3,11], [3,11]/O153, O153/[3,17], [3,17]/O153, O153/[5,2], [5,2]/O153, O153/[5,3], [5,3]/O153, O153/[5,5], [5,5]/O153, O153/[5,7], [5,7]/O153, O153/[5,13], [5,13]/O153, O153/[5,11], [5,11]/O153, O153/[5,17], [5,17]/O153, O153/[7,2], [7,2]/O153, O153/[7,3], [7,3]/O153, O153/[7,5], [7,5]/O153, O153/[7,7], [7,7]/O153, O153/[7,13], [7,13]/O153, O153/[7,11], [7,11]/O153, O153/[7,17], [7,17]/O153, O153/[13,2], [13,2]/O153, O153/[13,3], [13,3]/O153, O153/[13,5], [13,5]/O153, O153/[13,7], [13,7]/O153, O153/[13,13], [13,13]/O153, O153/[13,11], [13,11]/O153, O153/[13,17], [13,17]/O153, [19,17]/O153, O153/[19,17], O153/[11,2], [11,2]/O153, O153/[11,3], [11,3]/O153, O153/[11,5], [11,5]/O153, O153/[11,7], [11,7]/O153, O153/[11,13], [11,13]/O153, O153/[11,11], [11,11]/O153, O153/[11,17], [11,17]/O153, O153/[17,2], [17,2]/O153, O153/[17,3], [17,3]/O153, O153/[17,5], [17,5]/O153, O153/[17,7], [17,7]/O153, O153/[17,13], [17,13]/O153, [17,19]/O153, O153/[17,19], O153/[17,11], [17,11]/O153, [17,17]/O153, O153/[17,17], O153/2₀, 2₀/O153, O153/2₁, 2₁/O153, O153/3₀, 3₀/O153, O153/3₁, 3₁/O153, O153/5₀, 5₀/O153, O153/5₁, 5₁/O153, O153/7₀, 7₀/O153, O153/7₁, 7₁/O153, O153/13₀, 13₀/O153, O153/13₁, 13₁/O153, O153/11₀, 11₀/O153, O153/11₁, 11₁/O153, O153/17₀, 17₀/O153, O153/17₁, 17₁/O153, 1/O153, [19,19]/O154, O154/[19,19], O154/4, 4/O154, O154/[2,3], [2,3]/O154, O154/[2,5], [2,5]/O154, O154/[2,7], [2,7]/O154, O154/[2,13], [2,13]/O154, O154/[2,19], [2,19]/O154, O154/[2,11], [2,11]/O154, O154/[2,17], [2,17]/O154, O154/[3,2], [3,2]/O154, O154/[3,3], [3,3]/O154, O154/[3,5], [3,5]/O154, O154/[3,7], [3,7]/O154, O154/[3,13], [3,13]/O154, O154/[3,19], [3,19]/O154, O154/[3,11], [3,11]/O154, O154/[3,17], [3,17]/O154, O154/[5,2], [5,2]/O154, O154/[5,3], [5,3]/O154, O154/[5,5], [5,5]/O154, O154/[5,7], [5,7]/O154, O154/[5,13], [5,13]/O154, O154/[5,19], [5,19]/O154, O154/[5,11], [5,11]/O154, O154/[5,17], [5,17]/O154, O154/[7,2], [7,2]/O154, O154/[7,3], [7,3]/O154, O154/[7,5], [7,5]/O154, O154/[7,7], [7,7]/O154, O154/[7,13], [7,13]/O154, O154/[7,19], [7,19]/O154, O154/[7,11], [7,11]/O154, O154/[7,17], [7,17]/O154, O154/[13,2], [13,2]/O154, O154/[13,3], [13,3]/O154, O154/[13,5], [13,5]/O154, O154/[13,7], [13,7]/O154, O154/[13,11], [13,11]/O154, O154/[19,2], [19,2]/O154, O154/[19,3], [19,3]/O154, O154/[19,5], [19,5]/O154, O154/[19,7], [19,7]/O154, O154/[19,11], [19,11]/O154, O154/[11,2], [11,2]/O154, O154/[11,3], [11,3]/O154, O154/[11,5], [11,5]/O154, O154/[11,7], [11,7]/O154, O154/[11,13], [11,13]/O154, O154/[11,19], [11,19]/O154, O154/[11,11], [11,11]/O154, O154/[11,17], [11,17]/O154, O154/[17,2], [17,2]/O154, O154/[17,3], [17,3]/O154, O154/[17,5], [17,5]/O154, O154/[17,7], [17,7]/O154, O154/[17,11], [17,11]/O154, O154/2₀, 2₀/O154, O154/2₁, 2₁/O154, O154/3₀, 3₀/O154, O154/3₁, 3₁/O154, O154/5₀, 5₀/O154, O154/5₁, 5₁/O154, O154/7₀, 7₀/O154, O154/7₁, 7₁/O154, O154/13₀, 13₀/O154, O154/13₁, 13₁/O154, O154/19₀, 19₀/O154, O154/19₁, 19₁/O154, O154/11₀, 11₀/O154, O154/11₁, 11₁/O154, O154/17₀, 17₀/O154, O154/17₁, 17₁/O154, 1/O154, [19,19]/O155, O155/[19,19], O155/4, 4/O155, O155/[2,3], [2,3]/O155, O155/[2,5], [2,5]/O155, O155/[2,7], [2,7]/O155, O155/[2,13], [2,13]/O155, O155/[2,19], [2,19]/O155, O155/[2,11], [2,11]/O155, O155/[2,17], [2,17]/O155, O155/[3,2], [3,2]/O155, O155/[3,3], [3,3]/O155, O155/[3,5], [3,5]/O155, O155/[3,7], [3,7]/O155, O155/[3,13], [3,13]/O155, O155/[3,19], [3,19]/O155, O155/[3,11], [3,11]/O155, O155/[3,17], [3,17]/O155, O155/[5,2], [5,2]/O155, O155/[5,3], [5,3]/O155, O155/[5,5], [5,5]/O155, O155/[5,7], [5,7]/O155, O155/[5,13], [5,13]/O155, O155/[5,19], [5,19]/O155, O155/[5,11], [5,11]/O155, O155/[5,17], [5,17]/O155, O155/[7,2], [7,2]/O155, O155/[7,3], [7,3]/O155, O155/[7,5], [7,5]/O155, O155/[7,7], [7,7]/O155, O155/[7,13], [7,13]/O155, O155/[7,19], [7,19]/O155, O155/[7,11], [7,11]/O155, O155/[7,17], [7,17]/O155, O155/[13,2], [13,2]/O155, O155/[13,3], [13,3]/O155, O155/[13,5], [13,5]/O155, O155/[13,7], [13,7]/O155, O155/[13,13], [13,13]/O155, O155/[13,19], [13,19]/O155, O155/[13,11], [13,11]/O155, O155/[13,17], [13,17]/O155, O155/[19,2], [19,2]/O155, O155/[19,3], [19,3]/O155, O155/[19,5], [19,5]/O155, O155/[19,7], [19,7]/O155, O155/[19,11], [19,11]/O155, O155/[11,2], [11,2]/O155, O155/[11,3], [11,3]/O155, O155/[11,5], [11,5]/O155, O155/[11,7], [11,7]/O155, O155/[11,13], [11,13]/O155, O155/[11,19], [11,19]/O155, O155/[11,11], [11,11]/O155, O155/[11,17], [11,17]/O155, O155/[17,2], [17,2]/O155, O155/[17,3], [17,3]/O155, O155/[17,5], [17,5]/O155, O155/[17,7], [17,7]/O155, O155/[17,13], [17,13]/O155, O155/[17,19], [17,19]/O155, O155/[17,11], [17,11]/O155, O155/[17,17], [17,17]/O155, O155/2₀, 2₀/O155, O155/2₁, 2₁/O155, O155/3₀, 3₀/O155, O155/3₁, 3₁/O155, O155/5₀, 5₀/O155, O155/5₁, 5₁/O155, O155/7₀, 7₀/O155, O155/7₁, 7₁/O155, O155/13₀, 13₀/O155, O155/13₁, 13₁/O155, O155/19₀, 19₀/O155, O155/19₁, 19₁/O155, O155/11₀, 11₀/O155, O155/11₁, 11₁/O155, O155/17₀, 17₀/O155, O155/17₁, 17₁/O155, 1/O155, [19,19]/O156, O156/[19,19], O156/4, 4/O156, O156/[2,3], [2,3]/O156, O156/[2,5], [2,5]/O156, O156/[2,7], [2,7]/O156, O156/[2,13], [2,13]/O156, O156/[2,11], [2,11]/O156, O156/[2,17], [2,17]/O156, O156/[3,2], [3,2]/O156, O156/[3,3], [3,3]/O156, O156/[3,5], [3,5]/O156, O156/[3,7], [3,7]/O156, O156/[3,13], [3,13]/O156, O156/[3,11], [3,11]/O156, O156/[3,17], [3,17]/O156, O156/[5,2], [5,2]/O156, O156/[5,3], [5,3]/O156, O156/[5,5], [5,5]/O156, O156/[5,7], [5,7]/O156, O156/[5,13], [5,13]/O156, O156/[5,11], [5,11]/O156, O156/[5,17], [5,17]/O156, O156/[7,2], [7,2]/O156, O156/[7,3], [7,3]/O156, O156/[7,5], [7,5]/O156, O156/[7,7], [7,7]/O156, O156/[7,13], [7,13]/O156, O156/[7,11], [7,11]/O156, O156/[7,17], [7,17]/O156, O156/[13,2], [13,2]/O156, O156/[13,3], [13,3]/O156, O156/[13,5], [13,5]/O156, O156/[13,7], [13,7]/O156, O156/[13,13], [13,13]/O156, O156/[13,11], [13,11]/O156, O156/[13,17], [13,17]/O156, O156/[19,2], [19,2]/O156, O156/[19,3], [19,3]/O156, O156/[19,5], [19,5]/O156, O156/[19,7], [19,7]/O156, O156/[19,11], [19,11]/O156, [19,17]/O156, O156/[19,17], O156/[11,2], [11,2]/O156, O156/[11,3], [11,3]/O156, O156/[11,5], [11,5]/O156, O156/[11,7], [11,7]/O156, O156/[11,13], [11,13]/O156, O156/[11,11], [11,11]/O156, O156/[11,17], [11,17]/O156, O156/[17,2], [17,2]/O156, O156/[17,3], [17,3]/O156, O156/[17,5], [17,5]/O156, O156/[17,7], [17,7]/O156, O156/[17,13], [17,13]/O156, O156/[17,11], [17,11]/O156, O156/[17,17], [17,17]/O156, O156/2₀, 2₀/O156, O156/2₁, 2₁/O156, O156/3₀, 3₀/O156, O156/3₁, 3₁/O156, O156/5₀, 5₀/O156, O156/5₁, 5₁/O156, O156/7₀, 7₀/O156, O156/7₁, 7₁/O156, O156/13₀, 13₀/O156, O156/13₁, 13₁/O156, O156/19₀, 19₀/O156, O156/11₀, 11₀/O156, O156/11₁, 11₁/O156, O156/17₀, 17₀/O156, O156/17₁, 17₁/O156, 1/O156, [19,19]/O157, O157/[19,19], O157/4, 4/O157, O157/[2,3], [2,3]/O157, O157/[2,5], [2,5]/O157, O157/[2,7], [2,7]/O157, O157/[2,13], [2,13]/O157, O157/[2,19], [2,19]/O157, O157/[2,11], [2,11]/O157, O157/[2,17], [2,17]/O157, O157/[3,2], [3,2]/O157, O157/[3,3], [3,3]/O157, O157/[3,5], [3,5]/O157, O157/[3,7], [3,7]/O157, O157/[3,13], [3,13]/O157, O157/[3,19], [3,19]/O157, O157/[3,11], [3,11]/O157, O157/[3,17], [3,17]/O157, O157/[5,2], [5,2]/O157, O157/[5,3], [5,3]/O157, O157/[5,5], [5,5]/O157, O157/[5,7], [5,7]/O157, O157/[5,13], [5,13]/O157, O157/[5,19], [5,19]/O157, O157/[5,11], [5,11]/O157, O157/[5,17], [5,17]/O157, O157/[7,2], [7,2]/O157, O157/[7,3], [7,3]/O157, O157/[7,5], [7,5]/O157, O157/[7,7], [7,7]/O157, O157/[7,13], [7,13]/O157, O157/[7,19], [7,19]/O157, O157/[7,11], [7,11]/O157, O157/[7,17], [7,17]/O157, O157/[13,2], [13,2]/O157, O157/[13,3], [13,3]/O157, O157/[13,5], [13,5]/O157, O157/[13,7], [13,7]/O157, O157/[13,13], [13,13]/O157, O157/[13,19], [13,19]/O157, O157/[13,11], [13,11]/O157, O157/[13,17], [13,17]/O157, O157/[19,2], [19,2]/O157, O157/[19,3], [19,3]/O157, O157/[19,5], [19,5]/O157, O157/[19,7], [19,7]/O157, O157/[19,13], [19,13]/O157, O157/[19,11], [19,11]/O157, O157/[19,17], [19,17]/O157, O157/[11,2], [11,2]/O157, O157/[11,3], [11,3]/O157, O157/[11,5], [11,5]/O157, O157/[11,7], [11,7]/O157, O157/[11,13], [11,13]/O157, O157/[11,19], [11,19]/O157, O157/[11,11], [11,11]/O157, O157/[11,17], [11,17]/O157, O157/[17,2], [17,2]/O157, O157/[17,3], [17,3]/O157, O157/[17,5], [17,5]/O157, O157/[17,7], [17,7]/O157, O157/[17,13], [17,13]/O157, O157/[17,19], [17,19]/O157, O157/[17,11], [17,11]/O157, O157/[17,17], [17,17]/O157, O157/2₀, 2₀/O157, O157/2₁, 2₁/O157, O157/3₀, 3₀/O157, O157/3₁, 3₁/O157, O157/5₀, 5₀/O157, O157/5₁, 5₁/O157, O157/7₀, 7₀/O157, O157/7₁, 7₁/O157, O157/13₀, 13₀/O157, O157/13₁, 13₁/O157, O157/19₀, 19₀/O157, O157/19₁, 19₁/O157, O157/11₀, 11₀/O157, O157/11₁, 11₁/O157, O157/17₀, 17₀/O157, O157/17₁, 17₁/O157, 1/O157, [19,19]/O158, O158/[19,19], O158/4, 4/O158, O158/[2,3], [2,3]/O158, O158/[2,5], [2,5]/O158, O158/[2,7], [2,7]/O158, O158/[2,13], [2,13]/O158, O158/[2,11], [2,11]/O158, O158/[2,17], [2,17]/O158, O158/[3,2], [3,2]/O158, O158/[3,3], [3,3]/O158, O158/[3,5], [3,5]/O158, O158/[3,7], [3,7]/O158, O158/[3,13], [3,13]/O158, O158/[3,11], [3,11]/O158, O158/[3,17], [3,17]/O158, O158/[5,2], [5,2]/O158, O158/[5,3], [5,3]/O158, O158/[5,5], [5,5]/O158, O158/[5,7], [5,7]/O158, O158/[5,13], [5,13]/O158, O158/[5,11], [5,11]/O158, O158/[5,17], [5,17]/O158, O158/[7,2], [7,2]/O158, O158/[7,3], [7,3]/O158, O158/[7,5], [7,5]/O158, O158/[7,7], [7,7]/O158, O158/[7,13], [7,13]/O158, O158/[7,11], [7,11]/O158, O158/[7,17], [7,17]/O158, [19,17]/O158, O158/[19,17], O158/[11,2], [11,2]/O158, O158/[11,3], [11,3]/O158, O158/[11,5], [11,5]/O158, O158/[11,7], [11,7]/O158, O158/[11,13], [11,13]/O158, O158/[11,11], [11,11]/O158, O158/[11,17], [11,17]/O158, O158/2₀, 2₀/O158, O158/2₁, 2₁/O158, O158/3₀, 3₀/O158, O158/3₁, 3₁/O158, O158/5₀, 5₀/O158, O158/5₁, 5₁/O158, O158/7₀, 7₀/O158, O158/7₁, 7₁/O158, O158/13₀, 13₀/O158, O158/13₁, 13₁/O158, O158/19₀, 19₀/O158, O158/11₀, 11₀/O158, O158/11₁, 11₁/O158, O158/17₀, 17₀/O158, O158/17₁, 17₁/O158, 1/O158), Pq([19,19]/4, 4/[19,19], [19,19]/[2,3], [2,3]/[19,19], [19,19]/[2,5], [2,5]/[19,19], [19,19]/[2,7], [2,7]/[19,19], [19,19]/[2,13], [2,13]/[19,19], [19,19]/[2,19], [2,19]/[19,19], [19,19]/[2,11], [2,11]/[19,19], [19,19]/[2,17], [2,17]/[19,19], [19,19]/[3,2], [3,2]/[19,19], [19,19]/[3,3], [3,3]/[19,19], [19,19]/[3,5], [3,5]/[19,19], [19,19]/[3,7], [3,7]/[19,19], [19,19]/[3,13], [3,13]/[19,19], [19,19]/[3,19], [3,19]/[19,19], [19,19]/[3,11], [3,11]/[19,19], [19,19]/[3,17], [3,17]/[19,19], [19,19]/[5,2], [5,2]/[19,19], [19,19]/[5,3], [5,3]/[19,19], [19,19]/[5,5], [5,5]/[19,19], [19,19]/[5,7], [5,7]/[19,19], [19,19]/[5,13], [5,13]/[19,19], [19,19]/[5,19], [5,19]/[19,19], [19,19]/[5,11], [5,11]/[19,19], [19,19]/[5,17], [5,17]/[19,19], [19,19]/[7,2], [7,2]/[19,19], [19,19]/[7,3], [7,3]/[19,19], [19,19]/[7,5], [7,5]/[19,19], [19,19]/[7,7], [7,7]/[19,19], [19,19]/[7,13], [7,13]/[19,19], [19,19]/[7,19], [7,19]/[19,19], [19,19]/[7,11], [7,11]/[19,19], [19,19]/[7,17], [7,17]/[19,19], [19,19]/[13,2], [13,2]/[19,19], [19,19]/[13,3], [13,3]/[19,19], [19,19]/[13,5], [13,5]/[19,19], [19,19]/[13,7], [13,7]/[19,19], [19,19]/[13,13], [13,13]/[19,19], [19,19]/[13,19], [13,19]/[19,19], [19,19]/[13,11], [13,11]/[19,19], [19,19]/[13,17], [13,17]/[19,19], [19,19]/[19,2], [19,2]/[19,19], [19,19]/[19,3], [19,3]/[19,19], [19,19]/[19,5], [19,5]/[19,19], [19,19]/[19,7], [19,7]/[19,19], [19,19]/[19,13], [19,13]/[19,19], [19,19]/[19,11], [19,11]/[19,19], [19,19]/[19,17], [19,17]/[19,19], [19,19]/[11,2], [11,2]/[19,19], [19,19]/[11,3], [11,3]/[19,19], [19,19]/[11,5], [11,5]/[19,19], [19,19]/[11,7], [11,7]/[19,19], [19,19]/[11,13], [11,13]/[19,19], [19,19]/[11,19], [11,19]/[19,19], [19,19]/[11,11], [11,11]/[19,19], [19,19]/[11,17], [11,17]/[19,19], [19,19]/[17,2], [17,2]/[19,19], [19,19]/[17,3], [17,3]/[19,19], [19,19]/[17,5], [17,5]/[19,19], [19,19]/[17,7], [17,7]/[19,19], [19,19]/[17,13], [17,13]/[19,19], [19,19]/[17,19], [17,19]/[19,19], [19,19]/[17,11], [17,11]/[19,19], [19,19]/[17,17], [17,17]/[19,19], [19,19]/2₀, 2₀/[19,19], [19,19]/2₁, 2₁/[19,19], [19,19]/3₀, 3₀/[19,19], [19,19]/3₁, 3₁/[19,19], [19,19]/5₀, 5₀/[19,19], [19,19]/5₁, 5₁/[19,19], [19,19]/7₀, 7₀/[19,19], [19,19]/7₁, 7₁/[19,19], [19,19]/13₀, 13₀/[19,19], [19,19]/13₁, 13₁/[19,19], [[19,19]/19₀, [2,19]/2₀, [3,19]/3₀, [5,19]/5₀, [7,19]/7₀, [13,19]/13₀, [11,19]/11₀, [17,19]/17₀], [19₀/[19,19], 2₀/[2,19], 3₀/[3,19], 5₀/[5,19], 7₀/[7,19], 13₀/[13,19], 11₀/[11,19], 17₀/[17,19], 1/19₁], [[19,19]/19₁, [19,2]/2₁, [19,3]/3₁, [19,5]/5₁, [19,7]/7₁, [19,13]/13₁, [19,11]/11₁, [19,17]/17₁], [19₁/[19,19], 2₁/[19,2], 3₁/[19,3], 5₁/[19,5], 7₁/[19,7], 13₁/[19,13], 11₁/[19,11], 17₁/[19,17], 1/19₀], [19,19]/11₀, 11₀/[19,19], [19,19]/11₁, 11₁/[19,19], [19,19]/17₀, 17₀/[19,19], [19,19]/17₁, 17₁/[19,19], 1/[19,19], [2,3]/4, 4/[2,3], [2,5]/4, 4/[2,5], [2,7]/4, 4/[2,7], [2,13]/4, 4/[2,13], [2,19]/4, 4/[2,19], [2,11]/4, 4/[2,11], [2,17]/4, 4/[2,17], [3,2]/4, 4/[3,2], [3,3]/4, 4/[3,3], [3,5]/4, 4/[3,5], [3,7]/4, 4/[3,7], [3,13]/4, 4/[3,13], [3,19]/4, 4/[3,19], [3,11]/4, 4/[3,11], [3,17]/4, 4/[3,17], [5,2]/4, 4/[5,2], [5,3]/4, 4/[5,3], [5,5]/4, 4/[5,5], [5,7]/4, 4/[5,7], [5,13]/4, 4/[5,13], [5,19]/4, 4/[5,19], [5,11]/4, 4/[5,11], [5,17]/4, 4/[5,17], [7,2]/4, 4/[7,2], [7,3]/4, 4/[7,3], [7,5]/4, 4/[7,5], [7,7]/4, 4/[7,7], [7,13]/4, 4/[7,13], [7,19]/4, 4/[7,19], [7,11]/4, 4/[7,11], [7,17]/4, 4/[7,17], [13,2]/4, 4/[13,2], [13,3]/4, 4/[13,3], [13,5]/4, 4/[13,5], [13,7]/4, 4/[13,7], [13,13]/4, 4/[13,13], [13,19]/4, 4/[13,19], [13,11]/4, 4/[13,11], [13,17]/4, 4/[13,17], [19,2]/4, 4/[19,2], [19,3]/4, 4/[19,3], [19,5]/4, 4/[19,5], [19,7]/4, 4/[19,7], [19,13]/4, 4/[19,13], [19,11]/4, 4/[19,11], [19,17]/4, 4/[19,17], [11,2]/4, 4/[11,2], [11,3]/4, 4/[11,3], [11,5]/4, 4/[11,5], [11,7]/4, 4/[11,7], [11,13]/4, 4/[11,13], [11,19]/4, 4/[11,19], [11,11]/4, 4/[11,11], [11,17]/4, 4/[11,17], [17,2]/4, 4/[17,2], [17,3]/4, 4/[17,3], [17,5]/4, 4/[17,5], [17,7]/4, 4/[17,7], [17,13]/4, 4/[17,13], [17,19]/4, 4/[17,19], [17,11]/4, 4/[17,11], [17,17]/4, 4/[17,17], [4/2₀, [3,2]/3₀, [5,2]/5₀, [7,2]/7₀, [13,2]/13₀, [19,2]/19₀, [11,2]/11₀, [17,2]/17₀], [2₀/4, 3₀/[3,2], 5₀/[5,2], 7₀/[7,2], 13₀/[13,2], 19₀/[19,2], 11₀/[11,2], 17₀/[17,2], 1/2₁], [4/2₁, [2,3]/3₁, [2,5]/5₁, [2,7]/7₁, [2,13]/13₁, [2,19]/19₁, [2,11]/11₁, [2,17]/17₁], [2₁/4, 3₁/[2,3], 5₁/[2,5], 7₁/[2,7], 13₁/[2,13], 19₁/[2,19], 11₁/[2,11], 17₁/[2,17], 1/2₀], 1/4, [2,5]/[2,3], [2,3]/[2,5], [2,7]/[2,3], [2,3]/[2,7], [2,13]/[2,3], [2,3]/[2,13], [2,19]/[2,3], [2,3]/[2,19], [2,11]/[2,3], [2,3]/[2,11], [2,17]/[2,3], [2,3]/[2,17], [3,3]/[2,3], [2,3]/[3,3], [3,5]/[2,3], [2,3]/[3,5], [3,7]/[2,3], [2,3]/[3,7], [3,13]/[2,3], [2,3]/[3,13], [3,19]/[2,3], [2,3]/[3,19], [3,11]/[2,3], [2,3]/[3,11], [3,17]/[2,3], [2,3]/[3,17], [5,3]/[2,3], [2,3]/[5,3], [5,5]/[2,3], [2,3]/[5,5], [5,7]/[2,3], [2,3]/[5,7], [5,13]/[2,3], [2,3]/[5,13], [5,19]/[2,3], [2,3]/[5,19], [5,11]/[2,3], [2,3]/[5,11], [5,17]/[2,3], [2,3]/[5,17], [7,3]/[2,3], [2,3]/[7,3], [7,5]/[2,3], [2,3]/[7,5], [7,7]/[2,3], [2,3]/[7,7], [7,13]/[2,3], [2,3]/[7,13], [7,19]/[2,3], [2,3]/[7,19], [7,11]/[2,3], [2,3]/[7,11], [7,17]/[2,3], [2,3]/[7,17], [13,3]/[2,3], [2,3]/[13,3], [13,5]/[2,3], [2,3]/[13,5], [13,7]/[2,3], [2,3]/[13,7], [13,13]/[2,3], [2,3]/[13,13], [13,19]/[2,3], [2,3]/[13,19], [13,11]/[2,3], [2,3]/[13,11], [13,17]/[2,3], [2,3]/[13,17], [19,3]/[2,3], [2,3]/[19,3], [19,5]/[2,3], [2,3]/[19,5], [19,7]/[2,3], [2,3]/[19,7], [19,13]/[2,3], [2,3]/[19,13], [19,11]/[2,3], [2,3]/[19,11], [19,17]/[2,3], [2,3]/[19,17], [11,3]/[2,3], [2,3]/[11,3], [11,5]/[2,3], [2,3]/[11,5], [11,7]/[2,3], [2,3]/[11,7], [11,13]/[2,3], [2,3]/[11,13], [11,19]/[2,3], [2,3]/[11,19], [11,11]/[2,3], [2,3]/[11,11], [11,17]/[2,3], [2,3]/[11,17], [17,3]/[2,3], [2,3]/[17,3], [17,5]/[2,3], [2,3]/[17,5], [17,7]/[2,3], [2,3]/[17,7], [17,13]/[2,3], [2,3]/[17,13], [17,19]/[2,3], [2,3]/[17,19], [17,11]/[2,3], [2,3]/[17,11], [17,17]/[2,3], [2,3]/[17,17], [[2,3]/2₀, [3,3]/3₀, [5,3]/5₀, [7,3]/7₀, [13,3]/13₀, [19,3]/19₀, [11,3]/11₀, [17,3]/17₀], [2₀/[2,3], 3₀/[3,3], 5₀/[5,3], 7₀/[7,3], 13₀/[13,3], 19₀/[19,3], 11₀/[11,3], 17₀/[17,3], 1/3₁], [2,3]/2₁, 2₁/[2,3], 1/[2,3], [2,7]/[2,5], [2,5]/[2,7], [2,13]/[2,5], [2,5]/[2,13], [2,19]/[2,5], [2,5]/[2,19], [2,11]/[2,5], [2,5]/[2,11], [2,17]/[2,5], [2,5]/[2,17], [3,5]/[2,5], [2,5]/[3,5], [3,7]/[2,5], [2,5]/[3,7], [3,13]/[2,5], [2,5]/[3,13], [3,19]/[2,5], [2,5]/[3,19], [3,11]/[2,5], [2,5]/[3,11], [3,17]/[2,5], [2,5]/[3,17], [5,5]/[2,5], [2,5]/[5,5], [5,7]/[2,5], [2,5]/[5,7], [5,13]/[2,5], [2,5]/[5,13], [5,19]/[2,5], [2,5]/[5,19], [5,11]/[2,5], [2,5]/[5,11], [5,17]/[2,5], [2,5]/[5,17], [7,5]/[2,5], [2,5]/[7,5], [7,7]/[2,5], [2,5]/[7,7], [7,13]/[2,5], [2,5]/[7,13], [7,19]/[2,5], [2,5]/[7,19], [7,11]/[2,5], [2,5]/[7,11], [7,17]/[2,5], [2,5]/[7,17], [13,5]/[2,5], [2,5]/[13,5], [13,7]/[2,5], [2,5]/[13,7], [13,13]/[2,5], [2,5]/[13,13], [13,19]/[2,5], [2,5]/[13,19], [13,11]/[2,5], [2,5]/[13,11], [13,17]/[2,5], [2,5]/[13,17], [19,5]/[2,5], [2,5]/[19,5], [19,7]/[2,5], [2,5]/[19,7], [19,13]/[2,5], [2,5]/[19,13], [19,11]/[2,5], [2,5]/[19,11], [19,17]/[2,5], [2,5]/[19,17], [11,5]/[2,5], [2,5]/[11,5], [11,7]/[2,5], [2,5]/[11,7], [11,13]/[2,5], [2,5]/[11,13], [11,19]/[2,5], [2,5]/[11,19], [11,11]/[2,5], [2,5]/[11,11], [11,17]/[2,5], [2,5]/[11,17], [17,5]/[2,5], [2,5]/[17,5], [17,7]/[2,5], [2,5]/[17,7], [17,13]/[2,5], [2,5]/[17,13], [17,19]/[2,5], [2,5]/[17,19], [17,11]/[2,5], [2,5]/[17,11], [17,17]/[2,5], [2,5]/[17,17], [[2,5]/2₀, [3,5]/3₀, [5,5]/5₀, [7,5]/7₀, [13,5]/13₀, [19,5]/19₀, [11,5]/11₀, [17,5]/17₀], [2₀/[2,5], 3₀/[3,5], 5₀/[5,5], 7₀/[7,5], 13₀/[13,5], 19₀/[19,5], 11₀/[11,5], 17₀/[17,5], 1/5₁], [2,5]/2₁, 2₁/[2,5], [2,5]/3₁, 3₁/[2,5], 1/[2,5], [2,13]/[2,7], [2,7]/[2,13], [2,19]/[2,7], [2,7]/[2,19], [2,11]/[2,7], [2,7]/[2,11], [2,17]/[2,7], [2,7]/[2,17], [3,7]/[2,7], [2,7]/[3,7], [3,13]/[2,7], [2,7]/[3,13], [3,19]/[2,7], [2,7]/[3,19], [3,11]/[2,7], [2,7]/[3,11], [3,17]/[2,7], [2,7]/[3,17], [5,7]/[2,7], [2,7]/[5,7], [5,13]/[2,7], [2,7]/[5,13], [5,19]/[2,7], [2,7]/[5,19], [5,11]/[2,7], [2,7]/[5,11], [5,17]/[2,7], [2,7]/[5,17], [7,7]/[2,7], [2,7]/[7,7], [7,13]/[2,7], [2,7]/[7,13], [7,19]/[2,7], [2,7]/[7,19], [7,11]/[2,7], [2,7]/[7,11], [7,17]/[2,7], [2,7]/[7,17], [13,7]/[2,7], [2,7]/[13,7], [13,13]/[2,7], [2,7]/[13,13], [13,19]/[2,7], [2,7]/[13,19], [13,11]/[2,7], [2,7]/[13,11], [13,17]/[2,7], [2,7]/[13,17], [19,7]/[2,7], [2,7]/[19,7], [19,13]/[2,7], [2,7]/[19,13], [19,11]/[2,7], [2,7]/[19,11], [19,17]/[2,7], [2,7]/[19,17], [11,7]/[2,7], [2,7]/[11,7], [11,13]/[2,7], [2,7]/[11,13], [11,19]/[2,7], [2,7]/[11,19], [11,11]/[2,7], [2,7]/[11,11], [11,17]/[2,7], [2,7]/[11,17], [17,7]/[2,7], [2,7]/[17,7], [17,13]/[2,7], [2,7]/[17,13], [17,19]/[2,7], [2,7]/[17,19], [17,11]/[2,7], [2,7]/[17,11], [17,17]/[2,7], [2,7]/[17,17], [[2,7]/2₀, [3,7]/3₀, [5,7]/5₀, [7,7]/7₀, [13,7]/13₀, [19,7]/19₀, [11,7]/11₀, [17,7]/17₀], [2₀/[2,7], 3₀/[3,7], 5₀/[5,7], 7₀/[7,7], 13₀/[13,7], 19₀/[19,7], 11₀/[11,7], 17₀/[17,7], 1/7₁], [2,7]/2₁, 2₁/[2,7], [2,7]/3₁, 3₁/[2,7], [2,7]/5₁, 5₁/[2,7], 1/[2,7], [2,19]/[2,13], [2,13]/[2,19], [2,13]/[2,11], [2,11]/[2,13], [2,17]/[2,13], [2,13]/[2,17], [3,13]/[2,13], [2,13]/[3,13], [3,19]/[2,13], [2,13]/[3,19], [3,17]/[2,13], [2,13]/[3,17], [5,13]/[2,13], [2,13]/[5,13], [5,19]/[2,13], [2,13]/[5,19], [5,17]/[2,13], [2,13]/[5,17], [7,13]/[2,13], [2,13]/[7,13], [7,19]/[2,13], [2,13]/[7,19], [7,17]/[2,13], [2,13]/[7,17], [13,13]/[2,13], [2,13]/[13,13], [13,19]/[2,13], [2,13]/[13,19], [13,17]/[2,13], [2,13]/[13,17], [19,13]/[2,13], [2,13]/[19,13], [19,17]/[2,13], [2,13]/[19,17], [11,13]/[2,13], [2,13]/[11,13], [11,19]/[2,13], [2,13]/[11,19], [11,17]/[2,13], [2,13]/[11,17], [17,13]/[2,13], [2,13]/[17,13], [17,19]/[2,13], [2,13]/[17,19], [17,17]/[2,13], [2,13]/[17,17], [[2,13]/2₀, [3,13]/3₀, [5,13]/5₀, [7,13]/7₀, [13,13]/13₀, [19,13]/19₀, [11,13]/11₀, [17,13]/17₀], [2₀/[2,13], 3₀/[3,13], 5₀/[5,13], 7₀/[7,13], 13₀/[13,13], 19₀/[19,13], 11₀/[11,13], 17₀/[17,13], 1/13₁], [2,13]/2₁, 2₁/[2,13], [2,13]/3₁, 3₁/[2,13], [2,13]/5₁, 5₁/[2,13], [2,13]/7₁, 7₁/[2,13], [2,13]/11₁, 11₁/[2,13], 1/[2,13], [2,19]/[2,11], [2,11]/[2,19], [2,19]/[2,17], [2,17]/[2,19], [3,19]/[2,19], [2,19]/[3,19], [5,19]/[2,19], [2,19]/[5,19], [7,19]/[2,19], [2,19]/[7,19], [13,19]/[2,19], [2,19]/[13,19], [11,19]/[2,19], [2,19]/[11,19], [17,19]/[2,19], [2,19]/[17,19], [2,19]/2₁, 2₁/[2,19], [2,19]/3₁, 3₁/[2,19], [2,19]/5₁, 5₁/[2,19], [2,19]/7₁, 7₁/[2,19], [2,19]/13₁, 13₁/[2,19], [2,19]/11₁, 11₁/[2,19], [2,19]/17₁, 17₁/[2,19], 1/[2,19], [2,17]/[2,11], [2,11]/[2,17], [3,13]/[2,11], [2,11]/[3,13], [3,19]/[2,11], [2,11]/[3,19], [3,11]/[2,11], [2,11]/[3,11], [3,17]/[2,11], [2,11]/[3,17], [5,13]/[2,11], [2,11]/[5,13], [5,19]/[2,11], [2,11]/[5,19], [5,11]/[2,11], [2,11]/[5,11], [5,17]/[2,11], [2,11]/[5,17], [7,13]/[2,11], [2,11]/[7,13], [7,19]/[2,11], [2,11]/[7,19], [7,11]/[2,11], [2,11]/[7,11], [7,17]/[2,11], [2,11]/[7,17], [13,13]/[2,11], [2,11]/[13,13], [13,19]/[2,11], [2,11]/[13,19], [13,11]/[2,11], [2,11]/[13,11], [13,17]/[2,11], [2,11]/[13,17], [19,13]/[2,11], [2,11]/[19,13], [19,11]/[2,11], [2,11]/[19,11], [19,17]/[2,11], [2,11]/[19,17], [11,13]/[2,11], [2,11]/[11,13], [11,19]/[2,11], [2,11]/[11,19], [11,11]/[2,11], [2,11]/[11,11], [11,17]/[2,11], [2,11]/[11,17], [17,13]/[2,11], [2,11]/[17,13], [17,19]/[2,11], [2,11]/[17,19], [17,11]/[2,11], [2,11]/[17,11], [17,17]/[2,11], [2,11]/[17,17], [[2,11]/2₀, [3,11]/3₀, [5,11]/5₀, [7,11]/7₀, [13,11]/13₀, [19,11]/19₀, [11,11]/11₀, [17,11]/17₀], [2₀/[2,11], 3₀/[3,11], 5₀/[5,11], 7₀/[7,11], 13₀/[13,11], 19₀/[19,11], 11₀/[11,11], 17₀/[17,11], 1/11₁], [2,11]/2₁, 2₁/[2,11], [2,11]/3₁, 3₁/[2,11], [2,11]/5₁, 5₁/[2,11], [2,11]/7₁, 7₁/[2,11], 1/[2,11], [3,19]/[2,17], [2,17]/[3,19], [3,17]/[2,17], [2,17]/[3,17], [5,19]/[2,17], [2,17]/[5,19], [5,17]/[2,17], [2,17]/[5,17], [7,19]/[2,17], [2,17]/[7,19], [7,17]/[2,17], [2,17]/[7,17], [13,19]/[2,17], [2,17]/[13,19], [13,17]/[2,17], [2,17]/[13,17], [19,17]/[2,17], [2,17]/[19,17], [11,19]/[2,17], [2,17]/[11,19], [11,17]/[2,17], [2,17]/[11,17], [17,19]/[2,17], [2,17]/[17,19], [17,17]/[2,17], [2,17]/[17,17], [[2,17]/2₀, [3,17]/3₀, [5,17]/5₀, [7,17]/7₀, [13,17]/13₀, [19,17]/19₀, [11,17]/11₀, [17,17]/17₀], [2₀/[2,17], 3₀/[3,17], 5₀/[5,17], 7₀/[7,17], 13₀/[13,17], 19₀/[19,17], 11₀/[11,17], 17₀/[17,17], 1/17₁], [2,17]/2₁, 2₁/[2,17], [2,17]/3₁, 3₁/[2,17], [2,17]/5₁, 5₁/[2,17], [2,17]/7₁, 7₁/[2,17], [2,17]/13₁, 13₁/[2,17], [2,17]/11₁, 11₁/[2,17], 1/[2,17], [3,3]/[3,2], [3,2]/[3,3], [3,5]/[3,2], [3,2]/[3,5], [3,7]/[3,2], [3,2]/[3,7], [3,13]/[3,2], [3,2]/[3,13], [3,19]/[3,2], [3,2]/[3,19], [3,11]/[3,2], [3,2]/[3,11], [3,17]/[3,2], [3,2]/[3,17], [5,2]/[3,2], [3,2]/[5,2], [5,3]/[3,2], [3,2]/[5,3], [5,5]/[3,2], [3,2]/[5,5], [5,7]/[3,2], [3,2]/[5,7], [5,13]/[3,2], [3,2]/[5,13], [5,19]/[3,2], [3,2]/[5,19], [5,11]/[3,2], [3,2]/[5,11], [5,17]/[3,2], [3,2]/[5,17], [7,2]/[3,2], [3,2]/[7,2], [7,3]/[3,2], [3,2]/[7,3], [7,5]/[3,2], [3,2]/[7,5], [7,7]/[3,2], [3,2]/[7,7], [7,13]/[3,2], [3,2]/[7,13], [7,19]/[3,2], [3,2]/[7,19], [7,11]/[3,2], [3,2]/[7,11], [7,17]/[3,2], [3,2]/[7,17], [13,2]/[3,2], [3,2]/[13,2], [13,3]/[3,2], [3,2]/[13,3], [13,5]/[3,2], [3,2]/[13,5], [13,7]/[3,2], [3,2]/[13,7], [13,13]/[3,2], [3,2]/[13,13], [13,19]/[3,2], [3,2]/[13,19], [13,11]/[3,2], [3,2]/[13,11], [13,17]/[3,2], [3,2]/[13,17], [19,2]/[3,2], [3,2]/[19,2], [19,3]/[3,2], [3,2]/[19,3], [19,5]/[3,2], [3,2]/[19,5], [19,7]/[3,2], [3,2]/[19,7], [19,13]/[3,2], [3,2]/[19,13], [19,11]/[3,2], [3,2]/[19,11], [19,17]/[3,2], [3,2]/[19,17], [11,2]/[3,2], [3,2]/[11,2], [11,3]/[3,2], [3,2]/[11,3], [11,5]/[3,2], [3,2]/[11,5], [11,7]/[3,2], [3,2]/[11,7], [11,13]/[3,2], [3,2]/[11,13], [11,19]/[3,2], [3,2]/[11,19], [11,11]/[3,2], [3,2]/[11,11], [11,17]/[3,2], [3,2]/[11,17], [17,2]/[3,2], [3,2]/[17,2], [17,3]/[3,2], [3,2]/[17,3], [17,5]/[3,2], [3,2]/[17,5], [17,7]/[3,2], [3,2]/[17,7], [17,13]/[3,2], [3,2]/[17,13], [17,19]/[3,2], [3,2]/[17,19], [17,11]/[3,2], [3,2]/[17,11], [17,17]/[3,2], [3,2]/[17,17], [3,2]/2₀, 2₀/[3,2], [[3,2]/2₁, [3,3]/3₁, [3,5]/5₁, [3,7]/7₁, [3,13]/13₁, [3,19]/19₁, [3,11]/11₁, [3,17]/17₁], [2₁/[3,2], 3₁/[3,3], 5₁/[3,5], 7₁/[3,7], 13₁/[3,13], 19₁/[3,19], 11₁/[3,11], 17₁/[3,17], 1/3₀], 1/[3,2], [3,5]/[3,3], [3,3]/[3,5], [3,7]/[3,3], [3,3]/[3,7], [3,13]/[3,3], [3,3]/[3,13], [3,19]/[3,3], [3,3]/[3,19], [3,11]/[3,3], [3,3]/[3,11], [3,17]/[3,3], [3,3]/[3,17], [5,3]/[3,3], [3,3]/[5,3], [5,5]/[3,3], [3,3]/[5,5], [5,7]/[3,3], [3,3]/[5,7], [5,13]/[3,3], [3,3]/[5,13], [5,19]/[3,3], [3,3]/[5,19], [5,11]/[3,3], [3,3]/[5,11], [5,17]/[3,3], [3,3]/[5,17], [7,3]/[3,3], [3,3]/[7,3], [7,5]/[3,3], [3,3]/[7,5], [7,7]/[3,3], [3,3]/[7,7], [7,13]/[3,3], [3,3]/[7,13], [7,19]/[3,3], [3,3]/[7,19], [7,11]/[3,3], [3,3]/[7,11], [7,17]/[3,3], [3,3]/[7,17], [13,3]/[3,3], [3,3]/[13,3], [13,5]/[3,3], [3,3]/[13,5], [13,7]/[3,3], [3,3]/[13,7], [13,13]/[3,3], [3,3]/[13,13], [13,19]/[3,3], [3,3]/[13,19], [13,11]/[3,3], [3,3]/[13,11], [13,17]/[3,3], [3,3]/[13,17], [19,3]/[3,3], [3,3]/[19,3], [19,5]/[3,3], [3,3]/[19,5], [19,7]/[3,3], [3,3]/[19,7], [19,13]/[3,3], [3,3]/[19,13], [19,11]/[3,3], [3,3]/[19,11], [19,17]/[3,3], [3,3]/[19,17], [11,3]/[3,3], [3,3]/[11,3], [11,5]/[3,3], [3,3]/[11,5], [11,7]/[3,3], [3,3]/[11,7], [11,13]/[3,3], [3,3]/[11,13], [11,19]/[3,3], [3,3]/[11,19], [11,11]/[3,3], [3,3]/[11,11], [11,17]/[3,3], [3,3]/[11,17], [17,3]/[3,3], [3,3]/[17,3], [17,5]/[3,3], [3,3]/[17,5], [17,7]/[3,3], [3,3]/[17,7], [17,13]/[3,3], [3,3]/[17,13], [17,19]/[3,3], [3,3]/[17,19], [17,11]/[3,3], [3,3]/[17,11], [17,17]/[3,3], [3,3]/[17,17], [3,3]/2₀, 2₀/[3,3], [3,3]/2₁, 2₁/[3,3], 1/[3,3], [3,7]/[3,5], [3,5]/[3,7], [3,13]/[3,5], [3,5]/[3,13], [3,19]/[3,5], [3,5]/[3,19], [3,11]/[3,5], [3,5]/[3,11], [3,17]/[3,5], [3,5]/[3,17], [5,5]/[3,5], [3,5]/[5,5], [5,7]/[3,5], [3,5]/[5,7], [5,13]/[3,5], [3,5]/[5,13], [5,19]/[3,5], [3,5]/[5,19], [5,11]/[3,5], [3,5]/[5,11], [5,17]/[3,5], [3,5]/[5,17], [7,5]/[3,5], [3,5]/[7,5], [7,7]/[3,5], [3,5]/[7,7], [7,13]/[3,5], [3,5]/[7,13], [7,19]/[3,5], [3,5]/[7,19], [7,11]/[3,5], [3,5]/[7,11], [7,17]/[3,5], [3,5]/[7,17], [13,5]/[3,5], [3,5]/[13,5], [13,7]/[3,5], [3,5]/[13,7], [13,13]/[3,5], [3,5]/[13,13], [13,19]/[3,5], [3,5]/[13,19], [13,11]/[3,5], [3,5]/[13,11], [13,17]/[3,5], [3,5]/[13,17], [19,5]/[3,5], [3,5]/[19,5], [19,7]/[3,5], [3,5]/[19,7], [19,13]/[3,5], [3,5]/[19,13], [19,11]/[3,5], [3,5]/[19,11], [19,17]/[3,5], [3,5]/[19,17], [11,5]/[3,5], [3,5]/[11,5], [11,7]/[3,5], [3,5]/[11,7], [11,13]/[3,5], [3,5]/[11,13], [11,19]/[3,5], [3,5]/[11,19], [11,11]/[3,5], [3,5]/[11,11], [11,17]/[3,5], [3,5]/[11,17], [17,5]/[3,5], [3,5]/[17,5], [17,7]/[3,5], [3,5]/[17,7], [17,13]/[3,5], [3,5]/[17,13], [17,19]/[3,5], [3,5]/[17,19], [17,11]/[3,5], [3,5]/[17,11], [17,17]/[3,5], [3,5]/[17,17], [3,5]/2₀, 2₀/[3,5], [3,5]/2₁, 2₁/[3,5], [3,5]/3₁, 3₁/[3,5], 1/[3,5], [3,13]/[3,7], [3,7]/[3,13], [3,19]/[3,7], [3,7]/[3,19], [3,11]/[3,7], [3,7]/[3,11], [3,17]/[3,7], [3,7]/[3,17], [5,7]/[3,7], [3,7]/[5,7], [5,13]/[3,7], [3,7]/[5,13], [5,19]/[3,7], [3,7]/[5,19], [5,11]/[3,7], [3,7]/[5,11], [5,17]/[3,7], [3,7]/[5,17], [7,7]/[3,7], [3,7]/[7,7], [7,13]/[3,7], [3,7]/[7,13], [7,19]/[3,7], [3,7]/[7,19], [7,11]/[3,7], [3,7]/[7,11], [7,17]/[3,7], [3,7]/[7,17], [13,7]/[3,7], [3,7]/[13,7], [13,13]/[3,7], [3,7]/[13,13], [13,19]/[3,7], [3,7]/[13,19], [13,11]/[3,7], [3,7]/[13,11], [13,17]/[3,7], [3,7]/[13,17], [19,7]/[3,7], [3,7]/[19,7], [19,13]/[3,7], [3,7]/[19,13], [19,11]/[3,7], [3,7]/[19,11], [19,17]/[3,7], [3,7]/[19,17], [11,7]/[3,7], [3,7]/[11,7], [11,13]/[3,7], [3,7]/[11,13], [11,19]/[3,7], [3,7]/[11,19], [11,11]/[3,7], [3,7]/[11,11], [11,17]/[3,7], [3,7]/[11,17], [17,7]/[3,7], [3,7]/[17,7], [17,13]/[3,7], [3,7]/[17,13], [17,19]/[3,7], [3,7]/[17,19], [17,11]/[3,7], [3,7]/[17,11], [17,17]/[3,7], [3,7]/[17,17], [3,7]/2₀, 2₀/[3,7], [3,7]/2₁, 2₁/[3,7], [3,7]/3₁, 3₁/[3,7], [3,7]/5₁, 5₁/[3,7], 1/[3,7], [3,19]/[3,13], [3,13]/[3,19], [3,13]/[3,11], [3,11]/[3,13], [3,17]/[3,13], [3,13]/[3,17], [5,13]/[3,13], [3,13]/[5,13], [5,19]/[3,13], [3,13]/[5,19], [5,17]/[3,13], [3,13]/[5,17], [7,13]/[3,13], [3,13]/[7,13], [7,19]/[3,13], [3,13]/[7,19], [7,17]/[3,13], [3,13]/[7,17], [13,13]/[3,13], [3,13]/[13,13], [13,19]/[3,13], [3,13]/[13,19], [13,17]/[3,13], [3,13]/[13,17], [19,13]/[3,13], [3,13]/[19,13], [19,17]/[3,13], [3,13]/[19,17], [11,13]/[3,13], [3,13]/[11,13], [11,19]/[3,13], [3,13]/[11,19], [11,17]/[3,13], [3,13]/[11,17], [17,13]/[3,13], [3,13]/[17,13], [17,19]/[3,13], [3,13]/[17,19], [17,17]/[3,13], [3,13]/[17,17], [3,13]/2₀, 2₀/[3,13], [3,13]/2₁, 2₁/[3,13], [3,13]/3₁, 3₁/[3,13], [3,13]/5₁, 5₁/[3,13], [3,13]/7₁, 7₁/[3,13], [3,13]/11₁, 11₁/[3,13], 1/[3,13], [3,19]/[3,11], [3,11]/[3,19], [3,19]/[3,17], [3,17]/[3,19], [5,19]/[3,19], [3,19]/[5,19], [7,19]/[3,19], [3,19]/[7,19], [13,19]/[3,19], [3,19]/[13,19], [11,19]/[3,19], [3,19]/[11,19], [17,19]/[3,19], [3,19]/[17,19], [3,19]/2₀, 2₀/[3,19], [3,19]/2₁, 2₁/[3,19], [3,19]/3₁, 3₁/[3,19], [3,19]/5₁, 5₁/[3,19], [3,19]/7₁, 7₁/[3,19], [3,19]/13₁, 13₁/[3,19], [3,19]/11₁, 11₁/[3,19], [3,19]/17₁, 17₁/[3,19], 1/[3,19], [3,17]/[3,11], [3,11]/[3,17], [5,13]/[3,11], [3,11]/[5,13], [5,19]/[3,11], [3,11]/[5,19], [5,11]/[3,11], [3,11]/[5,11], [5,17]/[3,11], [3,11]/[5,17], [7,13]/[3,11], [3,11]/[7,13], [7,19]/[3,11], [3,11]/[7,19], [7,11]/[3,11], [3,11]/[7,11], [7,17]/[3,11], [3,11]/[7,17], [13,13]/[3,11], [3,11]/[13,13], [13,19]/[3,11], [3,11]/[13,19], [13,11]/[3,11], [3,11]/[13,11], [13,17]/[3,11], [3,11]/[13,17], [19,13]/[3,11], [3,11]/[19,13], [19,11]/[3,11], [3,11]/[19,11], [19,17]/[3,11], [3,11]/[19,17], [11,13]/[3,11], [3,11]/[11,13], [11,19]/[3,11], [3,11]/[11,19], [11,11]/[3,11], [3,11]/[11,11], [11,17]/[3,11], [3,11]/[11,17], [17,13]/[3,11], [3,11]/[17,13], [17,19]/[3,11], [3,11]/[17,19], [17,11]/[3,11], [3,11]/[17,11], [17,17]/[3,11], [3,11]/[17,17], [3,11]/2₀, 2₀/[3,11], [3,11]/2₁, 2₁/[3,11], [3,11]/3₁, 3₁/[3,11], [3,11]/5₁, 5₁/[3,11], [3,11]/7₁, 7₁/[3,11], 1/[3,11], [5,19]/[3,17], [3,17]/[5,19], [5,17]/[3,17], [3,17]/[5,17], [7,19]/[3,17], [3,17]/[7,19], [7,17]/[3,17], [3,17]/[7,17], [13,19]/[3,17], [3,17]/[13,19], [13,17]/[3,17], [3,17]/[13,17], [19,17]/[3,17], [3,17]/[19,17], [11,19]/[3,17], [3,17]/[11,19], [11,17]/[3,17], [3,17]/[11,17], [17,19]/[3,17], [3,17]/[17,19], [17,17]/[3,17], [3,17]/[17,17], [3,17]/2₀, 2₀/[3,17], [3,17]/2₁, 2₁/[3,17], [3,17]/3₁, 3₁/[3,17], [3,17]/5₁, 5₁/[3,17], [3,17]/7₁, 7₁/[3,17], [3,17]/13₁, 13₁/[3,17], [3,17]/11₁, 11₁/[3,17], 1/[3,17], [5,3]/[5,2], [5,2]/[5,3], [5,5]/[5,2], [5,2]/[5,5], [5,7]/[5,2], [5,2]/[5,7], [5,13]/[5,2], [5,2]/[5,13], [5,19]/[5,2], [5,2]/[5,19], [5,11]/[5,2], [5,2]/[5,11], [5,17]/[5,2], [5,2]/[5,17], [7,2]/[5,2], [5,2]/[7,2], [7,3]/[5,2], [5,2]/[7,3], [7,5]/[5,2], [5,2]/[7,5], [7,7]/[5,2], [5,2]/[7,7], [7,13]/[5,2], [5,2]/[7,13], [7,19]/[5,2], [5,2]/[7,19], [7,11]/[5,2], [5,2]/[7,11], [7,17]/[5,2], [5,2]/[7,17], [13,2]/[5,2], [5,2]/[13,2], [13,3]/[5,2], [5,2]/[13,3], [13,5]/[5,2], [5,2]/[13,5], [13,7]/[5,2], [5,2]/[13,7], [13,13]/[5,2], [5,2]/[13,13], [13,19]/[5,2], [5,2]/[13,19], [13,11]/[5,2], [5,2]/[13,11], [13,17]/[5,2], [5,2]/[13,17], [19,2]/[5,2], [5,2]/[19,2], [19,3]/[5,2], [5,2]/[19,3], [19,5]/[5,2], [5,2]/[19,5], [19,7]/[5,2], [5,2]/[19,7], [19,13]/[5,2], [5,2]/[19,13], [19,11]/[5,2], [5,2]/[19,11], [19,17]/[5,2], [5,2]/[19,17], [11,2]/[5,2], [5,2]/[11,2], [11,3]/[5,2], [5,2]/[11,3], [11,5]/[5,2], [5,2]/[11,5], [11,7]/[5,2], [5,2]/[11,7], [11,13]/[5,2], [5,2]/[11,13], [11,19]/[5,2], [5,2]/[11,19], [11,11]/[5,2], [5,2]/[11,11], [11,17]/[5,2], [5,2]/[11,17], [17,2]/[5,2], [5,2]/[17,2], [17,3]/[5,2], [5,2]/[17,3], [17,5]/[5,2], [5,2]/[17,5], [17,7]/[5,2], [5,2]/[17,7], [17,13]/[5,2], [5,2]/[17,13], [17,19]/[5,2], [5,2]/[17,19], [17,11]/[5,2], [5,2]/[17,11], [17,17]/[5,2], [5,2]/[17,17], [5,2]/2₀, 2₀/[5,2], [[5,2]/2₁, [5,3]/3₁, [5,5]/5₁, [5,7]/7₁, [5,13]/13₁, [5,19]/19₁, [5,11]/11₁, [5,17]/17₁], [2₁/[5,2], 3₁/[5,3], 5₁/[5,5], 7₁/[5,7], 13₁/[5,13], 19₁/[5,19], 11₁/[5,11], 17₁/[5,17], 1/5₀], [5,2]/3₀, 3₀/[5,2], 1/[5,2], [5,5]/[5,3], [5,3]/[5,5], [5,7]/[5,3], [5,3]/[5,7], [5,13]/[5,3], [5,3]/[5,13], [5,19]/[5,3], [5,3]/[5,19], [5,11]/[5,3], [5,3]/[5,11], [5,17]/[5,3], [5,3]/[5,17], [7,3]/[5,3], [5,3]/[7,3], [7,5]/[5,3], [5,3]/[7,5], [7,7]/[5,3], [5,3]/[7,7], [7,13]/[5,3], [5,3]/[7,13], [7,19]/[5,3], [5,3]/[7,19], [7,11]/[5,3], [5,3]/[7,11], [7,17]/[5,3], [5,3]/[7,17], [13,3]/[5,3], [5,3]/[13,3], [13,5]/[5,3], [5,3]/[13,5], [13,7]/[5,3], [5,3]/[13,7], [13,13]/[5,3], [5,3]/[13,13], [13,19]/[5,3], [5,3]/[13,19], [13,11]/[5,3], [5,3]/[13,11], [13,17]/[5,3], [5,3]/[13,17], [19,3]/[5,3], [5,3]/[19,3], [19,5]/[5,3], [5,3]/[19,5], [19,7]/[5,3], [5,3]/[19,7], [19,13]/[5,3], [5,3]/[19,13], [19,11]/[5,3], [5,3]/[19,11], [19,17]/[5,3], [5,3]/[19,17], [11,3]/[5,3], [5,3]/[11,3], [11,5]/[5,3], [5,3]/[11,5], [11,7]/[5,3], [5,3]/[11,7], [11,13]/[5,3], [5,3]/[11,13], [11,19]/[5,3], [5,3]/[11,19], [11,11]/[5,3], [5,3]/[11,11], [11,17]/[5,3], [5,3]/[11,17], [17,3]/[5,3], [5,3]/[17,3], [17,5]/[5,3], [5,3]/[17,5], [17,7]/[5,3], [5,3]/[17,7], [17,13]/[5,3], [5,3]/[17,13], [17,19]/[5,3], [5,3]/[17,19], [17,11]/[5,3], [5,3]/[17,11], [17,17]/[5,3], [5,3]/[17,17], [5,3]/2₀, 2₀/[5,3], [5,3]/2₁, 2₁/[5,3], [5,3]/3₀, 3₀/[5,3], 1/[5,3], [5,7]/[5,5], [5,5]/[5,7], [5,13]/[5,5], [5,5]/[5,13], [5,19]/[5,5], [5,5]/[5,19], [5,11]/[5,5], [5,5]/[5,11], [5,17]/[5,5], [5,5]/[5,17], [7,5]/[5,5], [5,5]/[7,5], [7,7]/[5,5], [5,5]/[7,7], [7,13]/[5,5], [5,5]/[7,13], [7,19]/[5,5], [5,5]/[7,19], [7,11]/[5,5], [5,5]/[7,11], [7,17]/[5,5], [5,5]/[7,17], [13,5]/[5,5], [5,5]/[13,5], [13,7]/[5,5], [5,5]/[13,7], [13,13]/[5,5], [5,5]/[13,13], [13,19]/[5,5], [5,5]/[13,19], [13,11]/[5,5], [5,5]/[13,11], [13,17]/[5,5], [5,5]/[13,17], [19,5]/[5,5], [5,5]/[19,5], [19,7]/[5,5], [5,5]/[19,7], [19,13]/[5,5], [5,5]/[19,13], [19,11]/[5,5], [5,5]/[19,11], [19,17]/[5,5], [5,5]/[19,17], [11,5]/[5,5], [5,5]/[11,5], [11,7]/[5,5], [5,5]/[11,7], [11,13]/[5,5], [5,5]/[11,13], [11,19]/[5,5], [5,5]/[11,19], [11,11]/[5,5], [5,5]/[11,11], [11,17]/[5,5], [5,5]/[11,17], [17,5]/[5,5], [5,5]/[17,5], [17,7]/[5,5], [5,5]/[17,7], [17,13]/[5,5], [5,5]/[17,13], [17,19]/[5,5], [5,5]/[17,19], [17,11]/[5,5], [5,5]/[17,11], [17,17]/[5,5], [5,5]/[17,17], [5,5]/2₀, 2₀/[5,5], [5,5]/2₁, 2₁/[5,5], [5,5]/3₀, 3₀/[5,5], [5,5]/3₁, 3₁/[5,5], 1/[5,5], [5,13]/[5,7], [5,7]/[5,13], [5,19]/[5,7], [5,7]/[5,19], [5,11]/[5,7], [5,7]/[5,11], [5,17]/[5,7], [5,7]/[5,17], [7,7]/[5,7], [5,7]/[7,7], [7,13]/[5,7], [5,7]/[7,13], [7,19]/[5,7], [5,7]/[7,19], [7,11]/[5,7], [5,7]/[7,11], [7,17]/[5,7], [5,7]/[7,17], [13,7]/[5,7], [5,7]/[13,7], [13,13]/[5,7], [5,7]/[13,13], [13,19]/[5,7], [5,7]/[13,19], [13,11]/[5,7], [5,7]/[13,11], [13,17]/[5,7], [5,7]/[13,17], [19,7]/[5,7], [5,7]/[19,7], [19,13]/[5,7], [5,7]/[19,13], [19,11]/[5,7], [5,7]/[19,11], [19,17]/[5,7], [5,7]/[19,17], [11,7]/[5,7], [5,7]/[11,7], [11,13]/[5,7], [5,7]/[11,13], [11,19]/[5,7], [5,7]/[11,19], [11,11]/[5,7], [5,7]/[11,11], [11,17]/[5,7], [5,7]/[11,17], [17,7]/[5,7], [5,7]/[17,7], [17,13]/[5,7], [5,7]/[17,13], [17,19]/[5,7], [5,7]/[17,19], [17,11]/[5,7], [5,7]/[17,11], [17,17]/[5,7], [5,7]/[17,17], [5,7]/2₀, 2₀/[5,7], [5,7]/2₁, 2₁/[5,7], [5,7]/3₀, 3₀/[5,7], [5,7]/3₁, 3₁/[5,7], [5,7]/5₁, 5₁/[5,7], 1/[5,7], [5,19]/[5,13], [5,13]/[5,19], [5,13]/[5,11], [5,11]/[5,13], [5,17]/[5,13], [5,13]/[5,17], [7,13]/[5,13], [5,13]/[7,13], [7,19]/[5,13], [5,13]/[7,19], [7,17]/[5,13], [5,13]/[7,17], [13,13]/[5,13], [5,13]/[13,13], [13,19]/[5,13], [5,13]/[13,19], [13,17]/[5,13], [5,13]/[13,17], [19,13]/[5,13], [5,13]/[19,13], [19,17]/[5,13], [5,13]/[19,17], [11,13]/[5,13], [5,13]/[11,13], [11,19]/[5,13], [5,13]/[11,19], [11,17]/[5,13], [5,13]/[11,17], [17,13]/[5,13], [5,13]/[17,13], [17,19]/[5,13], [5,13]/[17,19], [17,17]/[5,13], [5,13]/[17,17], [5,13]/2₀, 2₀/[5,13], [5,13]/2₁, 2₁/[5,13], [5,13]/3₀, 3₀/[5,13], [5,13]/3₁, 3₁/[5,13], [5,13]/5₁, 5₁/[5,13], [5,13]/7₁, 7₁/[5,13], [5,13]/11₁, 11₁/[5,13], 1/[5,13], [5,19]/[5,11], [5,11]/[5,19], [5,19]/[5,17], [5,17]/[5,19], [7,19]/[5,19], [5,19]/[7,19], [13,19]/[5,19], [5,19]/[13,19], [11,19]/[5,19], [5,19]/[11,19], [17,19]/[5,19], [5,19]/[17,19], [5,19]/2₀, 2₀/[5,19], [5,19]/2₁, 2₁/[5,19], [5,19]/3₀, 3₀/[5,19], [5,19]/3₁, 3₁/[5,19], [5,19]/5₁, 5₁/[5,19], [5,19]/7₁, 7₁/[5,19], [5,19]/13₁, 13₁/[5,19], [5,19]/11₁, 11₁/[5,19], [5,19]/17₁, 17₁/[5,19], 1/[5,19], [5,17]/[5,11], [5,11]/[5,17], [7,13]/[5,11], [5,11]/[7,13], [7,19]/[5,11], [5,11]/[7,19], [7,11]/[5,11], [5,11]/[7,11], [7,17]/[5,11], [5,11]/[7,17], [13,13]/[5,11], [5,11]/[13,13], [13,19]/[5,11], [5,11]/[13,19], [13,11]/[5,11], [5,11]/[13,11], [13,17]/[5,11], [5,11]/[13,17], [19,13]/[5,11], [5,11]/[19,13], [19,11]/[5,11], [5,11]/[19,11], [19,17]/[5,11], [5,11]/[19,17], [11,13]/[5,11], [5,11]/[11,13], [11,19]/[5,11], [5,11]/[11,19], [11,11]/[5,11], [5,11]/[11,11], [11,17]/[5,11], [5,11]/[11,17], [17,13]/[5,11], [5,11]/[17,13], [17,19]/[5,11], [5,11]/[17,19], [17,11]/[5,11], [5,11]/[17,11], [17,17]/[5,11], [5,11]/[17,17], [5,11]/2₀, 2₀/[5,11], [5,11]/2₁, 2₁/[5,11], [5,11]/3₀, 3₀/[5,11], [5,11]/3₁, 3₁/[5,11], [5,11]/5₁, 5₁/[5,11], [5,11]/7₁, 7₁/[5,11], 1/[5,11], [7,19]/[5,17], [5,17]/[7,19], [7,17]/[5,17], [5,17]/[7,17], [13,19]/[5,17], [5,17]/[13,19], [13,17]/[5,17], [5,17]/[13,17], [19,17]/[5,17], [5,17]/[19,17], [11,19]/[5,17], [5,17]/[11,19], [11,17]/[5,17], [5,17]/[11,17], [17,19]/[5,17], [5,17]/[17,19], [17,17]/[5,17], [5,17]/[17,17], [5,17]/2₀, 2₀/[5,17], [5,17]/2₁, 2₁/[5,17], [5,17]/3₀, 3₀/[5,17], [5,17]/3₁, 3₁/[5,17], [5,17]/5₁, 5₁/[5,17], [5,17]/7₁, 7₁/[5,17], [5,17]/13₁, 13₁/[5,17], [5,17]/11₁, 11₁/[5,17], 1/[5,17], [7,3]/[7,2], [7,2]/[7,3], [7,5]/[7,2], [7,2]/[7,5], [7,7]/[7,2], [7,2]/[7,7], [7,13]/[7,2], [7,2]/[7,13], [7,19]/[7,2], [7,2]/[7,19], [7,11]/[7,2], [7,2]/[7,11], [7,17]/[7,2], [7,2]/[7,17], [13,2]/[7,2], [7,2]/[13,2], [13,3]/[7,2], [7,2]/[13,3], [13,5]/[7,2], [7,2]/[13,5], [13,7]/[7,2], [7,2]/[13,7], [13,13]/[7,2], [7,2]/[13,13], [13,19]/[7,2], [7,2]/[13,19], [13,11]/[7,2], [7,2]/[13,11], [13,17]/[7,2], [7,2]/[13,17], [19,2]/[7,2], [7,2]/[19,2], [19,3]/[7,2], [7,2]/[19,3], [19,5]/[7,2], [7,2]/[19,5], [19,7]/[7,2], [7,2]/[19,7], [19,13]/[7,2], [7,2]/[19,13], [19,11]/[7,2], [7,2]/[19,11], [19,17]/[7,2], [7,2]/[19,17], [11,2]/[7,2], [7,2]/[11,2], [11,3]/[7,2], [7,2]/[11,3], [11,5]/[7,2], [7,2]/[11,5], [11,7]/[7,2], [7,2]/[11,7], [11,13]/[7,2], [7,2]/[11,13], [11,19]/[7,2], [7,2]/[11,19], [11,11]/[7,2], [7,2]/[11,11], [11,17]/[7,2], [7,2]/[11,17], [17,2]/[7,2], [7,2]/[17,2], [17,3]/[7,2], [7,2]/[17,3], [17,5]/[7,2], [7,2]/[17,5], [17,7]/[7,2], [7,2]/[17,7], [17,13]/[7,2], [7,2]/[17,13], [17,19]/[7,2], [7,2]/[17,19], [17,11]/[7,2], [7,2]/[17,11], [17,17]/[7,2], [7,2]/[17,17], [7,2]/2₀, 2₀/[7,2], [[7,2]/2₁, [7,3]/3₁, [7,5]/5₁, [7,7]/7₁, [7,13]/13₁, [7,19]/19₁, [7,11]/11₁, [7,17]/17₁], [2₁/[7,2], 3₁/[7,3], 5₁/[7,5], 7₁/[7,7], 13₁/[7,13], 19₁/[7,19], 11₁/[7,11], 17₁/[7,17], 1/7₀], [7,2]/3₀, 3₀/[7,2], [7,2]/5₀, 5₀/[7,2], 1/[7,2], [7,5]/[7,3], [7,3]/[7,5], [7,7]/[7,3], [7,3]/[7,7], [7,13]/[7,3], [7,3]/[7,13], [7,19]/[7,3], [7,3]/[7,19], [7,11]/[7,3], [7,3]/[7,11], [7,17]/[7,3], [7,3]/[7,17], [13,3]/[7,3], [7,3]/[13,3], [13,5]/[7,3], [7,3]/[13,5], [13,7]/[7,3], [7,3]/[13,7], [13,13]/[7,3], [7,3]/[13,13], [13,19]/[7,3], [7,3]/[13,19], [13,11]/[7,3], [7,3]/[13,11], [13,17]/[7,3], [7,3]/[13,17], [19,3]/[7,3], [7,3]/[19,3], [19,5]/[7,3], [7,3]/[19,5], [19,7]/[7,3], [7,3]/[19,7], [19,13]/[7,3], [7,3]/[19,13], [19,11]/[7,3], [7,3]/[19,11], [19,17]/[7,3], [7,3]/[19,17], [11,3]/[7,3], [7,3]/[11,3], [11,5]/[7,3], [7,3]/[11,5], [11,7]/[7,3], [7,3]/[11,7], [11,13]/[7,3], [7,3]/[11,13], [11,19]/[7,3], [7,3]/[11,19], [11,11]/[7,3], [7,3]/[11,11], [11,17]/[7,3], [7,3]/[11,17], [17,3]/[7,3], [7,3]/[17,3], [17,5]/[7,3], [7,3]/[17,5], [17,7]/[7,3], [7,3]/[17,7], [17,13]/[7,3], [7,3]/[17,13], [17,19]/[7,3], [7,3]/[17,19], [17,11]/[7,3], [7,3]/[17,11], [17,17]/[7,3], [7,3]/[17,17], [7,3]/2₀, 2₀/[7,3], [7,3]/2₁, 2₁/[7,3], [7,3]/3₀, 3₀/[7,3], [7,3]/5₀, 5₀/[7,3], 1/[7,3], [7,7]/[7,5], [7,5]/[7,7], [7,13]/[7,5], [7,5]/[7,13], [7,19]/[7,5], [7,5]/[7,19], [7,11]/[7,5], [7,5]/[7,11], [7,17]/[7,5], [7,5]/[7,17], [13,5]/[7,5], [7,5]/[13,5], [13,7]/[7,5], [7,5]/[13,7], [13,13]/[7,5], [7,5]/[13,13], [13,19]/[7,5], [7,5]/[13,19], [13,11]/[7,5], [7,5]/[13,11], [13,17]/[7,5], [7,5]/[13,17], [19,5]/[7,5], [7,5]/[19,5], [19,7]/[7,5], [7,5]/[19,7], [19,13]/[7,5], [7,5]/[19,13], [19,11]/[7,5], [7,5]/[19,11], [19,17]/[7,5], [7,5]/[19,17], [11,5]/[7,5], [7,5]/[11,5], [11,7]/[7,5], [7,5]/[11,7], [11,13]/[7,5], [7,5]/[11,13], [11,19]/[7,5], [7,5]/[11,19], [11,11]/[7,5], [7,5]/[11,11], [11,17]/[7,5], [7,5]/[11,17], [17,5]/[7,5], [7,5]/[17,5], [17,7]/[7,5], [7,5]/[17,7], [17,13]/[7,5], [7,5]/[17,13], [17,19]/[7,5], [7,5]/[17,19], [17,11]/[7,5], [7,5]/[17,11], [17,17]/[7,5], [7,5]/[17,17], [7,5]/2₀, 2₀/[7,5], [7,5]/2₁, 2₁/[7,5], [7,5]/3₀, 3₀/[7,5], [7,5]/3₁, 3₁/[7,5], [7,5]/5₀, 5₀/[7,5], 1/[7,5], [7,13]/[7,7], [7,7]/[7,13], [7,19]/[7,7], [7,7]/[7,19], [7,11]/[7,7], [7,7]/[7,11], [7,17]/[7,7], [7,7]/[7,17], [13,7]/[7,7], [7,7]/[13,7], [13,13]/[7,7], [7,7]/[13,13], [13,19]/[7,7], [7,7]/[13,19], [13,11]/[7,7], [7,7]/[13,11], [13,17]/[7,7], [7,7]/[13,17], [19,7]/[7,7], [7,7]/[19,7], [19,13]/[7,7], [7,7]/[19,13], [19,11]/[7,7], [7,7]/[19,11], [19,17]/[7,7], [7,7]/[19,17], [11,7]/[7,7], [7,7]/[11,7], [11,13]/[7,7], [7,7]/[11,13], [11,19]/[7,7], [7,7]/[11,19], [11,11]/[7,7], [7,7]/[11,11], [11,17]/[7,7], [7,7]/[11,17], [17,7]/[7,7], [7,7]/[17,7], [17,13]/[7,7], [7,7]/[17,13], [17,19]/[7,7], [7,7]/[17,19], [17,11]/[7,7], [7,7]/[17,11], [17,17]/[7,7], [7,7]/[17,17], [7,7]/2₀, 2₀/[7,7], [7,7]/2₁, 2₁/[7,7], [7,7]/3₀, 3₀/[7,7], [7,7]/3₁, 3₁/[7,7], [7,7]/5₀, 5₀/[7,7], [7,7]/5₁, 5₁/[7,7], 1/[7,7], [7,19]/[7,13], [7,13]/[7,19], [7,13]/[7,11], [7,11]/[7,13], [7,17]/[7,13], [7,13]/[7,17], [13,13]/[7,13], [7,13]/[13,13], [13,19]/[7,13], [7,13]/[13,19], [13,17]/[7,13], [7,13]/[13,17], [19,13]/[7,13], [7,13]/[19,13], [19,17]/[7,13], [7,13]/[19,17], [11,13]/[7,13], [7,13]/[11,13], [11,19]/[7,13], [7,13]/[11,19], [11,17]/[7,13], [7,13]/[11,17], [17,13]/[7,13], [7,13]/[17,13], [17,19]/[7,13], [7,13]/[17,19], [17,17]/[7,13], [7,13]/[17,17], [7,13]/2₀, 2₀/[7,13], [7,13]/2₁, 2₁/[7,13], [7,13]/3₀, 3₀/[7,13], [7,13]/3₁, 3₁/[7,13], [7,13]/5₀, 5₀/[7,13], [7,13]/5₁, 5₁/[7,13], [7,13]/7₁, 7₁/[7,13], [7,13]/11₁, 11₁/[7,13], 1/[7,13], [7,19]/[7,11], [7,11]/[7,19], [7,19]/[7,17], [7,17]/[7,19], [13,19]/[7,19], [7,19]/[13,19], [11,19]/[7,19], [7,19]/[11,19], [17,19]/[7,19], [7,19]/[17,19], [7,19]/2₀, 2₀/[7,19], [7,19]/2₁, 2₁/[7,19], [7,19]/3₀, 3₀/[7,19], [7,19]/3₁, 3₁/[7,19], [7,19]/5₀, 5₀/[7,19], [7,19]/5₁, 5₁/[7,19], [7,19]/7₁, 7₁/[7,19], [7,19]/13₁, 13₁/[7,19], [7,19]/11₁, 11₁/[7,19], [7,19]/17₁, 17₁/[7,19], 1/[7,19], [7,17]/[7,11], [7,11]/[7,17], [13,13]/[7,11], [7,11]/[13,13], [13,19]/[7,11], [7,11]/[13,19], [13,11]/[7,11], [7,11]/[13,11], [13,17]/[7,11], [7,11]/[13,17], [19,13]/[7,11], [7,11]/[19,13], [19,11]/[7,11], [7,11]/[19,11], [19,17]/[7,11], [7,11]/[19,17], [11,13]/[7,11], [7,11]/[11,13], [11,19]/[7,11], [7,11]/[11,19], [11,11]/[7,11], [7,11]/[11,11], [11,17]/[7,11], [7,11]/[11,17], [17,13]/[7,11], [7,11]/[17,13], [17,19]/[7,11], [7,11]/[17,19], [17,11]/[7,11], [7,11]/[17,11], [17,17]/[7,11], [7,11]/[17,17], [7,11]/2₀, 2₀/[7,11], [7,11]/2₁, 2₁/[7,11], [7,11]/3₀, 3₀/[7,11], [7,11]/3₁, 3₁/[7,11], [7,11]/5₀, 5₀/[7,11], [7,11]/5₁, 5₁/[7,11], [7,11]/7₁, 7₁/[7,11], 1/[7,11], [13,19]/[7,17], [7,17]/[13,19], [13,17]/[7,17], [7,17]/[13,17], [19,17]/[7,17], [7,17]/[19,17], [11,19]/[7,17], [7,17]/[11,19], [11,17]/[7,17], [7,17]/[11,17], [17,19]/[7,17], [7,17]/[17,19], [17,17]/[7,17], [7,17]/[17,17], [7,17]/2₀, 2₀/[7,17], [7,17]/2₁, 2₁/[7,17], [7,17]/3₀, 3₀/[7,17], [7,17]/3₁, 3₁/[7,17], [7,17]/5₀, 5₀/[7,17], [7,17]/5₁, 5₁/[7,17], [7,17]/7₁, 7₁/[7,17], [7,17]/13₁, 13₁/[7,17], [7,17]/11₁, 11₁/[7,17], 1/[7,17], [13,3]/[13,2], [13,2]/[13,3], [13,5]/[13,2], [13,2]/[13,5], [13,7]/[13,2], [13,2]/[13,7], [13,13]/[13,2], [13,2]/[13,13], [13,19]/[13,2], [13,2]/[13,19], [13,11]/[13,2], [13,2]/[13,11], [13,17]/[13,2], [13,2]/[13,17], [19,2]/[13,2], [13,2]/[19,2], [19,3]/[13,2], [13,2]/[19,3], [19,5]/[13,2], [13,2]/[19,5], [19,7]/[13,2], [13,2]/[19,7], [19,13]/[13,2], [13,2]/[19,13], [19,11]/[13,2], [13,2]/[19,11], [19,17]/[13,2], [13,2]/[19,17], [13,2]/[11,2], [11,2]/[13,2], [17,2]/[13,2], [13,2]/[17,2], [17,3]/[13,2], [13,2]/[17,3], [17,5]/[13,2], [13,2]/[17,5], [17,7]/[13,2], [13,2]/[17,7], [17,13]/[13,2], [13,2]/[17,13], [17,19]/[13,2], [13,2]/[17,19], [17,11]/[13,2], [13,2]/[17,11], [17,17]/[13,2], [13,2]/[17,17], [13,2]/2₀, 2₀/[13,2], [[13,2]/2₁, [13,3]/3₁, [13,5]/5₁, [13,7]/7₁, [13,13]/13₁, [13,19]/19₁, [13,11]/11₁, [13,17]/17₁], [2₁/[13,2], 3₁/[13,3], 5₁/[13,5], 7₁/[13,7], 13₁/[13,13], 19₁/[13,19], 11₁/[13,11], 17₁/[13,17], 1/13₀], [13,2]/3₀, 3₀/[13,2], [13,2]/5₀, 5₀/[13,2], [13,2]/7₀, 7₀/[13,2], [13,2]/11₀, 11₀/[13,2], 1/[13,2], [13,5]/[13,3], [13,3]/[13,5], [13,7]/[13,3], [13,3]/[13,7], [13,13]/[13,3], [13,3]/[13,13], [13,19]/[13,3], [13,3]/[13,19], [13,11]/[13,3], [13,3]/[13,11], [13,17]/[13,3], [13,3]/[13,17], [19,3]/[13,3], [13,3]/[19,3], [19,5]/[13,3], [13,3]/[19,5], [19,7]/[13,3], [13,3]/[19,7], [19,13]/[13,3], [13,3]/[19,13], [19,11]/[13,3], [13,3]/[19,11], [19,17]/[13,3], [13,3]/[19,17], [13,3]/[11,2], [11,2]/[13,3], [13,3]/[11,3], [11,3]/[13,3], [17,3]/[13,3], [13,3]/[17,3], [17,5]/[13,3], [13,3]/[17,5], [17,7]/[13,3], [13,3]/[17,7], [17,13]/[13,3], [13,3]/[17,13], [17,19]/[13,3], [13,3]/[17,19], [17,11]/[13,3], [13,3]/[17,11], [17,17]/[13,3], [13,3]/[17,17], [13,3]/2₀, 2₀/[13,3], [13,3]/2₁, 2₁/[13,3], [13,3]/3₀, 3₀/[13,3], [13,3]/5₀, 5₀/[13,3], [13,3]/7₀, 7₀/[13,3], [13,3]/11₀, 11₀/[13,3], 1/[13,3], [13,7]/[13,5], [13,5]/[13,7], [13,13]/[13,5], [13,5]/[13,13], [13,19]/[13,5], [13,5]/[13,19], [13,11]/[13,5], [13,5]/[13,11], [13,17]/[13,5], [13,5]/[13,17], [19,5]/[13,5], [13,5]/[19,5], [19,7]/[13,5], [13,5]/[19,7], [19,13]/[13,5], [13,5]/[19,13], [19,11]/[13,5], [13,5]/[19,11], [19,17]/[13,5], [13,5]/[19,17], [13,5]/[11,2], [11,2]/[13,5], [13,5]/[11,3], [11,3]/[13,5], [13,5]/[11,5], [11,5]/[13,5], [17,5]/[13,5], [13,5]/[17,5], [17,7]/[13,5], [13,5]/[17,7], [17,13]/[13,5], [13,5]/[17,13], [17,19]/[13,5], [13,5]/[17,19], [17,11]/[13,5], [13,5]/[17,11], [17,17]/[13,5], [13,5]/[17,17], [13,5]/2₀, 2₀/[13,5], [13,5]/2₁, 2₁/[13,5], [13,5]/3₀, 3₀/[13,5], [13,5]/3₁, 3₁/[13,5], [13,5]/5₀, 5₀/[13,5], [13,5]/7₀, 7₀/[13,5], [13,5]/11₀, 11₀/[13,5], 1/[13,5], [13,13]/[13,7], [13,7]/[13,13], [13,19]/[13,7], [13,7]/[13,19], [13,11]/[13,7], [13,7]/[13,11], [13,17]/[13,7], [13,7]/[13,17], [19,7]/[13,7], [13,7]/[19,7], [19,13]/[13,7], [13,7]/[19,13], [19,11]/[13,7], [13,7]/[19,11], [19,17]/[13,7], [13,7]/[19,17], [13,7]/[11,2], [11,2]/[13,7], [13,7]/[11,3], [11,3]/[13,7], [13,7]/[11,5], [11,5]/[13,7], [13,7]/[11,7], [11,7]/[13,7], [17,7]/[13,7], [13,7]/[17,7], [17,13]/[13,7], [13,7]/[17,13], [17,19]/[13,7], [13,7]/[17,19], [17,11]/[13,7], [13,7]/[17,11], [17,17]/[13,7], [13,7]/[17,17], [13,7]/2₀, 2₀/[13,7], [13,7]/2₁, 2₁/[13,7], [13,7]/3₀, 3₀/[13,7], [13,7]/3₁, 3₁/[13,7], [13,7]/5₀, 5₀/[13,7], [13,7]/5₁, 5₁/[13,7], [13,7]/7₀, 7₀/[13,7], [13,7]/11₀, 11₀/[13,7], 1/[13,7], [13,19]/[13,13], [13,13]/[13,19], [13,13]/[13,11], [13,11]/[13,13], [13,17]/[13,13], [13,13]/[13,17], [19,13]/[13,13], [13,13]/[19,13], [19,17]/[13,13], [13,13]/[19,17], [13,13]/[11,2], [11,2]/[13,13], [13,13]/[11,3], [11,3]/[13,13], [13,13]/[11,5], [11,5]/[13,13], [13,13]/[11,7], [11,7]/[13,13], [13,13]/[11,13], [11,13]/[13,13], [13,13]/[11,11], [11,11]/[13,13], [17,13]/[13,13], [13,13]/[17,13], [17,19]/[13,13], [13,13]/[17,19], [17,17]/[13,13], [13,13]/[17,17], [13,13]/2₀, 2₀/[13,13], [13,13]/2₁, 2₁/[13,13], [13,13]/3₀, 3₀/[13,13], [13,13]/3₁, 3₁/[13,13], [13,13]/5₀, 5₀/[13,13], [13,13]/5₁, 5₁/[13,13], [13,13]/7₀, 7₀/[13,13], [13,13]/7₁, 7₁/[13,13], [13,13]/11₀, 11₀/[13,13], [13,13]/11₁, 11₁/[13,13], 1/[13,13], [13,19]/[13,11], [13,11]/[13,19], [13,19]/[13,17], [13,17]/[13,19], [13,19]/[11,2], [11,2]/[13,19], [13,19]/[11,3], [11,3]/[13,19], [13,19]/[11,5], [11,5]/[13,19], [13,19]/[11,7], [11,7]/[13,19], [13,19]/[11,13], [11,13]/[13,19], [13,19]/[11,19], [11,19]/[13,19], [13,19]/[11,11], [11,11]/[13,19], [13,19]/[11,17], [11,17]/[13,19], [17,19]/[13,19], [13,19]/[17,19], [13,19]/2₀, 2₀/[13,19], [13,19]/2₁, 2₁/[13,19], [13,19]/3₀, 3₀/[13,19], [13,19]/3₁, 3₁/[13,19], [13,19]/5₀, 5₀/[13,19], [13,19]/5₁, 5₁/[13,19], [13,19]/7₀, 7₀/[13,19], [13,19]/7₁, 7₁/[13,19], [13,19]/13₁, 13₁/[13,19], [13,19]/11₀, 11₀/[13,19], [13,19]/11₁, 11₁/[13,19], [13,19]/17₁, 17₁/[13,19], 1/[13,19], [13,17]/[13,11], [13,11]/[13,17], [19,13]/[13,11], [13,11]/[19,13], [19,11]/[13,11], [13,11]/[19,11], [19,17]/[13,11], [13,11]/[19,17], [13,11]/[11,2], [11,2]/[13,11], [13,11]/[11,3], [11,3]/[13,11], [13,11]/[11,5], [11,5]/[13,11], [13,11]/[11,7], [11,7]/[13,11], [13,11]/[11,11], [11,11]/[13,11], [17,13]/[13,11], [13,11]/[17,13], [17,19]/[13,11], [13,11]/[17,19], [17,11]/[13,11], [13,11]/[17,11], [17,17]/[13,11], [13,11]/[17,17], [13,11]/2₀, 2₀/[13,11], [13,11]/2₁, 2₁/[13,11], [13,11]/3₀, 3₀/[13,11], [13,11]/3₁, 3₁/[13,11], [13,11]/5₀, 5₀/[13,11], [13,11]/5₁, 5₁/[13,11], [13,11]/7₀, 7₀/[13,11], [13,11]/7₁, 7₁/[13,11], [13,11]/11₀, 11₀/[13,11], 1/[13,11], [19,17]/[13,17], [13,17]/[19,17], [13,17]/[11,2], [11,2]/[13,17], [13,17]/[11,3], [11,3]/[13,17], [13,17]/[11,5], [11,5]/[13,17], [13,17]/[11,7], [11,7]/[13,17], [13,17]/[11,13], [11,13]/[13,17], [13,17]/[11,11], [11,11]/[13,17], [13,17]/[11,17], [11,17]/[13,17], [17,19]/[13,17], [13,17]/[17,19], [17,17]/[13,17], [13,17]/[17,17], [13,17]/2₀, 2₀/[13,17], [13,17]/2₁, 2₁/[13,17], [13,17]/3₀, 3₀/[13,17], [13,17]/3₁, 3₁/[13,17], [13,17]/5₀, 5₀/[13,17], [13,17]/5₁, 5₁/[13,17], [13,17]/7₀, 7₀/[13,17], [13,17]/7₁, 7₁/[13,17], [13,17]/13₁, 13₁/[13,17], [13,17]/11₀, 11₀/[13,17], [13,17]/11₁, 11₁/[13,17], 1/[13,17], [19,3]/[19,2], [19,2]/[19,3], [19,5]/[19,2], [19,2]/[19,5], [19,7]/[19,2], [19,2]/[19,7], [19,13]/[19,2], [19,2]/[19,13], [19,11]/[19,2], [19,2]/[19,11], [19,17]/[19,2], [19,2]/[19,17], [19,2]/[11,2], [11,2]/[19,2], [19,2]/[17,2], [17,2]/[19,2], [19,2]/2₀, 2₀/[19,2], [19,2]/3₀, 3₀/[19,2], [19,2]/5₀, 5₀/[19,2], [19,2]/7₀, 7₀/[19,2], [19,2]/13₀, 13₀/[19,2], [19,2]/11₀, 11₀/[19,2], [19,2]/17₀, 17₀/[19,2], 1/[19,2], [19,5]/[19,3], [19,3]/[19,5], [19,7]/[19,3], [19,3]/[19,7], [19,13]/[19,3], [19,3]/[19,13], [19,11]/[19,3], [19,3]/[19,11], [19,17]/[19,3], [19,3]/[19,17], [19,3]/[11,2], [11,2]/[19,3], [19,3]/[11,3], [11,3]/[19,3], [19,3]/[17,2], [17,2]/[19,3], [19,3]/[17,3], [17,3]/[19,3], [19,3]/2₀, 2₀/[19,3], [19,3]/2₁, 2₁/[19,3], [19,3]/3₀, 3₀/[19,3], [19,3]/5₀, 5₀/[19,3], [19,3]/7₀, 7₀/[19,3], [19,3]/13₀, 13₀/[19,3], [19,3]/11₀, 11₀/[19,3], [19,3]/17₀, 17₀/[19,3], 1/[19,3], [19,7]/[19,5], [19,5]/[19,7], [19,13]/[19,5], [19,5]/[19,13], [19,11]/[19,5], [19,5]/[19,11], [19,17]/[19,5], [19,5]/[19,17], [19,5]/[11,2], [11,2]/[19,5], [19,5]/[11,3], [11,3]/[19,5], [19,5]/[11,5], [11,5]/[19,5], [19,5]/[17,2], [17,2]/[19,5], [19,5]/[17,3], [17,3]/[19,5], [19,5]/[17,5], [17,5]/[19,5], [19,5]/2₀, 2₀/[19,5], [19,5]/2₁, 2₁/[19,5], [19,5]/3₀, 3₀/[19,5], [19,5]/3₁, 3₁/[19,5], [19,5]/5₀, 5₀/[19,5], [19,5]/7₀, 7₀/[19,5], [19,5]/13₀, 13₀/[19,5], [19,5]/11₀, 11₀/[19,5], [19,5]/17₀, 17₀/[19,5], 1/[19,5], [19,13]/[19,7], [19,7]/[19,13], [19,11]/[19,7], [19,7]/[19,11], [19,17]/[19,7], [19,7]/[19,17], [19,7]/[11,2], [11,2]/[19,7], [19,7]/[11,3], [11,3]/[19,7], [19,7]/[11,5], [11,5]/[19,7], [19,7]/[11,7], [11,7]/[19,7], [19,7]/[17,2], [17,2]/[19,7], [19,7]/[17,3], [17,3]/[19,7], [19,7]/[17,5], [17,5]/[19,7], [19,7]/[17,7], [17,7]/[19,7], [19,7]/2₀, 2₀/[19,7], [19,7]/2₁, 2₁/[19,7], [19,7]/3₀, 3₀/[19,7], [19,7]/3₁, 3₁/[19,7], [19,7]/5₀, 5₀/[19,7], [19,7]/5₁, 5₁/[19,7], [19,7]/7₀, 7₀/[19,7], [19,7]/13₀, 13₀/[19,7], [19,7]/11₀, 11₀/[19,7], [19,7]/17₀, 17₀/[19,7], 1/[19,7], [19,13]/[19,11], [19,11]/[19,13], [19,17]/[19,13], [19,13]/[19,17], [19,13]/[11,2], [11,2]/[19,13], [19,13]/[11,3], [11,3]/[19,13], [19,13]/[11,5], [11,5]/[19,13], [19,13]/[11,7], [11,7]/[19,13], [19,13]/[11,13], [11,13]/[19,13], [19,13]/[11,11], [11,11]/[19,13], [19,13]/[17,2], [17,2]/[19,13], [19,13]/[17,3], [17,3]/[19,13], [19,13]/[17,5], [17,5]/[19,13], [19,13]/[17,7], [17,7]/[19,13], [19,13]/[17,13], [17,13]/[19,13], [19,13]/[17,11], [17,11]/[19,13], [19,13]/2₀, 2₀/[19,13], [19,13]/2₁, 2₁/[19,13], [19,13]/3₀, 3₀/[19,13], [19,13]/3₁, 3₁/[19,13], [19,13]/5₀, 5₀/[19,13], [19,13]/5₁, 5₁/[19,13], [19,13]/7₀, 7₀/[19,13], [19,13]/7₁, 7₁/[19,13], [19,13]/13₀, 13₀/[19,13], [19,13]/11₀, 11₀/[19,13], [19,13]/11₁, 11₁/[19,13], [19,13]/17₀, 17₀/[19,13], 1/[19,13], [19,17]/[19,11], [19,11]/[19,17], [19,11]/[11,2], [11,2]/[19,11], [19,11]/[11,3], [11,3]/[19,11], [19,11]/[11,5], [11,5]/[19,11], [19,11]/[11,7], [11,7]/[19,11], [19,11]/[11,11], [11,11]/[19,11], [19,11]/[17,2], [17,2]/[19,11], [19,11]/[17,3], [17,3]/[19,11], [19,11]/[17,5], [17,5]/[19,11], [19,11]/[17,7], [17,7]/[19,11], [19,11]/[17,11], [17,11]/[19,11], [19,11]/2₀, 2₀/[19,11], [19,11]/2₁, 2₁/[19,11], [19,11]/3₀, 3₀/[19,11], [19,11]/3₁, 3₁/[19,11], [19,11]/5₀, 5₀/[19,11], [19,11]/5₁, 5₁/[19,11], [19,11]/7₀, 7₀/[19,11], [19,11]/7₁, 7₁/[19,11], [19,11]/13₀, 13₀/[19,11], [19,11]/11₀, 11₀/[19,11], [19,11]/17₀, 17₀/[19,11], 1/[19,11], [19,17]/[11,2], [11,2]/[19,17], [19,17]/[11,3], [11,3]/[19,17], [19,17]/[11,5], [11,5]/[19,17], [19,17]/[11,7], [11,7]/[19,17], [19,17]/[11,13], [11,13]/[19,17], [19,17]/[11,11], [11,11]/[19,17], [19,17]/[11,17], [11,17]/[19,17], [19,17]/[17,2], [17,2]/[19,17], [19,17]/[17,3], [17,3]/[19,17], [19,17]/[17,5], [17,5]/[19,17], [19,17]/[17,7], [17,7]/[19,17], [19,17]/[17,13], [17,13]/[19,17], [19,17]/[17,11], [17,11]/[19,17], [19,17]/[17,17], [17,17]/[19,17], [19,17]/2₀, 2₀/[19,17], [19,17]/2₁, 2₁/[19,17], [19,17]/3₀, 3₀/[19,17], [19,17]/3₁, 3₁/[19,17], [19,17]/5₀, 5₀/[19,17], [19,17]/5₁, 5₁/[19,17], [19,17]/7₀, 7₀/[19,17], [19,17]/7₁, 7₁/[19,17], [19,17]/13₀, 13₀/[19,17], [19,17]/13₁, 13₁/[19,17], [19,17]/11₀, 11₀/[19,17], [19,17]/11₁, 11₁/[19,17], [19,17]/17₀, 17₀/[19,17], 1/[19,17], [11,3]/[11,2], [11,2]/[11,3], [11,5]/[11,2], [11,2]/[11,5], [11,7]/[11,2], [11,2]/[11,7], [11,13]/[11,2], [11,2]/[11,13], [11,19]/[11,2], [11,2]/[11,19], [11,11]/[11,2], [11,2]/[11,11], [11,17]/[11,2], [11,2]/[11,17], [17,2]/[11,2], [11,2]/[17,2], [17,3]/[11,2], [11,2]/[17,3], [17,5]/[11,2], [11,2]/[17,5], [17,7]/[11,2], [11,2]/[17,7], [17,13]/[11,2], [11,2]/[17,13], [17,19]/[11,2], [11,2]/[17,19], [17,11]/[11,2], [11,2]/[17,11], [17,17]/[11,2], [11,2]/[17,17], [11,2]/2₀, 2₀/[11,2], [[11,2]/2₁, [11,3]/3₁, [11,5]/5₁, [11,7]/7₁, [11,13]/13₁, [11,19]/19₁, [11,11]/11₁, [11,17]/17₁], [2₁/[11,2], 3₁/[11,3], 5₁/[11,5], 7₁/[11,7], 13₁/[11,13], 19₁/[11,19], 11₁/[11,11], 17₁/[11,17], 1/11₀], [11,2]/3₀, 3₀/[11,2], [11,2]/5₀, 5₀/[11,2], [11,2]/7₀, 7₀/[11,2], 1/[11,2], [11,5]/[11,3], [11,3]/[11,5], [11,7]/[11,3], [11,3]/[11,7], [11,13]/[11,3], [11,3]/[11,13], [11,19]/[11,3], [11,3]/[11,19], [11,11]/[11,3], [11,3]/[11,11], [11,17]/[11,3], [11,3]/[11,17], [17,3]/[11,3], [11,3]/[17,3], [17,5]/[11,3], [11,3]/[17,5], [17,7]/[11,3], [11,3]/[17,7], [17,13]/[11,3], [11,3]/[17,13], [17,19]/[11,3], [11,3]/[17,19], [17,11]/[11,3], [11,3]/[17,11], [17,17]/[11,3], [11,3]/[17,17], [11,3]/2₀, 2₀/[11,3], [11,3]/2₁, 2₁/[11,3], [11,3]/3₀, 3₀/[11,3], [11,3]/5₀, 5₀/[11,3], [11,3]/7₀, 7₀/[11,3], 1/[11,3], [11,7]/[11,5], [11,5]/[11,7], [11,13]/[11,5], [11,5]/[11,13], [11,19]/[11,5], [11,5]/[11,19], [11,11]/[11,5], [11,5]/[11,11], [11,17]/[11,5], [11,5]/[11,17], [17,5]/[11,5], [11,5]/[17,5], [17,7]/[11,5], [11,5]/[17,7], [17,13]/[11,5], [11,5]/[17,13], [17,19]/[11,5], [11,5]/[17,19], [17,11]/[11,5], [11,5]/[17,11], [17,17]/[11,5], [11,5]/[17,17], [11,5]/2₀, 2₀/[11,5], [11,5]/2₁, 2₁/[11,5], [11,5]/3₀, 3₀/[11,5], [11,5]/3₁, 3₁/[11,5], [11,5]/5₀, 5₀/[11,5], [11,5]/7₀, 7₀/[11,5], 1/[11,5], [11,13]/[11,7], [11,7]/[11,13], [11,19]/[11,7], [11,7]/[11,19], [11,11]/[11,7], [11,7]/[11,11], [11,17]/[11,7], [11,7]/[11,17], [17,7]/[11,7], [11,7]/[17,7], [17,13]/[11,7], [11,7]/[17,13], [17,19]/[11,7], [11,7]/[17,19], [17,11]/[11,7], [11,7]/[17,11], [17,17]/[11,7], [11,7]/[17,17], [11,7]/2₀, 2₀/[11,7], [11,7]/2₁, 2₁/[11,7], [11,7]/3₀, 3₀/[11,7], [11,7]/3₁, 3₁/[11,7], [11,7]/5₀, 5₀/[11,7], [11,7]/5₁, 5₁/[11,7], [11,7]/7₀, 7₀/[11,7], 1/[11,7], [11,19]/[11,13], [11,13]/[11,19], [11,13]/[11,11], [11,11]/[11,13], [11,17]/[11,13], [11,13]/[11,17], [17,13]/[11,13], [11,13]/[17,13], [17,19]/[11,13], [11,13]/[17,19], [17,17]/[11,13], [11,13]/[17,17], [11,13]/2₀, 2₀/[11,13], [11,13]/2₁, 2₁/[11,13], [11,13]/3₀, 3₀/[11,13], [11,13]/3₁, 3₁/[11,13], [11,13]/5₀, 5₀/[11,13], [11,13]/5₁, 5₁/[11,13], [11,13]/7₀, 7₀/[11,13], [11,13]/7₁, 7₁/[11,13], [11,13]/11₁, 11₁/[11,13], 1/[11,13], [11,19]/[11,11], [11,11]/[11,19], [11,19]/[11,17], [11,17]/[11,19], [17,19]/[11,19], [11,19]/[17,19], [11,19]/2₀, 2₀/[11,19], [11,19]/2₁, 2₁/[11,19], [11,19]/3₀, 3₀/[11,19], [11,19]/3₁, 3₁/[11,19], [11,19]/5₀, 5₀/[11,19], [11,19]/5₁, 5₁/[11,19], [11,19]/7₀, 7₀/[11,19], [11,19]/7₁, 7₁/[11,19], [11,19]/13₁, 13₁/[11,19], [11,19]/11₁, 11₁/[11,19], [11,19]/17₁, 17₁/[11,19], 1/[11,19], [11,17]/[11,11], [11,11]/[11,17], [17,13]/[11,11], [11,11]/[17,13], [17,19]/[11,11], [11,11]/[17,19], [17,11]/[11,11], [11,11]/[17,11], [17,17]/[11,11], [11,11]/[17,17], [11,11]/2₀, 2₀/[11,11], [11,11]/2₁, 2₁/[11,11], [11,11]/3₀, 3₀/[11,11], [11,11]/3₁, 3₁/[11,11], [11,11]/5₀, 5₀/[11,11], [11,11]/5₁, 5₁/[11,11], [11,11]/7₀, 7₀/[11,11], [11,11]/7₁, 7₁/[11,11], 1/[11,11], [17,19]/[11,17], [11,17]/[17,19], [17,17]/[11,17], [11,17]/[17,17], [11,17]/2₀, 2₀/[11,17], [11,17]/2₁, 2₁/[11,17], [11,17]/3₀, 3₀/[11,17], [11,17]/3₁, 3₁/[11,17], [11,17]/5₀, 5₀/[11,17], [11,17]/5₁, 5₁/[11,17], [11,17]/7₀, 7₀/[11,17], [11,17]/7₁, 7₁/[11,17], [11,17]/13₁, 13₁/[11,17], [11,17]/11₁, 11₁/[11,17], 1/[11,17], [17,3]/[17,2], [17,2]/[17,3], [17,5]/[17,2], [17,2]/[17,5], [17,7]/[17,2], [17,2]/[17,7], [17,13]/[17,2], [17,2]/[17,13], [17,19]/[17,2], [17,2]/[17,19], [17,11]/[17,2], [17,2]/[17,11], [17,17]/[17,2], [17,2]/[17,17], [17,2]/2₀, 2₀/[17,2], [[17,2]/2₁, [17,3]/3₁, [17,5]/5₁, [17,7]/7₁, [17,13]/13₁, [17,19]/19₁, [17,11]/11₁, [17,17]/17₁], [2₁/[17,2], 3₁/[17,3], 5₁/[17,5], 7₁/[17,7], 13₁/[17,13], 19₁/[17,19], 11₁/[17,11], 17₁/[17,17], 1/17₀], [17,2]/3₀, 3₀/[17,2], [17,2]/5₀, 5₀/[17,2], [17,2]/7₀, 7₀/[17,2], [17,2]/13₀, 13₀/[17,2], [17,2]/11₀, 11₀/[17,2], 1/[17,2], [17,5]/[17,3], [17,3]/[17,5], [17,7]/[17,3], [17,3]/[17,7], [17,13]/[17,3], [17,3]/[17,13], [17,19]/[17,3], [17,3]/[17,19], [17,11]/[17,3], [17,3]/[17,11], [17,17]/[17,3], [17,3]/[17,17], [17,3]/2₀, 2₀/[17,3], [17,3]/2₁, 2₁/[17,3], [17,3]/3₀, 3₀/[17,3], [17,3]/5₀, 5₀/[17,3], [17,3]/7₀, 7₀/[17,3], [17,3]/13₀, 13₀/[17,3], [17,3]/11₀, 11₀/[17,3], 1/[17,3], [17,7]/[17,5], [17,5]/[17,7], [17,13]/[17,5], [17,5]/[17,13], [17,19]/[17,5], [17,5]/[17,19], [17,11]/[17,5], [17,5]/[17,11], [17,17]/[17,5], [17,5]/[17,17], [17,5]/2₀, 2₀/[17,5], [17,5]/2₁, 2₁/[17,5], [17,5]/3₀, 3₀/[17,5], [17,5]/3₁, 3₁/[17,5], [17,5]/5₀, 5₀/[17,5], [17,5]/7₀, 7₀/[17,5], [17,5]/13₀, 13₀/[17,5], [17,5]/11₀, 11₀/[17,5], 1/[17,5], [17,13]/[17,7], [17,7]/[17,13], [17,19]/[17,7], [17,7]/[17,19], [17,11]/[17,7], [17,7]/[17,11], [17,17]/[17,7], [17,7]/[17,17], [17,7]/2₀, 2₀/[17,7], [17,7]/2₁, 2₁/[17,7], [17,7]/3₀, 3₀/[17,7], [17,7]/3₁, 3₁/[17,7], [17,7]/5₀, 5₀/[17,7], [17,7]/5₁, 5₁/[17,7], [17,7]/7₀, 7₀/[17,7], [17,7]/13₀, 13₀/[17,7], [17,7]/11₀, 11₀/[17,7], 1/[17,7], [17,19]/[17,13], [17,13]/[17,19], [17,13]/[17,11], [17,11]/[17,13], [17,17]/[17,13], [17,13]/[17,17], [17,13]/2₀, 2₀/[17,13], [17,13]/2₁, 2₁/[17,13], [17,13]/3₀, 3₀/[17,13], [17,13]/3₁, 3₁/[17,13], [17,13]/5₀, 5₀/[17,13], [17,13]/5₁, 5₁/[17,13], [17,13]/7₀, 7₀/[17,13], [17,13]/7₁, 7₁/[17,13], [17,13]/13₀, 13₀/[17,13], [17,13]/11₀, 11₀/[17,13], [17,13]/11₁, 11₁/[17,13], 1/[17,13], [17,19]/[17,11], [17,11]/[17,19], [17,19]/[17,17], [17,17]/[17,19], [17,19]/2₀, 2₀/[17,19], [17,19]/2₁, 2₁/[17,19], [17,19]/3₀, 3₀/[17,19], [17,19]/3₁, 3₁/[17,19], [17,19]/5₀, 5₀/[17,19], [17,19]/5₁, 5₁/[17,19], [17,19]/7₀, 7₀/[17,19], [17,19]/7₁, 7₁/[17,19], [17,19]/13₀, 13₀/[17,19], [17,19]/13₁, 13₁/[17,19], [17,19]/11₀, 11₀/[17,19], [17,19]/11₁, 11₁/[17,19], [17,19]/17₁, 17₁/[17,19], 1/[17,19], [17,17]/[17,11], [17,11]/[17,17], [17,11]/2₀, 2₀/[17,11], [17,11]/2₁, 2₁/[17,11], [17,11]/3₀, 3₀/[17,11], [17,11]/3₁, 3₁/[17,11], [17,11]/5₀, 5₀/[17,11], [17,11]/5₁, 5₁/[17,11], [17,11]/7₀, 7₀/[17,11], [17,11]/7₁, 7₁/[17,11], [17,11]/13₀, 13₀/[17,11], [17,11]/11₀, 11₀/[17,11], 1/[17,11], [17,17]/2₀, 2₀/[17,17], [17,17]/2₁, 2₁/[17,17], [17,17]/3₀, 3₀/[17,17], [17,17]/3₁, 3₁/[17,17], [17,17]/5₀, 5₀/[17,17], [17,17]/5₁, 5₁/[17,17], [17,17]/7₀, 7₀/[17,17], [17,17]/7₁, 7₁/[17,17], [17,17]/13₀, 13₀/[17,17], [17,17]/13₁, 13₁/[17,17], [17,17]/11₀, 11₀/[17,17], [17,17]/11₁, 11₁/[17,17], 1/[17,17], 3₀/2₀, 2₀/3₀, 5₀/2₀, 2₀/5₀, 7₀/2₀, 2₀/7₀, 13₀/2₀, 2₀/13₀, 19₀/2₀, 2₀/19₀, 11₀/2₀, 2₀/11₀, 17₀/2₀, 2₀/17₀, 3₁/2₁, 2₁/3₁, 5₁/2₁, 2₁/5₁, 7₁/2₁, 2₁/7₁, 13₁/2₁, 2₁/13₁, 19₁/2₁, 2₁/19₁, 11₁/2₁, 2₁/11₁, 17₁/2₁, 2₁/17₁, 5₀/3₀, 3₀/5₀, 7₀/3₀, 3₀/7₀, 13₀/3₀, 3₀/13₀, 19₀/3₀, 3₀/19₀, 11₀/3₀, 3₀/11₀, 17₀/3₀, 3₀/17₀, 5₁/3₁, 3₁/5₁, 7₁/3₁, 3₁/7₁, 13₁/3₁, 3₁/13₁, 19₁/3₁, 3₁/19₁, 11₁/3₁, 3₁/11₁, 17₁/3₁, 3₁/17₁, 7₀/5₀, 5₀/7₀, 13₀/5₀, 5₀/13₀, 19₀/5₀, 5₀/19₀, 11₀/5₀, 5₀/11₀, 17₀/5₀, 5₀/17₀, 7₁/5₁, 5₁/7₁, 13₁/5₁, 5₁/13₁, 19₁/5₁, 5₁/19₁, 11₁/5₁, 5₁/11₁, 17₁/5₁, 5₁/17₁, 13₀/7₀, 7₀/13₀, 19₀/7₀, 7₀/19₀, 11₀/7₀, 7₀/11₀, 17₀/7₀, 7₀/17₀, 13₁/7₁, 7₁/13₁, 19₁/7₁, 7₁/19₁, 11₁/7₁, 7₁/11₁, 17₁/7₁, 7₁/17₁, 19₀/13₀, 13₀/19₀, 13₀/11₀, 11₀/13₀, 17₀/13₀, 13₀/17₀, 19₁/13₁, 13₁/19₁, 13₁/11₁, 11₁/13₁, 17₁/13₁, 13₁/17₁, 19₀/11₀, 11₀/19₀, 19₀/17₀, 17₀/19₀, 19₁/11₁, 11₁/19₁, 19₁/17₁, 17₁/19₁, 17₀/11₀, 11₀/17₀, 17₁/11₁, 11₁/17₁), Pn(115)}
re-met relations: R*([19,19]/8, 8/[19,19], 8/4, 4/8, 8/[2,3], [2,3]/8, 8/[3,2], [3,2]/8, [3,3]/8, 8/[3,3], [3,5]/8, 8/[3,5], [3,7]/8, 8/[3,7], [3,13]/8, 8/[3,13], [3,19]/8, 8/[3,19], [3,11]/8, 8/[3,11], [3,17]/8, 8/[3,17], [5,3]/8, 8/[5,3], [5,5]/8, 8/[5,5], [5,7]/8, 8/[5,7], [5,13]/8, 8/[5,13], [5,19]/8, 8/[5,19], [5,11]/8, 8/[5,11], [5,17]/8, 8/[5,17], [7,3]/8, 8/[7,3], [7,5]/8, 8/[7,5], [7,7]/8, 8/[7,7], [7,13]/8, 8/[7,13], [7,19]/8, 8/[7,19], [7,11]/8, 8/[7,11], [7,17]/8, 8/[7,17], [13,3]/8, 8/[13,3], [13,5]/8, 8/[13,5], [13,7]/8, 8/[13,7], [13,13]/8, 8/[13,13], [13,19]/8, 8/[13,19], [13,11]/8, 8/[13,11], [13,17]/8, 8/[13,17], [19,3]/8, 8/[19,3], [19,5]/8, 8/[19,5], [19,7]/8, 8/[19,7], [19,13]/8, 8/[19,13], [19,11]/8, 8/[19,11], [19,17]/8, 8/[19,17], [11,3]/8, 8/[11,3], [11,5]/8, 8/[11,5], [11,7]/8, 8/[11,7], [11,13]/8, 8/[11,13], [11,19]/8, 8/[11,19], [11,11]/8, 8/[11,11], [11,17]/8, 8/[11,17], [17,3]/8, 8/[17,3], [17,5]/8, 8/[17,5], [17,7]/8, 8/[17,7], [17,13]/8, 8/[17,13], [17,19]/8, 8/[17,19], [17,11]/8, 8/[17,11], [17,17]/8, 8/[17,17], 8/2₀, 2₀/8, 8/2₁, 2₁/8, 8/3₀, 3₀/8, 8/3₁, 3₁/8, 1/8, [19,19]/[2,2,3], [2,2,3]/[19,19], [2,2,3]/4, 4/[2,2,3], [2,2,3]/[2,3], [2,3]/[2,2,3], [2,2,3]/[3,2], [3,2]/[2,2,3], [2,2,3]/[5,2], [5,2]/[2,2,3], [5,3]/[2,2,3], [2,2,3]/[5,3], [5,5]/[2,2,3], [2,2,3]/[5,5], [5,7]/[2,2,3], [2,2,3]/[5,7], [5,13]/[2,2,3], [2,2,3]/[5,13], [5,19]/[2,2,3], [2,2,3]/[5,19], [5,11]/[2,2,3], [2,2,3]/[5,11], [5,17]/[2,2,3], [2,2,3]/[5,17], [7,3]/[2,2,3], [2,2,3]/[7,3], [7,5]/[2,2,3], [2,2,3]/[7,5], [7,7]/[2,2,3], [2,2,3]/[7,7], [7,13]/[2,2,3], [2,2,3]/[7,13], [7,19]/[2,2,3], [2,2,3]/[7,19], [7,11]/[2,2,3], [2,2,3]/[7,11], [7,17]/[2,2,3], [2,2,3]/[7,17], [13,3]/[2,2,3], [2,2,3]/[13,3], [13,5]/[2,2,3], [2,2,3]/[13,5], [13,7]/[2,2,3], [2,2,3]/[13,7], [13,13]/[2,2,3], [2,2,3]/[13,13], [13,19]/[2,2,3], [2,2,3]/[13,19], [13,11]/[2,2,3], [2,2,3]/[13,11], [13,17]/[2,2,3], [2,2,3]/[13,17], [19,3]/[2,2,3], [2,2,3]/[19,3], [19,5]/[2,2,3], [2,2,3]/[19,5], [19,7]/[2,2,3], [2,2,3]/[19,7], [19,13]/[2,2,3], [2,2,3]/[19,13], [19,11]/[2,2,3], [2,2,3]/[19,11], [19,17]/[2,2,3], [2,2,3]/[19,17], [11,3]/[2,2,3], [2,2,3]/[11,3], [11,5]/[2,2,3], [2,2,3]/[11,5], [11,7]/[2,2,3], [2,2,3]/[11,7], [11,13]/[2,2,3], [2,2,3]/[11,13], [11,19]/[2,2,3], [2,2,3]/[11,19], [11,11]/[2,2,3], [2,2,3]/[11,11], [11,17]/[2,2,3], [2,2,3]/[11,17], [17,3]/[2,2,3], [2,2,3]/[17,3], [17,5]/[2,2,3], [2,2,3]/[17,5], [17,7]/[2,2,3], [2,2,3]/[17,7], [17,13]/[2,2,3], [2,2,3]/[17,13], [17,19]/[2,2,3], [2,2,3]/[17,19], [17,11]/[2,2,3], [2,2,3]/[17,11], [17,17]/[2,2,3], [2,2,3]/[17,17], [2,2,3]/2₀, 2₀/[2,2,3], [2,2,3]/2₁, 2₁/[2,2,3], [2,2,3]/3₀, 3₀/[2,2,3], [2,2,3]/3₁, 3₁/[2,2,3], [2,2,3]/5₀, 5₀/[2,2,3], 1/[2,2,3], [19,19]/[8,2], [8,2]/[19,19], [8,2]/4, 4/[8,2], [8,2]/[2,3], [2,3]/[8,2], [8,2]/[3,2], [3,2]/[8,2], [8,2]/[5,2], [5,2]/[8,2], [8,2]/[7,2], [7,2]/[8,2], [7,3]/[8,2], [8,2]/[7,3], [7,5]/[8,2], [8,2]/[7,5], [7,7]/[8,2], [8,2]/[7,7], [7,13]/[8,2], [8,2]/[7,13], [7,19]/[8,2], [8,2]/[7,19], [7,11]/[8,2], [8,2]/[7,11], [7,17]/[8,2], [8,2]/[7,17], [13,3]/[8,2], [8,2]/[13,3], [13,5]/[8,2], [8,2]/[13,5], [13,7]/[8,2], [8,2]/[13,7], [13,13]/[8,2], [8,2]/[13,13], [13,19]/[8,2], [8,2]/[13,19], [13,11]/[8,2], [8,2]/[13,11], [13,17]/[8,2], [8,2]/[13,17], [19,3]/[8,2], [8,2]/[19,3], [19,5]/[8,2], [8,2]/[19,5], [19,7]/[8,2], [8,2]/[19,7], [19,13]/[8,2], [8,2]/[19,13], [19,11]/[8,2], [8,2]/[19,11], [19,17]/[8,2], [8,2]/[19,17], [11,3]/[8,2], [8,2]/[11,3], [11,5]/[8,2], [8,2]/[11,5], [11,7]/[8,2], [8,2]/[11,7], [11,13]/[8,2], [8,2]/[11,13], [11,19]/[8,2], [8,2]/[11,19], [11,11]/[8,2], [8,2]/[11,11], [11,17]/[8,2], [8,2]/[11,17], [17,3]/[8,2], [8,2]/[17,3], [17,5]/[8,2], [8,2]/[17,5], [17,7]/[8,2], [8,2]/[17,7], [17,13]/[8,2], [8,2]/[17,13], [17,19]/[8,2], [8,2]/[17,19], [17,11]/[8,2], [8,2]/[17,11], [17,17]/[8,2], [8,2]/[17,17], [8,2]/2₀, 2₀/[8,2], [8,2]/2₁, 2₁/[8,2], [8,2]/3₀, 3₀/[8,2], [8,2]/3₁, 3₁/[8,2], [8,2]/5₀, 5₀/[8,2], [8,2]/7₀, 7₀/[8,2], 1/[8,2], [19,19]/[7,4], [7,4]/[19,19], [7,4]/4, 4/[7,4], [7,4]/[2,3], [2,3]/[7,4], [7,4]/[3,2], [3,2]/[7,4], [7,4]/[5,2], [5,2]/[7,4], [7,4]/[7,2], [7,2]/[7,4], [7,4]/[13,2], [13,2]/[7,4], [13,3]/[7,4], [7,4]/[13,3], [13,5]/[7,4], [7,4]/[13,5], [13,7]/[7,4], [7,4]/[13,7], [13,13]/[7,4], [7,4]/[13,13], [13,19]/[7,4], [7,4]/[13,19], [13,11]/[7,4], [7,4]/[13,11], [13,17]/[7,4], [7,4]/[13,17], [19,3]/[7,4], [7,4]/[19,3], [19,5]/[7,4], [7,4]/[19,5], [19,7]/[7,4], [7,4]/[19,7], [19,13]/[7,4], [7,4]/[19,13], [19,11]/[7,4], [7,4]/[19,11], [19,17]/[7,4], [7,4]/[19,17], [7,4]/[11,2], [11,2]/[7,4], [17,3]/[7,4], [7,4]/[17,3], [17,5]/[7,4], [7,4]/[17,5], [17,7]/[7,4], [7,4]/[17,7], [17,13]/[7,4], [7,4]/[17,13], [17,19]/[7,4], [7,4]/[17,19], [17,11]/[7,4], [7,4]/[17,11], [17,17]/[7,4], [7,4]/[17,17], [7,4]/2₀, 2₀/[7,4], [7,4]/2₁, 2₁/[7,4], [7,4]/3₀, 3₀/[7,4], [7,4]/3₁, 3₁/[7,4], [7,4]/5₀, 5₀/[7,4], [7,4]/7₀, 7₀/[7,4], [7,4]/13₀, 13₀/[7,4], [7,4]/11₀, 11₀/[7,4], 1/[7,4], [19,19]/[8,5], [8,5]/[19,19], [8,5]/4, 4/[8,5], [8,5]/[2,3], [2,3]/[8,5], [8,5]/[3,2], [3,2]/[8,5], [8,5]/[5,2], [5,2]/[8,5], [8,5]/[7,2], [7,2]/[8,5], [8,5]/[13,2], [13,2]/[8,5], [8,5]/[19,2], [19,2]/[8,5], [19,3]/[8,5], [8,5]/[19,3], [19,5]/[8,5], [8,5]/[19,5], [19,7]/[8,5], [8,5]/[19,7], [19,13]/[8,5], [8,5]/[19,13], [19,11]/[8,5], [8,5]/[19,11], [19,17]/[8,5], [8,5]/[19,17], [8,5]/[11,2], [11,2]/[8,5], [8,5]/[17,2], [17,2]/[8,5], [8,5]/2₀, 2₀/[8,5], [8,5]/2₁, 2₁/[8,5], [8,5]/3₀, 3₀/[8,5], [8,5]/3₁, 3₁/[8,5], [8,5]/5₀, 5₀/[8,5], [8,5]/7₀, 7₀/[8,5], [8,5]/13₀, 13₀/[8,5], [8,5]/19₀, 19₀/[8,5], [8,5]/11₀, 11₀/[8,5], [8,5]/17₀, 17₀/[8,5], 1/[8,5], [19,19]/[[2,3],4], [[2,3],4]/[19,19], [[2,3],4]/4, 4/[[2,3],4], [[2,3],4]/[2,3], [2,3]/[[2,3],4], [[2,3],4]/[3,2], [3,2]/[[2,3],4], [[2,3],4]/[5,2], [5,2]/[[2,3],4], [[2,3],4]/[7,2], [7,2]/[[2,3],4], [13,3]/[[2,3],4], [[2,3],4]/[13,3], [13,5]/[[2,3],4], [[2,3],4]/[13,5], [13,7]/[[2,3],4], [[2,3],4]/[13,7], [13,13]/[[2,3],4], [[2,3],4]/[13,13], [13,19]/[[2,3],4], [[2,3],4]/[13,19], [13,11]/[[2,3],4], [[2,3],4]/[13,11], [13,17]/[[2,3],4], [[2,3],4]/[13,17], [19,3]/[[2,3],4], [[2,3],4]/[19,3], [19,5]/[[2,3],4], [[2,3],4]/[19,5], [19,7]/[[2,3],4], [[2,3],4]/[19,7], [19,13]/[[2,3],4], [[2,3],4]/[19,13], [19,11]/[[2,3],4], [[2,3],4]/[19,11], [19,17]/[[2,3],4], [[2,3],4]/[19,17], [[2,3],4]/[11,2], [11,2]/[[2,3],4], [11,3]/[[2,3],4], [[2,3],4]/[11,3], [11,5]/[[2,3],4], [[2,3],4]/[11,5], [11,7]/[[2,3],4], [[2,3],4]/[11,7], [11,13]/[[2,3],4], [[2,3],4]/[11,13], [11,19]/[[2,3],4], [[2,3],4]/[11,19], [11,11]/[[2,3],4], [[2,3],4]/[11,11], [11,17]/[[2,3],4], [[2,3],4]/[11,17], [17,3]/[[2,3],4], [[2,3],4]/[17,3], [17,5]/[[2,3],4], [[2,3],4]/[17,5], [17,7]/[[2,3],4], [[2,3],4]/[17,7], [17,13]/[[2,3],4], [[2,3],4]/[17,13], [17,19]/[[2,3],4], [[2,3],4]/[17,19], [17,11]/[[2,3],4], [[2,3],4]/[17,11], [17,17]/[[2,3],4], [[2,3],4]/[17,17], [[2,3],4]/2₀, 2₀/[[2,3],4], [[2,3],4]/2₁, 2₁/[[2,3],4], [[2,3],4]/3₀, 3₀/[[2,3],4], [[2,3],4]/3₁, 3₁/[[2,3],4], [[2,3],4]/5₀, 5₀/[[2,3],4], [[2,3],4]/7₀, 7₀/[[2,3],4], [[2,3],4]/11₀, 11₀/[[2,3],4], 1/[[2,3],4], [19,19]/[[3,3],4], [[3,3],4]/[19,19], [[3,3],4]/4, 4/[[3,3],4], [[3,3],4]/[2,3], [2,3]/[[3,3],4], [[3,3],4]/[3,2], [3,2]/[[3,3],4], [[3,3],4]/[5,2], [5,2]/[[3,3],4], [[3,3],4]/[7,2], [7,2]/[[3,3],4], [[3,3],4]/[13,2], [13,2]/[[3,3],4], [19,3]/[[3,3],4], [[3,3],4]/[19,3], [19,5]/[[3,3],4], [[3,3],4]/[19,5], [19,7]/[[3,3],4], [[3,3],4]/[19,7], [19,13]/[[3,3],4], [[3,3],4]/[19,13], [19,11]/[[3,3],4], [[3,3],4]/[19,11], [19,17]/[[3,3],4], [[3,3],4]/[19,17], [[3,3],4]/[11,2], [11,2]/[[3,3],4], [[3,3],4]/[17,2], [17,2]/[[3,3],4], [17,3]/[[3,3],4], [[3,3],4]/[17,3], [17,5]/[[3,3],4], [[3,3],4]/[17,5], [17,7]/[[3,3],4], [[3,3],4]/[17,7], [17,13]/[[3,3],4], [[3,3],4]/[17,13], [17,19]/[[3,3],4], [[3,3],4]/[17,19], [17,11]/[[3,3],4], [[3,3],4]/[17,11], [17,17]/[[3,3],4], [[3,3],4]/[17,17], [[3,3],4]/2₀, 2₀/[[3,3],4], [[3,3],4]/2₁, 2₁/[[3,3],4], [[3,3],4]/3₀, 3₀/[[3,3],4], [[3,3],4]/3₁, 3₁/[[3,3],4], [[3,3],4]/5₀, 5₀/[[3,3],4], [[3,3],4]/7₀, 7₀/[[3,3],4], [[3,3],4]/13₀, 13₀/[[3,3],4], [[3,3],4]/11₀, 11₀/[[3,3],4], [[3,3],4]/17₀, 17₀/[[3,3],4], 1/[[3,3],4], [19,19]/23, 23/[19,19], 23/4, 4/23, 23/[2,3], [2,3]/23, [19,3]/23, 23/[19,3], [19,5]/23, 23/[19,5], [19,7]/23, 23/[19,7], [19,13]/23, 23/[19,13], [19,11]/23, 23/[19,11], [19,17]/23, 23/[19,17], 23/2₀, 2₀/23, 23/2₁, 2₁/23, 23/3₀, 3₀/23, 23/3₁, 3₁/23, 23/5₀, 5₀/23, 23/7₀, 7₀/23, 23/13₀, 13₀/23, 23/19₀, 19₀/23, 23/11₀, 11₀/23, 23/17₀, 17₀/23, 1/23, [19,19]/[5,4], [5,4]/[19,19], [5,4]/4, 4/[5,4], [5,4]/[2,3], [2,3]/[5,4], [2,19]/[5,4], [5,4]/[2,19], [2,17]/[5,4], [5,4]/[2,17], [3,19]/[5,4], [5,4]/[3,19], [3,17]/[5,4], [5,4]/[3,17], [5,19]/[5,4], [5,4]/[5,19], [5,17]/[5,4], [5,4]/[5,17], [7,19]/[5,4], [5,4]/[7,19], [7,17]/[5,4], [5,4]/[7,17], [13,19]/[5,4], [5,4]/[13,19], [13,17]/[5,4], [5,4]/[13,17], [19,17]/[5,4], [5,4]/[19,17], [11,19]/[5,4], [5,4]/[11,19], [11,17]/[5,4], [5,4]/[11,17], [17,19]/[5,4], [5,4]/[17,19], [17,17]/[5,4], [5,4]/[17,17], [5,4]/2₀, 2₀/[5,4], [5,4]/2₁, 2₁/[5,4], [5,4]/3₁, 3₁/[5,4], [5,4]/5₁, 5₁/[5,4], [5,4]/7₁, 7₁/[5,4], [5,4]/13₁, 13₁/[5,4], [5,4]/11₁, 11₁/[5,4], [5,4]/17₁, 17₁/[5,4], 1/[5,4], [19,19]/[8,4], [8,4]/[19,19], [8,4]/4, 4/[8,4], [8,4]/[2,3], [2,3]/[8,4], [8,4]/[2,5], [2,5]/[8,4], [8,4]/[3,2], [3,2]/[8,4], [8,4]/[5,2], [5,2]/[8,4], [8,4]/[7,2], [7,2]/[8,4], [8,4]/[13,2], [13,2]/[8,4], [13,5]/[8,4], [8,4]/[13,5], [13,7]/[8,4], [8,4]/[13,7], [13,13]/[8,4], [8,4]/[13,13], [13,19]/[8,4], [8,4]/[13,19], [13,11]/[8,4], [8,4]/[13,11], [13,17]/[8,4], [8,4]/[13,17], [19,5]/[8,4], [8,4]/[19,5], [19,7]/[8,4], [8,4]/[19,7], [19,13]/[8,4], [8,4]/[19,13], [19,11]/[8,4], [8,4]/[19,11], [19,17]/[8,4], [8,4]/[19,17], [8,4]/[11,2], [11,2]/[8,4], [17,5]/[8,4], [8,4]/[17,5], [17,7]/[8,4], [8,4]/[17,7], [17,13]/[8,4], [8,4]/[17,13], [17,19]/[8,4], [8,4]/[17,19], [17,11]/[8,4], [8,4]/[17,11], [17,17]/[8,4], [8,4]/[17,17], [8,4]/2₀, 2₀/[8,4], [8,4]/2₁, 2₁/[8,4], [8,4]/3₀, 3₀/[8,4], [8,4]/3₁, 3₁/[8,4], [8,4]/5₀, 5₀/[8,4], [8,4]/5₁, 5₁/[8,4], [8,4]/7₀, 7₀/[8,4], [8,4]/13₀, 13₀/[8,4], [8,4]/11₀, 11₀/[8,4], 1/[8,4], [19,19]/43, 43/[19,19], 43/4, 4/43, 43/[2,3], [2,3]/43, 43/[2,5], [2,5]/43, 43/[3,2], [3,2]/43, 43/[3,3], [3,3]/43, 43/[5,2], [5,2]/43, 43/[5,3], [5,3]/43, 43/[7,2], [7,2]/43, 43/[7,3], [7,3]/43, 43/[13,2], [13,2]/43, 43/[13,3], [13,3]/43, [13,5]/43, 43/[13,5], [13,7]/43, 43/[13,7], [13,13]/43, 43/[13,13], [13,19]/43, 43/[13,19], [13,11]/43, 43/[13,11], [13,17]/43, 43/[13,17], [19,5]/43, 43/[19,5], [19,7]/43, 43/[19,7], [19,13]/43, 43/[19,13], [19,11]/43, 43/[19,11], [19,17]/43, 43/[19,17], 43/[11,2], [11,2]/43, 43/[11,3], [11,3]/43, [17,5]/43, 43/[17,5], [17,7]/43, 43/[17,7], [17,13]/43, 43/[17,13], [17,19]/43, 43/[17,19], [17,11]/43, 43/[17,11], [17,17]/43, 43/[17,17], 43/2₀, 2₀/43, 43/2₁, 2₁/43, 43/3₀, 3₀/43, 43/3₁, 3₁/43, 43/5₀, 5₀/43, 43/5₁, 5₁/43, 43/7₀, 7₀/43, 43/13₀, 13₀/43, 43/11₀, 11₀/43, 1/43, [19,19]/[11,4], [11,4]/[19,19], [11,4]/4, 4/[11,4], [11,4]/[2,3], [2,3]/[11,4], [11,4]/[2,5], [2,5]/[11,4], [11,4]/[3,2], [3,2]/[11,4], [11,4]/[5,2], [5,2]/[11,4], [11,4]/[7,2], [7,2]/[11,4], [11,4]/[13,2], [13,2]/[11,4], [11,4]/[19,2], [19,2]/[11,4], [19,5]/[11,4], [11,4]/[19,5], [19,7]/[11,4], [11,4]/[19,7], [19,13]/[11,4], [11,4]/[19,13], [19,11]/[11,4], [11,4]/[19,11], [19,17]/[11,4], [11,4]/[19,17], [11,4]/[11,2], [11,2]/[11,4], [11,4]/[17,2], [17,2]/[11,4], [11,4]/2₀, 2₀/[11,4], [11,4]/2₁, 2₁/[11,4], [11,4]/3₀, 3₀/[11,4], [11,4]/3₁, 3₁/[11,4], [11,4]/5₀, 5₀/[11,4], [11,4]/5₁, 5₁/[11,4], [11,4]/7₀, 7₀/[11,4], [11,4]/13₀, 13₀/[11,4], [11,4]/19₀, 19₀/[11,4], [11,4]/11₀, 11₀/[11,4], [11,4]/17₀, 17₀/[11,4], 1/[11,4], [19,19]/61, 61/[19,19], 61/4, 4/61, 61/[2,3], [2,3]/61, 61/[2,5], [2,5]/61, 61/[3,2], [3,2]/61, 61/[3,3], [3,3]/61, 61/[5,2], [5,2]/61, 61/[5,3], [5,3]/61, 61/[7,2], [7,2]/61, 61/[7,3], [7,3]/61, 61/[13,2], [13,2]/61, 61/[13,3], [13,3]/61, 61/[19,2], [19,2]/61, 61/[19,3], [19,3]/61, [19,5]/61, 61/[19,5], [19,7]/61, 61/[19,7], [19,13]/61, 61/[19,13], [19,11]/61, 61/[19,11], [19,17]/61, 61/[19,17], 61/[11,2], [11,2]/61, 61/[11,3], [11,3]/61, 61/[17,2], [17,2]/61, 61/[17,3], [17,3]/61, 61/2₀, 2₀/61, 61/2₁, 2₁/61, 61/3₀, 3₀/61, 61/3₁, 3₁/61, 61/5₀, 5₀/61, 61/5₁, 5₁/61, 61/7₀, 7₀/61, 61/13₀, 13₀/61, 61/19₀, 19₀/61, 61/11₀, 11₀/61, 61/17₀, 17₀/61, 1/61, [19,19]/37, 37/[19,19], 37/4, 4/37, 37/[2,3], [2,3]/37, 37/[2,5], [2,5]/37, 37/[3,2], [3,2]/37, 37/[3,3], [3,3]/37, 37/[5,2], [5,2]/37, 37/[5,3], [5,3]/37, 37/[7,2], [7,2]/37, 37/[7,3], [7,3]/37, [13,5]/37, 37/[13,5], [13,7]/37, 37/[13,7], [13,13]/37, 37/[13,13], [13,19]/37, 37/[13,19], [13,11]/37, 37/[13,11], [13,17]/37, 37/[13,17], [19,5]/37, 37/[19,5], [19,7]/37, 37/[19,7], [19,13]/37, 37/[19,13], [19,11]/37, 37/[19,11], [19,17]/37, 37/[19,17], 37/[11,2], [11,2]/37, 37/[11,3], [11,3]/37, [11,5]/37, 37/[11,5], [11,7]/37, 37/[11,7], [11,13]/37, 37/[11,13], [11,19]/37, 37/[11,19], [11,11]/37, 37/[11,11], [11,17]/37, 37/[11,17], [17,5]/37, 37/[17,5], [17,7]/37, 37/[17,7], [17,13]/37, 37/[17,13], [17,19]/37, 37/[17,19], [17,11]/37, 37/[17,11], [17,17]/37, 37/[17,17], 37/2₀, 2₀/37, 37/2₁, 2₁/37, 37/3₀, 3₀/37, 37/3₁, 3₁/37, 37/5₀, 5₀/37, 37/5₁, 5₁/37, 37/7₀, 7₀/37, 37/11₀, 11₀/37, 1/37, [19,19]/[2,3,3], [2,3,3]/[19,19], [2,3,3]/4, 4/[2,3,3], [2,3,3]/[2,3], [2,3]/[2,3,3], [2,3,3]/[2,5], [2,5]/[2,3,3], [2,13]/[2,3,3], [2,3,3]/[2,13], [2,19]/[2,3,3], [2,3,3]/[2,19], [2,17]/[2,3,3], [2,3,3]/[2,17], [3,13]/[2,3,3], [2,3,3]/[3,13], [3,19]/[2,3,3], [2,3,3]/[3,19], [3,17]/[2,3,3], [2,3,3]/[3,17], [5,13]/[2,3,3], [2,3,3]/[5,13], [5,19]/[2,3,3], [2,3,3]/[5,19], [5,17]/[2,3,3], [2,3,3]/[5,17], [7,13]/[2,3,3], [2,3,3]/[7,13], [7,19]/[2,3,3], [2,3,3]/[7,19], [7,17]/[2,3,3], [2,3,3]/[7,17], [13,13]/[2,3,3], [2,3,3]/[13,13], [13,19]/[2,3,3], [2,3,3]/[13,19], [13,17]/[2,3,3], [2,3,3]/[13,17], [19,13]/[2,3,3], [2,3,3]/[19,13], [19,17]/[2,3,3], [2,3,3]/[19,17], [11,13]/[2,3,3], [2,3,3]/[11,13], [11,19]/[2,3,3], [2,3,3]/[11,19], [11,17]/[2,3,3], [2,3,3]/[11,17], [17,13]/[2,3,3], [2,3,3]/[17,13], [17,19]/[2,3,3], [2,3,3]/[17,19], [17,17]/[2,3,3], [2,3,3]/[17,17], [2,3,3]/2₀, 2₀/[2,3,3], [2,3,3]/2₁, 2₁/[2,3,3], [2,3,3]/3₁, 3₁/[2,3,3], [2,3,3]/5₁, 5₁/[2,3,3], [2,3,3]/7₁, 7₁/[2,3,3], [2,3,3]/13₁, 13₁/[2,3,3], [2,3,3]/11₁, 11₁/[2,3,3], 1/[2,3,3], [19,19]/[3,3,3], [3,3,3]/[19,19], [3,3,3]/4, 4/[3,3,3], [3,3,3]/[2,3], [2,3]/[3,3,3], [3,3,3]/[2,5], [2,5]/[3,3,3], [19,5]/[3,3,3], [3,3,3]/[19,5], [19,7]/[3,3,3], [3,3,3]/[19,7], [19,13]/[3,3,3], [3,3,3]/[19,13], [19,11]/[3,3,3], [3,3,3]/[19,11], [19,17]/[3,3,3], [3,3,3]/[19,17], [3,3,3]/2₀, 2₀/[3,3,3], [3,3,3]/2₁, 2₁/[3,3,3], [3,3,3]/3₀, 3₀/[3,3,3], [3,3,3]/3₁, 3₁/[3,3,3], [3,3,3]/5₀, 5₀/[3,3,3], [3,3,3]/5₁, 5₁/[3,3,3], [3,3,3]/7₀, 7₀/[3,3,3], [3,3,3]/13₀, 13₀/[3,3,3], [3,3,3]/19₀, 19₀/[3,3,3], [3,3,3]/11₀, 11₀/[3,3,3], [3,3,3]/17₀, 17₀/[3,3,3], 1/[3,3,3], [19,19]/29, 29/[19,19], 29/4, 4/29, 29/[2,3], [2,3]/29, 29/[2,5], [2,5]/29, 29/[2,7], [2,7]/29, 29/[3,2], [3,2]/29, 29/[3,3], [3,3]/29, 29/[3,5], [3,5]/29, 29/[5,2], [5,2]/29, 29/[5,3], [5,3]/29, 29/[5,5], [5,5]/29, [5,7]/29, 29/[5,7], [5,13]/29, 29/[5,13], [5,19]/29, 29/[5,19], [5,11]/29, 29/[5,11], [5,17]/29, 29/[5,17], [7,7]/29, 29/[7,7], [7,13]/29, 29/[7,13], [7,19]/29, 29/[7,19], [7,11]/29, 29/[7,11], [7,17]/29, 29/[7,17], [13,7]/29, 29/[13,7], [13,13]/29, 29/[13,13], [13,19]/29, 29/[13,19], [13,11]/29, 29/[13,11], [13,17]/29, 29/[13,17], [19,7]/29, 29/[19,7], [19,13]/29, 29/[19,13], [19,11]/29, 29/[19,11], [19,17]/29, 29/[19,17], [11,7]/29, 29/[11,7], [11,13]/29, 29/[11,13], [11,19]/29, 29/[11,19], [11,11]/29, 29/[11,11], [11,17]/29, 29/[11,17], [17,7]/29, 29/[17,7], [17,13]/29, 29/[17,13], [17,19]/29, 29/[17,19], [17,11]/29, 29/[17,11], [17,17]/29, 29/[17,17], 29/2₀, 2₀/29, 29/2₁, 2₁/29, 29/3₀, 3₀/29, 29/3₁, 3₁/29, 29/5₀, 5₀/29, 29/5₁, 5₁/29, 29/7₁, 7₁/29, 1/29, [19,19]/47, 47/[19,19], 47/4, 4/47, 47/[2,3], [2,3]/47, 47/[2,5], [2,5]/47, 47/[2,7], [2,7]/47, 47/[3,2], [3,2]/47, 47/[3,3], [3,3]/47, 47/[5,2], [5,2]/47, 47/[5,3], [5,3]/47, 47/[7,2], [7,2]/47, 47/[7,3], [7,3]/47, 47/[13,2], [13,2]/47, 47/[13,3], [13,3]/47, [13,7]/47, 47/[13,7], [13,13]/47, 47/[13,13], [13,19]/47, 47/[13,19], [13,11]/47, 47/[13,11], [13,17]/47, 47/[13,17], [19,7]/47, 47/[19,7], [19,13]/47, 47/[19,13], [19,11]/47, 47/[19,11], [19,17]/47, 47/[19,17], 47/[11,2], [11,2]/47, 47/[11,3], [11,3]/47, [17,7]/47, 47/[17,7], [17,13]/47, 47/[17,13], [17,19]/47, 47/[17,19], [17,11]/47, 47/[17,11], [17,17]/47, 47/[17,17], 47/2₀, 2₀/47, 47/2₁, 2₁/47, 47/3₀, 3₀/47, 47/3₁, 3₁/47, 47/5₀, 5₀/47, 47/5₁, 5₁/47, 47/7₀, 7₀/47, 47/7₁, 7₁/47, 47/13₀, 13₀/47, 47/11₀, 11₀/47, 1/47, [19,19]/[23,3], [23,3]/[19,19], [23,3]/4, 4/[23,3], [23,3]/[2,3], [2,3]/[23,3], [23,3]/[2,5], [2,5]/[23,3], [23,3]/[2,7], [2,7]/[23,3], [23,3]/[3,2], [3,2]/[23,3], [23,3]/[3,3], [3,3]/[23,3], [23,3]/[3,5], [3,5]/[23,3], [23,3]/[5,2], [5,2]/[23,3], [23,3]/[5,3], [5,3]/[23,3], [23,3]/[5,5], [5,5]/[23,3], [23,3]/[7,2], [7,2]/[23,3], [23,3]/[7,3], [7,3]/[23,3], [23,3]/[7,5], [7,5]/[23,3], [23,3]/[13,2], [13,2]/[23,3], [23,3]/[13,3], [13,3]/[23,3], [23,3]/[13,5], [13,5]/[23,3], [13,7]/[23,3], [23,3]/[13,7], [13,13]/[23,3], [23,3]/[13,13], [13,19]/[23,3], [23,3]/[13,19], [13,11]/[23,3], [23,3]/[13,11], [13,17]/[23,3], [23,3]/[13,17], [19,7]/[23,3], [23,3]/[19,7], [19,13]/[23,3], [23,3]/[19,13], [19,11]/[23,3], [23,3]/[19,11], [19,17]/[23,3], [23,3]/[19,17], [23,3]/[11,2], [11,2]/[23,3], [23,3]/[11,3], [11,3]/[23,3], [23,3]/[11,5], [11,5]/[23,3], [17,7]/[23,3], [23,3]/[17,7], [17,13]/[23,3], [23,3]/[17,13], [17,19]/[23,3], [23,3]/[17,19], [17,11]/[23,3], [23,3]/[17,11], [17,17]/[23,3], [23,3]/[17,17], [23,3]/2₀, 2₀/[23,3], [23,3]/2₁, 2₁/[23,3], [23,3]/3₀, 3₀/[23,3], [23,3]/3₁, 3₁/[23,3], [23,3]/5₀, 5₀/[23,3], [23,3]/5₁, 5₁/[23,3], [23,3]/7₀, 7₀/[23,3], [23,3]/7₁, 7₁/[23,3], [23,3]/13₀, 13₀/[23,3], [23,3]/11₀, 11₀/[23,3], 1/[23,3], [19,19]/[8,[2,3]], [8,[2,3]]/[19,19], [8,[2,3]]/4, 4/[8,[2,3]], [8,[2,3]]/[2,3], [2,3]/[8,[2,3]], [8,[2,3]]/[2,5], [2,5]/[8,[2,3]], [8,[2,3]]/[2,7], [2,7]/[8,[2,3]], [8,[2,3]]/[3,2], [3,2]/[8,[2,3]], [8,[2,3]]/[5,2], [5,2]/[8,[2,3]], [8,[2,3]]/[7,2], [7,2]/[8,[2,3]], [8,[2,3]]/[13,2], [13,2]/[8,[2,3]], [8,[2,3]]/[19,2], [19,2]/[8,[2,3]], [19,7]/[8,[2,3]], [8,[2,3]]/[19,7], [19,13]/[8,[2,3]], [8,[2,3]]/[19,13], [19,11]/[8,[2,3]], [8,[2,3]]/[19,11], [19,17]/[8,[2,3]], [8,[2,3]]/[19,17], [8,[2,3]]/[11,2], [11,2]/[8,[2,3]], [8,[2,3]]/[17,2], [17,2]/[8,[2,3]], [8,[2,3]]/2₀, 2₀/[8,[2,3]], [8,[2,3]]/2₁, 2₁/[8,[2,3]], [8,[2,3]]/3₀, 3₀/[8,[2,3]], [8,[2,3]]/3₁, 3₁/[8,[2,3]], [8,[2,3]]/5₀, 5₀/[8,[2,3]], [8,[2,3]]/5₁, 5₁/[8,[2,3]], [8,[2,3]]/7₀, 7₀/[8,[2,3]], [8,[2,3]]/7₁, 7₁/[8,[2,3]], [8,[2,3]]/13₀, 13₀/[8,[2,3]], [8,[2,3]]/19₀, 19₀/[8,[2,3]], [8,[2,3]]/11₀, 11₀/[8,[2,3]], [8,[2,3]]/17₀, 17₀/[8,[2,3]], 1/[8,[2,3]], [19,19]/[11,[3,3]], [11,[3,3]]/[19,19], [11,[3,3]]/4, 4/[11,[3,3]], [11,[3,3]]/[2,3], [2,3]/[11,[3,3]], [11,[3,3]]/[2,5], [2,5]/[11,[3,3]], [11,[3,3]]/[2,7], [2,7]/[11,[3,3]], [11,[3,3]]/[3,2], [3,2]/[11,[3,3]], [11,[3,3]]/[3,3], [3,3]/[11,[3,3]], [11,[3,3]]/[3,5], [3,5]/[11,[3,3]], [11,[3,3]]/[5,2], [5,2]/[11,[3,3]], [11,[3,3]]/[5,3], [5,3]/[11,[3,3]], [11,[3,3]]/[5,5], [5,5]/[11,[3,3]], [11,[3,3]]/[7,2], [7,2]/[11,[3,3]], [11,[3,3]]/[7,3], [7,3]/[11,[3,3]], [11,[3,3]]/[7,5], [7,5]/[11,[3,3]], [11,[3,3]]/[13,2], [13,2]/[11,[3,3]], [11,[3,3]]/[13,3], [13,3]/[11,[3,3]], [11,[3,3]]/[13,5], [13,5]/[11,[3,3]], [11,[3,3]]/[19,2], [19,2]/[11,[3,3]], [11,[3,3]]/[19,3], [19,3]/[11,[3,3]], [11,[3,3]]/[19,5], [19,5]/[11,[3,3]], [19,7]/[11,[3,3]], [11,[3,3]]/[19,7], [19,13]/[11,[3,3]], [11,[3,3]]/[19,13], [19,11]/[11,[3,3]], [11,[3,3]]/[19,11], [19,17]/[11,[3,3]], [11,[3,3]]/[19,17], [11,[3,3]]/[11,2], [11,2]/[11,[3,3]], [11,[3,3]]/[11,3], [11,3]/[11,[3,3]], [11,[3,3]]/[11,5], [11,5]/[11,[3,3]], [11,[3,3]]/[17,2], [17,2]/[11,[3,3]], [11,[3,3]]/[17,3], [17,3]/[11,[3,3]], [11,[3,3]]/[17,5], [17,5]/[11,[3,3]], [11,[3,3]]/2₀, 2₀/[11,[3,3]], [11,[3,3]]/2₁, 2₁/[11,[3,3]], [11,[3,3]]/3₀, 3₀/[11,[3,3]], [11,[3,3]]/3₁, 3₁/[11,[3,3]], [11,[3,3]]/5₀, 5₀/[11,[3,3]], [11,[3,3]]/5₁, 5₁/[11,[3,3]], [11,[3,3]]/7₀, 7₀/[11,[3,3]], [11,[3,3]]/7₁, 7₁/[11,[3,3]], [11,[3,3]]/13₀, 13₀/[11,[3,3]], [11,[3,3]]/19₀, 19₀/[11,[3,3]], [11,[3,3]]/11₀, 11₀/[11,[3,3]], [11,[3,3]]/17₀, 17₀/[11,[3,3]], 1/[11,[3,3]], [19,19]/41, 41/[19,19], 41/4, 4/41, 41/[2,3], [2,3]/41, 41/[2,5], [2,5]/41, 41/[2,7], [2,7]/41, 41/[3,2], [3,2]/41, 41/[3,3], [3,3]/41, 41/[5,2], [5,2]/41, 41/[5,3], [5,3]/41, 41/[7,2], [7,2]/41, 41/[7,3], [7,3]/41, [13,7]/41, 41/[13,7], [13,13]/41, 41/[13,13], [13,19]/41, 41/[13,19], [13,11]/41, 41/[13,11], [13,17]/41, 41/[13,17], [19,7]/41, 41/[19,7], [19,13]/41, 41/[19,13], [19,11]/41, 41/[19,11], [19,17]/41, 41/[19,17], 41/[11,2], [11,2]/41, 41/[11,3], [11,3]/41, [11,7]/41, 41/[11,7], [11,13]/41, 41/[11,13], [11,19]/41, 41/[11,19], [11,11]/41, 41/[11,11], [11,17]/41, 41/[11,17], [17,7]/41, 41/[17,7], [17,13]/41, 41/[17,13], [17,19]/41, 41/[17,19], [17,11]/41, 41/[17,11], [17,17]/41, 41/[17,17], 41/2₀, 2₀/41, 41/2₁, 2₁/41, 41/3₀, 3₀/41, 41/3₁, 3₁/41, 41/5₀, 5₀/41, 41/5₁, 5₁/41, 41/7₀, 7₀/41, 41/7₁, 7₁/41, 41/11₀, 11₀/41, 1/41, [19,19]/59, 59/[19,19], 59/4, 4/59, 59/[2,3], [2,3]/59, 59/[2,5], [2,5]/59, 59/[2,7], [2,7]/59, 59/[3,2], [3,2]/59, 59/[3,3], [3,3]/59, 59/[3,5], [3,5]/59, 59/[5,2], [5,2]/59, 59/[5,3], [5,3]/59, 59/[5,5], [5,5]/59, 59/[7,2], [7,2]/59, 59/[7,3], [7,3]/59, 59/[7,5], [7,5]/59, [13,7]/59, 59/[13,7], [13,13]/59, 59/[13,13], [13,19]/59, 59/[13,19], [13,11]/59, 59/[13,11], [13,17]/59, 59/[13,17], [19,7]/59, 59/[19,7], [19,13]/59, 59/[19,13], [19,11]/59, 59/[19,11], [19,17]/59, 59/[19,17], 59/[11,2], [11,2]/59, 59/[11,3], [11,3]/59, 59/[11,5], [11,5]/59, [11,7]/59, 59/[11,7], [11,13]/59, 59/[11,13], [11,19]/59, 59/[11,19], [11,11]/59, 59/[11,11], [11,17]/59, 59/[11,17], [17,7]/59, 59/[17,7], [17,13]/59, 59/[17,13], [17,19]/59, 59/[17,19], [17,11]/59, 59/[17,11], [17,17]/59, 59/[17,17], 59/2₀, 2₀/59, 59/2₁, 2₁/59, 59/3₀, 3₀/59, 59/3₁, 3₁/59, 59/5₀, 5₀/59, 59/5₁, 5₁/59, 59/7₀, 7₀/59, 59/7₁, 7₁/59, 59/11₀, 11₀/59, 1/59, [19,19]/89, 89/[19,19], 89/4, 4/89, 89/[2,3], [2,3]/89, 89/[2,5], [2,5]/89, 89/[2,7], [2,7]/89, 89/[3,2], [3,2]/89, 89/[3,3], [3,3]/89, 89/[3,5], [3,5]/89, 89/[5,2], [5,2]/89, 89/[5,3], [5,3]/89, 89/[5,5], [5,5]/89, 89/[7,2], [7,2]/89, 89/[7,3], [7,3]/89, 89/[7,5], [7,5]/89, 89/[13,2], [13,2]/89, 89/[13,3], [13,3]/89, 89/[13,5], [13,5]/89, [19,7]/89, 89/[19,7], [19,13]/89, 89/[19,13], [19,11]/89, 89/[19,11], [19,17]/89, 89/[19,17], 89/[11,2], [11,2]/89, 89/[11,3], [11,3]/89, 89/[11,5], [11,5]/89, 89/[17,2], [17,2]/89, 89/[17,3], [17,3]/89, 89/[17,5], [17,5]/89, [17,7]/89, 89/[17,7], [17,13]/89, 89/[17,13], [17,19]/89, 89/[17,19], [17,11]/89, 89/[17,11], [17,17]/89, 89/[17,17], 89/2₀, 2₀/89, 89/2₁, 2₁/89, 89/3₀, 3₀/89, 89/3₁, 3₁/89, 89/5₀, 5₀/89, 89/5₁, 5₁/89, 89/7₀, 7₀/89, 89/7₁, 7₁/89, 89/13₀, 13₀/89, 89/11₀, 11₀/89, 89/17₀, 17₀/89, 1/89, [19,19]/31, 31/[19,19], 31/4, 4/31, 31/[2,3], [2,3]/31, 31/[2,5], [2,5]/31, 31/[2,7], [2,7]/31, [19,7]/31, 31/[19,7], [19,13]/31, 31/[19,13], [19,11]/31, 31/[19,11], [19,17]/31, 31/[19,17], 31/2₀, 2₀/31, 31/2₁, 2₁/31, 31/3₀, 3₀/31, 31/3₁, 3₁/31, 31/5₀, 5₀/31, 31/5₁, 5₁/31, 31/7₀, 7₀/31, 31/7₁, 7₁/31, 31/13₀, 13₀/31, 31/19₀, 19₀/31, 31/11₀, 11₀/31, 31/17₀, 17₀/31, 1/31, [19,19]/[[3,3,3],3], [[3,3,3],3]/[19,19], [[3,3,3],3]/4, 4/[[3,3,3],3], [[3,3,3],3]/[2,3], [2,3]/[[3,3,3],3], [[3,3,3],3]/[2,5], [2,5]/[[3,3,3],3], [[3,3,3],3]/[2,7], [2,7]/[[3,3,3],3], [[3,3,3],3]/[2,13], [2,13]/[[3,3,3],3], [[3,3,3],3]/[2,11], [2,11]/[[3,3,3],3], [[3,3,3],3]/[3,2], [3,2]/[[3,3,3],3], [[3,3,3],3]/[3,3], [3,3]/[[3,3,3],3], [[3,3,3],3]/[3,5], [3,5]/[[3,3,3],3], [[3,3,3],3]/[3,7], [3,7]/[[3,3,3],3], [[3,3,3],3]/[3,11], [3,11]/[[3,3,3],3], [[3,3,3],3]/[5,2], [5,2]/[[3,3,3],3], [[3,3,3],3]/[5,3], [5,3]/[[3,3,3],3], [[3,3,3],3]/[5,5], [5,5]/[[3,3,3],3], [[3,3,3],3]/[5,7], [5,7]/[[3,3,3],3], [[3,3,3],3]/[5,11], [5,11]/[[3,3,3],3], [[3,3,3],3]/[7,2], [7,2]/[[3,3,3],3], [[3,3,3],3]/[7,3], [7,3]/[[3,3,3],3], [[3,3,3],3]/[7,5], [7,5]/[[3,3,3],3], [[3,3,3],3]/[7,7], [7,7]/[[3,3,3],3], [7,13]/[[3,3,3],3], [[3,3,3],3]/[7,13], [7,19]/[[3,3,3],3], [[3,3,3],3]/[7,19], [[3,3,3],3]/[7,11], [7,11]/[[3,3,3],3], [7,17]/[[3,3,3],3], [[3,3,3],3]/[7,17], [13,13]/[[3,3,3],3], [[3,3,3],3]/[13,13], [13,19]/[[3,3,3],3], [[3,3,3],3]/[13,19], [13,17]/[[3,3,3],3], [[3,3,3],3]/[13,17], [19,13]/[[3,3,3],3], [[3,3,3],3]/[19,13], [19,17]/[[3,3,3],3], [[3,3,3],3]/[19,17], [11,13]/[[3,3,3],3], [[3,3,3],3]/[11,13], [11,19]/[[3,3,3],3], [[3,3,3],3]/[11,19], [11,17]/[[3,3,3],3], [[3,3,3],3]/[11,17], [17,13]/[[3,3,3],3], [[3,3,3],3]/[17,13], [17,19]/[[3,3,3],3], [[3,3,3],3]/[17,19], [17,17]/[[3,3,3],3], [[3,3,3],3]/[17,17], [[3,3,3],3]/2₀, 2₀/[[3,3,3],3], [[3,3,3],3]/2₁, 2₁/[[3,3,3],3], [[3,3,3],3]/3₀, 3₀/[[3,3,3],3], [[3,3,3],3]/3₁, 3₁/[[3,3,3],3], [[3,3,3],3]/5₀, 5₀/[[3,3,3],3], [[3,3,3],3]/5₁, 5₁/[[3,3,3],3], [[3,3,3],3]/7₀, 7₀/[[3,3,3],3], [[3,3,3],3]/7₁, 7₁/[[3,3,3],3], [[3,3,3],3]/13₁, 13₁/[[3,3,3],3], [[3,3,3],3]/11₁, 11₁/[[3,3,3],3], 1/[[3,3,3],3], [19,19]/103, 103/[19,19], 103/4, 4/103, 103/[2,3], [2,3]/103, 103/[2,5], [2,5]/103, 103/[2,7], [2,7]/103, 103/[2,13], [2,13]/103, 103/[2,11], [2,11]/103, 103/[3,2], [3,2]/103, 103/[3,3], [3,3]/103, 103/[3,5], [3,5]/103, 103/[3,7], [3,7]/103, 103/[5,2], [5,2]/103, 103/[5,3], [5,3]/103, 103/[5,5], [5,5]/103, 103/[5,7], [5,7]/103, 103/[7,2], [7,2]/103, 103/[7,3], [7,3]/103, 103/[7,5], [7,5]/103, 103/[7,7], [7,7]/103, 103/[13,2], [13,2]/103, 103/[13,3], [13,3]/103, 103/[13,5], [13,5]/103, 103/[13,7], [13,7]/103, [13,13]/103, 103/[13,13], [13,19]/103, 103/[13,19], [13,17]/103, 103/[13,17], [19,13]/103, 103/[19,13], [19,17]/103, 103/[19,17], 103/[11,2], [11,2]/103, 103/[11,3], [11,3]/103, 103/[11,5], [11,5]/103, 103/[11,7], [11,7]/103, [17,13]/103, 103/[17,13], [17,19]/103, 103/[17,19], [17,17]/103, 103/[17,17], 103/2₀, 2₀/103, 103/2₁, 2₁/103, 103/3₀, 3₀/103, 103/3₁, 3₁/103, 103/5₀, 5₀/103, 103/5₁, 5₁/103, 103/7₀, 7₀/103, 103/7₁, 7₁/103, 103/13₀, 13₀/103, 103/13₁, 13₁/103, 103/11₀, 11₀/103, 103/11₁, 11₁/103, 1/103, [19,19]/[[3,7],7], [[3,7],7]/[19,19], [[3,7],7]/4, 4/[[3,7],7], [[3,7],7]/[2,3], [2,3]/[[3,7],7], [[3,7],7]/[2,5], [2,5]/[[3,7],7], [[3,7],7]/[2,7], [2,7]/[[3,7],7], [[3,7],7]/[2,13], [2,13]/[[3,7],7], [[3,7],7]/[2,11], [2,11]/[[3,7],7], [[3,7],7]/[3,2], [3,2]/[[3,7],7], [[3,7],7]/[3,3], [3,3]/[[3,7],7], [[3,7],7]/[3,5], [3,5]/[[3,7],7], [[3,7],7]/[3,7], [3,7]/[[3,7],7], [[3,7],7]/[3,11], [3,11]/[[3,7],7], [[3,7],7]/[5,2], [5,2]/[[3,7],7], [[3,7],7]/[5,3], [5,3]/[[3,7],7], [[3,7],7]/[5,5], [5,5]/[[3,7],7], [[3,7],7]/[5,7], [5,7]/[[3,7],7], [[3,7],7]/[5,11], [5,11]/[[3,7],7], [[3,7],7]/[7,2], [7,2]/[[3,7],7], [[3,7],7]/[7,3], [7,3]/[[3,7],7], [[3,7],7]/[7,5], [7,5]/[[3,7],7], [[3,7],7]/[7,7], [7,7]/[[3,7],7], [[3,7],7]/[7,11], [7,11]/[[3,7],7], [[3,7],7]/[13,2], [13,2]/[[3,7],7], [[3,7],7]/[13,3], [13,3]/[[3,7],7], [[3,7],7]/[13,5], [13,5]/[[3,7],7], [[3,7],7]/[13,7], [13,7]/[[3,7],7], [13,13]/[[3,7],7], [[3,7],7]/[13,13], [13,19]/[[3,7],7], [[3,7],7]/[13,19], [[3,7],7]/[13,11], [13,11]/[[3,7],7], [13,17]/[[3,7],7], [[3,7],7]/[13,17], [19,13]/[[3,7],7], [[3,7],7]/[19,13], [19,17]/[[3,7],7], [[3,7],7]/[19,17], [[3,7],7]/[11,2], [11,2]/[[3,7],7], [[3,7],7]/[11,3], [11,3]/[[3,7],7], [[3,7],7]/[11,5], [11,5]/[[3,7],7], [[3,7],7]/[11,7], [11,7]/[[3,7],7], [[3,7],7]/[11,11], [11,11]/[[3,7],7], [17,13]/[[3,7],7], [[3,7],7]/[17,13], [17,19]/[[3,7],7], [[3,7],7]/[17,19], [17,17]/[[3,7],7], [[3,7],7]/[17,17], [[3,7],7]/2₀, 2₀/[[3,7],7], [[3,7],7]/2₁, 2₁/[[3,7],7], [[3,7],7]/3₀, 3₀/[[3,7],7], [[3,7],7]/3₁, 3₁/[[3,7],7], [[3,7],7]/5₀, 5₀/[[3,7],7], [[3,7],7]/5₁, 5₁/[[3,7],7], [[3,7],7]/7₀, 7₀/[[3,7],7], [[3,7],7]/7₁, 7₁/[[3,7],7], [[3,7],7]/13₀, 13₀/[[3,7],7], [[3,7],7]/13₁, 13₁/[[3,7],7], [[3,7],7]/11₀, 11₀/[[3,7],7], [[3,7],7]/11₁, 11₁/[[3,7],7], 1/[[3,7],7], [19,19]/[37,3], [37,3]/[19,19], [37,3]/4, 4/[37,3], [37,3]/[2,3], [2,3]/[37,3], [37,3]/[2,5], [2,5]/[37,3], [37,3]/[2,7], [2,7]/[37,3], [37,3]/[2,13], [2,13]/[37,3], [37,3]/[2,11], [2,11]/[37,3], [37,3]/[3,2], [3,2]/[37,3], [37,3]/[3,3], [3,3]/[37,3], [37,3]/[3,5], [3,5]/[37,3], [37,3]/[5,2], [5,2]/[37,3], [37,3]/[5,3], [5,3]/[37,3], [37,3]/[5,5], [5,5]/[37,3], [37,3]/[7,2], [7,2]/[37,3], [37,3]/[7,3], [7,3]/[37,3], [37,3]/[7,5], [7,5]/[37,3], [37,3]/[13,2], [13,2]/[37,3], [37,3]/[13,3], [13,3]/[37,3], [37,3]/[13,5], [13,5]/[37,3], [37,3]/[19,2], [19,2]/[37,3], [37,3]/[19,3], [19,3]/[37,3], [37,3]/[19,5], [19,5]/[37,3], [19,13]/[37,3], [37,3]/[19,13], [19,17]/[37,3], [37,3]/[19,17], [37,3]/[11,2], [11,2]/[37,3], [37,3]/[11,3], [11,3]/[37,3], [37,3]/[11,5], [11,5]/[37,3], [37,3]/[17,2], [17,2]/[37,3], [37,3]/[17,3], [17,3]/[37,3], [37,3]/[17,5], [17,5]/[37,3], [37,3]/2₀, 2₀/[37,3], [37,3]/2₁, 2₁/[37,3], [37,3]/3₀, 3₀/[37,3], [37,3]/3₁, 3₁/[37,3], [37,3]/5₀, 5₀/[37,3], [37,3]/5₁, 5₁/[37,3], [37,3]/7₀, 7₀/[37,3], [37,3]/7₁, 7₁/[37,3], [37,3]/13₀, 13₀/[37,3], [37,3]/13₁, 13₁/[37,3], [37,3]/19₀, 19₀/[37,3], [37,3]/11₀, 11₀/[37,3], [37,3]/11₁, 11₁/[37,3], [37,3]/17₀, 17₀/[37,3], 1/[37,3], [19,19]/[29,5], [29,5]/[19,19], [29,5]/4, 4/[29,5], [29,5]/[2,3], [2,3]/[29,5], [29,5]/[2,5], [2,5]/[29,5], [29,5]/[2,7], [2,7]/[29,5], [29,5]/[2,13], [2,13]/[29,5], [29,5]/[2,11], [2,11]/[29,5], [29,5]/[3,2], [3,2]/[29,5], [29,5]/[3,3], [3,3]/[29,5], [29,5]/[3,5], [3,5]/[29,5], [29,5]/[3,7], [3,7]/[29,5], [29,5]/[5,2], [5,2]/[29,5], [29,5]/[5,3], [5,3]/[29,5], [29,5]/[5,5], [5,5]/[29,5], [29,5]/[5,7], [5,7]/[29,5], [29,5]/[7,2], [7,2]/[29,5], [29,5]/[7,3], [7,3]/[29,5], [29,5]/[7,5], [7,5]/[29,5], [29,5]/[7,7], [7,7]/[29,5], [29,5]/[13,2], [13,2]/[29,5], [29,5]/[13,3], [13,3]/[29,5], [29,5]/[13,5], [13,5]/[29,5], [29,5]/[13,7], [13,7]/[29,5], [29,5]/[19,2], [19,2]/[29,5], [29,5]/[19,3], [19,3]/[29,5], [29,5]/[19,5], [19,5]/[29,5], [29,5]/[19,7], [19,7]/[29,5], [19,13]/[29,5], [29,5]/[19,13], [19,17]/[29,5], [29,5]/[19,17], [29,5]/[11,2], [11,2]/[29,5], [29,5]/[11,3], [11,3]/[29,5], [29,5]/[11,5], [11,5]/[29,5], [29,5]/[11,7], [11,7]/[29,5], [29,5]/[17,2], [17,2]/[29,5], [29,5]/[17,3], [17,3]/[29,5], [29,5]/[17,5], [17,5]/[29,5], [29,5]/[17,7], [17,7]/[29,5], [29,5]/2₀, 2₀/[29,5], [29,5]/2₁, 2₁/[29,5], [29,5]/3₀, 3₀/[29,5], [29,5]/3₁, 3₁/[29,5], [29,5]/5₀, 5₀/[29,5], [29,5]/5₁, 5₁/[29,5], [29,5]/7₀, 7₀/[29,5], [29,5]/7₁, 7₁/[29,5], [29,5]/13₀, 13₀/[29,5], [29,5]/13₁, 13₁/[29,5], [29,5]/19₀, 19₀/[29,5], [29,5]/11₀, 11₀/[29,5], [29,5]/11₁, 11₁/[29,5], [29,5]/17₀, 17₀/[29,5], 1/[29,5], [19,19]/53, 53/[19,19], 53/4, 4/53, 53/[2,3], [2,3]/53, 53/[2,5], [2,5]/53, 53/[2,7], [2,7]/53, 53/[2,13], [2,13]/53, 53/[2,11], [2,11]/53, 53/[3,2], [3,2]/53, 53/[3,3], [3,3]/53, 53/[5,2], [5,2]/53, 53/[5,3], [5,3]/53, 53/[7,2], [7,2]/53, 53/[7,3], [7,3]/53, [13,13]/53, 53/[13,13], [13,19]/53, 53/[13,19], [13,17]/53, 53/[13,17], [19,13]/53, 53/[19,13], [19,17]/53, 53/[19,17], 53/[11,2], [11,2]/53, 53/[11,3], [11,3]/53, [11,13]/53, 53/[11,13], [11,19]/53, 53/[11,19], [11,17]/53, 53/[11,17], [17,13]/53, 53/[17,13], [17,19]/53, 53/[17,19], [17,17]/53, 53/[17,17], 53/2₀, 2₀/53, 53/2₁, 2₁/53, 53/3₀, 3₀/53, 53/3₁, 3₁/53, 53/5₀, 5₀/53, 53/5₁, 5₁/53, 53/7₀, 7₀/53, 53/7₁, 7₁/53, 53/13₁, 13₁/53, 53/11₀, 11₀/53, 53/11₁, 11₁/53, 1/53, [19,19]/71, 71/[19,19], 71/4, 4/71, 71/[2,3], [2,3]/71, 71/[2,5], [2,5]/71, 71/[2,7], [2,7]/71, 71/[2,13], [2,13]/71, 71/[2,11], [2,11]/71, 71/[3,2], [3,2]/71, 71/[3,3], [3,3]/71, 71/[3,5], [3,5]/71, 71/[5,2], [5,2]/71, 71/[5,3], [5,3]/71, 71/[5,5], [5,5]/71, 71/[7,2], [7,2]/71, 71/[7,3], [7,3]/71, 71/[7,5], [7,5]/71, [13,13]/71, 71/[13,13], [13,19]/71, 71/[13,19], [13,17]/71, 71/[13,17], [19,13]/71, 71/[19,13], [19,17]/71, 71/[19,17], 71/[11,2], [11,2]/71, 71/[11,3], [11,3]/71, 71/[11,5], [11,5]/71, [11,13]/71, 71/[11,13], [11,19]/71, 71/[11,19], [11,17]/71, 71/[11,17], [17,13]/71, 71/[17,13], [17,19]/71, 71/[17,19], [17,17]/71, 71/[17,17], 71/2₀, 2₀/71, 71/2₁, 2₁/71, 71/3₀, 3₀/71, 71/3₁, 3₁/71, 71/5₀, 5₀/71, 71/5₁, 5₁/71, 71/7₀, 7₀/71, 71/7₁, 7₁/71, 71/13₁, 13₁/71, 71/11₀, 11₀/71, 71/11₁, 11₁/71, 1/71, [19,19]/[[5,5],5], [[5,5],5]/[19,19], [[5,5],5]/4, 4/[[5,5],5], [[5,5],5]/[2,3], [2,3]/[[5,5],5], [[5,5],5]/[2,5], [2,5]/[[5,5],5], [[5,5],5]/[2,7], [2,7]/[[5,5],5], [[5,5],5]/[2,13], [2,13]/[[5,5],5], [[5,5],5]/[2,11], [2,11]/[[5,5],5], [[5,5],5]/[3,2], [3,2]/[[5,5],5], [[5,5],5]/[3,3], [3,3]/[[5,5],5], [[5,5],5]/[3,5], [3,5]/[[5,5],5], [[5,5],5]/[3,7], [3,7]/[[5,5],5], [[5,5],5]/[3,11], [3,11]/[[5,5],5], [[5,5],5]/[5,2], [5,2]/[[5,5],5], [[5,5],5]/[5,3], [5,3]/[[5,5],5], [[5,5],5]/[5,5], [5,5]/[[5,5],5], [[5,5],5]/[5,7], [5,7]/[[5,5],5], [[5,5],5]/[5,11], [5,11]/[[5,5],5], [[5,5],5]/[7,2], [7,2]/[[5,5],5], [[5,5],5]/[7,3], [7,3]/[[5,5],5], [[5,5],5]/[7,5], [7,5]/[[5,5],5], [[5,5],5]/[7,7], [7,7]/[[5,5],5], [[5,5],5]/[7,11], [7,11]/[[5,5],5], [13,13]/[[5,5],5], [[5,5],5]/[13,13], [13,19]/[[5,5],5], [[5,5],5]/[13,19], [13,17]/[[5,5],5], [[5,5],5]/[13,17], [19,13]/[[5,5],5], [[5,5],5]/[19,13], [19,17]/[[5,5],5], [[5,5],5]/[19,17], [[5,5],5]/[11,2], [11,2]/[[5,5],5], [[5,5],5]/[11,3], [11,3]/[[5,5],5], [[5,5],5]/[11,5], [11,5]/[[5,5],5], [[5,5],5]/[11,7], [11,7]/[[5,5],5], [11,13]/[[5,5],5], [[5,5],5]/[11,13], [11,19]/[[5,5],5], [[5,5],5]/[11,19], [[5,5],5]/[11,11], [11,11]/[[5,5],5], [11,17]/[[5,5],5], [[5,5],5]/[11,17], [17,13]/[[5,5],5], [[5,5],5]/[17,13], [17,19]/[[5,5],5], [[5,5],5]/[17,19], [17,17]/[[5,5],5], [[5,5],5]/[17,17], [[5,5],5]/2₀, 2₀/[[5,5],5], [[5,5],5]/2₁, 2₁/[[5,5],5], [[5,5],5]/3₀, 3₀/[[5,5],5], [[5,5],5]/3₁, 3₁/[[5,5],5], [[5,5],5]/5₀, 5₀/[[5,5],5], [[5,5],5]/5₁, 5₁/[[5,5],5], [[5,5],5]/7₀, 7₀/[[5,5],5], [[5,5],5]/7₁, 7₁/[[5,5],5], [[5,5],5]/13₁, 13₁/[[5,5],5], [[5,5],5]/11₀, 11₀/[[5,5],5], [[5,5],5]/11₁, 11₁/[[5,5],5], 1/[[5,5],5], [19,19]/131, 131/[19,19], 131/4, 4/131, 131/[2,3], [2,3]/131, 131/[2,5], [2,5]/131, 131/[2,7], [2,7]/131, 131/[2,13], [2,13]/131, 131/[2,11], [2,11]/131, 131/[3,2], [3,2]/131, 131/[3,3], [3,3]/131, 131/[3,5], [3,5]/131, 131/[3,7], [3,7]/131, 131/[5,2], [5,2]/131, 131/[5,3], [5,3]/131, 131/[5,5], [5,5]/131, 131/[5,7], [5,7]/131, 131/[7,2], [7,2]/131, 131/[7,3], [7,3]/131, 131/[7,5], [7,5]/131, 131/[7,7], [7,7]/131, 131/[13,2], [13,2]/131, 131/[13,3], [13,3]/131, 131/[13,5], [13,5]/131, 131/[13,7], [13,7]/131, [19,13]/131, 131/[19,13], [19,17]/131, 131/[19,17], 131/[11,2], [11,2]/131, 131/[11,3], [11,3]/131, 131/[11,5], [11,5]/131, 131/[11,7], [11,7]/131, 131/[17,2], [17,2]/131, 131/[17,3], [17,3]/131, 131/[17,5], [17,5]/131, 131/[17,7], [17,7]/131, [17,13]/131, 131/[17,13], [17,19]/131, 131/[17,19], [17,17]/131, 131/[17,17], 131/2₀, 2₀/131, 131/2₁, 2₁/131, 131/3₀, 3₀/131, 131/3₁, 3₁/131, 131/5₀, 5₀/131, 131/5₁, 5₁/131, 131/7₀, 7₀/131, 131/7₁, 7₁/131, 131/13₀, 13₀/131, 131/13₁, 13₁/131, 131/11₀, 11₀/131, 131/11₁, 11₁/131, 131/17₀, 17₀/131, 1/131, [19,19]/[[3,3],5], [[3,3],5]/[19,19], [[3,3],5]/4, 4/[[3,3],5], [[3,3],5]/[2,3], [2,3]/[[3,3],5], [[3,3],5]/[2,5], [2,5]/[[3,3],5], [[3,3],5]/[2,7], [2,7]/[[3,3],5], [[3,3],5]/[2,13], [2,13]/[[3,3],5], [[3,3],5]/[2,19], [2,19]/[[3,3],5], [[3,3],5]/[2,11], [2,11]/[[3,3],5], [[3,3],5]/[2,17], [2,17]/[[3,3],5], [[3,3],5]/[3,2], [3,2]/[[3,3],5], [[3,3],5]/[3,3], [3,3]/[[3,3],5], [[3,3],5]/[3,5], [3,5]/[[3,3],5], [[3,3],5]/[3,7], [3,7]/[[3,3],5], [3,19]/[[3,3],5], [[3,3],5]/[3,19], [5,19]/[[3,3],5], [[3,3],5]/[5,19], [7,19]/[[3,3],5], [[3,3],5]/[7,19], [13,19]/[[3,3],5], [[3,3],5]/[13,19], [11,19]/[[3,3],5], [[3,3],5]/[11,19], [17,19]/[[3,3],5], [[3,3],5]/[17,19], [[3,3],5]/2₀, 2₀/[[3,3],5], [[3,3],5]/2₁, 2₁/[[3,3],5], [[3,3],5]/3₀, 3₀/[[3,3],5], [[3,3],5]/3₁, 3₁/[[3,3],5], [[3,3],5]/5₁, 5₁/[[3,3],5], [[3,3],5]/7₁, 7₁/[[3,3],5], [[3,3],5]/13₁, 13₁/[[3,3],5], [[3,3],5]/19₁, 19₁/[[3,3],5], [[3,3],5]/11₁, 11₁/[[3,3],5], [[3,3],5]/17₁, 17₁/[[3,3],5], 1/[[3,3],5], [19,19]/[[3,3],7], [[3,3],7]/[19,19], [[3,3],7]/4, 4/[[3,3],7], [[3,3],7]/[2,3], [2,3]/[[3,3],7], [[3,3],7]/[2,5], [2,5]/[[3,3],7], [[3,3],7]/[2,7], [2,7]/[[3,3],7], [[3,3],7]/[2,13], [2,13]/[[3,3],7], [[3,3],7]/[2,19], [2,19]/[[3,3],7], [[3,3],7]/[2,11], [2,11]/[[3,3],7], [[3,3],7]/[2,17], [2,17]/[[3,3],7], [[3,3],7]/[3,2], [3,2]/[[3,3],7], [[3,3],7]/[3,3], [3,3]/[[3,3],7], [[3,3],7]/[3,5], [3,5]/[[3,3],7], [[3,3],7]/[5,2], [5,2]/[[3,3],7], [[3,3],7]/[5,3], [5,3]/[[3,3],7], [[3,3],7]/[5,5], [5,5]/[[3,3],7], [[3,3],7]/[7,2], [7,2]/[[3,3],7], [[3,3],7]/[7,3], [7,3]/[[3,3],7], [[3,3],7]/[7,5], [7,5]/[[3,3],7], [7,19]/[[3,3],7], [[3,3],7]/[7,19], [13,19]/[[3,3],7], [[3,3],7]/[13,19], [11,19]/[[3,3],7], [[3,3],7]/[11,19], [17,19]/[[3,3],7], [[3,3],7]/[17,19], [[3,3],7]/2₀, 2₀/[[3,3],7], [[3,3],7]/2₁, 2₁/[[3,3],7], [[3,3],7]/3₀, 3₀/[[3,3],7], [[3,3],7]/3₁, 3₁/[[3,3],7], [[3,3],7]/5₀, 5₀/[[3,3],7], [[3,3],7]/5₁, 5₁/[[3,3],7], [[3,3],7]/7₀, 7₀/[[3,3],7], [[3,3],7]/7₁, 7₁/[[3,3],7], [[3,3],7]/13₁, 13₁/[[3,3],7], [[3,3],7]/19₁, 19₁/[[3,3],7], [[3,3],7]/11₁, 11₁/[[3,3],7], [[3,3],7]/17₁, 17₁/[[3,3],7], 1/[[3,3],7], [19,19]/73, 73/[19,19], 73/4, 4/73, 73/[2,3], [2,3]/73, 73/[2,5], [2,5]/73, 73/[2,7], [2,7]/73, 73/[2,13], [2,13]/73, 73/[2,19], [2,19]/73, 73/[2,11], [2,11]/73, 73/[2,17], [2,17]/73, 73/[3,2], [3,2]/73, 73/[3,3], [3,3]/73, 73/[3,5], [3,5]/73, 73/[3,7], [3,7]/73, 73/[5,2], [5,2]/73, 73/[5,3], [5,3]/73, 73/[5,5], [5,5]/73, 73/[5,7], [5,7]/73, 73/[7,2], [7,2]/73, 73/[7,3], [7,3]/73, 73/[7,5], [7,5]/73, 73/[7,7], [7,7]/73, [7,19]/73, 73/[7,19], [13,19]/73, 73/[13,19], [11,19]/73, 73/[11,19], [17,19]/73, 73/[17,19], 73/2₀, 2₀/73, 73/2₁, 2₁/73, 73/3₀, 3₀/73, 73/3₁, 3₁/73, 73/5₀, 5₀/73, 73/5₁, 5₁/73, 73/7₀, 7₀/73, 73/7₁, 7₁/73, 73/13₁, 13₁/73, 73/19₁, 19₁/73, 73/11₁, 11₁/73, 73/17₁, 17₁/73, 1/73, [19,19]/[41,3], [41,3]/[19,19], [41,3]/4, 4/[41,3], [41,3]/[2,3], [2,3]/[41,3], [41,3]/[2,5], [2,5]/[41,3], [41,3]/[2,7], [2,7]/[41,3], [41,3]/[2,13], [2,13]/[41,3], [41,3]/[2,19], [2,19]/[41,3], [41,3]/[2,11], [2,11]/[41,3], [41,3]/[2,17], [2,17]/[41,3], [41,3]/[3,2], [3,2]/[41,3], [41,3]/[3,3], [3,3]/[41,3], [41,3]/[3,5], [3,5]/[41,3], [41,3]/[3,7], [3,7]/[41,3], [41,3]/[3,13], [3,13]/[41,3], [41,3]/[3,11], [3,11]/[41,3], [41,3]/[3,17], [3,17]/[41,3], [41,3]/[5,2], [5,2]/[41,3], [41,3]/[5,3], [5,3]/[41,3], [41,3]/[5,5], [5,5]/[41,3], [41,3]/[5,7], [5,7]/[41,3], [41,3]/[5,13], [5,13]/[41,3], [41,3]/[5,11], [5,11]/[41,3], [41,3]/[5,17], [5,17]/[41,3], [41,3]/[7,2], [7,2]/[41,3], [41,3]/[7,3], [7,3]/[41,3], [41,3]/[7,5], [7,5]/[41,3], [41,3]/[7,7], [7,7]/[41,3], [41,3]/[7,13], [7,13]/[41,3], [7,19]/[41,3], [41,3]/[7,19], [41,3]/[7,11], [7,11]/[41,3], [41,3]/[7,17], [7,17]/[41,3], [13,19]/[41,3], [41,3]/[13,19], [11,19]/[41,3], [41,3]/[11,19], [17,19]/[41,3], [41,3]/[17,19], [41,3]/2₀, 2₀/[41,3], [41,3]/2₁, 2₁/[41,3], [41,3]/3₀, 3₀/[41,3], [41,3]/3₁, 3₁/[41,3], [41,3]/5₀, 5₀/[41,3], [41,3]/5₁, 5₁/[41,3], [41,3]/7₀, 7₀/[41,3], [41,3]/7₁, 7₁/[41,3], [41,3]/13₁, 13₁/[41,3], [41,3]/19₁, 19₁/[41,3], [41,3]/11₁, 11₁/[41,3], [41,3]/17₁, 17₁/[41,3], 1/[41,3], [19,19]/157, 157/[19,19], 157/4, 4/157, 157/[2,3], [2,3]/157, 157/[2,5], [2,5]/157, 157/[2,7], [2,7]/157, 157/[2,13], [2,13]/157, 157/[2,19], [2,19]/157, 157/[2,11], [2,11]/157, 157/[2,17], [2,17]/157, 157/[3,2], [3,2]/157, 157/[3,3], [3,3]/157, 157/[3,5], [3,5]/157, 157/[3,7], [3,7]/157, 157/[5,2], [5,2]/157, 157/[5,3], [5,3]/157, 157/[5,5], [5,5]/157, 157/[5,7], [5,7]/157, 157/[7,2], [7,2]/157, 157/[7,3], [7,3]/157, 157/[7,5], [7,5]/157, 157/[7,7], [7,7]/157, 157/[13,2], [13,2]/157, 157/[13,3], [13,3]/157, 157/[13,5], [13,5]/157, 157/[13,7], [13,7]/157, 157/[19,2], [19,2]/157, 157/[19,3], [19,3]/157, 157/[19,5], [19,5]/157, 157/[19,7], [19,7]/157, 157/[11,2], [11,2]/157, 157/[11,3], [11,3]/157, 157/[11,5], [11,5]/157, 157/[11,7], [11,7]/157, 157/[17,2], [17,2]/157, 157/[17,3], [17,3]/157, 157/[17,5], [17,5]/157, 157/[17,7], [17,7]/157, 157/2₀, 2₀/157, 157/2₁, 2₁/157, 157/3₀, 3₀/157, 157/3₁, 3₁/157, 157/5₀, 5₀/157, 157/5₁, 5₁/157, 157/7₀, 7₀/157, 157/7₁, 7₁/157, 157/13₀, 13₀/157, 157/13₁, 13₁/157, 157/19₀, 19₀/157, 157/19₁, 19₁/157, 157/11₀, 11₀/157, 157/11₁, 11₁/157, 157/17₀, 17₀/157, 157/17₁, 17₁/157, 1/157, [19,19]/83, 83/[19,19], 83/4, 4/83, 83/[2,3], [2,3]/83, 83/[2,5], [2,5]/83, 83/[2,7], [2,7]/83, 83/[2,13], [2,13]/83, 83/[2,19], [2,19]/83, 83/[2,11], [2,11]/83, 83/[2,17], [2,17]/83, 83/[3,2], [3,2]/83, 83/[3,3], [3,3]/83, 83/[3,5], [3,5]/83, 83/[5,2], [5,2]/83, 83/[5,3], [5,3]/83, 83/[5,5], [5,5]/83, 83/[7,2], [7,2]/83, 83/[7,3], [7,3]/83, 83/[7,5], [7,5]/83, [13,19]/83, 83/[13,19], 83/[11,2], [11,2]/83, 83/[11,3], [11,3]/83, 83/[11,5], [11,5]/83, [11,19]/83, 83/[11,19], [17,19]/83, 83/[17,19], 83/2₀, 2₀/83, 83/2₁, 2₁/83, 83/3₀, 3₀/83, 83/3₁, 3₁/83, 83/5₀, 5₀/83, 83/5₁, 5₁/83, 83/7₀, 7₀/83, 83/7₁, 7₁/83, 83/13₁, 13₁/83, 83/19₁, 19₁/83, 83/11₀, 11₀/83, 83/11₁, 11₁/83, 83/17₁, 17₁/83, 1/83, [19,19]/107, 107/[19,19], 107/4, 4/107, 107/[2,3], [2,3]/107, 107/[2,5], [2,5]/107, 107/[2,7], [2,7]/107, 107/[2,11], [2,11]/107, 107/[3,2], [3,2]/107, 107/[3,3], [3,3]/107, 107/[3,5], [3,5]/107, 107/[5,2], [5,2]/107, 107/[5,3], [5,3]/107, 107/[5,5], [5,5]/107, 107/[7,2], [7,2]/107, 107/[7,3], [7,3]/107, 107/[7,5], [7,5]/107, 107/[13,2], [13,2]/107, 107/[13,3], [13,3]/107, 107/[13,5], [13,5]/107, 107/[19,2], [19,2]/107, 107/[19,3], [19,3]/107, 107/[19,5], [19,5]/107, [19,13]/107, 107/[19,13], [19,11]/107, 107/[19,11], [19,17]/107, 107/[19,17], 107/[11,2], [11,2]/107, 107/[11,3], [11,3]/107, 107/[11,5], [11,5]/107, 107/[17,2], [17,2]/107, 107/[17,3], [17,3]/107, 107/[17,5], [17,5]/107, 107/2₀, 2₀/107, 107/2₁, 2₁/107, 107/3₀, 3₀/107, 107/3₁, 3₁/107, 107/5₀, 5₀/107, 107/5₁, 5₁/107, 107/7₀, 7₀/107, 107/7₁, 7₁/107, 107/13₀, 13₀/107, 107/19₀, 19₀/107, 107/11₀, 11₀/107, 107/11₁, 11₁/107, 107/17₀, 17₀/107, 1/107, [19,19]/67, 67/[19,19], 67/4, 4/67, 67/[2,3], [2,3]/67, 67/[2,5], [2,5]/67, 67/[2,7], [2,7]/67, 67/[2,11], [2,11]/67, 67/[3,2], [3,2]/67, 67/[3,3], [3,3]/67, 67/[3,5], [3,5]/67, 67/[5,2], [5,2]/67, 67/[5,3], [5,3]/67, 67/[5,5], [5,5]/67, 67/[7,2], [7,2]/67, 67/[7,3], [7,3]/67, 67/[7,5], [7,5]/67, [13,13]/67, 67/[13,13], [13,19]/67, 67/[13,19], [13,11]/67, 67/[13,11], [13,17]/67, 67/[13,17], [19,13]/67, 67/[19,13], [19,11]/67, 67/[19,11], [19,17]/67, 67/[19,17], 67/[11,2], [11,2]/67, 67/[11,3], [11,3]/67, 67/[11,5], [11,5]/67, [11,13]/67, 67/[11,13], [11,19]/67, 67/[11,19], [11,11]/67, 67/[11,11], [11,17]/67, 67/[11,17], [17,13]/67, 67/[17,13], [17,19]/67, 67/[17,19], [17,11]/67, 67/[17,11], [17,17]/67, 67/[17,17], 67/2₀, 2₀/67, 67/2₁, 2₁/67, 67/3₀, 3₀/67, 67/3₁, 3₁/67, 67/5₀, 5₀/67, 67/5₁, 5₁/67, 67/7₀, 7₀/67, 67/7₁, 7₁/67, 67/11₀, 11₀/67, 67/11₁, 11₁/67, 1/67, [19,19]/97, 97/[19,19], 97/4, 4/97, 97/[2,3], [2,3]/97, 97/[2,5], [2,5]/97, 97/[2,7], [2,7]/97, 97/[2,11], [2,11]/97, 97/[3,2], [3,2]/97, 97/[3,3], [3,3]/97, 97/[3,5], [3,5]/97, 97/[5,2], [5,2]/97, 97/[5,3], [5,3]/97, 97/[5,5], [5,5]/97, 97/[7,2], [7,2]/97, 97/[7,3], [7,3]/97, 97/[7,5], [7,5]/97, 97/[13,2], [13,2]/97, 97/[13,3], [13,3]/97, 97/[13,5], [13,5]/97, [19,13]/97, 97/[19,13], [19,11]/97, 97/[19,11], [19,17]/97, 97/[19,17], 97/[11,2], [11,2]/97, 97/[11,3], [11,3]/97, 97/[11,5], [11,5]/97, 97/[17,2], [17,2]/97, 97/[17,3], [17,3]/97, 97/[17,5], [17,5]/97, [17,13]/97, 97/[17,13], [17,19]/97, 97/[17,19], [17,11]/97, 97/[17,11], [17,17]/97, 97/[17,17], 97/2₀, 2₀/97, 97/2₁, 2₁/97, 97/3₀, 3₀/97, 97/3₁, 3₁/97, 97/5₀, 5₀/97, 97/5₁, 5₁/97, 97/7₀, 7₀/97, 97/7₁, 7₁/97, 97/13₀, 13₀/97, 97/11₀, 11₀/97, 97/11₁, 11₁/97, 97/17₀, 17₀/97, 1/97, [19,19]/127, 127/[19,19], 127/4, 4/127, 127/[2,3], [2,3]/127, 127/[2,5], [2,5]/127, 127/[2,7], [2,7]/127, 127/[2,11], [2,11]/127, 127/[3,2], [3,2]/127, 127/[3,3], [3,3]/127, 127/[3,5], [3,5]/127, 127/[3,7], [3,7]/127, 127/[5,2], [5,2]/127, 127/[5,3], [5,3]/127, 127/[5,5], [5,5]/127, 127/[5,7], [5,7]/127, 127/[7,2], [7,2]/127, 127/[7,3], [7,3]/127, 127/[7,5], [7,5]/127, 127/[7,7], [7,7]/127, 127/[13,2], [13,2]/127, 127/[13,3], [13,3]/127, 127/[13,5], [13,5]/127, 127/[13,7], [13,7]/127, [19,13]/127, 127/[19,13], [19,11]/127, 127/[19,11], [19,17]/127, 127/[19,17], 127/[11,2], [11,2]/127, 127/[11,3], [11,3]/127, 127/[11,5], [11,5]/127, 127/[11,7], [11,7]/127, 127/[17,2], [17,2]/127, 127/[17,3], [17,3]/127, 127/[17,5], [17,5]/127, 127/[17,7], [17,7]/127, [17,13]/127, 127/[17,13], [17,19]/127, 127/[17,19], [17,11]/127, 127/[17,11], [17,17]/127, 127/[17,17], 127/2₀, 2₀/127, 127/2₁, 2₁/127, 127/3₀, 3₀/127, 127/3₁, 3₁/127, 127/5₀, 5₀/127, 127/5₁, 5₁/127, 127/7₀, 7₀/127, 127/7₁, 7₁/127, 127/13₀, 13₀/127, 127/11₀, 11₀/127, 127/11₁, 11₁/127, 127/17₀, 17₀/127, 1/127, [19,19]/[17,[3,3]], [17,[3,3]]/[19,19], [17,[3,3]]/4, 4/[17,[3,3]], [17,[3,3]]/[2,3], [2,3]/[17,[3,3]], [17,[3,3]]/[2,5], [2,5]/[17,[3,3]], [17,[3,3]]/[2,7], [2,7]/[17,[3,3]], [17,[3,3]]/[2,13], [2,13]/[17,[3,3]], [17,[3,3]]/[2,11], [2,11]/[17,[3,3]], [17,[3,3]]/[2,17], [2,17]/[17,[3,3]], [17,[3,3]]/[3,2], [3,2]/[17,[3,3]], [17,[3,3]]/[3,3], [3,3]/[17,[3,3]], [17,[3,3]]/[3,5], [3,5]/[17,[3,3]], [17,[3,3]]/[3,7], [3,7]/[17,[3,3]], [17,[3,3]]/[5,2], [5,2]/[17,[3,3]], [17,[3,3]]/[5,3], [5,3]/[17,[3,3]], [17,[3,3]]/[5,5], [5,5]/[17,[3,3]], [17,[3,3]]/[5,7], [5,7]/[17,[3,3]], [17,[3,3]]/[7,2], [7,2]/[17,[3,3]], [17,[3,3]]/[7,3], [7,3]/[17,[3,3]], [17,[3,3]]/[7,5], [7,5]/[17,[3,3]], [17,[3,3]]/[7,7], [7,7]/[17,[3,3]], [17,[3,3]]/[13,2], [13,2]/[17,[3,3]], [17,[3,3]]/[13,3], [13,3]/[17,[3,3]], [17,[3,3]]/[13,5], [13,5]/[17,[3,3]], [17,[3,3]]/[13,7], [13,7]/[17,[3,3]], [17,[3,3]]/[19,2], [19,2]/[17,[3,3]], [17,[3,3]]/[19,3], [19,3]/[17,[3,3]], [17,[3,3]]/[19,5], [19,5]/[17,[3,3]], [17,[3,3]]/[19,7], [19,7]/[17,[3,3]], [19,17]/[17,[3,3]], [17,[3,3]]/[19,17], [17,[3,3]]/[11,2], [11,2]/[17,[3,3]], [17,[3,3]]/[11,3], [11,3]/[17,[3,3]], [17,[3,3]]/[11,5], [11,5]/[17,[3,3]], [17,[3,3]]/[11,7], [11,7]/[17,[3,3]], [17,[3,3]]/[17,2], [17,2]/[17,[3,3]], [17,[3,3]]/[17,3], [17,3]/[17,[3,3]], [17,[3,3]]/[17,5], [17,5]/[17,[3,3]], [17,[3,3]]/[17,7], [17,7]/[17,[3,3]], [17,[3,3]]/2₀, 2₀/[17,[3,3]], [17,[3,3]]/2₁, 2₁/[17,[3,3]], [17,[3,3]]/3₀, 3₀/[17,[3,3]], [17,[3,3]]/3₁, 3₁/[17,[3,3]], [17,[3,3]]/5₀, 5₀/[17,[3,3]], [17,[3,3]]/5₁, 5₁/[17,[3,3]], [17,[3,3]]/7₀, 7₀/[17,[3,3]], [17,[3,3]]/7₁, 7₁/[17,[3,3]], [17,[3,3]]/13₀, 13₀/[17,[3,3]], [17,[3,3]]/13₁, 13₁/[17,[3,3]], [17,[3,3]]/19₀, 19₀/[17,[3,3]], [17,[3,3]]/11₀, 11₀/[17,[3,3]], [17,[3,3]]/11₁, 11₁/[17,[3,3]], [17,[3,3]]/17₀, 17₀/[17,[3,3]], [17,[3,3]]/17₁, 17₁/[17,[3,3]], 1/[17,[3,3]], [19,19]/79, 79/[19,19], 79/4, 4/79, 79/[2,3], [2,3]/79, 79/[2,5], [2,5]/79, 79/[2,7], [2,7]/79, 79/[2,13], [2,13]/79, 79/[2,11], [2,11]/79, 79/[2,17], [2,17]/79, 79/[3,2], [3,2]/79, 79/[3,3], [3,3]/79, 79/[3,5], [3,5]/79, 79/[5,2], [5,2]/79, 79/[5,3], [5,3]/79, 79/[5,5], [5,5]/79, 79/[7,2], [7,2]/79, 79/[7,3], [7,3]/79, 79/[7,5], [7,5]/79, [13,19]/79, 79/[13,19], [13,17]/79, 79/[13,17], [19,17]/79, 79/[19,17], 79/[11,2], [11,2]/79, 79/[11,3], [11,3]/79, 79/[11,5], [11,5]/79, [11,19]/79, 79/[11,19], [11,17]/79, 79/[11,17], [17,19]/79, 79/[17,19], [17,17]/79, 79/[17,17], 79/2₀, 2₀/79, 79/2₁, 2₁/79, 79/3₀, 3₀/79, 79/3₁, 3₁/79, 79/5₀, 5₀/79, 79/5₁, 5₁/79, 79/7₀, 7₀/79, 79/7₁, 7₁/79, 79/13₁, 13₁/79, 79/11₀, 11₀/79, 79/11₁, 11₁/79, 79/17₁, 17₁/79, 1/79, [19,19]/109, 109/[19,19], 109/4, 4/109, 109/[2,3], [2,3]/109, 109/[2,5], [2,5]/109, 109/[2,7], [2,7]/109, 109/[2,13], [2,13]/109, 109/[2,11], [2,11]/109, 109/[2,17], [2,17]/109, 109/[3,2], [3,2]/109, 109/[3,3], [3,3]/109, 109/[3,5], [3,5]/109, 109/[5,2], [5,2]/109, 109/[5,3], [5,3]/109, 109/[5,5], [5,5]/109, 109/[7,2], [7,2]/109, 109/[7,3], [7,3]/109, 109/[7,5], [7,5]/109, 109/[13,2], [13,2]/109, 109/[13,3], [13,3]/109, 109/[13,5], [13,5]/109, [19,17]/109, 109/[19,17], 109/[11,2], [11,2]/109, 109/[11,3], [11,3]/109, 109/[11,5], [11,5]/109, 109/[17,2], [17,2]/109, 109/[17,3], [17,3]/109, 109/[17,5], [17,5]/109, [17,19]/109, 109/[17,19], [17,17]/109, 109/[17,17], 109/2₀, 2₀/109, 109/2₁, 2₁/109, 109/3₀, 3₀/109, 109/3₁, 3₁/109, 109/5₀, 5₀/109, 109/5₁, 5₁/109, 109/7₀, 7₀/109, 109/7₁, 7₁/109, 109/13₀, 13₀/109, 109/13₁, 13₁/109, 109/11₀, 11₀/109, 109/11₁, 11₁/109, 109/17₀, 17₀/109, 109/17₁, 17₁/109, 1/109, [19,19]/149, 149/[19,19], 149/4, 4/149, 149/[2,3], [2,3]/149, 149/[2,5], [2,5]/149, 149/[2,7], [2,7]/149, 149/[2,13], [2,13]/149, 149/[2,11], [2,11]/149, 149/[3,2], [3,2]/149, 149/[3,3], [3,3]/149, 149/[3,5], [3,5]/149, 149/[3,7], [3,7]/149, 149/[3,13], [3,13]/149, 149/[3,11], [3,11]/149, 149/[5,2], [5,2]/149, 149/[5,3], [5,3]/149, 149/[5,5], [5,5]/149, 149/[5,7], [5,7]/149, 149/[5,11], [5,11]/149, 149/[7,2], [7,2]/149, 149/[7,3], [7,3]/149, 149/[7,5], [7,5]/149, 149/[7,7], [7,7]/149, 149/[7,11], [7,11]/149, 149/[13,2], [13,2]/149, 149/[13,3], [13,3]/149, 149/[13,5], [13,5]/149, 149/[13,7], [13,7]/149, [13,13]/149, 149/[13,13], [13,19]/149, 149/[13,19], 149/[13,11], [13,11]/149, [13,17]/149, 149/[13,17], [19,13]/149, 149/[19,13], [19,17]/149, 149/[19,17], 149/[11,2], [11,2]/149, 149/[11,3], [11,3]/149, 149/[11,5], [11,5]/149, 149/[11,7], [11,7]/149, 149/[11,11], [11,11]/149, [17,13]/149, 149/[17,13], [17,19]/149, 149/[17,19], [17,17]/149, 149/[17,17], 149/2₀, 2₀/149, 149/2₁, 2₁/149, 149/3₀, 3₀/149, 149/3₁, 3₁/149, 149/5₀, 5₀/149, 149/5₁, 5₁/149, 149/7₀, 7₀/149, 149/7₁, 7₁/149, 149/13₀, 13₀/149, 149/13₁, 13₁/149, 149/11₀, 11₀/149, 149/11₁, 11₁/149, 1/149, [19,19]/[29,3], [29,3]/[19,19], [29,3]/4, 4/[29,3], [29,3]/[2,3], [2,3]/[29,3], [29,3]/[2,5], [2,5]/[29,3], [29,3]/[2,7], [2,7]/[29,3], [29,3]/[2,13], [2,13]/[29,3], [29,3]/[2,11], [2,11]/[29,3], [29,3]/[3,2], [3,2]/[29,3], [29,3]/[3,3], [3,3]/[29,3], [29,3]/[3,5], [3,5]/[29,3], [29,3]/[3,7], [3,7]/[29,3], [29,3]/[3,13], [3,13]/[29,3], [29,3]/[3,11], [3,11]/[29,3], [29,3]/[5,2], [5,2]/[29,3], [29,3]/[5,3], [5,3]/[29,3], [29,3]/[7,2], [7,2]/[29,3], [29,3]/[7,3], [7,3]/[29,3], [29,3]/[13,2], [13,2]/[29,3], [29,3]/[13,3], [13,3]/[29,3], [29,3]/[19,2], [19,2]/[29,3], [29,3]/[19,3], [19,3]/[29,3], [19,13]/[29,3], [29,3]/[19,13], [19,17]/[29,3], [29,3]/[19,17], [29,3]/[11,2], [11,2]/[29,3], [29,3]/[11,3], [11,3]/[29,3], [29,3]/[17,2], [17,2]/[29,3], [29,3]/[17,3], [17,3]/[29,3], [29,3]/2₀, 2₀/[29,3], [29,3]/2₁, 2₁/[29,3], [29,3]/3₀, 3₀/[29,3], [29,3]/3₁, 3₁/[29,3], [29,3]/5₀, 5₀/[29,3], [29,3]/5₁, 5₁/[29,3], [29,3]/7₀, 7₀/[29,3], [29,3]/7₁, 7₁/[29,3], [29,3]/13₀, 13₀/[29,3], [29,3]/13₁, 13₁/[29,3], [29,3]/19₀, 19₀/[29,3], [29,3]/11₀, 11₀/[29,3], [29,3]/11₁, 11₁/[29,3], [29,3]/17₀, 17₀/[29,3], 1/[29,3], [19,19]/[[3,5],7], [[3,5],7]/[19,19], [[3,5],7]/4, 4/[[3,5],7], [[3,5],7]/[2,3], [2,3]/[[3,5],7], [[3,5],7]/[2,5], [2,5]/[[3,5],7], [[3,5],7]/[2,7], [2,7]/[[3,5],7], [[3,5],7]/[2,13], [2,13]/[[3,5],7], [[3,5],7]/[2,19], [2,19]/[[3,5],7], [[3,5],7]/[2,11], [2,11]/[[3,5],7], [[3,5],7]/[2,17], [2,17]/[[3,5],7], [[3,5],7]/[3,2], [3,2]/[[3,5],7], [[3,5],7]/[3,3], [3,3]/[[3,5],7], [[3,5],7]/[3,5], [3,5]/[[3,5],7], [[3,5],7]/[3,7], [3,7]/[[3,5],7], [[3,5],7]/[3,13], [3,13]/[[3,5],7], [[3,5],7]/[3,19], [3,19]/[[3,5],7], [[3,5],7]/[3,11], [3,11]/[[3,5],7], [[3,5],7]/[3,17], [3,17]/[[3,5],7], [[3,5],7]/[5,2], [5,2]/[[3,5],7], [[3,5],7]/[5,3], [5,3]/[[3,5],7], [[3,5],7]/[7,2], [7,2]/[[3,5],7], [[3,5],7]/[7,3], [7,3]/[[3,5],7], [[3,5],7]/[13,2], [13,2]/[[3,5],7], [[3,5],7]/[13,3], [13,3]/[[3,5],7], [[3,5],7]/[19,2], [19,2]/[[3,5],7], [[3,5],7]/[19,3], [19,3]/[[3,5],7], [[3,5],7]/[11,2], [11,2]/[[3,5],7], [[3,5],7]/[11,3], [11,3]/[[3,5],7], [[3,5],7]/[17,2], [17,2]/[[3,5],7], [[3,5],7]/[17,3], [17,3]/[[3,5],7], [[3,5],7]/2₀, 2₀/[[3,5],7], [[3,5],7]/2₁, 2₁/[[3,5],7], [[3,5],7]/3₀, 3₀/[[3,5],7], [[3,5],7]/3₁, 3₁/[[3,5],7], [[3,5],7]/5₀, 5₀/[[3,5],7], [[3,5],7]/5₁, 5₁/[[3,5],7], [[3,5],7]/7₀, 7₀/[[3,5],7], [[3,5],7]/7₁, 7₁/[[3,5],7], [[3,5],7]/13₀, 13₀/[[3,5],7], [[3,5],7]/13₁, 13₁/[[3,5],7], [[3,5],7]/19₀, 19₀/[[3,5],7], [[3,5],7]/19₁, 19₁/[[3,5],7], [[3,5],7]/11₀, 11₀/[[3,5],7], [[3,5],7]/11₁, 11₁/[[3,5],7], [[3,5],7]/17₀, 17₀/[[3,5],7], [[3,5],7]/17₁, 17₁/[[3,5],7], 1/[[3,5],7], [19,19]/[[5,5],3], [[5,5],3]/[19,19], [[5,5],3]/4, 4/[[5,5],3], [[5,5],3]/[2,3], [2,3]/[[5,5],3], [[5,5],3]/[2,5], [2,5]/[[5,5],3], [[5,5],3]/[2,7], [2,7]/[[5,5],3], [[5,5],3]/[2,11], [2,11]/[[5,5],3], [[5,5],3]/[3,2], [3,2]/[[5,5],3], [[5,5],3]/[3,3], [3,3]/[[5,5],3], [[5,5],3]/[3,5], [3,5]/[[5,5],3], [[5,5],3]/[3,7], [3,7]/[[5,5],3], [[5,5],3]/[3,11], [3,11]/[[5,5],3], [[5,5],3]/[5,2], [5,2]/[[5,5],3], [[5,5],3]/[5,3], [5,3]/[[5,5],3], [[5,5],3]/[7,2], [7,2]/[[5,5],3], [[5,5],3]/[7,3], [7,3]/[[5,5],3], [[5,5],3]/[13,2], [13,2]/[[5,5],3], [[5,5],3]/[13,3], [13,3]/[[5,5],3], [19,13]/[[5,5],3], [[5,5],3]/[19,13], [19,11]/[[5,5],3], [[5,5],3]/[19,11], [19,17]/[[5,5],3], [[5,5],3]/[19,17], [[5,5],3]/[11,2], [11,2]/[[5,5],3], [[5,5],3]/[11,3], [11,3]/[[5,5],3], [[5,5],3]/[17,2], [17,2]/[[5,5],3], [[5,5],3]/[17,3], [17,3]/[[5,5],3], [17,13]/[[5,5],3], [[5,5],3]/[17,13], [17,19]/[[5,5],3], [[5,5],3]/[17,19], [17,11]/[[5,5],3], [[5,5],3]/[17,11], [17,17]/[[5,5],3], [[5,5],3]/[17,17], [[5,5],3]/2₀, 2₀/[[5,5],3], [[5,5],3]/2₁, 2₁/[[5,5],3], [[5,5],3]/3₀, 3₀/[[5,5],3], [[5,5],3]/3₁, 3₁/[[5,5],3], [[5,5],3]/5₀, 5₀/[[5,5],3], [[5,5],3]/5₁, 5₁/[[5,5],3], [[5,5],3]/7₀, 7₀/[[5,5],3], [[5,5],3]/7₁, 7₁/[[5,5],3], [[5,5],3]/13₀, 13₀/[[5,5],3], [[5,5],3]/11₀, 11₀/[[5,5],3], [[5,5],3]/11₁, 11₁/[[5,5],3], [[5,5],3]/17₀, 17₀/[[5,5],3], 1/[[5,5],3], [19,19]/[[3,5],[3,3]], [[3,5],[3,3]]/[19,19], [[3,5],[3,3]]/4, 4/[[3,5],[3,3]], [[3,5],[3,3]]/[2,3], [2,3]/[[3,5],[3,3]], [[3,5],[3,3]]/[2,5], [2,5]/[[3,5],[3,3]], [[3,5],[3,3]]/[2,7], [2,7]/[[3,5],[3,3]], [[3,5],[3,3]]/[2,13], [2,13]/[[3,5],[3,3]], [[3,5],[3,3]]/[2,11], [2,11]/[[3,5],[3,3]], [[3,5],[3,3]]/[3,2], [3,2]/[[3,5],[3,3]], [[3,5],[3,3]]/[3,3], [3,3]/[[3,5],[3,3]], [[3,5],[3,3]]/[3,5], [3,5]/[[3,5],[3,3]], [[3,5],[3,3]]/[3,7], [3,7]/[[3,5],[3,3]], [[3,5],[3,3]]/[3,13], [3,13]/[[3,5],[3,3]], [[3,5],[3,3]]/[3,11], [3,11]/[[3,5],[3,3]], [[3,5],[3,3]]/[5,2], [5,2]/[[3,5],[3,3]], [[3,5],[3,3]]/[5,3], [5,3]/[[3,5],[3,3]], [[3,5],[3,3]]/[5,5], [5,5]/[[3,5],[3,3]], [[3,5],[3,3]]/[5,7], [5,7]/[[3,5],[3,3]], [[3,5],[3,3]]/[5,13], [5,13]/[[3,5],[3,3]], [[3,5],[3,3]]/[5,11], [5,11]/[[3,5],[3,3]], [[3,5],[3,3]]/[7,2], [7,2]/[[3,5],[3,3]], [[3,5],[3,3]]/[7,3], [7,3]/[[3,5],[3,3]], [[3,5],[3,3]]/[7,5], [7,5]/[[3,5],[3,3]], [[3,5],[3,3]]/[13,2], [13,2]/[[3,5],[3,3]], [[3,5],[3,3]]/[13,3], [13,3]/[[3,5],[3,3]], [[3,5],[3,3]]/[13,5], [13,5]/[[3,5],[3,3]], [[3,5],[3,3]]/[19,2], [19,2]/[[3,5],[3,3]], [[3,5],[3,3]]/[19,3], [19,3]/[[3,5],[3,3]], [[3,5],[3,3]]/[19,5], [19,5]/[[3,5],[3,3]], [19,13]/[[3,5],[3,3]], [[3,5],[3,3]]/[19,13], [19,17]/[[3,5],[3,3]], [[3,5],[3,3]]/[19,17], [[3,5],[3,3]]/[11,2], [11,2]/[[3,5],[3,3]], [[3,5],[3,3]]/[11,3], [11,3]/[[3,5],[3,3]], [[3,5],[3,3]]/[11,5], [11,5]/[[3,5],[3,3]], [[3,5],[3,3]]/[17,2], [17,2]/[[3,5],[3,3]], [[3,5],[3,3]]/[17,3], [17,3]/[[3,5],[3,3]], [[3,5],[3,3]]/[17,5], [17,5]/[[3,5],[3,3]], [[3,5],[3,3]]/2₀, 2₀/[[3,5],[3,3]], [[3,5],[3,3]]/2₁, 2₁/[[3,5],[3,3]], [[3,5],[3,3]]/3₀, 3₀/[[3,5],[3,3]], [[3,5],[3,3]]/3₁, 3₁/[[3,5],[3,3]], [[3,5],[3,3]]/5₀, 5₀/[[3,5],[3,3]], [[3,5],[3,3]]/5₁, 5₁/[[3,5],[3,3]], [[3,5],[3,3]]/7₀, 7₀/[[3,5],[3,3]], [[3,5],[3,3]]/7₁, 7₁/[[3,5],[3,3]], [[3,5],[3,3]]/13₀, 13₀/[[3,5],[3,3]], [[3,5],[3,3]]/13₁, 13₁/[[3,5],[3,3]], [[3,5],[3,3]]/19₀, 19₀/[[3,5],[3,3]], [[3,5],[3,3]]/11₀, 11₀/[[3,5],[3,3]], [[3,5],[3,3]]/11₁, 11₁/[[3,5],[3,3]], [[3,5],[3,3]]/17₀, 17₀/[[3,5],[3,3]], 1/[[3,5],[3,3]], [19,19]/[[3,5],11], [[3,5],11]/[19,19], [[3,5],11]/4, 4/[[3,5],11], [[3,5],11]/[2,3], [2,3]/[[3,5],11], [[3,5],11]/[2,5], [2,5]/[[3,5],11], [[3,5],11]/[2,7], [2,7]/[[3,5],11], [[3,5],11]/[2,13], [2,13]/[[3,5],11], [[3,5],11]/[2,19], [2,19]/[[3,5],11], [[3,5],11]/[2,11], [2,11]/[[3,5],11], [[3,5],11]/[2,17], [2,17]/[[3,5],11], [[3,5],11]/[3,2], [3,2]/[[3,5],11], [[3,5],11]/[3,3], [3,3]/[[3,5],11], [[3,5],11]/[3,5], [3,5]/[[3,5],11], [[3,5],11]/[3,7], [3,7]/[[3,5],11], [[3,5],11]/[3,13], [3,13]/[[3,5],11], [[3,5],11]/[3,19], [3,19]/[[3,5],11], [[3,5],11]/[3,11], [3,11]/[[3,5],11], [[3,5],11]/[3,17], [3,17]/[[3,5],11], [[3,5],11]/[5,2], [5,2]/[[3,5],11], [[3,5],11]/[5,3], [5,3]/[[3,5],11], [[3,5],11]/[5,5], [5,5]/[[3,5],11], [[3,5],11]/[5,7], [5,7]/[[3,5],11], [[3,5],11]/[5,13], [5,13]/[[3,5],11], [[3,5],11]/[5,19], [5,19]/[[3,5],11], [[3,5],11]/[5,11], [5,11]/[[3,5],11], [[3,5],11]/[5,17], [5,17]/[[3,5],11], [[3,5],11]/[7,2], [7,2]/[[3,5],11], [[3,5],11]/[7,3], [7,3]/[[3,5],11], [[3,5],11]/[7,5], [7,5]/[[3,5],11], [[3,5],11]/[13,2], [13,2]/[[3,5],11], [[3,5],11]/[13,3], [13,3]/[[3,5],11], [[3,5],11]/[13,5], [13,5]/[[3,5],11], [[3,5],11]/[19,2], [19,2]/[[3,5],11], [[3,5],11]/[19,3], [19,3]/[[3,5],11], [[3,5],11]/[19,5], [19,5]/[[3,5],11], [[3,5],11]/[11,2], [11,2]/[[3,5],11], [[3,5],11]/[11,3], [11,3]/[[3,5],11], [[3,5],11]/[11,5], [11,5]/[[3,5],11], [[3,5],11]/[17,2], [17,2]/[[3,5],11], [[3,5],11]/[17,3], [17,3]/[[3,5],11], [[3,5],11]/[17,5], [17,5]/[[3,5],11], [[3,5],11]/2₀, 2₀/[[3,5],11], [[3,5],11]/2₁, 2₁/[[3,5],11], [[3,5],11]/3₀, 3₀/[[3,5],11], [[3,5],11]/3₁, 3₁/[[3,5],11], [[3,5],11]/5₀, 5₀/[[3,5],11], [[3,5],11]/5₁, 5₁/[[3,5],11], [[3,5],11]/7₀, 7₀/[[3,5],11], [[3,5],11]/7₁, 7₁/[[3,5],11], [[3,5],11]/13₀, 13₀/[[3,5],11], [[3,5],11]/13₁, 13₁/[[3,5],11], [[3,5],11]/19₀, 19₀/[[3,5],11], [[3,5],11]/19₁, 19₁/[[3,5],11], [[3,5],11]/11₀, 11₀/[[3,5],11], [[3,5],11]/11₁, 11₁/[[3,5],11], [[3,5],11]/17₀, 17₀/[[3,5],11], [[3,5],11]/17₁, 17₁/[[3,5],11], 1/[[3,5],11])
read one lower:  19{Q*([19,19]/O76, O76/[19,19], O76/4, 4/O76, O76/[2,3], [2,3]/O76, O76/[2,5], [2,5]/O76, O76/[2,7], [2,7]/O76, O76/[2,13], [2,13]/O76, O76/[2,11], [2,11]/O76, O76/[3,2], [3,2]/O76, O76/[5,2], [5,2]/O76, O76/[7,2], [7,2]/O76, O76/[13,2], [13,2]/O76, O76/[19,2], [19,2]/O76, [19,13]/O76, O76/[19,13], [19,17]/O76, O76/[19,17], O76/[11,2], [11,2]/O76, O76/[17,2], [17,2]/O76, O76/2, 2/O76, O76/3, 3/O76, O76/5, 5/O76, O76/7, 7/O76, O76/13, 13/O76, O76/19, 19/O76, O76/11, 11/O76, O76/17, 17/O76, 1/O76, [19,19]/O77, O77/[19,19], O77/4, 4/O77, O77/[2,3], [2,3]/O77, O77/[2,5], [2,5]/O77, O77/[2,7], [2,7]/O77, O77/[2,13], [2,13]/O77, O77/[2,11], [2,11]/O77, O77/[3,2], [3,2]/O77, O77/[3,3], [3,3]/O77, O77/[3,5], [3,5]/O77, O77/[3,7], [3,7]/O77, O77/[3,11], [3,11]/O77, O77/[5,2], [5,2]/O77, O77/[5,3], [5,3]/O77, O77/[5,5], [5,5]/O77, O77/[5,7], [5,7]/O77, O77/[5,11], [5,11]/O77, O77/[7,2], [7,2]/O77, O77/[7,3], [7,3]/O77, O77/[7,5], [7,5]/O77, O77/[7,7], [7,7]/O77, O77/[7,11], [7,11]/O77, O77/[13,2], [13,2]/O77, O77/[13,3], [13,3]/O77, O77/[13,5], [13,5]/O77, O77/[13,7], [13,7]/O77, O77/[13,11], [13,11]/O77, O77/[19,2], [19,2]/O77, O77/[19,3], [19,3]/O77, O77/[19,5], [19,5]/O77, O77/[19,7], [19,7]/O77, [19,13]/O77, O77/[19,13], O77/[19,11], [19,11]/O77, [19,17]/O77, O77/[19,17], O77/[11,2], [11,2]/O77, O77/[11,3], [11,3]/O77, O77/[11,5], [11,5]/O77, O77/[11,7], [11,7]/O77, O77/[11,11], [11,11]/O77, O77/[17,2], [17,2]/O77, O77/[17,3], [17,3]/O77, O77/[17,5], [17,5]/O77, O77/[17,7], [17,7]/O77, O77/[17,11], [17,11]/O77, O77/2, 2/O77, O77/3, 3/O77, O77/5, 5/O77, O77/7, 7/O77, O77/13, 13/O77, O77/19, 19/O77, O77/11, 11/O77, O77/17, 17/O77, 1/O77, [19,19]/O78, O78/[19,19], O78/4, 4/O78, O78/[2,3], [2,3]/O78, O78/[2,5], [2,5]/O78, O78/[2,7], [2,7]/O78, O78/[2,13], [2,13]/O78, O78/[2,11], [2,11]/O78, O78/[3,2], [3,2]/O78, O78/[5,2], [5,2]/O78, O78/[7,2], [7,2]/O78, O78/[13,2], [13,2]/O78, [19,13]/O78, O78/[19,13], [19,17]/O78, O78/[19,17], O78/[11,2], [11,2]/O78, O78/[17,2], [17,2]/O78, [17,13]/O78, O78/[17,13], [17,19]/O78, O78/[17,19], [17,17]/O78, O78/[17,17], O78/2, 2/O78, O78/3, 3/O78, O78/5, 5/O78, O78/7, 7/O78, O78/13, 13/O78, O78/11, 11/O78, O78/17, 17/O78, 1/O78, [19,19]/O79, O79/[19,19], O79/4, 4/O79, O79/[2,3], [2,3]/O79, O79/[2,5], [2,5]/O79, O79/[2,7], [2,7]/O79, O79/[2,13], [2,13]/O79, O79/[2,11], [2,11]/O79, O79/[3,2], [3,2]/O79, O79/[3,3], [3,3]/O79, O79/[3,5], [3,5]/O79, O79/[5,2], [5,2]/O79, O79/[5,3], [5,3]/O79, O79/[5,5], [5,5]/O79, O79/[7,2], [7,2]/O79, O79/[7,3], [7,3]/O79, O79/[7,5], [7,5]/O79, O79/[13,2], [13,2]/O79, O79/[13,3], [13,3]/O79, O79/[13,5], [13,5]/O79, [19,13]/O79, O79/[19,13], [19,17]/O79, O79/[19,17], O79/[11,2], [11,2]/O79, O79/[11,3], [11,3]/O79, O79/[11,5], [11,5]/O79, O79/[17,2], [17,2]/O79, O79/[17,3], [17,3]/O79, O79/[17,5], [17,5]/O79, [17,13]/O79, O79/[17,13], [17,19]/O79, O79/[17,19], [17,17]/O79, O79/[17,17], O79/2, 2/O79, O79/3, 3/O79, O79/5, 5/O79, O79/7, 7/O79, O79/13, 13/O79, O79/11, 11/O79, O79/17, 17/O79, 1/O79, [19,19]/O80, O80/[19,19], O80/4, 4/O80, O80/[2,3], [2,3]/O80, O80/[2,5], [2,5]/O80, O80/[2,7], [2,7]/O80, O80/[2,13], [2,13]/O80, O80/[2,11], [2,11]/O80, O80/[3,2], [3,2]/O80, O80/[3,3], [3,3]/O80, O80/[3,5], [3,5]/O80, O80/[3,7], [3,7]/O80, O80/[3,11], [3,11]/O80, O80/[5,2], [5,2]/O80, O80/[5,3], [5,3]/O80, O80/[5,5], [5,5]/O80, O80/[5,7], [5,7]/O80, O80/[5,11], [5,11]/O80, O80/[7,2], [7,2]/O80, O80/[7,3], [7,3]/O80, O80/[7,5], [7,5]/O80, O80/[7,7], [7,7]/O80, O80/[7,11], [7,11]/O80, O80/[13,2], [13,2]/O80, O80/[13,3], [13,3]/O80, O80/[13,5], [13,5]/O80, O80/[13,7], [13,7]/O80, O80/[13,11], [13,11]/O80, [19,13]/O80, O80/[19,13], [19,17]/O80, O80/[19,17], O80/[11,2], [11,2]/O80, O80/[11,3], [11,3]/O80, O80/[11,5], [11,5]/O80, O80/[11,7], [11,7]/O80, O80/[11,11], [11,11]/O80, O80/[17,2], [17,2]/O80, O80/[17,3], [17,3]/O80, O80/[17,5], [17,5]/O80, O80/[17,7], [17,7]/O80, [17,13]/O80, O80/[17,13], [17,19]/O80, O80/[17,19], O80/[17,11], [17,11]/O80, [17,17]/O80, O80/[17,17], O80/2, 2/O80, O80/3, 3/O80, O80/5, 5/O80, O80/7, 7/O80, O80/13, 13/O80, O80/11, 11/O80, O80/17, 17/O80, 1/O80, [19,19]/O81, O81/[19,19], O81/4, 4/O81, O81/[2,3], [2,3]/O81, O81/[2,5], [2,5]/O81, O81/[2,7], [2,7]/O81, O81/[2,13], [2,13]/O81, [2,19]/O81, O81/[2,19], O81/[2,11], [2,11]/O81, [2,17]/O81, O81/[2,17], [3,19]/O81, O81/[3,19], [3,17]/O81, O81/[3,17], [5,19]/O81, O81/[5,19], [5,17]/O81, O81/[5,17], [7,19]/O81, O81/[7,19], [7,17]/O81, O81/[7,17], [13,19]/O81, O81/[13,19], [13,17]/O81, O81/[13,17], [19,17]/O81, O81/[19,17], [11,19]/O81, O81/[11,19], [11,17]/O81, O81/[11,17], [17,19]/O81, O81/[17,19], [17,17]/O81, O81/[17,17], O81/2, 2/O81, O81/3, 3/O81, O81/5, 5/O81, O81/7, 7/O81, O81/13, 13/O81, O81/11, 11/O81, O81/17, 17/O81, 1/O81, [19,19]/O82, O82/[19,19], O82/4, 4/O82, O82/[2,3], [2,3]/O82, O82/[2,5], [2,5]/O82, O82/[2,7], [2,7]/O82, O82/[2,13], [2,13]/O82, O82/[2,19], [2,19]/O82, O82/[2,11], [2,11]/O82, O82/[2,17], [2,17]/O82, O82/[3,2], [3,2]/O82, O82/[3,3], [3,3]/O82, O82/[3,5], [3,5]/O82, O82/[3,7], [3,7]/O82, O82/[3,11], [3,11]/O82, O82/[5,2], [5,2]/O82, O82/[5,3], [5,3]/O82, O82/[5,5], [5,5]/O82, O82/[5,7], [5,7]/O82, O82/[5,11], [5,11]/O82, O82/[7,2], [7,2]/O82, O82/[7,3], [7,3]/O82, O82/[7,5], [7,5]/O82, O82/[7,7], [7,7]/O82, [7,19]/O82, O82/[7,19], O82/[7,11], [7,11]/O82, [13,19]/O82, O82/[13,19], [11,19]/O82, O82/[11,19], [17,19]/O82, O82/[17,19], O82/2, 2/O82, O82/3, 3/O82, O82/5, 5/O82, O82/7, 7/O82, O82/13, 13/O82, O82/19, 19/O82, O82/11, 11/O82, O82/17, 17/O82, 1/O82, [19,19]/O83, O83/[19,19], O83/4, 4/O83, O83/[2,3], [2,3]/O83, O83/[2,5], [2,5]/O83, O83/[2,7], [2,7]/O83, O83/[2,13], [2,13]/O83, O83/[2,19], [2,19]/O83, O83/[2,11], [2,11]/O83, O83/[2,17], [2,17]/O83, O83/[3,2], [3,2]/O83, O83/[3,3], [3,3]/O83, O83/[3,5], [3,5]/O83, O83/[3,7], [3,7]/O83, O83/[5,2], [5,2]/O83, O83/[5,3], [5,3]/O83, O83/[5,5], [5,5]/O83, O83/[5,7], [5,7]/O83, O83/[7,2], [7,2]/O83, O83/[7,3], [7,3]/O83, O83/[7,5], [7,5]/O83, O83/[7,7], [7,7]/O83, O83/[13,2], [13,2]/O83, O83/[13,3], [13,3]/O83, O83/[13,5], [13,5]/O83, O83/[13,7], [13,7]/O83, [13,19]/O83, O83/[13,19], O83/[11,2], [11,2]/O83, O83/[11,3], [11,3]/O83, O83/[11,5], [11,5]/O83, O83/[11,7], [11,7]/O83, [17,19]/O83, O83/[17,19], O83/2, 2/O83, O83/3, 3/O83, O83/5, 5/O83, O83/7, 7/O83, O83/13, 13/O83, O83/19, 19/O83, O83/11, 11/O83, O83/17, 17/O83, 1/O83, [19,19]/O84, O84/[19,19], O84/4, 4/O84, O84/[2,3], [2,3]/O84, O84/[2,5], [2,5]/O84, O84/[2,7], [2,7]/O84, O84/[2,13], [2,13]/O84, O84/[2,19], [2,19]/O84, O84/[2,11], [2,11]/O84, O84/[2,17], [2,17]/O84, O84/[3,2], [3,2]/O84, O84/[3,3], [3,3]/O84, O84/[3,5], [3,5]/O84, O84/[3,7], [3,7]/O84, O84/[3,13], [3,13]/O84, O84/[3,11], [3,11]/O84, O84/[5,2], [5,2]/O84, O84/[5,3], [5,3]/O84, O84/[5,5], [5,5]/O84, O84/[5,7], [5,7]/O84, O84/[5,13], [5,13]/O84, O84/[5,11], [5,11]/O84, O84/[7,2], [7,2]/O84, O84/[7,3], [7,3]/O84, O84/[7,5], [7,5]/O84, O84/[7,7], [7,7]/O84, O84/[7,13], [7,13]/O84, O84/[7,11], [7,11]/O84, O84/[13,2], [13,2]/O84, O84/[13,3], [13,3]/O84, O84/[13,5], [13,5]/O84, O84/[13,7], [13,7]/O84, O84/[13,13], [13,13]/O84, [13,19]/O84, O84/[13,19], O84/[13,11], [13,11]/O84, O84/[11,2], [11,2]/O84, O84/[11,3], [11,3]/O84, O84/[11,5], [11,5]/O84, O84/[11,7], [11,7]/O84, O84/[11,13], [11,13]/O84, O84/[11,11], [11,11]/O84, [17,19]/O84, O84/[17,19], O84/2, 2/O84, O84/3, 3/O84, O84/5, 5/O84, O84/7, 7/O84, O84/13, 13/O84, O84/19, 19/O84, O84/11, 11/O84, O84/17, 17/O84, 1/O84, [19,19]/O85, O85/[19,19], O85/4, 4/O85, O85/[2,3], [2,3]/O85, O85/[2,5], [2,5]/O85, O85/[2,7], [2,7]/O85, O85/[2,13], [2,13]/O85, O85/[2,19], [2,19]/O85, O85/[2,11], [2,11]/O85, O85/[2,17], [2,17]/O85, O85/[3,2], [3,2]/O85, O85/[3,3], [3,3]/O85, O85/[3,5], [3,5]/O85, O85/[3,7], [3,7]/O85, O85/[3,11], [3,11]/O85, O85/[5,2], [5,2]/O85, O85/[5,3], [5,3]/O85, O85/[5,5], [5,5]/O85, O85/[5,7], [5,7]/O85, O85/[5,11], [5,11]/O85, O85/[7,2], [7,2]/O85, O85/[7,3], [7,3]/O85, O85/[7,5], [7,5]/O85, O85/[7,7], [7,7]/O85, O85/[7,11], [7,11]/O85, O85/[13,2], [13,2]/O85, O85/[13,3], [13,3]/O85, O85/[13,5], [13,5]/O85, O85/[13,7], [13,7]/O85, [13,19]/O85, O85/[13,19], O85/[13,11], [13,11]/O85, O85/[11,2], [11,2]/O85, O85/[11,3], [11,3]/O85, O85/[11,5], [11,5]/O85, O85/[11,7], [11,7]/O85, O85/[11,11], [11,11]/O85, [17,19]/O85, O85/[17,19], O85/2, 2/O85, O85/3, 3/O85, O85/5, 5/O85, O85/7, 7/O85, O85/13, 13/O85, O85/19, 19/O85, O85/11, 11/O85, O85/17, 17/O85, 1/O85, [19,19]/O86, O86/[19,19], O86/4, 4/O86, O86/[2,3], [2,3]/O86, O86/[2,5], [2,5]/O86, O86/[2,7], [2,7]/O86, O86/[2,13], [2,13]/O86, O86/[2,19], [2,19]/O86, O86/[2,11], [2,11]/O86, O86/[2,17], [2,17]/O86, O86/[3,2], [3,2]/O86, O86/[3,3], [3,3]/O86, O86/[3,5], [3,5]/O86, O86/[3,7], [3,7]/O86, O86/[3,13], [3,13]/O86, O86/[3,11], [3,11]/O86, O86/[3,17], [3,17]/O86, O86/[5,2], [5,2]/O86, O86/[5,3], [5,3]/O86, O86/[5,5], [5,5]/O86, O86/[5,7], [5,7]/O86, O86/[5,13], [5,13]/O86, O86/[5,11], [5,11]/O86, O86/[5,17], [5,17]/O86, O86/[7,2], [7,2]/O86, O86/[7,3], [7,3]/O86, O86/[7,5], [7,5]/O86, O86/[7,7], [7,7]/O86, O86/[7,13], [7,13]/O86, O86/[7,11], [7,11]/O86, O86/[7,17], [7,17]/O86, O86/[13,2], [13,2]/O86, O86/[13,3], [13,3]/O86, O86/[13,5], [13,5]/O86, O86/[13,7], [13,7]/O86, O86/[13,13], [13,13]/O86, [13,19]/O86, O86/[13,19], O86/[13,11], [13,11]/O86, O86/[13,17], [13,17]/O86, O86/[11,2], [11,2]/O86, O86/[11,3], [11,3]/O86, O86/[11,5], [11,5]/O86, O86/[11,7], [11,7]/O86, O86/[11,13], [11,13]/O86, O86/[11,11], [11,11]/O86, O86/[11,17], [11,17]/O86, [17,19]/O86, O86/[17,19], O86/2, 2/O86, O86/3, 3/O86, O86/5, 5/O86, O86/7, 7/O86, O86/13, 13/O86, O86/19, 19/O86, O86/11, 11/O86, O86/17, 17/O86, 1/O86, [19,19]/O87, O87/[19,19], O87/4, 4/O87, O87/[2,3], [2,3]/O87, O87/[2,5], [2,5]/O87, O87/[2,7], [2,7]/O87, O87/[2,13], [2,13]/O87, O87/[2,19], [2,19]/O87, O87/[2,11], [2,11]/O87, O87/[2,17], [2,17]/O87, O87/[3,2], [3,2]/O87, O87/[5,2], [5,2]/O87, O87/[7,2], [7,2]/O87, O87/[13,2], [13,2]/O87, O87/[19,2], [19,2]/O87, O87/[11,2], [11,2]/O87, O87/[17,2], [17,2]/O87, O87/2, 2/O87, O87/3, 3/O87, O87/5, 5/O87, O87/7, 7/O87, O87/13, 13/O87, O87/19, 19/O87, O87/11, 11/O87, O87/17, 17/O87, 1/O87, [19,19]/O88, O88/[19,19], O88/4, 4/O88, O88/[2,3], [2,3]/O88, O88/[2,5], [2,5]/O88, O88/[2,7], [2,7]/O88, O88/[2,13], [2,13]/O88, O88/[2,19], [2,19]/O88, O88/[2,11], [2,11]/O88, O88/[2,17], [2,17]/O88, O88/[3,2], [3,2]/O88, O88/[3,3], [3,3]/O88, O88/[3,5], [3,5]/O88, O88/[3,7], [3,7]/O88, O88/[3,13], [3,13]/O88, O88/[3,11], [3,11]/O88, O88/[5,2], [5,2]/O88, O88/[5,3], [5,3]/O88, O88/[5,5], [5,5]/O88, O88/[5,7], [5,7]/O88, O88/[5,13], [5,13]/O88, O88/[5,11], [5,11]/O88, O88/[7,2], [7,2]/O88, O88/[7,3], [7,3]/O88, O88/[7,5], [7,5]/O88, O88/[7,7], [7,7]/O88, O88/[7,13], [7,13]/O88, O88/[7,11], [7,11]/O88, O88/[13,2], [13,2]/O88, O88/[13,3], [13,3]/O88, O88/[13,5], [13,5]/O88, O88/[13,7], [13,7]/O88, O88/[13,13], [13,13]/O88, O88/[13,11], [13,11]/O88, O88/[19,2], [19,2]/O88, O88/[19,3], [19,3]/O88, O88/[19,5], [19,5]/O88, O88/[19,7], [19,7]/O88, O88/[19,13], [19,13]/O88, O88/[19,11], [19,11]/O88, O88/[11,2], [11,2]/O88, O88/[11,3], [11,3]/O88, O88/[11,5], [11,5]/O88, O88/[11,7], [11,7]/O88, O88/[11,13], [11,13]/O88, O88/[11,11], [11,11]/O88, O88/[17,2], [17,2]/O88, O88/[17,3], [17,3]/O88, O88/[17,5], [17,5]/O88, O88/[17,7], [17,7]/O88, O88/[17,13], [17,13]/O88, O88/[17,11], [17,11]/O88, O88/2, 2/O88, O88/3, 3/O88, O88/5, 5/O88, O88/7, 7/O88, O88/13, 13/O88, O88/19, 19/O88, O88/11, 11/O88, O88/17, 17/O88, 1/O88, [19,19]/O89, O89/[19,19], O89/4, 4/O89, O89/[2,3], [2,3]/O89, O89/[2,5], [2,5]/O89, O89/[2,7], [2,7]/O89, O89/[2,13], [2,13]/O89, O89/[2,19], [2,19]/O89, O89/[2,11], [2,11]/O89, O89/[2,17], [2,17]/O89, O89/[3,2], [3,2]/O89, O89/[3,3], [3,3]/O89, O89/[3,5], [3,5]/O89, O89/[3,7], [3,7]/O89, O89/[3,13], [3,13]/O89, O89/[3,11], [3,11]/O89, O89/[3,17], [3,17]/O89, O89/[5,2], [5,2]/O89, O89/[5,3], [5,3]/O89, O89/[5,5], [5,5]/O89, O89/[5,7], [5,7]/O89, O89/[5,13], [5,13]/O89, O89/[5,11], [5,11]/O89, O89/[5,17], [5,17]/O89, O89/[7,2], [7,2]/O89, O89/[7,3], [7,3]/O89, O89/[7,5], [7,5]/O89, O89/[7,7], [7,7]/O89, O89/[7,13], [7,13]/O89, O89/[7,11], [7,11]/O89, O89/[7,17], [7,17]/O89, O89/[13,2], [13,2]/O89, O89/[13,3], [13,3]/O89, O89/[13,5], [13,5]/O89, O89/[13,7], [13,7]/O89, O89/[13,13], [13,13]/O89, O89/[13,11], [13,11]/O89, O89/[13,17], [13,17]/O89, O89/[19,2], [19,2]/O89, O89/[19,3], [19,3]/O89, O89/[19,5], [19,5]/O89, O89/[19,7], [19,7]/O89, O89/[19,13], [19,13]/O89, O89/[19,11], [19,11]/O89, O89/[19,17], [19,17]/O89, O89/[11,2], [11,2]/O89, O89/[11,3], [11,3]/O89, O89/[11,5], [11,5]/O89, O89/[11,7], [11,7]/O89, O89/[11,13], [11,13]/O89, O89/[11,11], [11,11]/O89, O89/[11,17], [11,17]/O89, O89/[17,2], [17,2]/O89, O89/[17,3], [17,3]/O89, O89/[17,5], [17,5]/O89, O89/[17,7], [17,7]/O89, O89/[17,13], [17,13]/O89, O89/[17,11], [17,11]/O89, O89/[17,17], [17,17]/O89, O89/2, 2/O89, O89/3, 3/O89, O89/5, 5/O89, O89/7, 7/O89, O89/13, 13/O89, O89/19, 19/O89, O89/11, 11/O89, O89/17, 17/O89, 1/O89, [19,19]/O90, O90/[19,19], O90/4, 4/O90, O90/[2,3], [2,3]/O90, O90/[2,5], [2,5]/O90, O90/[2,7], [2,7]/O90, O90/[2,13], [2,13]/O90, O90/[2,19], [2,19]/O90, O90/[2,11], [2,11]/O90, O90/[2,17], [2,17]/O90, O90/[3,2], [3,2]/O90, O90/[3,3], [3,3]/O90, O90/[3,5], [3,5]/O90, O90/[3,7], [3,7]/O90, O90/[3,13], [3,13]/O90, O90/[3,11], [3,11]/O90, O90/[5,2], [5,2]/O90, O90/[5,3], [5,3]/O90, O90/[5,5], [5,5]/O90, O90/[5,7], [5,7]/O90, O90/[5,13], [5,13]/O90, O90/[5,11], [5,11]/O90, O90/[7,2], [7,2]/O90, O90/[7,3], [7,3]/O90, O90/[7,5], [7,5]/O90, O90/[7,7], [7,7]/O90, O90/[7,13], [7,13]/O90, O90/[7,11], [7,11]/O90, [13,19]/O90, O90/[13,19], O90/[11,2], [11,2]/O90, O90/[11,3], [11,3]/O90, O90/[11,5], [11,5]/O90, O90/[11,7], [11,7]/O90, O90/[11,13], [11,13]/O90, [11,19]/O90, O90/[11,19], O90/[11,11], [11,11]/O90, [17,19]/O90, O90/[17,19], O90/2, 2/O90, O90/3, 3/O90, O90/5, 5/O90, O90/7, 7/O90, O90/13, 13/O90, O90/19, 19/O90, O90/11, 11/O90, O90/17, 17/O90, 1/O90, [19,19]/O91, O91/[19,19], O91/4, 4/O91, O91/[2,3], [2,3]/O91, O91/[2,5], [2,5]/O91, O91/[2,7], [2,7]/O91, O91/[2,13], [2,13]/O91, O91/[2,19], [2,19]/O91, O91/[2,11], [2,11]/O91, O91/[2,17], [2,17]/O91, O91/[3,2], [3,2]/O91, O91/[3,3], [3,3]/O91, O91/[3,5], [3,5]/O91, O91/[3,7], [3,7]/O91, O91/[3,11], [3,11]/O91, O91/[5,2], [5,2]/O91, O91/[5,3], [5,3]/O91, O91/[5,5], [5,5]/O91, O91/[5,7], [5,7]/O91, O91/[5,11], [5,11]/O91, O91/[7,2], [7,2]/O91, O91/[7,3], [7,3]/O91, O91/[7,5], [7,5]/O91, O91/[7,7], [7,7]/O91, O91/[7,11], [7,11]/O91, [13,19]/O91, O91/[13,19], O91/[11,2], [11,2]/O91, O91/[11,3], [11,3]/O91, O91/[11,5], [11,5]/O91, O91/[11,7], [11,7]/O91, [11,19]/O91, O91/[11,19], O91/[11,11], [11,11]/O91, [17,19]/O91, O91/[17,19], O91/2, 2/O91, O91/3, 3/O91, O91/5, 5/O91, O91/7, 7/O91, O91/13, 13/O91, O91/19, 19/O91, O91/11, 11/O91, O91/17, 17/O91, 1/O91, [19,19]/O92, O92/[19,19], O92/4, 4/O92, O92/[2,3], [2,3]/O92, O92/[2,5], [2,5]/O92, O92/[2,7], [2,7]/O92, O92/[2,13], [2,13]/O92, O92/[2,19], [2,19]/O92, O92/[2,11], [2,11]/O92, O92/[2,17], [2,17]/O92, O92/[3,2], [3,2]/O92, O92/[5,2], [5,2]/O92, O92/[7,2], [7,2]/O92, O92/[13,2], [13,2]/O92, O92/[11,2], [11,2]/O92, O92/[17,2], [17,2]/O92, [17,19]/O92, O92/[17,19], O92/2, 2/O92, O92/3, 3/O92, O92/5, 5/O92, O92/7, 7/O92, O92/13, 13/O92, O92/19, 19/O92, O92/11, 11/O92, O92/17, 17/O92, 1/O92, [19,19]/O93, O93/[19,19], O93/4, 4/O93, O93/[2,3], [2,3]/O93, O93/[2,5], [2,5]/O93, O93/[2,7], [2,7]/O93, O93/[2,13], [2,13]/O93, O93/[2,19], [2,19]/O93, O93/[2,11], [2,11]/O93, O93/[2,17], [2,17]/O93, O93/[3,2], [3,2]/O93, O93/[3,3], [3,3]/O93, O93/[3,5], [3,5]/O93, O93/[5,2], [5,2]/O93, O93/[5,3], [5,3]/O93, O93/[5,5], [5,5]/O93, O93/[7,2], [7,2]/O93, O93/[7,3], [7,3]/O93, O93/[7,5], [7,5]/O93, O93/[13,2], [13,2]/O93, O93/[13,3], [13,3]/O93, O93/[13,5], [13,5]/O93, O93/[11,2], [11,2]/O93, O93/[11,3], [11,3]/O93, O93/[11,5], [11,5]/O93, O93/[17,2], [17,2]/O93, O93/[17,3], [17,3]/O93, O93/[17,5], [17,5]/O93, [17,19]/O93, O93/[17,19], O93/2, 2/O93, O93/3, 3/O93, O93/5, 5/O93, O93/7, 7/O93, O93/13, 13/O93, O93/19, 19/O93, O93/11, 11/O93, O93/17, 17/O93, 1/O93, [19,19]/O94, O94/[19,19], O94/4, 4/O94, O94/[2,3], [2,3]/O94, O94/[2,5], [2,5]/O94, O94/[2,7], [2,7]/O94, O94/[2,13], [2,13]/O94, O94/[2,19], [2,19]/O94, O94/[2,11], [2,11]/O94, O94/[2,17], [2,17]/O94, O94/[3,2], [3,2]/O94, O94/[3,3], [3,3]/O94, O94/[3,5], [3,5]/O94, O94/[3,7], [3,7]/O94, O94/[3,13], [3,13]/O94, O94/[3,11], [3,11]/O94, O94/[5,2], [5,2]/O94, O94/[5,3], [5,3]/O94, O94/[5,5], [5,5]/O94, O94/[5,7], [5,7]/O94, O94/[5,13], [5,13]/O94, O94/[5,11], [5,11]/O94, O94/[7,2], [7,2]/O94, O94/[7,3], [7,3]/O94, O94/[7,5], [7,5]/O94, O94/[7,7], [7,7]/O94, O94/[7,13], [7,13]/O94, O94/[7,11], [7,11]/O94, O94/[13,2], [13,2]/O94, O94/[13,3], [13,3]/O94, O94/[13,5], [13,5]/O94, O94/[13,7], [13,7]/O94, O94/[13,13], [13,13]/O94, O94/[13,11], [13,11]/O94, O94/[11,2], [11,2]/O94, O94/[11,3], [11,3]/O94, O94/[11,5], [11,5]/O94, O94/[11,7], [11,7]/O94, O94/[11,13], [11,13]/O94, O94/[11,11], [11,11]/O94, O94/[17,2], [17,2]/O94, O94/[17,3], [17,3]/O94, O94/[17,5], [17,5]/O94, O94/[17,7], [17,7]/O94, O94/[17,13], [17,13]/O94, [17,19]/O94, O94/[17,19], O94/[17,11], [17,11]/O94, O94/2, 2/O94, O94/3, 3/O94, O94/5, 5/O94, O94/7, 7/O94, O94/13, 13/O94, O94/19, 19/O94, O94/11, 11/O94, O94/17, 17/O94, 1/O94, [19,19]/O95, O95/[19,19], O95/4, 4/O95, O95/[2,3], [2,3]/O95, O95/[2,5], [2,5]/O95, O95/[2,7], [2,7]/O95, O95/[2,13], [2,13]/O95, O95/[2,19], [2,19]/O95, O95/[2,11], [2,11]/O95, O95/[2,17], [2,17]/O95, O95/[3,2], [3,2]/O95, O95/[3,3], [3,3]/O95, O95/[3,5], [3,5]/O95, O95/[3,7], [3,7]/O95, O95/[3,11], [3,11]/O95, O95/[5,2], [5,2]/O95, O95/[5,3], [5,3]/O95, O95/[5,5], [5,5]/O95, O95/[5,7], [5,7]/O95, O95/[5,11], [5,11]/O95, O95/[7,2], [7,2]/O95, O95/[7,3], [7,3]/O95, O95/[7,5], [7,5]/O95, O95/[7,7], [7,7]/O95, O95/[7,11], [7,11]/O95, O95/[13,2], [13,2]/O95, O95/[13,3], [13,3]/O95, O95/[13,5], [13,5]/O95, O95/[13,7], [13,7]/O95, O95/[13,11], [13,11]/O95, O95/[11,2], [11,2]/O95, O95/[11,3], [11,3]/O95, O95/[11,5], [11,5]/O95, O95/[11,7], [11,7]/O95, O95/[11,11], [11,11]/O95, O95/[17,2], [17,2]/O95, O95/[17,3], [17,3]/O95, O95/[17,5], [17,5]/O95, O95/[17,7], [17,7]/O95, [17,19]/O95, O95/[17,19], O95/[17,11], [17,11]/O95, O95/2, 2/O95, O95/3, 3/O95, O95/5, 5/O95, O95/7, 7/O95, O95/13, 13/O95, O95/19, 19/O95, O95/11, 11/O95, O95/17, 17/O95, 1/O95, [19,19]/O96, O96/[19,19], O96/4, 4/O96, O96/[2,3], [2,3]/O96, O96/[2,5], [2,5]/O96, O96/[2,7], [2,7]/O96, O96/[2,13], [2,13]/O96, O96/[2,19], [2,19]/O96, O96/[2,11], [2,11]/O96, O96/[2,17], [2,17]/O96, O96/[3,2], [3,2]/O96, O96/[3,3], [3,3]/O96, O96/[3,5], [3,5]/O96, O96/[3,7], [3,7]/O96, O96/[3,13], [3,13]/O96, O96/[3,11], [3,11]/O96, O96/[3,17], [3,17]/O96, O96/[5,2], [5,2]/O96, O96/[5,3], [5,3]/O96, O96/[5,5], [5,5]/O96, O96/[5,7], [5,7]/O96, O96/[5,13], [5,13]/O96, O96/[5,11], [5,11]/O96, O96/[5,17], [5,17]/O96, O96/[7,2], [7,2]/O96, O96/[7,3], [7,3]/O96, O96/[7,5], [7,5]/O96, O96/[7,7], [7,7]/O96, O96/[7,13], [7,13]/O96, O96/[7,11], [7,11]/O96, O96/[7,17], [7,17]/O96, O96/[13,2], [13,2]/O96, O96/[13,3], [13,3]/O96, O96/[13,5], [13,5]/O96, O96/[13,7], [13,7]/O96, O96/[13,13], [13,13]/O96, O96/[13,11], [13,11]/O96, O96/[13,17], [13,17]/O96, O96/[11,2], [11,2]/O96, O96/[11,3], [11,3]/O96, O96/[11,5], [11,5]/O96, O96/[11,7], [11,7]/O96, O96/[11,13], [11,13]/O96, O96/[11,11], [11,11]/O96, O96/[11,17], [11,17]/O96, O96/[17,2], [17,2]/O96, O96/[17,3], [17,3]/O96, O96/[17,5], [17,5]/O96, O96/[17,7], [17,7]/O96, O96/[17,13], [17,13]/O96, [17,19]/O96, O96/[17,19], O96/[17,11], [17,11]/O96, O96/[17,17], [17,17]/O96, O96/2, 2/O96, O96/3, 3/O96, O96/5, 5/O96, O96/7, 7/O96, O96/13, 13/O96, O96/19, 19/O96, O96/11, 11/O96, O96/17, 17/O96, 1/O96, [19,19]/O97, O97/[19,19], O97/4, 4/O97, O97/[2,3], [2,3]/O97, O97/[2,5], [2,5]/O97, O97/[2,7], [2,7]/O97, O97/[2,11], [2,11]/O97, O97/[3,2], [3,2]/O97, O97/[3,3], [3,3]/O97, O97/[3,5], [3,5]/O97, O97/[3,7], [3,7]/O97, O97/[5,2], [5,2]/O97, O97/[5,3], [5,3]/O97, O97/[5,5], [5,5]/O97, O97/[5,7], [5,7]/O97, O97/[7,2], [7,2]/O97, O97/[7,3], [7,3]/O97, O97/[7,5], [7,5]/O97, O97/[7,7], [7,7]/O97, O97/[13,2], [13,2]/O97, O97/[13,3], [13,3]/O97, O97/[13,5], [13,5]/O97, O97/[13,7], [13,7]/O97, O97/[19,2], [19,2]/O97, O97/[19,3], [19,3]/O97, O97/[19,5], [19,5]/O97, O97/[19,7], [19,7]/O97, [19,13]/O97, O97/[19,13], [19,11]/O97, O97/[19,11], [19,17]/O97, O97/[19,17], O97/[11,2], [11,2]/O97, O97/[11,3], [11,3]/O97, O97/[11,5], [11,5]/O97, O97/[11,7], [11,7]/O97, O97/[17,2], [17,2]/O97, O97/[17,3], [17,3]/O97, O97/[17,5], [17,5]/O97, O97/[17,7], [17,7]/O97, O97/2, 2/O97, O97/3, 3/O97, O97/5, 5/O97, O97/7, 7/O97, O97/13, 13/O97, O97/19, 19/O97, O97/11, 11/O97, O97/17, 17/O97, 1/O97, [19,19]/O98, O98/[19,19], O98/4, 4/O98, O98/[2,3], [2,3]/O98, O98/[2,5], [2,5]/O98, O98/[2,7], [2,7]/O98, O98/[2,11], [2,11]/O98, O98/[3,2], [3,2]/O98, O98/[5,2], [5,2]/O98, O98/[7,2], [7,2]/O98, O98/[13,2], [13,2]/O98, [19,13]/O98, O98/[19,13], [19,11]/O98, O98/[19,11], [19,17]/O98, O98/[19,17], O98/[11,2], [11,2]/O98, O98/[17,2], [17,2]/O98, [17,13]/O98, O98/[17,13], [17,19]/O98, O98/[17,19], [17,11]/O98, O98/[17,11], [17,17]/O98, O98/[17,17], O98/2, 2/O98, O98/3, 3/O98, O98/5, 5/O98, O98/7, 7/O98, O98/13, 13/O98, O98/11, 11/O98, O98/17, 17/O98, 1/O98, [19,19]/O99, O99/[19,19], O99/4, 4/O99, O99/[2,3], [2,3]/O99, O99/[2,5], [2,5]/O99, O99/[2,7], [2,7]/O99, O99/[2,13], [2,13]/O99, O99/[2,11], [2,11]/O99, O99/[2,17], [2,17]/O99, O99/[3,2], [3,2]/O99, O99/[3,3], [3,3]/O99, O99/[3,5], [3,5]/O99, O99/[3,7], [3,7]/O99, O99/[3,13], [3,13]/O99, O99/[3,11], [3,11]/O99, O99/[5,2], [5,2]/O99, O99/[5,3], [5,3]/O99, O99/[5,5], [5,5]/O99, O99/[5,7], [5,7]/O99, O99/[5,13], [5,13]/O99, O99/[5,11], [5,11]/O99, O99/[7,2], [7,2]/O99, O99/[7,3], [7,3]/O99, O99/[7,5], [7,5]/O99, O99/[7,7], [7,7]/O99, O99/[7,13], [7,13]/O99, O99/[7,11], [7,11]/O99, O99/[13,2], [13,2]/O99, O99/[13,3], [13,3]/O99, O99/[13,5], [13,5]/O99, O99/[13,7], [13,7]/O99, O99/[13,13], [13,13]/O99, [13,19]/O99, O99/[13,19], O99/[13,11], [13,11]/O99, [13,17]/O99, O99/[13,17], [19,17]/O99, O99/[19,17], O99/[11,2], [11,2]/O99, O99/[11,3], [11,3]/O99, O99/[11,5], [11,5]/O99, O99/[11,7], [11,7]/O99, O99/[11,13], [11,13]/O99, O99/[11,11], [11,11]/O99, [17,19]/O99, O99/[17,19], [17,17]/O99, O99/[17,17], O99/2, 2/O99, O99/3, 3/O99, O99/5, 5/O99, O99/7, 7/O99, O99/13, 13/O99, O99/11, 11/O99, O99/17, 17/O99, 1/O99, [19,19]/O100, O100/[19,19], O100/4, 4/O100, O100/[2,3], [2,3]/O100, O100/[2,5], [2,5]/O100, O100/[2,7], [2,7]/O100, O100/[2,13], [2,13]/O100, O100/[2,11], [2,11]/O100, O100/[2,17], [2,17]/O100, O100/[3,2], [3,2]/O100, O100/[3,3], [3,3]/O100, O100/[3,5], [3,5]/O100, O100/[3,7], [3,7]/O100, O100/[3,13], [3,13]/O100, O100/[3,11], [3,11]/O100, O100/[5,2], [5,2]/O100, O100/[5,3], [5,3]/O100, O100/[5,5], [5,5]/O100, O100/[5,7], [5,7]/O100, O100/[5,13], [5,13]/O100, O100/[5,11], [5,11]/O100, O100/[7,2], [7,2]/O100, O100/[7,3], [7,3]/O100, O100/[7,5], [7,5]/O100, O100/[7,7], [7,7]/O100, O100/[7,13], [7,13]/O100, O100/[7,11], [7,11]/O100, O100/[13,2], [13,2]/O100, O100/[13,3], [13,3]/O100, O100/[13,5], [13,5]/O100, O100/[13,7], [13,7]/O100, O100/[13,13], [13,13]/O100, O100/[13,11], [13,11]/O100, O100/[19,2], [19,2]/O100, O100/[19,3], [19,3]/O100, O100/[19,5], [19,5]/O100, O100/[19,7], [19,7]/O100, O100/[19,13], [19,13]/O100, O100/[19,11], [19,11]/O100, [19,17]/O100, O100/[19,17], O100/[11,2], [11,2]/O100, O100/[11,3], [11,3]/O100, O100/[11,5], [11,5]/O100, O100/[11,7], [11,7]/O100, O100/[11,13], [11,13]/O100, O100/[11,11], [11,11]/O100, O100/[17,2], [17,2]/O100, O100/[17,3], [17,3]/O100, O100/[17,5], [17,5]/O100, O100/[17,7], [17,7]/O100, O100/[17,13], [17,13]/O100, O100/[17,11], [17,11]/O100, O100/2, 2/O100, O100/3, 3/O100, O100/5, 5/O100, O100/7, 7/O100, O100/13, 13/O100, O100/19, 19/O100, O100/11, 11/O100, O100/17, 17/O100, 1/O100, [19,19]/O101, O101/[19,19], O101/4, 4/O101, O101/[2,3], [2,3]/O101, O101/[2,5], [2,5]/O101, O101/[2,7], [2,7]/O101, O101/[2,13], [2,13]/O101, O101/[2,11], [2,11]/O101, O101/[2,17], [2,17]/O101, O101/[3,2], [3,2]/O101, O101/[3,3], [3,3]/O101, O101/[3,5], [3,5]/O101, O101/[3,7], [3,7]/O101, O101/[3,13], [3,13]/O101, O101/[3,11], [3,11]/O101, O101/[5,2], [5,2]/O101, O101/[5,3], [5,3]/O101, O101/[5,5], [5,5]/O101, O101/[5,7], [5,7]/O101, O101/[5,13], [5,13]/O101, O101/[5,11], [5,11]/O101, O101/[7,2], [7,2]/O101, O101/[7,3], [7,3]/O101, O101/[7,5], [7,5]/O101, O101/[7,7], [7,7]/O101, O101/[7,13], [7,13]/O101, O101/[7,11], [7,11]/O101, [13,19]/O101, O101/[13,19], [13,17]/O101, O101/[13,17], [19,17]/O101, O101/[19,17], O101/[11,2], [11,2]/O101, O101/[11,3], [11,3]/O101, O101/[11,5], [11,5]/O101, O101/[11,7], [11,7]/O101, O101/[11,13], [11,13]/O101, [11,19]/O101, O101/[11,19], O101/[11,11], [11,11]/O101, [11,17]/O101, O101/[11,17], [17,19]/O101, O101/[17,19], [17,17]/O101, O101/[17,17], O101/2, 2/O101, O101/3, 3/O101, O101/5, 5/O101, O101/7, 7/O101, O101/13, 13/O101, O101/11, 11/O101, O101/17, 17/O101, 1/O101, [19,19]/O102, O102/[19,19], O102/4, 4/O102, O102/[2,3], [2,3]/O102, O102/[2,5], [2,5]/O102, O102/[2,7], [2,7]/O102, O102/[2,13], [2,13]/O102, O102/[2,11], [2,11]/O102, O102/[2,17], [2,17]/O102, O102/[3,2], [3,2]/O102, O102/[5,2], [5,2]/O102, O102/[7,2], [7,2]/O102, O102/[13,2], [13,2]/O102, [19,17]/O102, O102/[19,17], O102/[11,2], [11,2]/O102, O102/[17,2], [17,2]/O102, [17,19]/O102, O102/[17,19], [17,17]/O102, O102/[17,17], O102/2, 2/O102, O102/3, 3/O102, O102/5, 5/O102, O102/7, 7/O102, O102/13, 13/O102, O102/11, 11/O102, O102/17, 17/O102, 1/O102, [19,19]/O103, O103/[19,19], O103/4, 4/O103, O103/[2,3], [2,3]/O103, O103/[2,5], [2,5]/O103, O103/[2,7], [2,7]/O103, O103/[2,13], [2,13]/O103, O103/[2,11], [2,11]/O103, O103/[2,17], [2,17]/O103, O103/[3,2], [3,2]/O103, O103/[3,3], [3,3]/O103, O103/[3,5], [3,5]/O103, O103/[3,7], [3,7]/O103, O103/[5,2], [5,2]/O103, O103/[5,3], [5,3]/O103, O103/[5,5], [5,5]/O103, O103/[5,7], [5,7]/O103, O103/[7,2], [7,2]/O103, O103/[7,3], [7,3]/O103, O103/[7,5], [7,5]/O103, O103/[7,7], [7,7]/O103, O103/[13,2], [13,2]/O103, O103/[13,3], [13,3]/O103, O103/[13,5], [13,5]/O103, O103/[13,7], [13,7]/O103, [19,17]/O103, O103/[19,17], O103/[11,2], [11,2]/O103, O103/[11,3], [11,3]/O103, O103/[11,5], [11,5]/O103, O103/[11,7], [11,7]/O103, O103/[17,2], [17,2]/O103, O103/[17,3], [17,3]/O103, O103/[17,5], [17,5]/O103, O103/[17,7], [17,7]/O103, [17,19]/O103, O103/[17,19], [17,17]/O103, O103/[17,17], O103/2, 2/O103, O103/3, 3/O103, O103/5, 5/O103, O103/7, 7/O103, O103/13, 13/O103, O103/11, 11/O103, O103/17, 17/O103, 1/O103, [19,19]/O104, O104/[19,19], O104/4, 4/O104, O104/[2,3], [2,3]/O104, O104/[2,5], [2,5]/O104, O104/[2,7], [2,7]/O104, O104/[2,13], [2,13]/O104, O104/[2,11], [2,11]/O104, O104/[2,17], [2,17]/O104, O104/[3,2], [3,2]/O104, O104/[3,3], [3,3]/O104, O104/[3,5], [3,5]/O104, O104/[3,7], [3,7]/O104, O104/[3,13], [3,13]/O104, O104/[3,11], [3,11]/O104, O104/[5,2], [5,2]/O104, O104/[5,3], [5,3]/O104, O104/[5,5], [5,5]/O104, O104/[5,7], [5,7]/O104, O104/[5,13], [5,13]/O104, O104/[5,11], [5,11]/O104, O104/[7,2], [7,2]/O104, O104/[7,3], [7,3]/O104, O104/[7,5], [7,5]/O104, O104/[7,7], [7,7]/O104, O104/[7,13], [7,13]/O104, O104/[7,11], [7,11]/O104, O104/[13,2], [13,2]/O104, O104/[13,3], [13,3]/O104, O104/[13,5], [13,5]/O104, O104/[13,7], [13,7]/O104, O104/[13,13], [13,13]/O104, O104/[13,11], [13,11]/O104, [19,17]/O104, O104/[19,17], O104/[11,2], [11,2]/O104, O104/[11,3], [11,3]/O104, O104/[11,5], [11,5]/O104, O104/[11,7], [11,7]/O104, O104/[11,13], [11,13]/O104, O104/[11,11], [11,11]/O104, O104/[17,2], [17,2]/O104, O104/[17,3], [17,3]/O104, O104/[17,5], [17,5]/O104, O104/[17,7], [17,7]/O104, O104/[17,13], [17,13]/O104, [17,19]/O104, O104/[17,19], O104/[17,11], [17,11]/O104, [17,17]/O104, O104/[17,17], O104/2, 2/O104, O104/3, 3/O104, O104/5, 5/O104, O104/7, 7/O104, O104/13, 13/O104, O104/11, 11/O104, O104/17, 17/O104, 1/O104, [19,19]/O105, O105/[19,19], O105/4, 4/O105, O105/[2,3], [2,3]/O105, O105/[2,5], [2,5]/O105, O105/[2,7], [2,7]/O105, O105/[2,13], [2,13]/O105, O105/[2,11], [2,11]/O105, O105/[2,17], [2,17]/O105, O105/[3,2], [3,2]/O105, O105/[3,3], [3,3]/O105, O105/[3,5], [3,5]/O105, O105/[3,7], [3,7]/O105, O105/[3,11], [3,11]/O105, O105/[5,2], [5,2]/O105, O105/[5,3], [5,3]/O105, O105/[5,5], [5,5]/O105, O105/[5,7], [5,7]/O105, O105/[5,11], [5,11]/O105, O105/[7,2], [7,2]/O105, O105/[7,3], [7,3]/O105, O105/[7,5], [7,5]/O105, O105/[7,7], [7,7]/O105, O105/[7,11], [7,11]/O105, O105/[13,2], [13,2]/O105, O105/[13,3], [13,3]/O105, O105/[13,5], [13,5]/O105, O105/[13,7], [13,7]/O105, O105/[13,11], [13,11]/O105, [19,17]/O105, O105/[19,17], O105/[11,2], [11,2]/O105, O105/[11,3], [11,3]/O105, O105/[11,5], [11,5]/O105, O105/[11,7], [11,7]/O105, O105/[11,11], [11,11]/O105, O105/[17,2], [17,2]/O105, O105/[17,3], [17,3]/O105, O105/[17,5], [17,5]/O105, O105/[17,7], [17,7]/O105, [17,19]/O105, O105/[17,19], O105/[17,11], [17,11]/O105, [17,17]/O105, O105/[17,17], O105/2, 2/O105, O105/3, 3/O105, O105/5, 5/O105, O105/7, 7/O105, O105/13, 13/O105, O105/11, 11/O105, O105/17, 17/O105, 1/O105, [19,19]/O106, O106/[19,19], O106/4, 4/O106, O106/[2,3], [2,3]/O106, O106/[2,5], [2,5]/O106, O106/[2,7], [2,7]/O106, O106/[2,13], [2,13]/O106, O106/[2,11], [2,11]/O106, O106/[3,2], [3,2]/O106, O106/[3,3], [3,3]/O106, O106/[3,5], [3,5]/O106, O106/[3,7], [3,7]/O106, O106/[3,13], [3,13]/O106, O106/[3,11], [3,11]/O106, O106/[5,2], [5,2]/O106, O106/[5,3], [5,3]/O106, O106/[5,5], [5,5]/O106, O106/[5,7], [5,7]/O106, O106/[5,11], [5,11]/O106, O106/[7,2], [7,2]/O106, O106/[7,3], [7,3]/O106, O106/[7,5], [7,5]/O106, O106/[7,7], [7,7]/O106, O106/[7,11], [7,11]/O106, O106/[13,2], [13,2]/O106, O106/[13,3], [13,3]/O106, O106/[13,5], [13,5]/O106, O106/[13,7], [13,7]/O106, O106/[13,11], [13,11]/O106, O106/[19,2], [19,2]/O106, O106/[19,3], [19,3]/O106, O106/[19,5], [19,5]/O106, O106/[19,7], [19,7]/O106, [19,13]/O106, O106/[19,13], O106/[19,11], [19,11]/O106, [19,17]/O106, O106/[19,17], O106/[11,2], [11,2]/O106, O106/[11,3], [11,3]/O106, O106/[11,5], [11,5]/O106, O106/[11,7], [11,7]/O106, O106/[11,11], [11,11]/O106, O106/[17,2], [17,2]/O106, O106/[17,3], [17,3]/O106, O106/[17,5], [17,5]/O106, O106/[17,7], [17,7]/O106, O106/[17,11], [17,11]/O106, O106/2, 2/O106, O106/3, 3/O106, O106/5, 5/O106, O106/7, 7/O106, O106/13, 13/O106, O106/19, 19/O106, O106/11, 11/O106, O106/17, 17/O106, 1/O106, [19,19]/O107, O107/[19,19], O107/4, 4/O107, O107/[2,3], [2,3]/O107, O107/[2,5], [2,5]/O107, O107/[2,7], [2,7]/O107, O107/[2,13], [2,13]/O107, O107/[2,11], [2,11]/O107, O107/[3,2], [3,2]/O107, O107/[3,3], [3,3]/O107, O107/[3,5], [3,5]/O107, O107/[3,7], [3,7]/O107, O107/[3,13], [3,13]/O107, O107/[3,11], [3,11]/O107, O107/[5,2], [5,2]/O107, O107/[5,3], [5,3]/O107, O107/[5,5], [5,5]/O107, O107/[5,7], [5,7]/O107, O107/[5,11], [5,11]/O107, O107/[7,2], [7,2]/O107, O107/[7,3], [7,3]/O107, O107/[7,5], [7,5]/O107, O107/[7,7], [7,7]/O107, O107/[7,11], [7,11]/O107, O107/[13,2], [13,2]/O107, O107/[13,3], [13,3]/O107, O107/[13,5], [13,5]/O107, O107/[13,7], [13,7]/O107, O107/[13,11], [13,11]/O107, [19,13]/O107, O107/[19,13], [19,17]/O107, O107/[19,17], O107/[11,2], [11,2]/O107, O107/[11,3], [11,3]/O107, O107/[11,5], [11,5]/O107, O107/[11,7], [11,7]/O107, O107/[11,11], [11,11]/O107, O107/[17,2], [17,2]/O107, O107/[17,3], [17,3]/O107, O107/[17,5], [17,5]/O107, O107/[17,7], [17,7]/O107, [17,13]/O107, O107/[17,13], [17,19]/O107, O107/[17,19], O107/[17,11], [17,11]/O107, [17,17]/O107, O107/[17,17], O107/2, 2/O107, O107/3, 3/O107, O107/5, 5/O107, O107/7, 7/O107, O107/13, 13/O107, O107/11, 11/O107, O107/17, 17/O107, 1/O107, [19,19]/O108, O108/[19,19], O108/4, 4/O108, O108/[2,3], [2,3]/O108, O108/[2,5], [2,5]/O108, O108/[2,7], [2,7]/O108, O108/[2,13], [2,13]/O108, O108/[2,19], [2,19]/O108, O108/[2,11], [2,11]/O108, O108/[2,17], [2,17]/O108, O108/[3,2], [3,2]/O108, O108/[3,3], [3,3]/O108, O108/[3,5], [3,5]/O108, O108/[3,7], [3,7]/O108, O108/[3,13], [3,13]/O108, O108/[3,19], [3,19]/O108, O108/[3,11], [3,11]/O108, O108/[3,17], [3,17]/O108, O108/[5,2], [5,2]/O108, O108/[5,3], [5,3]/O108, O108/[5,5], [5,5]/O108, O108/[5,7], [5,7]/O108, O108/[5,11], [5,11]/O108, O108/[7,2], [7,2]/O108, O108/[7,3], [7,3]/O108, O108/[7,5], [7,5]/O108, O108/[7,7], [7,7]/O108, O108/[7,11], [7,11]/O108, O108/[13,2], [13,2]/O108, O108/[13,3], [13,3]/O108, O108/[13,5], [13,5]/O108, O108/[13,7], [13,7]/O108, [13,19]/O108, O108/[13,19], O108/[13,11], [13,11]/O108, O108/[11,2], [11,2]/O108, O108/[11,3], [11,3]/O108, O108/[11,5], [11,5]/O108, O108/[11,7], [11,7]/O108, O108/[11,11], [11,11]/O108, [17,19]/O108, O108/[17,19], O108/2, 2/O108, O108/3, 3/O108, O108/5, 5/O108, O108/7, 7/O108, O108/13, 13/O108, O108/19, 19/O108, O108/11, 11/O108, O108/17, 17/O108, 1/O108, [19,19]/O109, O109/[19,19], O109/4, 4/O109, O109/[2,3], [2,3]/O109, O109/[2,5], [2,5]/O109, O109/[2,7], [2,7]/O109, O109/[2,13], [2,13]/O109, O109/[2,19], [2,19]/O109, O109/[2,11], [2,11]/O109, O109/[2,17], [2,17]/O109, O109/[3,2], [3,2]/O109, O109/[3,3], [3,3]/O109, O109/[3,5], [3,5]/O109, O109/[3,7], [3,7]/O109, O109/[3,13], [3,13]/O109, O109/[3,19], [3,19]/O109, O109/[3,11], [3,11]/O109, O109/[3,17], [3,17]/O109, O109/[5,2], [5,2]/O109, O109/[5,3], [5,3]/O109, O109/[5,5], [5,5]/O109, O109/[5,7], [5,7]/O109, O109/[5,13], [5,13]/O109, O109/[5,11], [5,11]/O109, O109/[5,17], [5,17]/O109, O109/[7,2], [7,2]/O109, O109/[7,3], [7,3]/O109, O109/[7,5], [7,5]/O109, O109/[7,7], [7,7]/O109, O109/[7,13], [7,13]/O109, O109/[7,11], [7,11]/O109, O109/[7,17], [7,17]/O109, O109/[13,2], [13,2]/O109, O109/[13,3], [13,3]/O109, O109/[13,5], [13,5]/O109, O109/[13,7], [13,7]/O109, O109/[13,13], [13,13]/O109, [13,19]/O109, O109/[13,19], O109/[13,11], [13,11]/O109, O109/[13,17], [13,17]/O109, O109/[11,2], [11,2]/O109, O109/[11,3], [11,3]/O109, O109/[11,5], [11,5]/O109, O109/[11,7], [11,7]/O109, O109/[11,13], [11,13]/O109, O109/[11,11], [11,11]/O109, O109/[11,17], [11,17]/O109, [17,19]/O109, O109/[17,19], O109/2, 2/O109, O109/3, 3/O109, O109/5, 5/O109, O109/7, 7/O109, O109/13, 13/O109, O109/19, 19/O109, O109/11, 11/O109, O109/17, 17/O109, 1/O109, [19,19]/O110, O110/[19,19], O110/4, 4/O110, O110/[2,3], [2,3]/O110, O110/[2,5], [2,5]/O110, O110/[2,7], [2,7]/O110, O110/[2,13], [2,13]/O110, O110/[2,19], [2,19]/O110, O110/[2,11], [2,11]/O110, O110/[2,17], [2,17]/O110, O110/[3,2], [3,2]/O110, O110/[3,3], [3,3]/O110, O110/[3,5], [3,5]/O110, O110/[3,7], [3,7]/O110, O110/[3,13], [3,13]/O110, O110/[3,19], [3,19]/O110, O110/[3,11], [3,11]/O110, O110/[3,17], [3,17]/O110, O110/[5,2], [5,2]/O110, O110/[5,3], [5,3]/O110, O110/[5,5], [5,5]/O110, O110/[5,7], [5,7]/O110, O110/[5,13], [5,13]/O110, O110/[5,11], [5,11]/O110, O110/[7,2], [7,2]/O110, O110/[7,3], [7,3]/O110, O110/[7,5], [7,5]/O110, O110/[7,7], [7,7]/O110, O110/[7,13], [7,13]/O110, O110/[7,11], [7,11]/O110, O110/[13,2], [13,2]/O110, O110/[13,3], [13,3]/O110, O110/[13,5], [13,5]/O110, O110/[13,7], [13,7]/O110, O110/[13,13], [13,13]/O110, O110/[13,11], [13,11]/O110, O110/[19,2], [19,2]/O110, O110/[19,3], [19,3]/O110, O110/[19,5], [19,5]/O110, O110/[19,7], [19,7]/O110, O110/[19,13], [19,13]/O110, O110/[19,11], [19,11]/O110, O110/[11,2], [11,2]/O110, O110/[11,3], [11,3]/O110, O110/[11,5], [11,5]/O110, O110/[11,7], [11,7]/O110, O110/[11,13], [11,13]/O110, O110/[11,11], [11,11]/O110, O110/[17,2], [17,2]/O110, O110/[17,3], [17,3]/O110, O110/[17,5], [17,5]/O110, O110/[17,7], [17,7]/O110, O110/[17,13], [17,13]/O110, O110/[17,11], [17,11]/O110, O110/2, 2/O110, O110/3, 3/O110, O110/5, 5/O110, O110/7, 7/O110, O110/13, 13/O110, O110/19, 19/O110, O110/11, 11/O110, O110/17, 17/O110, 1/O110, [19,19]/O111, O111/[19,19], O111/4, 4/O111, O111/[2,3], [2,3]/O111, O111/[2,5], [2,5]/O111, O111/[2,7], [2,7]/O111, O111/[2,13], [2,13]/O111, O111/[2,19], [2,19]/O111, O111/[2,11], [2,11]/O111, O111/[2,17], [2,17]/O111, O111/[3,2], [3,2]/O111, O111/[3,3], [3,3]/O111, O111/[3,5], [3,5]/O111, O111/[3,7], [3,7]/O111, O111/[3,13], [3,13]/O111, O111/[3,19], [3,19]/O111, O111/[3,11], [3,11]/O111, O111/[3,17], [3,17]/O111, O111/[5,2], [5,2]/O111, O111/[5,3], [5,3]/O111, O111/[5,5], [5,5]/O111, O111/[5,7], [5,7]/O111, O111/[5,13], [5,13]/O111, O111/[5,11], [5,11]/O111, O111/[5,17], [5,17]/O111, O111/[7,2], [7,2]/O111, O111/[7,3], [7,3]/O111, O111/[7,5], [7,5]/O111, O111/[7,7], [7,7]/O111, O111/[7,13], [7,13]/O111, O111/[7,11], [7,11]/O111, O111/[7,17], [7,17]/O111, O111/[13,2], [13,2]/O111, O111/[13,3], [13,3]/O111, O111/[13,5], [13,5]/O111, O111/[13,7], [13,7]/O111, O111/[13,13], [13,13]/O111, O111/[13,11], [13,11]/O111, O111/[13,17], [13,17]/O111, O111/[19,2], [19,2]/O111, O111/[19,3], [19,3]/O111, O111/[19,5], [19,5]/O111, O111/[19,7], [19,7]/O111, O111/[19,13], [19,13]/O111, O111/[19,11], [19,11]/O111, O111/[19,17], [19,17]/O111, O111/[11,2], [11,2]/O111, O111/[11,3], [11,3]/O111, O111/[11,5], [11,5]/O111, O111/[11,7], [11,7]/O111, O111/[11,13], [11,13]/O111, O111/[11,11], [11,11]/O111, O111/[11,17], [11,17]/O111, O111/[17,2], [17,2]/O111, O111/[17,3], [17,3]/O111, O111/[17,5], [17,5]/O111, O111/[17,7], [17,7]/O111, O111/[17,13], [17,13]/O111, O111/[17,11], [17,11]/O111, O111/[17,17], [17,17]/O111, O111/2, 2/O111, O111/3, 3/O111, O111/5, 5/O111, O111/7, 7/O111, O111/13, 13/O111, O111/19, 19/O111, O111/11, 11/O111, O111/17, 17/O111, 1/O111, [19,19]/O112, O112/[19,19], O112/4, 4/O112, O112/[2,3], [2,3]/O112, O112/[2,5], [2,5]/O112, O112/[2,7], [2,7]/O112, O112/[2,13], [2,13]/O112, O112/[2,19], [2,19]/O112, O112/[2,11], [2,11]/O112, O112/[2,17], [2,17]/O112, O112/[3,2], [3,2]/O112, O112/[3,3], [3,3]/O112, O112/[3,5], [3,5]/O112, O112/[3,7], [3,7]/O112, O112/[3,13], [3,13]/O112, O112/[3,19], [3,19]/O112, O112/[3,11], [3,11]/O112, O112/[3,17], [3,17]/O112, O112/[5,2], [5,2]/O112, O112/[5,3], [5,3]/O112, O112/[5,5], [5,5]/O112, O112/[5,7], [5,7]/O112, O112/[5,13], [5,13]/O112, O112/[5,11], [5,11]/O112, O112/[7,2], [7,2]/O112, O112/[7,3], [7,3]/O112, O112/[7,5], [7,5]/O112, O112/[7,7], [7,7]/O112, O112/[7,13], [7,13]/O112, O112/[7,11], [7,11]/O112, [13,19]/O112, O112/[13,19], O112/[11,2], [11,2]/O112, O112/[11,3], [11,3]/O112, O112/[11,5], [11,5]/O112, O112/[11,7], [11,7]/O112, O112/[11,13], [11,13]/O112, [11,19]/O112, O112/[11,19], O112/[11,11], [11,11]/O112, [17,19]/O112, O112/[17,19], O112/2, 2/O112, O112/3, 3/O112, O112/5, 5/O112, O112/7, 7/O112, O112/13, 13/O112, O112/19, 19/O112, O112/11, 11/O112, O112/17, 17/O112, 1/O112, [19,19]/O113, O113/[19,19], O113/4, 4/O113, O113/[2,3], [2,3]/O113, O113/[2,5], [2,5]/O113, O113/[2,7], [2,7]/O113, O113/[2,13], [2,13]/O113, O113/[2,19], [2,19]/O113, O113/[2,11], [2,11]/O113, O113/[2,17], [2,17]/O113, O113/[3,2], [3,2]/O113, O113/[3,3], [3,3]/O113, O113/[3,5], [3,5]/O113, O113/[3,7], [3,7]/O113, O113/[3,13], [3,13]/O113, O113/[3,19], [3,19]/O113, O113/[3,11], [3,11]/O113, O113/[3,17], [3,17]/O113, O113/[5,2], [5,2]/O113, O113/[5,3], [5,3]/O113, O113/[5,5], [5,5]/O113, O113/[5,7], [5,7]/O113, O113/[5,13], [5,13]/O113, O113/[5,11], [5,11]/O113, O113/[7,2], [7,2]/O113, O113/[7,3], [7,3]/O113, O113/[7,5], [7,5]/O113, O113/[7,7], [7,7]/O113, O113/[7,13], [7,13]/O113, O113/[7,11], [7,11]/O113, O113/[13,2], [13,2]/O113, O113/[13,3], [13,3]/O113, O113/[13,5], [13,5]/O113, O113/[13,7], [13,7]/O113, O113/[13,13], [13,13]/O113, O113/[13,11], [13,11]/O113, O113/[11,2], [11,2]/O113, O113/[11,3], [11,3]/O113, O113/[11,5], [11,5]/O113, O113/[11,7], [11,7]/O113, O113/[11,13], [11,13]/O113, O113/[11,11], [11,11]/O113, O113/[17,2], [17,2]/O113, O113/[17,3], [17,3]/O113, O113/[17,5], [17,5]/O113, O113/[17,7], [17,7]/O113, O113/[17,13], [17,13]/O113, [17,19]/O113, O113/[17,19], O113/[17,11], [17,11]/O113, O113/2, 2/O113, O113/3, 3/O113, O113/5, 5/O113, O113/7, 7/O113, O113/13, 13/O113, O113/19, 19/O113, O113/11, 11/O113, O113/17, 17/O113, 1/O113, [19,19]/O114, O114/[19,19], O114/4, 4/O114, O114/[2,3], [2,3]/O114, O114/[2,5], [2,5]/O114, O114/[2,7], [2,7]/O114, O114/[2,13], [2,13]/O114, O114/[2,19], [2,19]/O114, O114/[2,11], [2,11]/O114, O114/[2,17], [2,17]/O114, O114/[3,2], [3,2]/O114, O114/[3,3], [3,3]/O114, O114/[3,5], [3,5]/O114, O114/[3,7], [3,7]/O114, O114/[3,13], [3,13]/O114, O114/[3,19], [3,19]/O114, O114/[3,11], [3,11]/O114, O114/[3,17], [3,17]/O114, O114/[5,2], [5,2]/O114, O114/[5,3], [5,3]/O114, O114/[5,5], [5,5]/O114, O114/[5,7], [5,7]/O114, O114/[5,11], [5,11]/O114, O114/[7,2], [7,2]/O114, O114/[7,3], [7,3]/O114, O114/[7,5], [7,5]/O114, O114/[7,7], [7,7]/O114, O114/[7,11], [7,11]/O114, O114/[13,2], [13,2]/O114, O114/[13,3], [13,3]/O114, O114/[13,5], [13,5]/O114, O114/[13,7], [13,7]/O114, O114/[13,11], [13,11]/O114, O114/[11,2], [11,2]/O114, O114/[11,3], [11,3]/O114, O114/[11,5], [11,5]/O114, O114/[11,7], [11,7]/O114, O114/[11,11], [11,11]/O114, O114/[17,2], [17,2]/O114, O114/[17,3], [17,3]/O114, O114/[17,5], [17,5]/O114, O114/[17,7], [17,7]/O114, [17,19]/O114, O114/[17,19], O114/[17,11], [17,11]/O114, O114/2, 2/O114, O114/3, 3/O114, O114/5, 5/O114, O114/7, 7/O114, O114/13, 13/O114, O114/19, 19/O114, O114/11, 11/O114, O114/17, 17/O114, 1/O114, [19,19]/O115, O115/[19,19], O115/4, 4/O115, O115/[2,3], [2,3]/O115, O115/[2,5], [2,5]/O115, O115/[2,7], [2,7]/O115, O115/[2,13], [2,13]/O115, O115/[2,19], [2,19]/O115, O115/[2,11], [2,11]/O115, O115/[2,17], [2,17]/O115, O115/[3,2], [3,2]/O115, O115/[3,3], [3,3]/O115, O115/[3,5], [3,5]/O115, O115/[3,7], [3,7]/O115, O115/[3,13], [3,13]/O115, O115/[3,19], [3,19]/O115, O115/[3,11], [3,11]/O115, O115/[3,17], [3,17]/O115, O115/[5,2], [5,2]/O115, O115/[5,3], [5,3]/O115, O115/[5,5], [5,5]/O115, O115/[5,7], [5,7]/O115, O115/[5,13], [5,13]/O115, O115/[5,11], [5,11]/O115, O115/[5,17], [5,17]/O115, O115/[7,2], [7,2]/O115, O115/[7,3], [7,3]/O115, O115/[7,5], [7,5]/O115, O115/[7,7], [7,7]/O115, O115/[7,13], [7,13]/O115, O115/[7,11], [7,11]/O115, O115/[7,17], [7,17]/O115, O115/[13,2], [13,2]/O115, O115/[13,3], [13,3]/O115, O115/[13,5], [13,5]/O115, O115/[13,7], [13,7]/O115, O115/[13,13], [13,13]/O115, O115/[13,11], [13,11]/O115, O115/[13,17], [13,17]/O115, O115/[11,2], [11,2]/O115, O115/[11,3], [11,3]/O115, O115/[11,5], [11,5]/O115, O115/[11,7], [11,7]/O115, O115/[11,13], [11,13]/O115, O115/[11,11], [11,11]/O115, O115/[11,17], [11,17]/O115, O115/[17,2], [17,2]/O115, O115/[17,3], [17,3]/O115, O115/[17,5], [17,5]/O115, O115/[17,7], [17,7]/O115, O115/[17,13], [17,13]/O115, [17,19]/O115, O115/[17,19], O115/[17,11], [17,11]/O115, O115/[17,17], [17,17]/O115, O115/2, 2/O115, O115/3, 3/O115, O115/5, 5/O115, O115/7, 7/O115, O115/13, 13/O115, O115/19, 19/O115, O115/11, 11/O115, O115/17, 17/O115, 1/O115, [19,19]/O116, O116/[19,19], O116/4, 4/O116, O116/[2,3], [2,3]/O116, O116/[2,5], [2,5]/O116, O116/[2,7], [2,7]/O116, O116/[2,13], [2,13]/O116, O116/[2,11], [2,11]/O116, O116/[2,17], [2,17]/O116, O116/[3,2], [3,2]/O116, O116/[3,3], [3,3]/O116, O116/[3,5], [3,5]/O116, O116/[3,7], [3,7]/O116, O116/[3,13], [3,13]/O116, O116/[3,11], [3,11]/O116, O116/[3,17], [3,17]/O116, O116/[5,2], [5,2]/O116, O116/[5,3], [5,3]/O116, O116/[5,5], [5,5]/O116, O116/[5,7], [5,7]/O116, O116/[7,2], [7,2]/O116, O116/[7,3], [7,3]/O116, O116/[7,5], [7,5]/O116, O116/[7,7], [7,7]/O116, O116/[13,2], [13,2]/O116, O116/[13,3], [13,3]/O116, O116/[13,5], [13,5]/O116, O116/[13,7], [13,7]/O116, O116/[19,2], [19,2]/O116, O116/[19,3], [19,3]/O116, O116/[19,5], [19,5]/O116, O116/[19,7], [19,7]/O116, [19,17]/O116, O116/[19,17], O116/[11,2], [11,2]/O116, O116/[11,3], [11,3]/O116, O116/[11,5], [11,5]/O116, O116/[11,7], [11,7]/O116, O116/[17,2], [17,2]/O116, O116/[17,3], [17,3]/O116, O116/[17,5], [17,5]/O116, O116/[17,7], [17,7]/O116, O116/2, 2/O116, O116/3, 3/O116, O116/5, 5/O116, O116/7, 7/O116, O116/13, 13/O116, O116/19, 19/O116, O116/11, 11/O116, O116/17, 17/O116, 1/O116, [19,19]/O117, O117/[19,19], O117/4, 4/O117, O117/[2,3], [2,3]/O117, O117/[2,5], [2,5]/O117, O117/[2,7], [2,7]/O117, O117/[2,13], [2,13]/O117, O117/[2,11], [2,11]/O117, O117/[2,17], [2,17]/O117, O117/[3,2], [3,2]/O117, O117/[3,3], [3,3]/O117, O117/[3,5], [3,5]/O117, O117/[3,7], [3,7]/O117, O117/[3,13], [3,13]/O117, O117/[3,11], [3,11]/O117, O117/[3,17], [3,17]/O117, O117/[5,2], [5,2]/O117, O117/[5,3], [5,3]/O117, O117/[5,5], [5,5]/O117, O117/[5,7], [5,7]/O117, O117/[5,11], [5,11]/O117, O117/[7,2], [7,2]/O117, O117/[7,3], [7,3]/O117, O117/[7,5], [7,5]/O117, O117/[7,7], [7,7]/O117, O117/[7,11], [7,11]/O117, O117/[13,2], [13,2]/O117, O117/[13,3], [13,3]/O117, O117/[13,5], [13,5]/O117, O117/[13,7], [13,7]/O117, O117/[13,11], [13,11]/O117, [19,17]/O117, O117/[19,17], O117/[11,2], [11,2]/O117, O117/[11,3], [11,3]/O117, O117/[11,5], [11,5]/O117, O117/[11,7], [11,7]/O117, O117/[11,11], [11,11]/O117, O117/[17,2], [17,2]/O117, O117/[17,3], [17,3]/O117, O117/[17,5], [17,5]/O117, O117/[17,7], [17,7]/O117, [17,19]/O117, O117/[17,19], O117/[17,11], [17,11]/O117, [17,17]/O117, O117/[17,17], O117/2, 2/O117, O117/3, 3/O117, O117/5, 5/O117, O117/7, 7/O117, O117/13, 13/O117, O117/11, 11/O117, O117/17, 17/O117, 1/O117, [19,19]/O118, O118/[19,19], O118/4, 4/O118, O118/[2,3], [2,3]/O118, O118/[2,5], [2,5]/O118, O118/[2,7], [2,7]/O118, O118/[2,13], [2,13]/O118, O118/[2,11], [2,11]/O118, O118/[3,2], [3,2]/O118, O118/[3,3], [3,3]/O118, O118/[3,5], [3,5]/O118, O118/[3,7], [3,7]/O118, O118/[3,13], [3,13]/O118, O118/[3,11], [3,11]/O118, O118/[5,2], [5,2]/O118, O118/[5,3], [5,3]/O118, O118/[5,5], [5,5]/O118, O118/[5,7], [5,7]/O118, O118/[5,13], [5,13]/O118, O118/[5,11], [5,11]/O118, O118/[7,2], [7,2]/O118, O118/[7,3], [7,3]/O118, O118/[7,5], [7,5]/O118, O118/[7,7], [7,7]/O118, O118/[7,11], [7,11]/O118, O118/[13,2], [13,2]/O118, O118/[13,3], [13,3]/O118, O118/[13,5], [13,5]/O118, O118/[13,7], [13,7]/O118, O118/[13,11], [13,11]/O118, O118/[19,2], [19,2]/O118, O118/[19,3], [19,3]/O118, O118/[19,5], [19,5]/O118, O118/[19,7], [19,7]/O118, [19,13]/O118, O118/[19,13], O118/[19,11], [19,11]/O118, [19,17]/O118, O118/[19,17], O118/[11,2], [11,2]/O118, O118/[11,3], [11,3]/O118, O118/[11,5], [11,5]/O118, O118/[11,7], [11,7]/O118, O118/[11,11], [11,11]/O118, O118/[17,2], [17,2]/O118, O118/[17,3], [17,3]/O118, O118/[17,5], [17,5]/O118, O118/[17,7], [17,7]/O118, O118/[17,11], [17,11]/O118, O118/2, 2/O118, O118/3, 3/O118, O118/5, 5/O118, O118/7, 7/O118, O118/13, 13/O118, O118/19, 19/O118, O118/11, 11/O118, O118/17, 17/O118, 1/O118, [19,19]/O119, O119/[19,19], O119/4, 4/O119, O119/[2,3], [2,3]/O119, O119/[2,5], [2,5]/O119, O119/[2,7], [2,7]/O119, O119/[2,13], [2,13]/O119, O119/[2,11], [2,11]/O119, O119/[3,2], [3,2]/O119, O119/[3,3], [3,3]/O119, O119/[3,5], [3,5]/O119, O119/[3,7], [3,7]/O119, O119/[3,13], [3,13]/O119, O119/[3,11], [3,11]/O119, O119/[5,2], [5,2]/O119, O119/[5,3], [5,3]/O119, O119/[5,5], [5,5]/O119, O119/[5,7], [5,7]/O119, O119/[5,13], [5,13]/O119, O119/[5,11], [5,11]/O119, O119/[7,2], [7,2]/O119, O119/[7,3], [7,3]/O119, O119/[7,5], [7,5]/O119, O119/[7,7], [7,7]/O119, O119/[7,11], [7,11]/O119, O119/[13,2], [13,2]/O119, O119/[13,3], [13,3]/O119, O119/[13,5], [13,5]/O119, O119/[13,7], [13,7]/O119, O119/[13,11], [13,11]/O119, [19,13]/O119, O119/[19,13], [19,17]/O119, O119/[19,17], O119/[11,2], [11,2]/O119, O119/[11,3], [11,3]/O119, O119/[11,5], [11,5]/O119, O119/[11,7], [11,7]/O119, O119/[11,11], [11,11]/O119, O119/[17,2], [17,2]/O119, O119/[17,3], [17,3]/O119, O119/[17,5], [17,5]/O119, O119/[17,7], [17,7]/O119, [17,13]/O119, O119/[17,13], [17,19]/O119, O119/[17,19], O119/[17,11], [17,11]/O119, [17,17]/O119, O119/[17,17], O119/2, 2/O119, O119/3, 3/O119, O119/5, 5/O119, O119/7, 7/O119, O119/13, 13/O119, O119/11, 11/O119, O119/17, 17/O119, 1/O119, [19,19]/O120, O120/[19,19], O120/4, 4/O120, O120/[2,3], [2,3]/O120, O120/[2,5], [2,5]/O120, O120/[2,7], [2,7]/O120, O120/[2,13], [2,13]/O120, O120/[2,19], [2,19]/O120, O120/[2,11], [2,11]/O120, O120/[2,17], [2,17]/O120, O120/[3,2], [3,2]/O120, O120/[3,3], [3,3]/O120, O120/[3,5], [3,5]/O120, O120/[3,7], [3,7]/O120, O120/[3,13], [3,13]/O120, O120/[3,19], [3,19]/O120, O120/[3,11], [3,11]/O120, O120/[3,17], [3,17]/O120, O120/[5,2], [5,2]/O120, O120/[5,3], [5,3]/O120, O120/[5,5], [5,5]/O120, O120/[5,7], [5,7]/O120, O120/[5,13], [5,13]/O120, O120/[5,19], [5,19]/O120, O120/[5,11], [5,11]/O120, O120/[5,17], [5,17]/O120, O120/[7,2], [7,2]/O120, O120/[7,3], [7,3]/O120, O120/[7,5], [7,5]/O120, O120/[7,7], [7,7]/O120, [7,19]/O120, O120/[7,19], O120/[7,11], [7,11]/O120, [13,19]/O120, O120/[13,19], [11,19]/O120, O120/[11,19], [17,19]/O120, O120/[17,19], O120/2, 2/O120, O120/3, 3/O120, O120/5, 5/O120, O120/7, 7/O120, O120/13, 13/O120, O120/19, 19/O120, O120/11, 11/O120, O120/17, 17/O120, 1/O120, [19,19]/O121, O121/[19,19], O121/4, 4/O121, O121/[2,3], [2,3]/O121, O121/[2,5], [2,5]/O121, O121/[2,7], [2,7]/O121, O121/[2,13], [2,13]/O121, O121/[2,19], [2,19]/O121, O121/[2,11], [2,11]/O121, O121/[2,17], [2,17]/O121, O121/[3,2], [3,2]/O121, O121/[3,3], [3,3]/O121, O121/[3,5], [3,5]/O121, O121/[3,7], [3,7]/O121, O121/[3,13], [3,13]/O121, O121/[3,19], [3,19]/O121, O121/[3,11], [3,11]/O121, O121/[3,17], [3,17]/O121, O121/[5,2], [5,2]/O121, O121/[5,3], [5,3]/O121, O121/[5,5], [5,5]/O121, O121/[5,7], [5,7]/O121, O121/[5,13], [5,13]/O121, O121/[5,19], [5,19]/O121, O121/[5,11], [5,11]/O121, O121/[5,17], [5,17]/O121, O121/[7,2], [7,2]/O121, O121/[7,3], [7,3]/O121, O121/[7,5], [7,5]/O121, O121/[7,7], [7,7]/O121, O121/[7,13], [7,13]/O121, [7,19]/O121, O121/[7,19], O121/[7,11], [7,11]/O121, O121/[7,17], [7,17]/O121, [13,19]/O121, O121/[13,19], [11,19]/O121, O121/[11,19], [17,19]/O121, O121/[17,19], O121/2, 2/O121, O121/3, 3/O121, O121/5, 5/O121, O121/7, 7/O121, O121/13, 13/O121, O121/19, 19/O121, O121/11, 11/O121, O121/17, 17/O121, 1/O121, [19,19]/O122, O122/[19,19], O122/4, 4/O122, O122/[2,3], [2,3]/O122, O122/[2,5], [2,5]/O122, O122/[2,7], [2,7]/O122, O122/[2,13], [2,13]/O122, O122/[2,19], [2,19]/O122, O122/[2,11], [2,11]/O122, O122/[2,17], [2,17]/O122, O122/[3,2], [3,2]/O122, O122/[3,3], [3,3]/O122, O122/[3,5], [3,5]/O122, O122/[3,7], [3,7]/O122, O122/[3,13], [3,13]/O122, O122/[3,19], [3,19]/O122, O122/[3,11], [3,11]/O122, O122/[3,17], [3,17]/O122, O122/[5,2], [5,2]/O122, O122/[5,3], [5,3]/O122, O122/[5,5], [5,5]/O122, O122/[5,7], [5,7]/O122, O122/[5,13], [5,13]/O122, O122/[5,19], [5,19]/O122, O122/[5,11], [5,11]/O122, O122/[5,17], [5,17]/O122, O122/[7,2], [7,2]/O122, O122/[7,3], [7,3]/O122, O122/[7,5], [7,5]/O122, O122/[7,7], [7,7]/O122, O122/[7,11], [7,11]/O122, O122/[13,2], [13,2]/O122, O122/[13,3], [13,3]/O122, O122/[13,5], [13,5]/O122, O122/[13,7], [13,7]/O122, [13,19]/O122, O122/[13,19], O122/[13,11], [13,11]/O122, O122/[11,2], [11,2]/O122, O122/[11,3], [11,3]/O122, O122/[11,5], [11,5]/O122, O122/[11,7], [11,7]/O122, O122/[11,11], [11,11]/O122, [17,19]/O122, O122/[17,19], O122/2, 2/O122, O122/3, 3/O122, O122/5, 5/O122, O122/7, 7/O122, O122/13, 13/O122, O122/19, 19/O122, O122/11, 11/O122, O122/17, 17/O122, 1/O122, [19,19]/O123, O123/[19,19], O123/4, 4/O123, O123/[2,3], [2,3]/O123, O123/[2,5], [2,5]/O123, O123/[2,7], [2,7]/O123, O123/[2,13], [2,13]/O123, O123/[2,19], [2,19]/O123, O123/[2,11], [2,11]/O123, O123/[2,17], [2,17]/O123, O123/[3,2], [3,2]/O123, O123/[3,3], [3,3]/O123, O123/[3,5], [3,5]/O123, O123/[3,7], [3,7]/O123, O123/[3,13], [3,13]/O123, O123/[3,19], [3,19]/O123, O123/[3,11], [3,11]/O123, O123/[3,17], [3,17]/O123, O123/[5,2], [5,2]/O123, O123/[5,3], [5,3]/O123, O123/[5,5], [5,5]/O123, O123/[5,7], [5,7]/O123, O123/[5,13], [5,13]/O123, O123/[5,19], [5,19]/O123, O123/[5,11], [5,11]/O123, O123/[5,17], [5,17]/O123, O123/[7,2], [7,2]/O123, O123/[7,3], [7,3]/O123, O123/[7,5], [7,5]/O123, O123/[7,7], [7,7]/O123, O123/[7,13], [7,13]/O123, O123/[7,11], [7,11]/O123, O123/[7,17], [7,17]/O123, O123/[13,2], [13,2]/O123, O123/[13,3], [13,3]/O123, O123/[13,5], [13,5]/O123, O123/[13,7], [13,7]/O123, O123/[13,13], [13,13]/O123, [13,19]/O123, O123/[13,19], O123/[13,11], [13,11]/O123, O123/[13,17], [13,17]/O123, O123/[11,2], [11,2]/O123, O123/[11,3], [11,3]/O123, O123/[11,5], [11,5]/O123, O123/[11,7], [11,7]/O123, O123/[11,13], [11,13]/O123, O123/[11,11], [11,11]/O123, O123/[11,17], [11,17]/O123, [17,19]/O123, O123/[17,19], O123/2, 2/O123, O123/3, 3/O123, O123/5, 5/O123, O123/7, 7/O123, O123/13, 13/O123, O123/19, 19/O123, O123/11, 11/O123, O123/17, 17/O123, 1/O123, [19,19]/O124, O124/[19,19], O124/4, 4/O124, O124/[2,3], [2,3]/O124, O124/[2,5], [2,5]/O124, O124/[2,7], [2,7]/O124, O124/[2,13], [2,13]/O124, O124/[2,19], [2,19]/O124, O124/[2,11], [2,11]/O124, O124/[2,17], [2,17]/O124, O124/[3,2], [3,2]/O124, O124/[3,3], [3,3]/O124, O124/[3,5], [3,5]/O124, O124/[3,7], [3,7]/O124, O124/[3,13], [3,13]/O124, O124/[3,19], [3,19]/O124, O124/[3,11], [3,11]/O124, O124/[3,17], [3,17]/O124, O124/[5,2], [5,2]/O124, O124/[5,3], [5,3]/O124, O124/[5,5], [5,5]/O124, O124/[5,7], [5,7]/O124, O124/[5,13], [5,13]/O124, O124/[5,19], [5,19]/O124, O124/[5,11], [5,11]/O124, O124/[5,17], [5,17]/O124, O124/[7,2], [7,2]/O124, O124/[7,3], [7,3]/O124, O124/[7,5], [7,5]/O124, O124/[7,7], [7,7]/O124, O124/[7,13], [7,13]/O124, O124/[7,11], [7,11]/O124, O124/[13,2], [13,2]/O124, O124/[13,3], [13,3]/O124, O124/[13,5], [13,5]/O124, O124/[13,7], [13,7]/O124, O124/[13,13], [13,13]/O124, O124/[13,11], [13,11]/O124, O124/[19,2], [19,2]/O124, O124/[19,3], [19,3]/O124, O124/[19,5], [19,5]/O124, O124/[19,7], [19,7]/O124, O124/[19,13], [19,13]/O124, O124/[19,11], [19,11]/O124, O124/[11,2], [11,2]/O124, O124/[11,3], [11,3]/O124, O124/[11,5], [11,5]/O124, O124/[11,7], [11,7]/O124, O124/[11,13], [11,13]/O124, O124/[11,11], [11,11]/O124, O124/[17,2], [17,2]/O124, O124/[17,3], [17,3]/O124, O124/[17,5], [17,5]/O124, O124/[17,7], [17,7]/O124, O124/[17,13], [17,13]/O124, O124/[17,11], [17,11]/O124, O124/2, 2/O124, O124/3, 3/O124, O124/5, 5/O124, O124/7, 7/O124, O124/13, 13/O124, O124/19, 19/O124, O124/11, 11/O124, O124/17, 17/O124, 1/O124, [19,19]/O125, O125/[19,19], O125/4, 4/O125, O125/[2,3], [2,3]/O125, O125/[2,5], [2,5]/O125, O125/[2,7], [2,7]/O125, O125/[2,13], [2,13]/O125, O125/[2,19], [2,19]/O125, O125/[2,11], [2,11]/O125, O125/[2,17], [2,17]/O125, O125/[3,2], [3,2]/O125, O125/[3,3], [3,3]/O125, O125/[3,5], [3,5]/O125, O125/[3,7], [3,7]/O125, O125/[3,13], [3,13]/O125, O125/[3,19], [3,19]/O125, O125/[3,11], [3,11]/O125, O125/[3,17], [3,17]/O125, O125/[5,2], [5,2]/O125, O125/[5,3], [5,3]/O125, O125/[5,5], [5,5]/O125, O125/[5,7], [5,7]/O125, O125/[5,13], [5,13]/O125, O125/[5,19], [5,19]/O125, O125/[5,11], [5,11]/O125, O125/[5,17], [5,17]/O125, O125/[7,2], [7,2]/O125, O125/[7,3], [7,3]/O125, O125/[7,5], [7,5]/O125, O125/[7,7], [7,7]/O125, O125/[7,11], [7,11]/O125, O125/[13,2], [13,2]/O125, O125/[13,3], [13,3]/O125, O125/[13,5], [13,5]/O125, O125/[13,7], [13,7]/O125, O125/[13,11], [13,11]/O125, O125/[19,2], [19,2]/O125, O125/[19,3], [19,3]/O125, O125/[19,5], [19,5]/O125, O125/[19,7], [19,7]/O125, O125/[19,11], [19,11]/O125, O125/[11,2], [11,2]/O125, O125/[11,3], [11,3]/O125, O125/[11,5], [11,5]/O125, O125/[11,7], [11,7]/O125, O125/[11,11], [11,11]/O125, O125/[17,2], [17,2]/O125, O125/[17,3], [17,3]/O125, O125/[17,5], [17,5]/O125, O125/[17,7], [17,7]/O125, O125/[17,11], [17,11]/O125, O125/2, 2/O125, O125/3, 3/O125, O125/5, 5/O125, O125/7, 7/O125, O125/13, 13/O125, O125/19, 19/O125, O125/11, 11/O125, O125/17, 17/O125, 1/O125, [19,19]/O126, O126/[19,19], O126/4, 4/O126, O126/[2,3], [2,3]/O126, O126/[2,5], [2,5]/O126, O126/[2,7], [2,7]/O126, O126/[2,13], [2,13]/O126, O126/[2,19], [2,19]/O126, O126/[2,11], [2,11]/O126, O126/[2,17], [2,17]/O126, O126/[3,2], [3,2]/O126, O126/[3,3], [3,3]/O126, O126/[3,5], [3,5]/O126, O126/[3,7], [3,7]/O126, O126/[3,13], [3,13]/O126, O126/[3,19], [3,19]/O126, O126/[3,11], [3,11]/O126, O126/[3,17], [3,17]/O126, O126/[5,2], [5,2]/O126, O126/[5,3], [5,3]/O126, O126/[5,5], [5,5]/O126, O126/[5,7], [5,7]/O126, O126/[5,13], [5,13]/O126, O126/[5,19], [5,19]/O126, O126/[5,11], [5,11]/O126, O126/[5,17], [5,17]/O126, O126/[7,2], [7,2]/O126, O126/[7,3], [7,3]/O126, O126/[7,5], [7,5]/O126, O126/[7,7], [7,7]/O126, O126/[7,13], [7,13]/O126, O126/[7,11], [7,11]/O126, O126/[7,17], [7,17]/O126, O126/[13,2], [13,2]/O126, O126/[13,3], [13,3]/O126, O126/[13,5], [13,5]/O126, O126/[13,7], [13,7]/O126, O126/[13,13], [13,13]/O126, O126/[13,11], [13,11]/O126, O126/[13,17], [13,17]/O126, O126/[19,2], [19,2]/O126, O126/[19,3], [19,3]/O126, O126/[19,5], [19,5]/O126, O126/[19,7], [19,7]/O126, O126/[19,13], [19,13]/O126, O126/[19,11], [19,11]/O126, O126/[19,17], [19,17]/O126, O126/[11,2], [11,2]/O126, O126/[11,3], [11,3]/O126, O126/[11,5], [11,5]/O126, O126/[11,7], [11,7]/O126, O126/[11,13], [11,13]/O126, O126/[11,11], [11,11]/O126, O126/[11,17], [11,17]/O126, O126/[17,2], [17,2]/O126, O126/[17,3], [17,3]/O126, O126/[17,5], [17,5]/O126, O126/[17,7], [17,7]/O126, O126/[17,13], [17,13]/O126, O126/[17,11], [17,11]/O126, O126/[17,17], [17,17]/O126, O126/2, 2/O126, O126/3, 3/O126, O126/5, 5/O126, O126/7, 7/O126, O126/13, 13/O126, O126/19, 19/O126, O126/11, 11/O126, O126/17, 17/O126, 1/O126, [19,19]/O127, O127/[19,19], O127/4, 4/O127, O127/[2,3], [2,3]/O127, O127/[2,5], [2,5]/O127, O127/[2,7], [2,7]/O127, O127/[2,13], [2,13]/O127, O127/[2,19], [2,19]/O127, O127/[2,11], [2,11]/O127, O127/[2,17], [2,17]/O127, O127/[3,2], [3,2]/O127, O127/[3,3], [3,3]/O127, O127/[3,5], [3,5]/O127, O127/[3,7], [3,7]/O127, O127/[3,13], [3,13]/O127, O127/[3,19], [3,19]/O127, O127/[3,11], [3,11]/O127, O127/[3,17], [3,17]/O127, O127/[5,2], [5,2]/O127, O127/[5,3], [5,3]/O127, O127/[5,5], [5,5]/O127, O127/[5,7], [5,7]/O127, O127/[5,13], [5,13]/O127, O127/[5,19], [5,19]/O127, O127/[5,11], [5,11]/O127, O127/[5,17], [5,17]/O127, O127/[7,2], [7,2]/O127, O127/[7,3], [7,3]/O127, O127/[7,5], [7,5]/O127, O127/[7,7], [7,7]/O127, O127/[7,13], [7,13]/O127, O127/[7,11], [7,11]/O127, [13,19]/O127, O127/[13,19], O127/[11,2], [11,2]/O127, O127/[11,3], [11,3]/O127, O127/[11,5], [11,5]/O127, O127/[11,7], [11,7]/O127, O127/[11,13], [11,13]/O127, [11,19]/O127, O127/[11,19], O127/[11,11], [11,11]/O127, [17,19]/O127, O127/[17,19], O127/2, 2/O127, O127/3, 3/O127, O127/5, 5/O127, O127/7, 7/O127, O127/13, 13/O127, O127/19, 19/O127, O127/11, 11/O127, O127/17, 17/O127, 1/O127, [19,19]/O128, O128/[19,19], O128/4, 4/O128, O128/[2,3], [2,3]/O128, O128/[2,5], [2,5]/O128, O128/[2,7], [2,7]/O128, O128/[2,13], [2,13]/O128, O128/[2,19], [2,19]/O128, O128/[2,11], [2,11]/O128, O128/[2,17], [2,17]/O128, O128/[3,2], [3,2]/O128, O128/[3,3], [3,3]/O128, O128/[3,5], [3,5]/O128, O128/[3,7], [3,7]/O128, O128/[3,13], [3,13]/O128, O128/[3,19], [3,19]/O128, O128/[3,11], [3,11]/O128, O128/[3,17], [3,17]/O128, O128/[5,2], [5,2]/O128, O128/[5,3], [5,3]/O128, O128/[5,5], [5,5]/O128, O128/[5,7], [5,7]/O128, O128/[5,13], [5,13]/O128, O128/[5,19], [5,19]/O128, O128/[5,11], [5,11]/O128, O128/[5,17], [5,17]/O128, O128/[7,2], [7,2]/O128, O128/[7,3], [7,3]/O128, O128/[7,5], [7,5]/O128, O128/[7,7], [7,7]/O128, O128/[13,2], [13,2]/O128, O128/[13,3], [13,3]/O128, O128/[13,5], [13,5]/O128, O128/[13,7], [13,7]/O128, O128/[11,2], [11,2]/O128, O128/[11,3], [11,3]/O128, O128/[11,5], [11,5]/O128, O128/[11,7], [11,7]/O128, O128/[17,2], [17,2]/O128, O128/[17,3], [17,3]/O128, O128/[17,5], [17,5]/O128, O128/[17,7], [17,7]/O128, [17,19]/O128, O128/[17,19], O128/2, 2/O128, O128/3, 3/O128, O128/5, 5/O128, O128/7, 7/O128, O128/13, 13/O128, O128/19, 19/O128, O128/11, 11/O128, O128/17, 17/O128, 1/O128, [19,19]/O129, O129/[19,19], O129/4, 4/O129, O129/[2,3], [2,3]/O129, O129/[2,5], [2,5]/O129, O129/[2,7], [2,7]/O129, O129/[2,13], [2,13]/O129, O129/[2,19], [2,19]/O129, O129/[2,11], [2,11]/O129, O129/[2,17], [2,17]/O129, O129/[3,2], [3,2]/O129, O129/[3,3], [3,3]/O129, O129/[3,5], [3,5]/O129, O129/[3,7], [3,7]/O129, O129/[3,13], [3,13]/O129, O129/[3,19], [3,19]/O129, O129/[3,11], [3,11]/O129, O129/[3,17], [3,17]/O129, O129/[5,2], [5,2]/O129, O129/[5,3], [5,3]/O129, O129/[5,5], [5,5]/O129, O129/[5,7], [5,7]/O129, O129/[5,13], [5,13]/O129, O129/[5,19], [5,19]/O129, O129/[5,11], [5,11]/O129, O129/[5,17], [5,17]/O129, O129/[7,2], [7,2]/O129, O129/[7,3], [7,3]/O129, O129/[7,5], [7,5]/O129, O129/[7,7], [7,7]/O129, O129/[7,13], [7,13]/O129, O129/[7,11], [7,11]/O129, O129/[13,2], [13,2]/O129, O129/[13,3], [13,3]/O129, O129/[13,5], [13,5]/O129, O129/[13,7], [13,7]/O129, O129/[13,13], [13,13]/O129, O129/[13,11], [13,11]/O129, O129/[11,2], [11,2]/O129, O129/[11,3], [11,3]/O129, O129/[11,5], [11,5]/O129, O129/[11,7], [11,7]/O129, O129/[11,13], [11,13]/O129, O129/[11,11], [11,11]/O129, O129/[17,2], [17,2]/O129, O129/[17,3], [17,3]/O129, O129/[17,5], [17,5]/O129, O129/[17,7], [17,7]/O129, O129/[17,13], [17,13]/O129, [17,19]/O129, O129/[17,19], O129/[17,11], [17,11]/O129, O129/2, 2/O129, O129/3, 3/O129, O129/5, 5/O129, O129/7, 7/O129, O129/13, 13/O129, O129/19, 19/O129, O129/11, 11/O129, O129/17, 17/O129, 1/O129, [19,19]/O130, O130/[19,19], O130/4, 4/O130, O130/[2,3], [2,3]/O130, O130/[2,5], [2,5]/O130, O130/[2,7], [2,7]/O130, O130/[2,13], [2,13]/O130, O130/[2,19], [2,19]/O130, O130/[2,11], [2,11]/O130, O130/[2,17], [2,17]/O130, O130/[3,2], [3,2]/O130, O130/[3,3], [3,3]/O130, O130/[3,5], [3,5]/O130, O130/[3,7], [3,7]/O130, O130/[3,13], [3,13]/O130, O130/[3,19], [3,19]/O130, O130/[3,11], [3,11]/O130, O130/[3,17], [3,17]/O130, O130/[5,2], [5,2]/O130, O130/[5,3], [5,3]/O130, O130/[5,5], [5,5]/O130, O130/[5,7], [5,7]/O130, O130/[5,13], [5,13]/O130, O130/[5,19], [5,19]/O130, O130/[5,11], [5,11]/O130, O130/[5,17], [5,17]/O130, O130/[7,2], [7,2]/O130, O130/[7,3], [7,3]/O130, O130/[7,5], [7,5]/O130, O130/[7,7], [7,7]/O130, O130/[7,13], [7,13]/O130, O130/[7,11], [7,11]/O130, O130/[7,17], [7,17]/O130, O130/[13,2], [13,2]/O130, O130/[13,3], [13,3]/O130, O130/[13,5], [13,5]/O130, O130/[13,7], [13,7]/O130, O130/[13,13], [13,13]/O130, O130/[13,11], [13,11]/O130, O130/[13,17], [13,17]/O130, O130/[11,2], [11,2]/O130, O130/[11,3], [11,3]/O130, O130/[11,5], [11,5]/O130, O130/[11,7], [11,7]/O130, O130/[11,13], [11,13]/O130, O130/[11,11], [11,11]/O130, O130/[11,17], [11,17]/O130, O130/[17,2], [17,2]/O130, O130/[17,3], [17,3]/O130, O130/[17,5], [17,5]/O130, O130/[17,7], [17,7]/O130, O130/[17,13], [17,13]/O130, [17,19]/O130, O130/[17,19], O130/[17,11], [17,11]/O130, O130/[17,17], [17,17]/O130, O130/2, 2/O130, O130/3, 3/O130, O130/5, 5/O130, O130/7, 7/O130, O130/13, 13/O130, O130/19, 19/O130, O130/11, 11/O130, O130/17, 17/O130, 1/O130, [19,19]/O131, O131/[19,19], O131/4, 4/O131, O131/[2,3], [2,3]/O131, O131/[2,5], [2,5]/O131, O131/[2,7], [2,7]/O131, O131/[2,13], [2,13]/O131, O131/[2,11], [2,11]/O131, O131/[2,17], [2,17]/O131, O131/[3,2], [3,2]/O131, O131/[3,3], [3,3]/O131, O131/[3,5], [3,5]/O131, O131/[3,7], [3,7]/O131, O131/[3,13], [3,13]/O131, O131/[3,11], [3,11]/O131, O131/[3,17], [3,17]/O131, O131/[5,2], [5,2]/O131, O131/[5,3], [5,3]/O131, O131/[5,5], [5,5]/O131, O131/[5,7], [5,7]/O131, O131/[5,13], [5,13]/O131, O131/[5,11], [5,11]/O131, O131/[5,17], [5,17]/O131, O131/[7,2], [7,2]/O131, O131/[7,3], [7,3]/O131, O131/[7,5], [7,5]/O131, O131/[7,7], [7,7]/O131, O131/[7,13], [7,13]/O131, O131/[7,11], [7,11]/O131, O131/[13,2], [13,2]/O131, O131/[13,3], [13,3]/O131, O131/[13,5], [13,5]/O131, O131/[13,7], [13,7]/O131, O131/[13,13], [13,13]/O131, [13,19]/O131, O131/[13,19], O131/[13,11], [13,11]/O131, [13,17]/O131, O131/[13,17], [19,17]/O131, O131/[19,17], O131/[11,2], [11,2]/O131, O131/[11,3], [11,3]/O131, O131/[11,5], [11,5]/O131, O131/[11,7], [11,7]/O131, O131/[11,13], [11,13]/O131, O131/[11,11], [11,11]/O131, [17,19]/O131, O131/[17,19], [17,17]/O131, O131/[17,17], O131/2, 2/O131, O131/3, 3/O131, O131/5, 5/O131, O131/7, 7/O131, O131/13, 13/O131, O131/11, 11/O131, O131/17, 17/O131, 1/O131, [19,19]/O132, O132/[19,19], O132/4, 4/O132, O132/[2,3], [2,3]/O132, O132/[2,5], [2,5]/O132, O132/[2,7], [2,7]/O132, O132/[2,13], [2,13]/O132, O132/[2,11], [2,11]/O132, O132/[2,17], [2,17]/O132, O132/[3,2], [3,2]/O132, O132/[3,3], [3,3]/O132, O132/[3,5], [3,5]/O132, O132/[3,7], [3,7]/O132, O132/[3,13], [3,13]/O132, O132/[3,11], [3,11]/O132, O132/[3,17], [3,17]/O132, O132/[5,2], [5,2]/O132, O132/[5,3], [5,3]/O132, O132/[5,5], [5,5]/O132, O132/[5,7], [5,7]/O132, O132/[5,13], [5,13]/O132, O132/[5,11], [5,11]/O132, O132/[5,17], [5,17]/O132, O132/[7,2], [7,2]/O132, O132/[7,3], [7,3]/O132, O132/[7,5], [7,5]/O132, O132/[7,7], [7,7]/O132, O132/[7,13], [7,13]/O132, O132/[7,11], [7,11]/O132, O132/[13,2], [13,2]/O132, O132/[13,3], [13,3]/O132, O132/[13,5], [13,5]/O132, O132/[13,7], [13,7]/O132, O132/[13,13], [13,13]/O132, O132/[13,11], [13,11]/O132, O132/[19,2], [19,2]/O132, O132/[19,3], [19,3]/O132, O132/[19,5], [19,5]/O132, O132/[19,7], [19,7]/O132, O132/[19,13], [19,13]/O132, O132/[19,11], [19,11]/O132, [19,17]/O132, O132/[19,17], O132/[11,2], [11,2]/O132, O132/[11,3], [11,3]/O132, O132/[11,5], [11,5]/O132, O132/[11,7], [11,7]/O132, O132/[11,13], [11,13]/O132, O132/[11,11], [11,11]/O132, O132/[17,2], [17,2]/O132, O132/[17,3], [17,3]/O132, O132/[17,5], [17,5]/O132, O132/[17,7], [17,7]/O132, O132/[17,13], [17,13]/O132, O132/[17,11], [17,11]/O132, O132/2, 2/O132, O132/3, 3/O132, O132/5, 5/O132, O132/7, 7/O132, O132/13, 13/O132, O132/19, 19/O132, O132/11, 11/O132, O132/17, 17/O132, 1/O132, [19,19]/O133, O133/[19,19], O133/4, 4/O133, O133/[2,3], [2,3]/O133, O133/[2,5], [2,5]/O133, O133/[2,7], [2,7]/O133, O133/[2,13], [2,13]/O133, O133/[2,11], [2,11]/O133, O133/[2,17], [2,17]/O133, O133/[3,2], [3,2]/O133, O133/[3,3], [3,3]/O133, O133/[3,5], [3,5]/O133, O133/[3,7], [3,7]/O133, O133/[3,13], [3,13]/O133, O133/[3,11], [3,11]/O133, O133/[3,17], [3,17]/O133, O133/[5,2], [5,2]/O133, O133/[5,3], [5,3]/O133, O133/[5,5], [5,5]/O133, O133/[5,7], [5,7]/O133, O133/[5,13], [5,13]/O133, O133/[5,11], [5,11]/O133, O133/[5,17], [5,17]/O133, O133/[7,2], [7,2]/O133, O133/[7,3], [7,3]/O133, O133/[7,5], [7,5]/O133, O133/[7,7], [7,7]/O133, O133/[7,13], [7,13]/O133, O133/[7,11], [7,11]/O133, O133/[13,2], [13,2]/O133, O133/[13,3], [13,3]/O133, O133/[13,5], [13,5]/O133, O133/[13,7], [13,7]/O133, O133/[13,13], [13,13]/O133, O133/[13,11], [13,11]/O133, [19,17]/O133, O133/[19,17], O133/[11,2], [11,2]/O133, O133/[11,3], [11,3]/O133, O133/[11,5], [11,5]/O133, O133/[11,7], [11,7]/O133, O133/[11,13], [11,13]/O133, O133/[11,11], [11,11]/O133, O133/[17,2], [17,2]/O133, O133/[17,3], [17,3]/O133, O133/[17,5], [17,5]/O133, O133/[17,7], [17,7]/O133, O133/[17,13], [17,13]/O133, [17,19]/O133, O133/[17,19], O133/[17,11], [17,11]/O133, [17,17]/O133, O133/[17,17], O133/2, 2/O133, O133/3, 3/O133, O133/5, 5/O133, O133/7, 7/O133, O133/13, 13/O133, O133/11, 11/O133, O133/17, 17/O133, 1/O133, [19,19]/O134, O134/[19,19], O134/4, 4/O134, O134/[2,3], [2,3]/O134, O134/[2,5], [2,5]/O134, O134/[2,7], [2,7]/O134, O134/[2,13], [2,13]/O134, O134/[2,11], [2,11]/O134, O134/[2,17], [2,17]/O134, O134/[3,2], [3,2]/O134, O134/[3,3], [3,3]/O134, O134/[3,5], [3,5]/O134, O134/[3,7], [3,7]/O134, O134/[3,13], [3,13]/O134, O134/[3,11], [3,11]/O134, O134/[3,17], [3,17]/O134, O134/[5,2], [5,2]/O134, O134/[5,3], [5,3]/O134, O134/[5,5], [5,5]/O134, O134/[5,7], [5,7]/O134, O134/[5,13], [5,13]/O134, O134/[5,11], [5,11]/O134, O134/[5,17], [5,17]/O134, O134/[7,2], [7,2]/O134, O134/[7,3], [7,3]/O134, O134/[7,5], [7,5]/O134, O134/[7,7], [7,7]/O134, O134/[7,11], [7,11]/O134, O134/[13,2], [13,2]/O134, O134/[13,3], [13,3]/O134, O134/[13,5], [13,5]/O134, O134/[13,7], [13,7]/O134, O134/[13,11], [13,11]/O134, [19,17]/O134, O134/[19,17], O134/[11,2], [11,2]/O134, O134/[11,3], [11,3]/O134, O134/[11,5], [11,5]/O134, O134/[11,7], [11,7]/O134, O134/[11,11], [11,11]/O134, O134/[17,2], [17,2]/O134, O134/[17,3], [17,3]/O134, O134/[17,5], [17,5]/O134, O134/[17,7], [17,7]/O134, [17,19]/O134, O134/[17,19], O134/[17,11], [17,11]/O134, [17,17]/O134, O134/[17,17], O134/2, 2/O134, O134/3, 3/O134, O134/5, 5/O134, O134/7, 7/O134, O134/13, 13/O134, O134/11, 11/O134, O134/17, 17/O134, 1/O134, [19,19]/O135, O135/[19,19], O135/4, 4/O135, O135/[2,3], [2,3]/O135, O135/[2,5], [2,5]/O135, O135/[2,7], [2,7]/O135, O135/[2,13], [2,13]/O135, O135/[2,11], [2,11]/O135, O135/[3,2], [3,2]/O135, O135/[3,3], [3,3]/O135, O135/[3,5], [3,5]/O135, O135/[3,7], [3,7]/O135, O135/[3,13], [3,13]/O135, O135/[3,11], [3,11]/O135, O135/[5,2], [5,2]/O135, O135/[5,3], [5,3]/O135, O135/[5,5], [5,5]/O135, O135/[5,7], [5,7]/O135, O135/[5,13], [5,13]/O135, O135/[5,11], [5,11]/O135, O135/[7,2], [7,2]/O135, O135/[7,3], [7,3]/O135, O135/[7,5], [7,5]/O135, O135/[7,7], [7,7]/O135, O135/[7,13], [7,13]/O135, O135/[7,11], [7,11]/O135, O135/[13,2], [13,2]/O135, O135/[13,3], [13,3]/O135, O135/[13,5], [13,5]/O135, O135/[13,7], [13,7]/O135, O135/[19,2], [19,2]/O135, O135/[19,3], [19,3]/O135, O135/[19,5], [19,5]/O135, O135/[19,7], [19,7]/O135, [19,13]/O135, O135/[19,13], [19,17]/O135, O135/[19,17], O135/[11,2], [11,2]/O135, O135/[11,3], [11,3]/O135, O135/[11,5], [11,5]/O135, O135/[11,7], [11,7]/O135, O135/[17,2], [17,2]/O135, O135/[17,3], [17,3]/O135, O135/[17,5], [17,5]/O135, O135/[17,7], [17,7]/O135, O135/2, 2/O135, O135/3, 3/O135, O135/5, 5/O135, O135/7, 7/O135, O135/13, 13/O135, O135/19, 19/O135, O135/11, 11/O135, O135/17, 17/O135, 1/O135, [19,19]/O136, O136/[19,19], O136/4, 4/O136, O136/[2,3], [2,3]/O136, O136/[2,5], [2,5]/O136, O136/[2,7], [2,7]/O136, O136/[2,13], [2,13]/O136, O136/[2,11], [2,11]/O136, O136/[3,2], [3,2]/O136, O136/[3,3], [3,3]/O136, O136/[3,5], [3,5]/O136, O136/[3,7], [3,7]/O136, O136/[3,13], [3,13]/O136, O136/[3,11], [3,11]/O136, O136/[5,2], [5,2]/O136, O136/[5,3], [5,3]/O136, O136/[5,5], [5,5]/O136, O136/[5,7], [5,7]/O136, O136/[5,13], [5,13]/O136, O136/[5,11], [5,11]/O136, O136/[7,2], [7,2]/O136, O136/[7,3], [7,3]/O136, O136/[7,5], [7,5]/O136, O136/[7,7], [7,7]/O136, O136/[7,13], [7,13]/O136, O136/[7,11], [7,11]/O136, O136/[13,2], [13,2]/O136, O136/[13,3], [13,3]/O136, O136/[13,5], [13,5]/O136, O136/[13,7], [13,7]/O136, O136/[13,11], [13,11]/O136, O136/[19,2], [19,2]/O136, O136/[19,3], [19,3]/O136, O136/[19,5], [19,5]/O136, O136/[19,7], [19,7]/O136, [19,13]/O136, O136/[19,13], O136/[19,11], [19,11]/O136, [19,17]/O136, O136/[19,17], O136/[11,2], [11,2]/O136, O136/[11,3], [11,3]/O136, O136/[11,5], [11,5]/O136, O136/[11,7], [11,7]/O136, O136/[11,11], [11,11]/O136, O136/[17,2], [17,2]/O136, O136/[17,3], [17,3]/O136, O136/[17,5], [17,5]/O136, O136/[17,7], [17,7]/O136, O136/[17,11], [17,11]/O136, O136/2, 2/O136, O136/3, 3/O136, O136/5, 5/O136, O136/7, 7/O136, O136/13, 13/O136, O136/19, 19/O136, O136/11, 11/O136, O136/17, 17/O136, 1/O136, [19,19]/O137, O137/[19,19], O137/4, 4/O137, O137/[2,3], [2,3]/O137, O137/[2,5], [2,5]/O137, O137/[2,7], [2,7]/O137, O137/[2,13], [2,13]/O137, O137/[2,11], [2,11]/O137, O137/[3,2], [3,2]/O137, O137/[3,3], [3,3]/O137, O137/[3,5], [3,5]/O137, O137/[3,7], [3,7]/O137, O137/[3,13], [3,13]/O137, O137/[3,11], [3,11]/O137, O137/[5,2], [5,2]/O137, O137/[5,3], [5,3]/O137, O137/[5,5], [5,5]/O137, O137/[5,7], [5,7]/O137, O137/[5,13], [5,13]/O137, O137/[5,11], [5,11]/O137, O137/[7,2], [7,2]/O137, O137/[7,3], [7,3]/O137, O137/[7,5], [7,5]/O137, O137/[7,7], [7,7]/O137, O137/[7,13], [7,13]/O137, O137/[7,11], [7,11]/O137, O137/[13,2], [13,2]/O137, O137/[13,3], [13,3]/O137, O137/[13,5], [13,5]/O137, O137/[13,7], [13,7]/O137, O137/[13,11], [13,11]/O137, [19,13]/O137, O137/[19,13], [19,17]/O137, O137/[19,17], O137/[11,2], [11,2]/O137, O137/[11,3], [11,3]/O137, O137/[11,5], [11,5]/O137, O137/[11,7], [11,7]/O137, O137/[11,11], [11,11]/O137, O137/[17,2], [17,2]/O137, O137/[17,3], [17,3]/O137, O137/[17,5], [17,5]/O137, O137/[17,7], [17,7]/O137, [17,13]/O137, O137/[17,13], [17,19]/O137, O137/[17,19], O137/[17,11], [17,11]/O137, [17,17]/O137, O137/[17,17], O137/2, 2/O137, O137/3, 3/O137, O137/5, 5/O137, O137/7, 7/O137, O137/13, 13/O137, O137/11, 11/O137, O137/17, 17/O137, 1/O137, [19,19]/O138, O138/[19,19], O138/4, 4/O138, O138/[2,3], [2,3]/O138, O138/[2,5], [2,5]/O138, O138/[2,7], [2,7]/O138, O138/[2,13], [2,13]/O138, O138/[2,19], [2,19]/O138, O138/[2,11], [2,11]/O138, O138/[2,17], [2,17]/O138, O138/[3,2], [3,2]/O138, O138/[3,3], [3,3]/O138, O138/[3,5], [3,5]/O138, O138/[3,7], [3,7]/O138, O138/[3,13], [3,13]/O138, O138/[3,19], [3,19]/O138, O138/[3,11], [3,11]/O138, O138/[3,17], [3,17]/O138, O138/[5,2], [5,2]/O138, O138/[5,3], [5,3]/O138, O138/[5,5], [5,5]/O138, O138/[5,7], [5,7]/O138, O138/[5,13], [5,13]/O138, O138/[5,19], [5,19]/O138, O138/[5,11], [5,11]/O138, O138/[5,17], [5,17]/O138, O138/[7,2], [7,2]/O138, O138/[7,3], [7,3]/O138, O138/[7,5], [7,5]/O138, O138/[7,7], [7,7]/O138, O138/[7,13], [7,13]/O138, O138/[7,19], [7,19]/O138, O138/[7,11], [7,11]/O138, O138/[7,17], [7,17]/O138, O138/[13,2], [13,2]/O138, O138/[13,3], [13,3]/O138, O138/[13,5], [13,5]/O138, O138/[13,7], [13,7]/O138, O138/[13,13], [13,13]/O138, [13,19]/O138, O138/[13,19], O138/[13,11], [13,11]/O138, O138/[13,17], [13,17]/O138, O138/[11,2], [11,2]/O138, O138/[11,3], [11,3]/O138, O138/[11,5], [11,5]/O138, O138/[11,7], [11,7]/O138, O138/[11,13], [11,13]/O138, O138/[11,11], [11,11]/O138, O138/[11,17], [11,17]/O138, [17,19]/O138, O138/[17,19], O138/2, 2/O138, O138/3, 3/O138, O138/5, 5/O138, O138/7, 7/O138, O138/13, 13/O138, O138/19, 19/O138, O138/11, 11/O138, O138/17, 17/O138, 1/O138, [19,19]/O139, O139/[19,19], O139/4, 4/O139, O139/[2,3], [2,3]/O139, O139/[2,5], [2,5]/O139, O139/[2,7], [2,7]/O139, O139/[2,13], [2,13]/O139, O139/[2,19], [2,19]/O139, O139/[2,11], [2,11]/O139, O139/[2,17], [2,17]/O139, O139/[3,2], [3,2]/O139, O139/[3,3], [3,3]/O139, O139/[3,5], [3,5]/O139, O139/[3,7], [3,7]/O139, O139/[3,13], [3,13]/O139, O139/[3,19], [3,19]/O139, O139/[3,11], [3,11]/O139, O139/[3,17], [3,17]/O139, O139/[5,2], [5,2]/O139, O139/[5,3], [5,3]/O139, O139/[5,5], [5,5]/O139, O139/[5,7], [5,7]/O139, O139/[5,13], [5,13]/O139, O139/[5,19], [5,19]/O139, O139/[5,11], [5,11]/O139, O139/[5,17], [5,17]/O139, O139/[7,2], [7,2]/O139, O139/[7,3], [7,3]/O139, O139/[7,5], [7,5]/O139, O139/[7,7], [7,7]/O139, O139/[7,13], [7,13]/O139, O139/[7,19], [7,19]/O139, O139/[7,11], [7,11]/O139, O139/[7,17], [7,17]/O139, O139/[13,2], [13,2]/O139, O139/[13,3], [13,3]/O139, O139/[13,5], [13,5]/O139, O139/[13,7], [13,7]/O139, O139/[13,13], [13,13]/O139, O139/[13,11], [13,11]/O139, O139/[13,17], [13,17]/O139, O139/[19,2], [19,2]/O139, O139/[19,3], [19,3]/O139, O139/[19,5], [19,5]/O139, O139/[19,7], [19,7]/O139, O139/[19,13], [19,13]/O139, O139/[19,11], [19,11]/O139, O139/[19,17], [19,17]/O139, O139/[11,2], [11,2]/O139, O139/[11,3], [11,3]/O139, O139/[11,5], [11,5]/O139, O139/[11,7], [11,7]/O139, O139/[11,13], [11,13]/O139, O139/[11,11], [11,11]/O139, O139/[11,17], [11,17]/O139, O139/[17,2], [17,2]/O139, O139/[17,3], [17,3]/O139, O139/[17,5], [17,5]/O139, O139/[17,7], [17,7]/O139, O139/[17,13], [17,13]/O139, O139/[17,11], [17,11]/O139, O139/[17,17], [17,17]/O139, O139/2, 2/O139, O139/3, 3/O139, O139/5, 5/O139, O139/7, 7/O139, O139/13, 13/O139, O139/19, 19/O139, O139/11, 11/O139, O139/17, 17/O139, 1/O139, [19,19]/O140, O140/[19,19], O140/4, 4/O140, O140/[2,3], [2,3]/O140, O140/[2,5], [2,5]/O140, O140/[2,7], [2,7]/O140, O140/[2,13], [2,13]/O140, O140/[2,19], [2,19]/O140, O140/[2,11], [2,11]/O140, O140/[2,17], [2,17]/O140, O140/[3,2], [3,2]/O140, O140/[3,3], [3,3]/O140, O140/[3,5], [3,5]/O140, O140/[3,7], [3,7]/O140, O140/[3,13], [3,13]/O140, O140/[3,19], [3,19]/O140, O140/[3,11], [3,11]/O140, O140/[3,17], [3,17]/O140, O140/[5,2], [5,2]/O140, O140/[5,3], [5,3]/O140, O140/[5,5], [5,5]/O140, O140/[5,7], [5,7]/O140, O140/[5,13], [5,13]/O140, O140/[5,19], [5,19]/O140, O140/[5,11], [5,11]/O140, O140/[5,17], [5,17]/O140, O140/[7,2], [7,2]/O140, O140/[7,3], [7,3]/O140, O140/[7,5], [7,5]/O140, O140/[7,7], [7,7]/O140, O140/[7,13], [7,13]/O140, O140/[7,19], [7,19]/O140, O140/[7,11], [7,11]/O140, O140/[7,17], [7,17]/O140, [13,19]/O140, O140/[13,19], O140/[11,2], [11,2]/O140, O140/[11,3], [11,3]/O140, O140/[11,5], [11,5]/O140, O140/[11,7], [11,7]/O140, O140/[11,13], [11,13]/O140, [11,19]/O140, O140/[11,19], O140/[11,11], [11,11]/O140, [17,19]/O140, O140/[17,19], O140/2, 2/O140, O140/3, 3/O140, O140/5, 5/O140, O140/7, 7/O140, O140/13, 13/O140, O140/19, 19/O140, O140/11, 11/O140, O140/17, 17/O140, 1/O140, [19,19]/O141, O141/[19,19], O141/4, 4/O141, O141/[2,3], [2,3]/O141, O141/[2,5], [2,5]/O141, O141/[2,7], [2,7]/O141, O141/[2,13], [2,13]/O141, O141/[2,19], [2,19]/O141, O141/[2,11], [2,11]/O141, O141/[2,17], [2,17]/O141, O141/[3,2], [3,2]/O141, O141/[3,3], [3,3]/O141, O141/[3,5], [3,5]/O141, O141/[3,7], [3,7]/O141, O141/[3,13], [3,13]/O141, O141/[3,19], [3,19]/O141, O141/[3,11], [3,11]/O141, O141/[3,17], [3,17]/O141, O141/[5,2], [5,2]/O141, O141/[5,3], [5,3]/O141, O141/[5,5], [5,5]/O141, O141/[5,7], [5,7]/O141, O141/[5,13], [5,13]/O141, O141/[5,19], [5,19]/O141, O141/[5,11], [5,11]/O141, O141/[5,17], [5,17]/O141, O141/[7,2], [7,2]/O141, O141/[7,3], [7,3]/O141, O141/[7,5], [7,5]/O141, O141/[7,7], [7,7]/O141, O141/[7,13], [7,13]/O141, O141/[7,19], [7,19]/O141, O141/[7,11], [7,11]/O141, O141/[7,17], [7,17]/O141, O141/[13,2], [13,2]/O141, O141/[13,3], [13,3]/O141, O141/[13,5], [13,5]/O141, O141/[13,7], [13,7]/O141, O141/[13,13], [13,13]/O141, O141/[13,11], [13,11]/O141, O141/[11,2], [11,2]/O141, O141/[11,3], [11,3]/O141, O141/[11,5], [11,5]/O141, O141/[11,7], [11,7]/O141, O141/[11,13], [11,13]/O141, O141/[11,11], [11,11]/O141, O141/[17,2], [17,2]/O141, O141/[17,3], [17,3]/O141, O141/[17,5], [17,5]/O141, O141/[17,7], [17,7]/O141, O141/[17,13], [17,13]/O141, [17,19]/O141, O141/[17,19], O141/[17,11], [17,11]/O141, O141/2, 2/O141, O141/3, 3/O141, O141/5, 5/O141, O141/7, 7/O141, O141/13, 13/O141, O141/19, 19/O141, O141/11, 11/O141, O141/17, 17/O141, 1/O141, [19,19]/O142, O142/[19,19], O142/4, 4/O142, O142/[2,3], [2,3]/O142, O142/[2,5], [2,5]/O142, O142/[2,7], [2,7]/O142, O142/[2,13], [2,13]/O142, O142/[2,19], [2,19]/O142, O142/[2,11], [2,11]/O142, O142/[2,17], [2,17]/O142, O142/[3,2], [3,2]/O142, O142/[3,3], [3,3]/O142, O142/[3,5], [3,5]/O142, O142/[3,7], [3,7]/O142, O142/[3,13], [3,13]/O142, O142/[3,19], [3,19]/O142, O142/[3,11], [3,11]/O142, O142/[3,17], [3,17]/O142, O142/[5,2], [5,2]/O142, O142/[5,3], [5,3]/O142, O142/[5,5], [5,5]/O142, O142/[5,7], [5,7]/O142, O142/[5,13], [5,13]/O142, O142/[5,19], [5,19]/O142, O142/[5,11], [5,11]/O142, O142/[5,17], [5,17]/O142, O142/[7,2], [7,2]/O142, O142/[7,3], [7,3]/O142, O142/[7,5], [7,5]/O142, O142/[7,7], [7,7]/O142, O142/[7,13], [7,13]/O142, O142/[7,19], [7,19]/O142, O142/[7,11], [7,11]/O142, O142/[7,17], [7,17]/O142, O142/[13,2], [13,2]/O142, O142/[13,3], [13,3]/O142, O142/[13,5], [13,5]/O142, O142/[13,7], [13,7]/O142, O142/[13,11], [13,11]/O142, O142/[11,2], [11,2]/O142, O142/[11,3], [11,3]/O142, O142/[11,5], [11,5]/O142, O142/[11,7], [11,7]/O142, O142/[11,11], [11,11]/O142, O142/[17,2], [17,2]/O142, O142/[17,3], [17,3]/O142, O142/[17,5], [17,5]/O142, O142/[17,7], [17,7]/O142, [17,19]/O142, O142/[17,19], O142/[17,11], [17,11]/O142, O142/2, 2/O142, O142/3, 3/O142, O142/5, 5/O142, O142/7, 7/O142, O142/13, 13/O142, O142/19, 19/O142, O142/11, 11/O142, O142/17, 17/O142, 1/O142, [19,19]/O143, O143/[19,19], O143/4, 4/O143, O143/[2,3], [2,3]/O143, O143/[2,5], [2,5]/O143, O143/[2,7], [2,7]/O143, O143/[2,13], [2,13]/O143, O143/[2,19], [2,19]/O143, O143/[2,11], [2,11]/O143, O143/[2,17], [2,17]/O143, O143/[3,2], [3,2]/O143, O143/[3,3], [3,3]/O143, O143/[3,5], [3,5]/O143, O143/[3,7], [3,7]/O143, O143/[3,13], [3,13]/O143, O143/[3,19], [3,19]/O143, O143/[3,11], [3,11]/O143, O143/[3,17], [3,17]/O143, O143/[5,2], [5,2]/O143, O143/[5,3], [5,3]/O143, O143/[5,5], [5,5]/O143, O143/[5,7], [5,7]/O143, O143/[5,13], [5,13]/O143, O143/[5,19], [5,19]/O143, O143/[5,11], [5,11]/O143, O143/[5,17], [5,17]/O143, O143/[7,2], [7,2]/O143, O143/[7,3], [7,3]/O143, O143/[7,5], [7,5]/O143, O143/[7,7], [7,7]/O143, O143/[7,13], [7,13]/O143, O143/[7,19], [7,19]/O143, O143/[7,11], [7,11]/O143, O143/[7,17], [7,17]/O143, O143/[13,2], [13,2]/O143, O143/[13,3], [13,3]/O143, O143/[13,5], [13,5]/O143, O143/[13,7], [13,7]/O143, O143/[13,13], [13,13]/O143, O143/[13,11], [13,11]/O143, O143/[13,17], [13,17]/O143, O143/[11,2], [11,2]/O143, O143/[11,3], [11,3]/O143, O143/[11,5], [11,5]/O143, O143/[11,7], [11,7]/O143, O143/[11,13], [11,13]/O143, O143/[11,11], [11,11]/O143, O143/[11,17], [11,17]/O143, O143/[17,2], [17,2]/O143, O143/[17,3], [17,3]/O143, O143/[17,5], [17,5]/O143, O143/[17,7], [17,7]/O143, O143/[17,13], [17,13]/O143, [17,19]/O143, O143/[17,19], O143/[17,11], [17,11]/O143, O143/[17,17], [17,17]/O143, O143/2, 2/O143, O143/3, 3/O143, O143/5, 5/O143, O143/7, 7/O143, O143/13, 13/O143, O143/19, 19/O143, O143/11, 11/O143, O143/17, 17/O143, 1/O143, [19,19]/O144, O144/[19,19], O144/4, 4/O144, O144/[2,3], [2,3]/O144, O144/[2,5], [2,5]/O144, O144/[2,7], [2,7]/O144, O144/[2,13], [2,13]/O144, O144/[2,11], [2,11]/O144, O144/[2,17], [2,17]/O144, O144/[3,2], [3,2]/O144, O144/[3,3], [3,3]/O144, O144/[3,5], [3,5]/O144, O144/[3,7], [3,7]/O144, O144/[3,13], [3,13]/O144, O144/[3,11], [3,11]/O144, O144/[3,17], [3,17]/O144, O144/[5,2], [5,2]/O144, O144/[5,3], [5,3]/O144, O144/[5,5], [5,5]/O144, O144/[5,7], [5,7]/O144, O144/[5,13], [5,13]/O144, O144/[5,11], [5,11]/O144, O144/[5,17], [5,17]/O144, O144/[7,2], [7,2]/O144, O144/[7,3], [7,3]/O144, O144/[7,5], [7,5]/O144, O144/[7,7], [7,7]/O144, O144/[7,13], [7,13]/O144, O144/[7,11], [7,11]/O144, O144/[7,17], [7,17]/O144, O144/[13,2], [13,2]/O144, O144/[13,3], [13,3]/O144, O144/[13,5], [13,5]/O144, O144/[13,7], [13,7]/O144, O144/[13,13], [13,13]/O144, O144/[13,11], [13,11]/O144, O144/[19,2], [19,2]/O144, O144/[19,3], [19,3]/O144, O144/[19,5], [19,5]/O144, O144/[19,7], [19,7]/O144, O144/[19,13], [19,13]/O144, O144/[19,11], [19,11]/O144, [19,17]/O144, O144/[19,17], O144/[11,2], [11,2]/O144, O144/[11,3], [11,3]/O144, O144/[11,5], [11,5]/O144, O144/[11,7], [11,7]/O144, O144/[11,13], [11,13]/O144, O144/[11,11], [11,11]/O144, O144/[17,2], [17,2]/O144, O144/[17,3], [17,3]/O144, O144/[17,5], [17,5]/O144, O144/[17,7], [17,7]/O144, O144/[17,13], [17,13]/O144, O144/[17,11], [17,11]/O144, O144/2, 2/O144, O144/3, 3/O144, O144/5, 5/O144, O144/7, 7/O144, O144/13, 13/O144, O144/19, 19/O144, O144/11, 11/O144, O144/17, 17/O144, 1/O144, [19,19]/O145, O145/[19,19], O145/4, 4/O145, O145/[2,3], [2,3]/O145, O145/[2,5], [2,5]/O145, O145/[2,7], [2,7]/O145, O145/[2,13], [2,13]/O145, O145/[2,11], [2,11]/O145, O145/[2,17], [2,17]/O145, O145/[3,2], [3,2]/O145, O145/[3,3], [3,3]/O145, O145/[3,5], [3,5]/O145, O145/[3,7], [3,7]/O145, O145/[3,13], [3,13]/O145, O145/[3,11], [3,11]/O145, O145/[3,17], [3,17]/O145, O145/[5,2], [5,2]/O145, O145/[5,3], [5,3]/O145, O145/[5,5], [5,5]/O145, O145/[5,7], [5,7]/O145, O145/[5,13], [5,13]/O145, O145/[5,11], [5,11]/O145, O145/[5,17], [5,17]/O145, O145/[7,2], [7,2]/O145, O145/[7,3], [7,3]/O145, O145/[7,5], [7,5]/O145, O145/[7,7], [7,7]/O145, O145/[7,13], [7,13]/O145, O145/[7,11], [7,11]/O145, O145/[7,17], [7,17]/O145, [13,19]/O145, O145/[13,19], [13,17]/O145, O145/[13,17], [19,17]/O145, O145/[19,17], O145/[11,2], [11,2]/O145, O145/[11,3], [11,3]/O145, O145/[11,5], [11,5]/O145, O145/[11,7], [11,7]/O145, O145/[11,13], [11,13]/O145, [11,19]/O145, O145/[11,19], O145/[11,11], [11,11]/O145, [11,17]/O145, O145/[11,17], [17,19]/O145, O145/[17,19], [17,17]/O145, O145/[17,17], O145/2, 2/O145, O145/3, 3/O145, O145/5, 5/O145, O145/7, 7/O145, O145/13, 13/O145, O145/11, 11/O145, O145/17, 17/O145, 1/O145, [19,19]/O146, O146/[19,19], O146/4, 4/O146, O146/[2,3], [2,3]/O146, O146/[2,5], [2,5]/O146, O146/[2,7], [2,7]/O146, O146/[2,13], [2,13]/O146, O146/[2,19], [2,19]/O146, O146/[2,11], [2,11]/O146, O146/[2,17], [2,17]/O146, O146/[3,2], [3,2]/O146, O146/[3,3], [3,3]/O146, O146/[3,5], [3,5]/O146, O146/[3,7], [3,7]/O146, O146/[3,13], [3,13]/O146, O146/[3,19], [3,19]/O146, O146/[3,11], [3,11]/O146, O146/[3,17], [3,17]/O146, O146/[5,2], [5,2]/O146, O146/[5,3], [5,3]/O146, O146/[5,5], [5,5]/O146, O146/[5,7], [5,7]/O146, O146/[5,13], [5,13]/O146, O146/[5,19], [5,19]/O146, O146/[5,11], [5,11]/O146, O146/[5,17], [5,17]/O146, O146/[7,2], [7,2]/O146, O146/[7,3], [7,3]/O146, O146/[7,5], [7,5]/O146, O146/[7,7], [7,7]/O146, O146/[7,13], [7,13]/O146, O146/[7,19], [7,19]/O146, O146/[7,11], [7,11]/O146, O146/[7,17], [7,17]/O146, O146/[13,2], [13,2]/O146, O146/[13,3], [13,3]/O146, O146/[13,5], [13,5]/O146, O146/[13,7], [13,7]/O146, O146/[13,13], [13,13]/O146, O146/[13,19], [13,19]/O146, O146/[13,11], [13,11]/O146, O146/[13,17], [13,17]/O146, O146/[19,2], [19,2]/O146, O146/[19,3], [19,3]/O146, O146/[19,5], [19,5]/O146, O146/[19,7], [19,7]/O146, O146/[19,13], [19,13]/O146, O146/[19,11], [19,11]/O146, O146/[11,2], [11,2]/O146, O146/[11,3], [11,3]/O146, O146/[11,5], [11,5]/O146, O146/[11,7], [11,7]/O146, O146/[11,13], [11,13]/O146, O146/[11,19], [11,19]/O146, O146/[11,11], [11,11]/O146, O146/[11,17], [11,17]/O146, O146/[17,2], [17,2]/O146, O146/[17,3], [17,3]/O146, O146/[17,5], [17,5]/O146, O146/[17,7], [17,7]/O146, O146/[17,13], [17,13]/O146, O146/[17,11], [17,11]/O146, O146/2, 2/O146, O146/3, 3/O146, O146/5, 5/O146, O146/7, 7/O146, O146/13, 13/O146, O146/19, 19/O146, O146/11, 11/O146, O146/17, 17/O146, 1/O146, [19,19]/O147, O147/[19,19], O147/4, 4/O147, O147/[2,3], [2,3]/O147, O147/[2,5], [2,5]/O147, O147/[2,7], [2,7]/O147, O147/[2,13], [2,13]/O147, O147/[2,19], [2,19]/O147, O147/[2,11], [2,11]/O147, O147/[2,17], [2,17]/O147, O147/[3,2], [3,2]/O147, O147/[3,3], [3,3]/O147, O147/[3,5], [3,5]/O147, O147/[3,7], [3,7]/O147, O147/[3,13], [3,13]/O147, O147/[3,19], [3,19]/O147, O147/[3,11], [3,11]/O147, O147/[3,17], [3,17]/O147, O147/[5,2], [5,2]/O147, O147/[5,3], [5,3]/O147, O147/[5,5], [5,5]/O147, O147/[5,7], [5,7]/O147, O147/[5,13], [5,13]/O147, O147/[5,19], [5,19]/O147, O147/[5,11], [5,11]/O147, O147/[5,17], [5,17]/O147, O147/[7,2], [7,2]/O147, O147/[7,3], [7,3]/O147, O147/[7,5], [7,5]/O147, O147/[7,7], [7,7]/O147, O147/[7,13], [7,13]/O147, O147/[7,19], [7,19]/O147, O147/[7,11], [7,11]/O147, O147/[7,17], [7,17]/O147, O147/[13,2], [13,2]/O147, O147/[13,3], [13,3]/O147, O147/[13,5], [13,5]/O147, O147/[13,7], [13,7]/O147, O147/[13,13], [13,13]/O147, O147/[13,19], [13,19]/O147, O147/[13,11], [13,11]/O147, O147/[13,17], [13,17]/O147, O147/[19,2], [19,2]/O147, O147/[19,3], [19,3]/O147, O147/[19,5], [19,5]/O147, O147/[19,7], [19,7]/O147, O147/[19,11], [19,11]/O147, O147/[11,2], [11,2]/O147, O147/[11,3], [11,3]/O147, O147/[11,5], [11,5]/O147, O147/[11,7], [11,7]/O147, O147/[11,13], [11,13]/O147, O147/[11,19], [11,19]/O147, O147/[11,11], [11,11]/O147, O147/[11,17], [11,17]/O147, O147/[17,2], [17,2]/O147, O147/[17,3], [17,3]/O147, O147/[17,5], [17,5]/O147, O147/[17,7], [17,7]/O147, O147/[17,11], [17,11]/O147, O147/2, 2/O147, O147/3, 3/O147, O147/5, 5/O147, O147/7, 7/O147, O147/13, 13/O147, O147/19, 19/O147, O147/11, 11/O147, O147/17, 17/O147, 1/O147, [19,19]/O148, O148/[19,19], O148/4, 4/O148, O148/[2,3], [2,3]/O148, O148/[2,5], [2,5]/O148, O148/[2,7], [2,7]/O148, O148/[2,13], [2,13]/O148, O148/[2,19], [2,19]/O148, O148/[2,11], [2,11]/O148, O148/[2,17], [2,17]/O148, O148/[3,2], [3,2]/O148, O148/[3,3], [3,3]/O148, O148/[3,5], [3,5]/O148, O148/[3,7], [3,7]/O148, O148/[3,13], [3,13]/O148, O148/[3,19], [3,19]/O148, O148/[3,11], [3,11]/O148, O148/[3,17], [3,17]/O148, O148/[5,2], [5,2]/O148, O148/[5,3], [5,3]/O148, O148/[5,5], [5,5]/O148, O148/[5,7], [5,7]/O148, O148/[5,13], [5,13]/O148, O148/[5,19], [5,19]/O148, O148/[5,11], [5,11]/O148, O148/[5,17], [5,17]/O148, O148/[7,2], [7,2]/O148, O148/[7,3], [7,3]/O148, O148/[7,5], [7,5]/O148, O148/[7,7], [7,7]/O148, O148/[7,13], [7,13]/O148, O148/[7,19], [7,19]/O148, O148/[7,11], [7,11]/O148, O148/[7,17], [7,17]/O148, O148/[13,2], [13,2]/O148, O148/[13,3], [13,3]/O148, O148/[13,5], [13,5]/O148, O148/[13,7], [13,7]/O148, O148/[13,13], [13,13]/O148, O148/[13,19], [13,19]/O148, O148/[13,11], [13,11]/O148, O148/[13,17], [13,17]/O148, O148/[19,2], [19,2]/O148, O148/[19,3], [19,3]/O148, O148/[19,5], [19,5]/O148, O148/[19,7], [19,7]/O148, O148/[19,13], [19,13]/O148, O148/[19,11], [19,11]/O148, O148/[19,17], [19,17]/O148, O148/[11,2], [11,2]/O148, O148/[11,3], [11,3]/O148, O148/[11,5], [11,5]/O148, O148/[11,7], [11,7]/O148, O148/[11,13], [11,13]/O148, O148/[11,19], [11,19]/O148, O148/[11,11], [11,11]/O148, O148/[11,17], [11,17]/O148, O148/[17,2], [17,2]/O148, O148/[17,3], [17,3]/O148, O148/[17,5], [17,5]/O148, O148/[17,7], [17,7]/O148, O148/[17,13], [17,13]/O148, O148/[17,11], [17,11]/O148, O148/[17,17], [17,17]/O148, O148/2, 2/O148, O148/3, 3/O148, O148/5, 5/O148, O148/7, 7/O148, O148/13, 13/O148, O148/19, 19/O148, O148/11, 11/O148, O148/17, 17/O148, 1/O148, [19,19]/O149, O149/[19,19], O149/4, 4/O149, O149/[2,3], [2,3]/O149, O149/[2,5], [2,5]/O149, O149/[2,7], [2,7]/O149, O149/[2,13], [2,13]/O149, O149/[2,19], [2,19]/O149, O149/[2,11], [2,11]/O149, O149/[2,17], [2,17]/O149, O149/[3,2], [3,2]/O149, O149/[3,3], [3,3]/O149, O149/[3,5], [3,5]/O149, O149/[3,7], [3,7]/O149, O149/[3,13], [3,13]/O149, O149/[3,19], [3,19]/O149, O149/[3,11], [3,11]/O149, O149/[3,17], [3,17]/O149, O149/[5,2], [5,2]/O149, O149/[5,3], [5,3]/O149, O149/[5,5], [5,5]/O149, O149/[5,7], [5,7]/O149, O149/[5,13], [5,13]/O149, O149/[5,19], [5,19]/O149, O149/[5,11], [5,11]/O149, O149/[5,17], [5,17]/O149, O149/[7,2], [7,2]/O149, O149/[7,3], [7,3]/O149, O149/[7,5], [7,5]/O149, O149/[7,7], [7,7]/O149, O149/[7,13], [7,13]/O149, O149/[7,19], [7,19]/O149, O149/[7,11], [7,11]/O149, O149/[7,17], [7,17]/O149, O149/[13,2], [13,2]/O149, O149/[13,3], [13,3]/O149, O149/[13,5], [13,5]/O149, O149/[13,7], [13,7]/O149, O149/[13,13], [13,13]/O149, O149/[13,19], [13,19]/O149, O149/[13,11], [13,11]/O149, O149/[13,17], [13,17]/O149, O149/[11,2], [11,2]/O149, O149/[11,3], [11,3]/O149, O149/[11,5], [11,5]/O149, O149/[11,7], [11,7]/O149, O149/[11,13], [11,13]/O149, O149/[11,19], [11,19]/O149, O149/[11,11], [11,11]/O149, O149/[11,17], [11,17]/O149, O149/[17,2], [17,2]/O149, O149/[17,3], [17,3]/O149, O149/[17,5], [17,5]/O149, O149/[17,7], [17,7]/O149, [17,19]/O149, O149/[17,19], O149/[17,11], [17,11]/O149, O149/2, 2/O149, O149/3, 3/O149, O149/5, 5/O149, O149/7, 7/O149, O149/13, 13/O149, O149/19, 19/O149, O149/11, 11/O149, O149/17, 17/O149, 1/O149, [19,19]/O150, O150/[19,19], O150/4, 4/O150, O150/[2,3], [2,3]/O150, O150/[2,5], [2,5]/O150, O150/[2,7], [2,7]/O150, O150/[2,13], [2,13]/O150, O150/[2,19], [2,19]/O150, O150/[2,11], [2,11]/O150, O150/[2,17], [2,17]/O150, O150/[3,2], [3,2]/O150, O150/[3,3], [3,3]/O150, O150/[3,5], [3,5]/O150, O150/[3,7], [3,7]/O150, O150/[3,13], [3,13]/O150, O150/[3,19], [3,19]/O150, O150/[3,11], [3,11]/O150, O150/[3,17], [3,17]/O150, O150/[5,2], [5,2]/O150, O150/[5,3], [5,3]/O150, O150/[5,5], [5,5]/O150, O150/[5,7], [5,7]/O150, O150/[5,13], [5,13]/O150, O150/[5,19], [5,19]/O150, O150/[5,11], [5,11]/O150, O150/[5,17], [5,17]/O150, O150/[7,2], [7,2]/O150, O150/[7,3], [7,3]/O150, O150/[7,5], [7,5]/O150, O150/[7,7], [7,7]/O150, O150/[7,13], [7,13]/O150, O150/[7,19], [7,19]/O150, O150/[7,11], [7,11]/O150, O150/[7,17], [7,17]/O150, O150/[13,2], [13,2]/O150, O150/[13,3], [13,3]/O150, O150/[13,5], [13,5]/O150, O150/[13,7], [13,7]/O150, O150/[13,13], [13,13]/O150, O150/[13,19], [13,19]/O150, O150/[13,11], [13,11]/O150, O150/[13,17], [13,17]/O150, O150/[11,2], [11,2]/O150, O150/[11,3], [11,3]/O150, O150/[11,5], [11,5]/O150, O150/[11,7], [11,7]/O150, O150/[11,13], [11,13]/O150, O150/[11,19], [11,19]/O150, O150/[11,11], [11,11]/O150, O150/[11,17], [11,17]/O150, O150/[17,2], [17,2]/O150, O150/[17,3], [17,3]/O150, O150/[17,5], [17,5]/O150, O150/[17,7], [17,7]/O150, O150/[17,13], [17,13]/O150, [17,19]/O150, O150/[17,19], O150/[17,11], [17,11]/O150, O150/[17,17], [17,17]/O150, O150/2, 2/O150, O150/3, 3/O150, O150/5, 5/O150, O150/7, 7/O150, O150/13, 13/O150, O150/19, 19/O150, O150/11, 11/O150, O150/17, 17/O150, 1/O150, [19,19]/O151, O151/[19,19], O151/4, 4/O151, O151/[2,3], [2,3]/O151, O151/[2,5], [2,5]/O151, O151/[2,7], [2,7]/O151, O151/[2,13], [2,13]/O151, O151/[2,19], [2,19]/O151, O151/[2,11], [2,11]/O151, O151/[2,17], [2,17]/O151, O151/[3,2], [3,2]/O151, O151/[3,3], [3,3]/O151, O151/[3,5], [3,5]/O151, O151/[3,7], [3,7]/O151, O151/[3,13], [3,13]/O151, O151/[3,19], [3,19]/O151, O151/[3,11], [3,11]/O151, O151/[3,17], [3,17]/O151, O151/[5,2], [5,2]/O151, O151/[5,3], [5,3]/O151, O151/[5,5], [5,5]/O151, O151/[5,7], [5,7]/O151, O151/[5,13], [5,13]/O151, O151/[5,19], [5,19]/O151, O151/[5,11], [5,11]/O151, O151/[5,17], [5,17]/O151, O151/[7,2], [7,2]/O151, O151/[7,3], [7,3]/O151, O151/[7,5], [7,5]/O151, O151/[7,7], [7,7]/O151, O151/[7,13], [7,13]/O151, O151/[7,19], [7,19]/O151, O151/[7,11], [7,11]/O151, O151/[7,17], [7,17]/O151, O151/[13,2], [13,2]/O151, O151/[13,3], [13,3]/O151, O151/[13,5], [13,5]/O151, O151/[13,7], [13,7]/O151, O151/[13,13], [13,13]/O151, O151/[13,19], [13,19]/O151, O151/[13,11], [13,11]/O151, O151/[13,17], [13,17]/O151, O151/[11,2], [11,2]/O151, O151/[11,3], [11,3]/O151, O151/[11,5], [11,5]/O151, O151/[11,7], [11,7]/O151, O151/[11,13], [11,13]/O151, O151/[11,19], [11,19]/O151, O151/[11,11], [11,11]/O151, O151/[11,17], [11,17]/O151, O151/2, 2/O151, O151/3, 3/O151, O151/5, 5/O151, O151/7, 7/O151, O151/13, 13/O151, O151/19, 19/O151, O151/11, 11/O151, O151/17, 17/O151, 1/O151, [19,19]/O152, O152/[19,19], O152/4, 4/O152, O152/[2,3], [2,3]/O152, O152/[2,5], [2,5]/O152, O152/[2,7], [2,7]/O152, O152/[2,13], [2,13]/O152, O152/[2,11], [2,11]/O152, O152/[2,17], [2,17]/O152, O152/[3,2], [3,2]/O152, O152/[3,3], [3,3]/O152, O152/[3,5], [3,5]/O152, O152/[3,7], [3,7]/O152, O152/[3,13], [3,13]/O152, O152/[3,11], [3,11]/O152, O152/[3,17], [3,17]/O152, O152/[5,2], [5,2]/O152, O152/[5,3], [5,3]/O152, O152/[5,5], [5,5]/O152, O152/[5,7], [5,7]/O152, O152/[5,13], [5,13]/O152, O152/[5,11], [5,11]/O152, O152/[5,17], [5,17]/O152, O152/[7,2], [7,2]/O152, O152/[7,3], [7,3]/O152, O152/[7,5], [7,5]/O152, O152/[7,7], [7,7]/O152, O152/[7,13], [7,13]/O152, O152/[7,11], [7,11]/O152, O152/[7,17], [7,17]/O152, O152/[13,2], [13,2]/O152, O152/[13,3], [13,3]/O152, O152/[13,5], [13,5]/O152, O152/[13,7], [13,7]/O152, O152/[13,13], [13,13]/O152, O152/[13,11], [13,11]/O152, O152/[13,17], [13,17]/O152, O152/[19,2], [19,2]/O152, O152/[19,3], [19,3]/O152, O152/[19,5], [19,5]/O152, O152/[19,7], [19,7]/O152, O152/[19,11], [19,11]/O152, [19,17]/O152, O152/[19,17], O152/[11,2], [11,2]/O152, O152/[11,3], [11,3]/O152, O152/[11,5], [11,5]/O152, O152/[11,7], [11,7]/O152, O152/[11,13], [11,13]/O152, O152/[11,11], [11,11]/O152, O152/[11,17], [11,17]/O152, O152/[17,2], [17,2]/O152, O152/[17,3], [17,3]/O152, O152/[17,5], [17,5]/O152, O152/[17,7], [17,7]/O152, O152/[17,11], [17,11]/O152, O152/2, 2/O152, O152/3, 3/O152, O152/5, 5/O152, O152/7, 7/O152, O152/13, 13/O152, O152/19, 19/O152, O152/11, 11/O152, O152/17, 17/O152, 1/O152, [19,19]/O153, O153/[19,19], O153/4, 4/O153, O153/[2,3], [2,3]/O153, O153/[2,5], [2,5]/O153, O153/[2,7], [2,7]/O153, O153/[2,13], [2,13]/O153, O153/[2,11], [2,11]/O153, O153/[2,17], [2,17]/O153, O153/[3,2], [3,2]/O153, O153/[3,3], [3,3]/O153, O153/[3,5], [3,5]/O153, O153/[3,7], [3,7]/O153, O153/[3,13], [3,13]/O153, O153/[3,11], [3,11]/O153, O153/[3,17], [3,17]/O153, O153/[5,2], [5,2]/O153, O153/[5,3], [5,3]/O153, O153/[5,5], [5,5]/O153, O153/[5,7], [5,7]/O153, O153/[5,13], [5,13]/O153, O153/[5,11], [5,11]/O153, O153/[5,17], [5,17]/O153, O153/[7,2], [7,2]/O153, O153/[7,3], [7,3]/O153, O153/[7,5], [7,5]/O153, O153/[7,7], [7,7]/O153, O153/[7,13], [7,13]/O153, O153/[7,11], [7,11]/O153, O153/[7,17], [7,17]/O153, O153/[13,2], [13,2]/O153, O153/[13,3], [13,3]/O153, O153/[13,5], [13,5]/O153, O153/[13,7], [13,7]/O153, O153/[13,13], [13,13]/O153, O153/[13,11], [13,11]/O153, O153/[13,17], [13,17]/O153, [19,17]/O153, O153/[19,17], O153/[11,2], [11,2]/O153, O153/[11,3], [11,3]/O153, O153/[11,5], [11,5]/O153, O153/[11,7], [11,7]/O153, O153/[11,13], [11,13]/O153, O153/[11,11], [11,11]/O153, O153/[11,17], [11,17]/O153, O153/[17,2], [17,2]/O153, O153/[17,3], [17,3]/O153, O153/[17,5], [17,5]/O153, O153/[17,7], [17,7]/O153, O153/[17,13], [17,13]/O153, [17,19]/O153, O153/[17,19], O153/[17,11], [17,11]/O153, [17,17]/O153, O153/[17,17], O153/2, 2/O153, O153/3, 3/O153, O153/5, 5/O153, O153/7, 7/O153, O153/13, 13/O153, O153/11, 11/O153, O153/17, 17/O153, 1/O153, [19,19]/O154, O154/[19,19], O154/4, 4/O154, O154/[2,3], [2,3]/O154, O154/[2,5], [2,5]/O154, O154/[2,7], [2,7]/O154, O154/[2,13], [2,13]/O154, O154/[2,19], [2,19]/O154, O154/[2,11], [2,11]/O154, O154/[2,17], [2,17]/O154, O154/[3,2], [3,2]/O154, O154/[3,3], [3,3]/O154, O154/[3,5], [3,5]/O154, O154/[3,7], [3,7]/O154, O154/[3,13], [3,13]/O154, O154/[3,19], [3,19]/O154, O154/[3,11], [3,11]/O154, O154/[3,17], [3,17]/O154, O154/[5,2], [5,2]/O154, O154/[5,3], [5,3]/O154, O154/[5,5], [5,5]/O154, O154/[5,7], [5,7]/O154, O154/[5,13], [5,13]/O154, O154/[5,19], [5,19]/O154, O154/[5,11], [5,11]/O154, O154/[5,17], [5,17]/O154, O154/[7,2], [7,2]/O154, O154/[7,3], [7,3]/O154, O154/[7,5], [7,5]/O154, O154/[7,7], [7,7]/O154, O154/[7,13], [7,13]/O154, O154/[7,19], [7,19]/O154, O154/[7,11], [7,11]/O154, O154/[7,17], [7,17]/O154, O154/[13,2], [13,2]/O154, O154/[13,3], [13,3]/O154, O154/[13,5], [13,5]/O154, O154/[13,7], [13,7]/O154, O154/[13,11], [13,11]/O154, O154/[19,2], [19,2]/O154, O154/[19,3], [19,3]/O154, O154/[19,5], [19,5]/O154, O154/[19,7], [19,7]/O154, O154/[19,11], [19,11]/O154, O154/[11,2], [11,2]/O154, O154/[11,3], [11,3]/O154, O154/[11,5], [11,5]/O154, O154/[11,7], [11,7]/O154, O154/[11,13], [11,13]/O154, O154/[11,19], [11,19]/O154, O154/[11,11], [11,11]/O154, O154/[11,17], [11,17]/O154, O154/[17,2], [17,2]/O154, O154/[17,3], [17,3]/O154, O154/[17,5], [17,5]/O154, O154/[17,7], [17,7]/O154, O154/[17,11], [17,11]/O154, O154/2, 2/O154, O154/3, 3/O154, O154/5, 5/O154, O154/7, 7/O154, O154/13, 13/O154, O154/19, 19/O154, O154/11, 11/O154, O154/17, 17/O154, 1/O154, [19,19]/O155, O155/[19,19], O155/4, 4/O155, O155/[2,3], [2,3]/O155, O155/[2,5], [2,5]/O155, O155/[2,7], [2,7]/O155, O155/[2,13], [2,13]/O155, O155/[2,19], [2,19]/O155, O155/[2,11], [2,11]/O155, O155/[2,17], [2,17]/O155, O155/[3,2], [3,2]/O155, O155/[3,3], [3,3]/O155, O155/[3,5], [3,5]/O155, O155/[3,7], [3,7]/O155, O155/[3,13], [3,13]/O155, O155/[3,19], [3,19]/O155, O155/[3,11], [3,11]/O155, O155/[3,17], [3,17]/O155, O155/[5,2], [5,2]/O155, O155/[5,3], [5,3]/O155, O155/[5,5], [5,5]/O155, O155/[5,7], [5,7]/O155, O155/[5,13], [5,13]/O155, O155/[5,19], [5,19]/O155, O155/[5,11], [5,11]/O155, O155/[5,17], [5,17]/O155, O155/[7,2], [7,2]/O155, O155/[7,3], [7,3]/O155, O155/[7,5], [7,5]/O155, O155/[7,7], [7,7]/O155, O155/[7,13], [7,13]/O155, O155/[7,19], [7,19]/O155, O155/[7,11], [7,11]/O155, O155/[7,17], [7,17]/O155, O155/[13,2], [13,2]/O155, O155/[13,3], [13,3]/O155, O155/[13,5], [13,5]/O155, O155/[13,7], [13,7]/O155, O155/[13,13], [13,13]/O155, O155/[13,19], [13,19]/O155, O155/[13,11], [13,11]/O155, O155/[13,17], [13,17]/O155, O155/[19,2], [19,2]/O155, O155/[19,3], [19,3]/O155, O155/[19,5], [19,5]/O155, O155/[19,7], [19,7]/O155, O155/[19,11], [19,11]/O155, O155/[11,2], [11,2]/O155, O155/[11,3], [11,3]/O155, O155/[11,5], [11,5]/O155, O155/[11,7], [11,7]/O155, O155/[11,13], [11,13]/O155, O155/[11,19], [11,19]/O155, O155/[11,11], [11,11]/O155, O155/[11,17], [11,17]/O155, O155/[17,2], [17,2]/O155, O155/[17,3], [17,3]/O155, O155/[17,5], [17,5]/O155, O155/[17,7], [17,7]/O155, O155/[17,13], [17,13]/O155, O155/[17,19], [17,19]/O155, O155/[17,11], [17,11]/O155, O155/[17,17], [17,17]/O155, O155/2, 2/O155, O155/3, 3/O155, O155/5, 5/O155, O155/7, 7/O155, O155/13, 13/O155, O155/19, 19/O155, O155/11, 11/O155, O155/17, 17/O155, 1/O155, [19,19]/O156, O156/[19,19], O156/4, 4/O156, O156/[2,3], [2,3]/O156, O156/[2,5], [2,5]/O156, O156/[2,7], [2,7]/O156, O156/[2,13], [2,13]/O156, O156/[2,11], [2,11]/O156, O156/[2,17], [2,17]/O156, O156/[3,2], [3,2]/O156, O156/[3,3], [3,3]/O156, O156/[3,5], [3,5]/O156, O156/[3,7], [3,7]/O156, O156/[3,13], [3,13]/O156, O156/[3,11], [3,11]/O156, O156/[3,17], [3,17]/O156, O156/[5,2], [5,2]/O156, O156/[5,3], [5,3]/O156, O156/[5,5], [5,5]/O156, O156/[5,7], [5,7]/O156, O156/[5,13], [5,13]/O156, O156/[5,11], [5,11]/O156, O156/[5,17], [5,17]/O156, O156/[7,2], [7,2]/O156, O156/[7,3], [7,3]/O156, O156/[7,5], [7,5]/O156, O156/[7,7], [7,7]/O156, O156/[7,13], [7,13]/O156, O156/[7,11], [7,11]/O156, O156/[7,17], [7,17]/O156, O156/[13,2], [13,2]/O156, O156/[13,3], [13,3]/O156, O156/[13,5], [13,5]/O156, O156/[13,7], [13,7]/O156, O156/[13,13], [13,13]/O156, O156/[13,11], [13,11]/O156, O156/[13,17], [13,17]/O156, O156/[19,2], [19,2]/O156, O156/[19,3], [19,3]/O156, O156/[19,5], [19,5]/O156, O156/[19,7], [19,7]/O156, O156/[19,11], [19,11]/O156, [19,17]/O156, O156/[19,17], O156/[11,2], [11,2]/O156, O156/[11,3], [11,3]/O156, O156/[11,5], [11,5]/O156, O156/[11,7], [11,7]/O156, O156/[11,13], [11,13]/O156, O156/[11,11], [11,11]/O156, O156/[11,17], [11,17]/O156, O156/[17,2], [17,2]/O156, O156/[17,3], [17,3]/O156, O156/[17,5], [17,5]/O156, O156/[17,7], [17,7]/O156, O156/[17,13], [17,13]/O156, O156/[17,11], [17,11]/O156, O156/[17,17], [17,17]/O156, O156/2, 2/O156, O156/3, 3/O156, O156/5, 5/O156, O156/7, 7/O156, O156/13, 13/O156, O156/19, 19/O156, O156/11, 11/O156, O156/17, 17/O156, 1/O156, [19,19]/O157, O157/[19,19], O157/4, 4/O157, O157/[2,3], [2,3]/O157, O157/[2,5], [2,5]/O157, O157/[2,7], [2,7]/O157, O157/[2,13], [2,13]/O157, O157/[2,19], [2,19]/O157, O157/[2,11], [2,11]/O157, O157/[2,17], [2,17]/O157, O157/[3,2], [3,2]/O157, O157/[3,3], [3,3]/O157, O157/[3,5], [3,5]/O157, O157/[3,7], [3,7]/O157, O157/[3,13], [3,13]/O157, O157/[3,19], [3,19]/O157, O157/[3,11], [3,11]/O157, O157/[3,17], [3,17]/O157, O157/[5,2], [5,2]/O157, O157/[5,3], [5,3]/O157, O157/[5,5], [5,5]/O157, O157/[5,7], [5,7]/O157, O157/[5,13], [5,13]/O157, O157/[5,19], [5,19]/O157, O157/[5,11], [5,11]/O157, O157/[5,17], [5,17]/O157, O157/[7,2], [7,2]/O157, O157/[7,3], [7,3]/O157, O157/[7,5], [7,5]/O157, O157/[7,7], [7,7]/O157, O157/[7,13], [7,13]/O157, O157/[7,19], [7,19]/O157, O157/[7,11], [7,11]/O157, O157/[7,17], [7,17]/O157, O157/[13,2], [13,2]/O157, O157/[13,3], [13,3]/O157, O157/[13,5], [13,5]/O157, O157/[13,7], [13,7]/O157, O157/[13,13], [13,13]/O157, O157/[13,19], [13,19]/O157, O157/[13,11], [13,11]/O157, O157/[13,17], [13,17]/O157, O157/[19,2], [19,2]/O157, O157/[19,3], [19,3]/O157, O157/[19,5], [19,5]/O157, O157/[19,7], [19,7]/O157, O157/[19,13], [19,13]/O157, O157/[19,11], [19,11]/O157, O157/[19,17], [19,17]/O157, O157/[11,2], [11,2]/O157, O157/[11,3], [11,3]/O157, O157/[11,5], [11,5]/O157, O157/[11,7], [11,7]/O157, O157/[11,13], [11,13]/O157, O157/[11,19], [11,19]/O157, O157/[11,11], [11,11]/O157, O157/[11,17], [11,17]/O157, O157/[17,2], [17,2]/O157, O157/[17,3], [17,3]/O157, O157/[17,5], [17,5]/O157, O157/[17,7], [17,7]/O157, O157/[17,13], [17,13]/O157, O157/[17,19], [17,19]/O157, O157/[17,11], [17,11]/O157, O157/[17,17], [17,17]/O157, O157/2, 2/O157, O157/3, 3/O157, O157/5, 5/O157, O157/7, 7/O157, O157/13, 13/O157, O157/19, 19/O157, O157/11, 11/O157, O157/17, 17/O157, 1/O157, [19,19]/O158, O158/[19,19], O158/4, 4/O158, O158/[2,3], [2,3]/O158, O158/[2,5], [2,5]/O158, O158/[2,7], [2,7]/O158, O158/[2,13], [2,13]/O158, O158/[2,11], [2,11]/O158, O158/[2,17], [2,17]/O158, O158/[3,2], [3,2]/O158, O158/[3,3], [3,3]/O158, O158/[3,5], [3,5]/O158, O158/[3,7], [3,7]/O158, O158/[3,13], [3,13]/O158, O158/[3,11], [3,11]/O158, O158/[3,17], [3,17]/O158, O158/[5,2], [5,2]/O158, O158/[5,3], [5,3]/O158, O158/[5,5], [5,5]/O158, O158/[5,7], [5,7]/O158, O158/[5,13], [5,13]/O158, O158/[5,11], [5,11]/O158, O158/[5,17], [5,17]/O158, O158/[7,2], [7,2]/O158, O158/[7,3], [7,3]/O158, O158/[7,5], [7,5]/O158, O158/[7,7], [7,7]/O158, O158/[7,13], [7,13]/O158, O158/[7,11], [7,11]/O158, O158/[7,17], [7,17]/O158, [19,17]/O158, O158/[19,17], O158/[11,2], [11,2]/O158, O158/[11,3], [11,3]/O158, O158/[11,5], [11,5]/O158, O158/[11,7], [11,7]/O158, O158/[11,13], [11,13]/O158, O158/[11,11], [11,11]/O158, O158/[11,17], [11,17]/O158, O158/2, 2/O158, O158/3, 3/O158, O158/5, 5/O158, O158/7, 7/O158, O158/13, 13/O158, O158/19, 19/O158, O158/11, 11/O158, O158/17, 17/O158, 1/O158), Pq([19,19]/4, 4/[19,19], [19,19]/[2,3], [2,3]/[19,19], [19,19]/[2,5], [2,5]/[19,19], [19,19]/[2,7], [2,7]/[19,19], [19,19]/[2,13], [2,13]/[19,19], [19,19]/[2,19], [2,19]/[19,19], [19,19]/[2,11], [2,11]/[19,19], [19,19]/[2,17], [2,17]/[19,19], [19,19]/[3,2], [3,2]/[19,19], [19,19]/[3,3], [3,3]/[19,19], [19,19]/[3,5], [3,5]/[19,19], [19,19]/[3,7], [3,7]/[19,19], [19,19]/[3,13], [3,13]/[19,19], [19,19]/[3,19], [3,19]/[19,19], [19,19]/[3,11], [3,11]/[19,19], [19,19]/[3,17], [3,17]/[19,19], [19,19]/[5,2], [5,2]/[19,19], [19,19]/[5,3], [5,3]/[19,19], [19,19]/[5,5], [5,5]/[19,19], [19,19]/[5,7], [5,7]/[19,19], [19,19]/[5,13], [5,13]/[19,19], [19,19]/[5,19], [5,19]/[19,19], [19,19]/[5,11], [5,11]/[19,19], [19,19]/[5,17], [5,17]/[19,19], [19,19]/[7,2], [7,2]/[19,19], [19,19]/[7,3], [7,3]/[19,19], [19,19]/[7,5], [7,5]/[19,19], [19,19]/[7,7], [7,7]/[19,19], [19,19]/[7,13], [7,13]/[19,19], [19,19]/[7,19], [7,19]/[19,19], [19,19]/[7,11], [7,11]/[19,19], [19,19]/[7,17], [7,17]/[19,19], [19,19]/[13,2], [13,2]/[19,19], [19,19]/[13,3], [13,3]/[19,19], [19,19]/[13,5], [13,5]/[19,19], [19,19]/[13,7], [13,7]/[19,19], [19,19]/[13,13], [13,13]/[19,19], [19,19]/[13,19], [13,19]/[19,19], [19,19]/[13,11], [13,11]/[19,19], [19,19]/[13,17], [13,17]/[19,19], [19,19]/[19,2], [19,2]/[19,19], [19,19]/[19,3], [19,3]/[19,19], [19,19]/[19,5], [19,5]/[19,19], [19,19]/[19,7], [19,7]/[19,19], [19,19]/[19,13], [19,13]/[19,19], [19,19]/[19,11], [19,11]/[19,19], [19,19]/[19,17], [19,17]/[19,19], [19,19]/[11,2], [11,2]/[19,19], [19,19]/[11,3], [11,3]/[19,19], [19,19]/[11,5], [11,5]/[19,19], [19,19]/[11,7], [11,7]/[19,19], [19,19]/[11,13], [11,13]/[19,19], [19,19]/[11,19], [11,19]/[19,19], [19,19]/[11,11], [11,11]/[19,19], [19,19]/[11,17], [11,17]/[19,19], [19,19]/[17,2], [17,2]/[19,19], [19,19]/[17,3], [17,3]/[19,19], [19,19]/[17,5], [17,5]/[19,19], [19,19]/[17,7], [17,7]/[19,19], [19,19]/[17,13], [17,13]/[19,19], [19,19]/[17,19], [17,19]/[19,19], [19,19]/[17,11], [17,11]/[19,19], [19,19]/[17,17], [17,17]/[19,19], [19,19]/2, 2/[19,19], [19,19]/3, 3/[19,19], [19,19]/5, 5/[19,19], [19,19]/7, 7/[19,19], [19,19]/13, 13/[19,19], [[19,19]/19, [2,19]/2, [3,19]/3, [5,19]/5, [7,19]/7, [13,19]/13, [11,19]/11, [17,19]/17], [19/[19,19], 2/[2,19], 3/[3,19], 5/[5,19], 7/[7,19], 13/[13,19], 11/[11,19], 17/[17,19], 1/19], [[19,19]/19, [19,2]/2, [19,3]/3, [19,5]/5, [19,7]/7, [19,13]/13, [19,11]/11, [19,17]/17], [19/[19,19], 2/[19,2], 3/[19,3], 5/[19,5], 7/[19,7], 13/[19,13], 11/[19,11], 17/[19,17], 1/19], [19,19]/11, 11/[19,19], [19,19]/17, 17/[19,19], 1/[19,19], [2,3]/4, 4/[2,3], [2,5]/4, 4/[2,5], [2,7]/4, 4/[2,7], [2,13]/4, 4/[2,13], [2,19]/4, 4/[2,19], [2,11]/4, 4/[2,11], [2,17]/4, 4/[2,17], [3,2]/4, 4/[3,2], [3,3]/4, 4/[3,3], [3,5]/4, 4/[3,5], [3,7]/4, 4/[3,7], [3,13]/4, 4/[3,13], [3,19]/4, 4/[3,19], [3,11]/4, 4/[3,11], [3,17]/4, 4/[3,17], [5,2]/4, 4/[5,2], [5,3]/4, 4/[5,3], [5,5]/4, 4/[5,5], [5,7]/4, 4/[5,7], [5,13]/4, 4/[5,13], [5,19]/4, 4/[5,19], [5,11]/4, 4/[5,11], [5,17]/4, 4/[5,17], [7,2]/4, 4/[7,2], [7,3]/4, 4/[7,3], [7,5]/4, 4/[7,5], [7,7]/4, 4/[7,7], [7,13]/4, 4/[7,13], [7,19]/4, 4/[7,19], [7,11]/4, 4/[7,11], [7,17]/4, 4/[7,17], [13,2]/4, 4/[13,2], [13,3]/4, 4/[13,3], [13,5]/4, 4/[13,5], [13,7]/4, 4/[13,7], [13,13]/4, 4/[13,13], [13,19]/4, 4/[13,19], [13,11]/4, 4/[13,11], [13,17]/4, 4/[13,17], [19,2]/4, 4/[19,2], [19,3]/4, 4/[19,3], [19,5]/4, 4/[19,5], [19,7]/4, 4/[19,7], [19,13]/4, 4/[19,13], [19,11]/4, 4/[19,11], [19,17]/4, 4/[19,17], [11,2]/4, 4/[11,2], [11,3]/4, 4/[11,3], [11,5]/4, 4/[11,5], [11,7]/4, 4/[11,7], [11,13]/4, 4/[11,13], [11,19]/4, 4/[11,19], [11,11]/4, 4/[11,11], [11,17]/4, 4/[11,17], [17,2]/4, 4/[17,2], [17,3]/4, 4/[17,3], [17,5]/4, 4/[17,5], [17,7]/4, 4/[17,7], [17,13]/4, 4/[17,13], [17,19]/4, 4/[17,19], [17,11]/4, 4/[17,11], [17,17]/4, 4/[17,17], [4/2, [3,2]/3, [5,2]/5, [7,2]/7, [13,2]/13, [19,2]/19, [11,2]/11, [17,2]/17], [2/4, 3/[3,2], 5/[5,2], 7/[7,2], 13/[13,2], 19/[19,2], 11/[11,2], 17/[17,2], 1/2], [4/2, [2,3]/3, [2,5]/5, [2,7]/7, [2,13]/13, [2,19]/19, [2,11]/11, [2,17]/17], [2/4, 3/[2,3], 5/[2,5], 7/[2,7], 13/[2,13], 19/[2,19], 11/[2,11], 17/[2,17], 1/2], 1/4, [2,5]/[2,3], [2,3]/[2,5], [2,7]/[2,3], [2,3]/[2,7], [2,13]/[2,3], [2,3]/[2,13], [2,19]/[2,3], [2,3]/[2,19], [2,11]/[2,3], [2,3]/[2,11], [2,17]/[2,3], [2,3]/[2,17], [3,3]/[2,3], [2,3]/[3,3], [3,5]/[2,3], [2,3]/[3,5], [3,7]/[2,3], [2,3]/[3,7], [3,13]/[2,3], [2,3]/[3,13], [3,19]/[2,3], [2,3]/[3,19], [3,11]/[2,3], [2,3]/[3,11], [3,17]/[2,3], [2,3]/[3,17], [5,3]/[2,3], [2,3]/[5,3], [5,5]/[2,3], [2,3]/[5,5], [5,7]/[2,3], [2,3]/[5,7], [5,13]/[2,3], [2,3]/[5,13], [5,19]/[2,3], [2,3]/[5,19], [5,11]/[2,3], [2,3]/[5,11], [5,17]/[2,3], [2,3]/[5,17], [7,3]/[2,3], [2,3]/[7,3], [7,5]/[2,3], [2,3]/[7,5], [7,7]/[2,3], [2,3]/[7,7], [7,13]/[2,3], [2,3]/[7,13], [7,19]/[2,3], [2,3]/[7,19], [7,11]/[2,3], [2,3]/[7,11], [7,17]/[2,3], [2,3]/[7,17], [13,3]/[2,3], [2,3]/[13,3], [13,5]/[2,3], [2,3]/[13,5], [13,7]/[2,3], [2,3]/[13,7], [13,13]/[2,3], [2,3]/[13,13], [13,19]/[2,3], [2,3]/[13,19], [13,11]/[2,3], [2,3]/[13,11], [13,17]/[2,3], [2,3]/[13,17], [19,3]/[2,3], [2,3]/[19,3], [19,5]/[2,3], [2,3]/[19,5], [19,7]/[2,3], [2,3]/[19,7], [19,13]/[2,3], [2,3]/[19,13], [19,11]/[2,3], [2,3]/[19,11], [19,17]/[2,3], [2,3]/[19,17], [11,3]/[2,3], [2,3]/[11,3], [11,5]/[2,3], [2,3]/[11,5], [11,7]/[2,3], [2,3]/[11,7], [11,13]/[2,3], [2,3]/[11,13], [11,19]/[2,3], [2,3]/[11,19], [11,11]/[2,3], [2,3]/[11,11], [11,17]/[2,3], [2,3]/[11,17], [17,3]/[2,3], [2,3]/[17,3], [17,5]/[2,3], [2,3]/[17,5], [17,7]/[2,3], [2,3]/[17,7], [17,13]/[2,3], [2,3]/[17,13], [17,19]/[2,3], [2,3]/[17,19], [17,11]/[2,3], [2,3]/[17,11], [17,17]/[2,3], [2,3]/[17,17], [[2,3]/2, [3,3]/3, [5,3]/5, [7,3]/7, [13,3]/13, [19,3]/19, [11,3]/11, [17,3]/17], [2/[2,3], 3/[3,3], 5/[5,3], 7/[7,3], 13/[13,3], 19/[19,3], 11/[11,3], 17/[17,3], 1/3], [2,3]/2, 2/[2,3], 1/[2,3], [2,7]/[2,5], [2,5]/[2,7], [2,13]/[2,5], [2,5]/[2,13], [2,19]/[2,5], [2,5]/[2,19], [2,11]/[2,5], [2,5]/[2,11], [2,17]/[2,5], [2,5]/[2,17], [3,5]/[2,5], [2,5]/[3,5], [3,7]/[2,5], [2,5]/[3,7], [3,13]/[2,5], [2,5]/[3,13], [3,19]/[2,5], [2,5]/[3,19], [3,11]/[2,5], [2,5]/[3,11], [3,17]/[2,5], [2,5]/[3,17], [5,5]/[2,5], [2,5]/[5,5], [5,7]/[2,5], [2,5]/[5,7], [5,13]/[2,5], [2,5]/[5,13], [5,19]/[2,5], [2,5]/[5,19], [5,11]/[2,5], [2,5]/[5,11], [5,17]/[2,5], [2,5]/[5,17], [7,5]/[2,5], [2,5]/[7,5], [7,7]/[2,5], [2,5]/[7,7], [7,13]/[2,5], [2,5]/[7,13], [7,19]/[2,5], [2,5]/[7,19], [7,11]/[2,5], [2,5]/[7,11], [7,17]/[2,5], [2,5]/[7,17], [13,5]/[2,5], [2,5]/[13,5], [13,7]/[2,5], [2,5]/[13,7], [13,13]/[2,5], [2,5]/[13,13], [13,19]/[2,5], [2,5]/[13,19], [13,11]/[2,5], [2,5]/[13,11], [13,17]/[2,5], [2,5]/[13,17], [19,5]/[2,5], [2,5]/[19,5], [19,7]/[2,5], [2,5]/[19,7], [19,13]/[2,5], [2,5]/[19,13], [19,11]/[2,5], [2,5]/[19,11], [19,17]/[2,5], [2,5]/[19,17], [11,5]/[2,5], [2,5]/[11,5], [11,7]/[2,5], [2,5]/[11,7], [11,13]/[2,5], [2,5]/[11,13], [11,19]/[2,5], [2,5]/[11,19], [11,11]/[2,5], [2,5]/[11,11], [11,17]/[2,5], [2,5]/[11,17], [17,5]/[2,5], [2,5]/[17,5], [17,7]/[2,5], [2,5]/[17,7], [17,13]/[2,5], [2,5]/[17,13], [17,19]/[2,5], [2,5]/[17,19], [17,11]/[2,5], [2,5]/[17,11], [17,17]/[2,5], [2,5]/[17,17], [[2,5]/2, [3,5]/3, [5,5]/5, [7,5]/7, [13,5]/13, [19,5]/19, [11,5]/11, [17,5]/17], [2/[2,5], 3/[3,5], 5/[5,5], 7/[7,5], 13/[13,5], 19/[19,5], 11/[11,5], 17/[17,5], 1/5], [2,5]/2, 2/[2,5], [2,5]/3, 3/[2,5], 1/[2,5], [2,13]/[2,7], [2,7]/[2,13], [2,19]/[2,7], [2,7]/[2,19], [2,11]/[2,7], [2,7]/[2,11], [2,17]/[2,7], [2,7]/[2,17], [3,7]/[2,7], [2,7]/[3,7], [3,13]/[2,7], [2,7]/[3,13], [3,19]/[2,7], [2,7]/[3,19], [3,11]/[2,7], [2,7]/[3,11], [3,17]/[2,7], [2,7]/[3,17], [5,7]/[2,7], [2,7]/[5,7], [5,13]/[2,7], [2,7]/[5,13], [5,19]/[2,7], [2,7]/[5,19], [5,11]/[2,7], [2,7]/[5,11], [5,17]/[2,7], [2,7]/[5,17], [7,7]/[2,7], [2,7]/[7,7], [7,13]/[2,7], [2,7]/[7,13], [7,19]/[2,7], [2,7]/[7,19], [7,11]/[2,7], [2,7]/[7,11], [7,17]/[2,7], [2,7]/[7,17], [13,7]/[2,7], [2,7]/[13,7], [13,13]/[2,7], [2,7]/[13,13], [13,19]/[2,7], [2,7]/[13,19], [13,11]/[2,7], [2,7]/[13,11], [13,17]/[2,7], [2,7]/[13,17], [19,7]/[2,7], [2,7]/[19,7], [19,13]/[2,7], [2,7]/[19,13], [19,11]/[2,7], [2,7]/[19,11], [19,17]/[2,7], [2,7]/[19,17], [11,7]/[2,7], [2,7]/[11,7], [11,13]/[2,7], [2,7]/[11,13], [11,19]/[2,7], [2,7]/[11,19], [11,11]/[2,7], [2,7]/[11,11], [11,17]/[2,7], [2,7]/[11,17], [17,7]/[2,7], [2,7]/[17,7], [17,13]/[2,7], [2,7]/[17,13], [17,19]/[2,7], [2,7]/[17,19], [17,11]/[2,7], [2,7]/[17,11], [17,17]/[2,7], [2,7]/[17,17], [[2,7]/2, [3,7]/3, [5,7]/5, [7,7]/7, [13,7]/13, [19,7]/19, [11,7]/11, [17,7]/17], [2/[2,7], 3/[3,7], 5/[5,7], 7/[7,7], 13/[13,7], 19/[19,7], 11/[11,7], 17/[17,7], 1/7], [2,7]/2, 2/[2,7], [2,7]/3, 3/[2,7], [2,7]/5, 5/[2,7], 1/[2,7], [2,19]/[2,13], [2,13]/[2,19], [2,13]/[2,11], [2,11]/[2,13], [2,17]/[2,13], [2,13]/[2,17], [3,13]/[2,13], [2,13]/[3,13], [3,19]/[2,13], [2,13]/[3,19], [3,17]/[2,13], [2,13]/[3,17], [5,13]/[2,13], [2,13]/[5,13], [5,19]/[2,13], [2,13]/[5,19], [5,17]/[2,13], [2,13]/[5,17], [7,13]/[2,13], [2,13]/[7,13], [7,19]/[2,13], [2,13]/[7,19], [7,17]/[2,13], [2,13]/[7,17], [13,13]/[2,13], [2,13]/[13,13], [13,19]/[2,13], [2,13]/[13,19], [13,17]/[2,13], [2,13]/[13,17], [19,13]/[2,13], [2,13]/[19,13], [19,17]/[2,13], [2,13]/[19,17], [11,13]/[2,13], [2,13]/[11,13], [11,19]/[2,13], [2,13]/[11,19], [11,17]/[2,13], [2,13]/[11,17], [17,13]/[2,13], [2,13]/[17,13], [17,19]/[2,13], [2,13]/[17,19], [17,17]/[2,13], [2,13]/[17,17], [[2,13]/2, [3,13]/3, [5,13]/5, [7,13]/7, [13,13]/13, [19,13]/19, [11,13]/11, [17,13]/17], [2/[2,13], 3/[3,13], 5/[5,13], 7/[7,13], 13/[13,13], 19/[19,13], 11/[11,13], 17/[17,13], 1/13], [2,13]/2, 2/[2,13], [2,13]/3, 3/[2,13], [2,13]/5, 5/[2,13], [2,13]/7, 7/[2,13], [2,13]/11, 11/[2,13], 1/[2,13], [2,19]/[2,11], [2,11]/[2,19], [2,19]/[2,17], [2,17]/[2,19], [3,19]/[2,19], [2,19]/[3,19], [5,19]/[2,19], [2,19]/[5,19], [7,19]/[2,19], [2,19]/[7,19], [13,19]/[2,19], [2,19]/[13,19], [11,19]/[2,19], [2,19]/[11,19], [17,19]/[2,19], [2,19]/[17,19], [2,19]/2, 2/[2,19], [2,19]/3, 3/[2,19], [2,19]/5, 5/[2,19], [2,19]/7, 7/[2,19], [2,19]/13, 13/[2,19], [2,19]/11, 11/[2,19], [2,19]/17, 17/[2,19], 1/[2,19], [2,17]/[2,11], [2,11]/[2,17], [3,13]/[2,11], [2,11]/[3,13], [3,19]/[2,11], [2,11]/[3,19], [3,11]/[2,11], [2,11]/[3,11], [3,17]/[2,11], [2,11]/[3,17], [5,13]/[2,11], [2,11]/[5,13], [5,19]/[2,11], [2,11]/[5,19], [5,11]/[2,11], [2,11]/[5,11], [5,17]/[2,11], [2,11]/[5,17], [7,13]/[2,11], [2,11]/[7,13], [7,19]/[2,11], [2,11]/[7,19], [7,11]/[2,11], [2,11]/[7,11], [7,17]/[2,11], [2,11]/[7,17], [13,13]/[2,11], [2,11]/[13,13], [13,19]/[2,11], [2,11]/[13,19], [13,11]/[2,11], [2,11]/[13,11], [13,17]/[2,11], [2,11]/[13,17], [19,13]/[2,11], [2,11]/[19,13], [19,11]/[2,11], [2,11]/[19,11], [19,17]/[2,11], [2,11]/[19,17], [11,13]/[2,11], [2,11]/[11,13], [11,19]/[2,11], [2,11]/[11,19], [11,11]/[2,11], [2,11]/[11,11], [11,17]/[2,11], [2,11]/[11,17], [17,13]/[2,11], [2,11]/[17,13], [17,19]/[2,11], [2,11]/[17,19], [17,11]/[2,11], [2,11]/[17,11], [17,17]/[2,11], [2,11]/[17,17], [[2,11]/2, [3,11]/3, [5,11]/5, [7,11]/7, [13,11]/13, [19,11]/19, [11,11]/11, [17,11]/17], [2/[2,11], 3/[3,11], 5/[5,11], 7/[7,11], 13/[13,11], 19/[19,11], 11/[11,11], 17/[17,11], 1/11], [2,11]/2, 2/[2,11], [2,11]/3, 3/[2,11], [2,11]/5, 5/[2,11], [2,11]/7, 7/[2,11], 1/[2,11], [3,19]/[2,17], [2,17]/[3,19], [3,17]/[2,17], [2,17]/[3,17], [5,19]/[2,17], [2,17]/[5,19], [5,17]/[2,17], [2,17]/[5,17], [7,19]/[2,17], [2,17]/[7,19], [7,17]/[2,17], [2,17]/[7,17], [13,19]/[2,17], [2,17]/[13,19], [13,17]/[2,17], [2,17]/[13,17], [19,17]/[2,17], [2,17]/[19,17], [11,19]/[2,17], [2,17]/[11,19], [11,17]/[2,17], [2,17]/[11,17], [17,19]/[2,17], [2,17]/[17,19], [17,17]/[2,17], [2,17]/[17,17], [[2,17]/2, [3,17]/3, [5,17]/5, [7,17]/7, [13,17]/13, [19,17]/19, [11,17]/11, [17,17]/17], [2/[2,17], 3/[3,17], 5/[5,17], 7/[7,17], 13/[13,17], 19/[19,17], 11/[11,17], 17/[17,17], 1/17], [2,17]/2, 2/[2,17], [2,17]/3, 3/[2,17], [2,17]/5, 5/[2,17], [2,17]/7, 7/[2,17], [2,17]/13, 13/[2,17], [2,17]/11, 11/[2,17], 1/[2,17], [3,3]/[3,2], [3,2]/[3,3], [3,5]/[3,2], [3,2]/[3,5], [3,7]/[3,2], [3,2]/[3,7], [3,13]/[3,2], [3,2]/[3,13], [3,19]/[3,2], [3,2]/[3,19], [3,11]/[3,2], [3,2]/[3,11], [3,17]/[3,2], [3,2]/[3,17], [5,2]/[3,2], [3,2]/[5,2], [5,3]/[3,2], [3,2]/[5,3], [5,5]/[3,2], [3,2]/[5,5], [5,7]/[3,2], [3,2]/[5,7], [5,13]/[3,2], [3,2]/[5,13], [5,19]/[3,2], [3,2]/[5,19], [5,11]/[3,2], [3,2]/[5,11], [5,17]/[3,2], [3,2]/[5,17], [7,2]/[3,2], [3,2]/[7,2], [7,3]/[3,2], [3,2]/[7,3], [7,5]/[3,2], [3,2]/[7,5], [7,7]/[3,2], [3,2]/[7,7], [7,13]/[3,2], [3,2]/[7,13], [7,19]/[3,2], [3,2]/[7,19], [7,11]/[3,2], [3,2]/[7,11], [7,17]/[3,2], [3,2]/[7,17], [13,2]/[3,2], [3,2]/[13,2], [13,3]/[3,2], [3,2]/[13,3], [13,5]/[3,2], [3,2]/[13,5], [13,7]/[3,2], [3,2]/[13,7], [13,13]/[3,2], [3,2]/[13,13], [13,19]/[3,2], [3,2]/[13,19], [13,11]/[3,2], [3,2]/[13,11], [13,17]/[3,2], [3,2]/[13,17], [19,2]/[3,2], [3,2]/[19,2], [19,3]/[3,2], [3,2]/[19,3], [19,5]/[3,2], [3,2]/[19,5], [19,7]/[3,2], [3,2]/[19,7], [19,13]/[3,2], [3,2]/[19,13], [19,11]/[3,2], [3,2]/[19,11], [19,17]/[3,2], [3,2]/[19,17], [11,2]/[3,2], [3,2]/[11,2], [11,3]/[3,2], [3,2]/[11,3], [11,5]/[3,2], [3,2]/[11,5], [11,7]/[3,2], [3,2]/[11,7], [11,13]/[3,2], [3,2]/[11,13], [11,19]/[3,2], [3,2]/[11,19], [11,11]/[3,2], [3,2]/[11,11], [11,17]/[3,2], [3,2]/[11,17], [17,2]/[3,2], [3,2]/[17,2], [17,3]/[3,2], [3,2]/[17,3], [17,5]/[3,2], [3,2]/[17,5], [17,7]/[3,2], [3,2]/[17,7], [17,13]/[3,2], [3,2]/[17,13], [17,19]/[3,2], [3,2]/[17,19], [17,11]/[3,2], [3,2]/[17,11], [17,17]/[3,2], [3,2]/[17,17], [3,2]/2, 2/[3,2], [[3,2]/2, [3,3]/3, [3,5]/5, [3,7]/7, [3,13]/13, [3,19]/19, [3,11]/11, [3,17]/17], [2/[3,2], 3/[3,3], 5/[3,5], 7/[3,7], 13/[3,13], 19/[3,19], 11/[3,11], 17/[3,17], 1/3], 1/[3,2], [3,5]/[3,3], [3,3]/[3,5], [3,7]/[3,3], [3,3]/[3,7], [3,13]/[3,3], [3,3]/[3,13], [3,19]/[3,3], [3,3]/[3,19], [3,11]/[3,3], [3,3]/[3,11], [3,17]/[3,3], [3,3]/[3,17], [5,3]/[3,3], [3,3]/[5,3], [5,5]/[3,3], [3,3]/[5,5], [5,7]/[3,3], [3,3]/[5,7], [5,13]/[3,3], [3,3]/[5,13], [5,19]/[3,3], [3,3]/[5,19], [5,11]/[3,3], [3,3]/[5,11], [5,17]/[3,3], [3,3]/[5,17], [7,3]/[3,3], [3,3]/[7,3], [7,5]/[3,3], [3,3]/[7,5], [7,7]/[3,3], [3,3]/[7,7], [7,13]/[3,3], [3,3]/[7,13], [7,19]/[3,3], [3,3]/[7,19], [7,11]/[3,3], [3,3]/[7,11], [7,17]/[3,3], [3,3]/[7,17], [13,3]/[3,3], [3,3]/[13,3], [13,5]/[3,3], [3,3]/[13,5], [13,7]/[3,3], [3,3]/[13,7], [13,13]/[3,3], [3,3]/[13,13], [13,19]/[3,3], [3,3]/[13,19], [13,11]/[3,3], [3,3]/[13,11], [13,17]/[3,3], [3,3]/[13,17], [19,3]/[3,3], [3,3]/[19,3], [19,5]/[3,3], [3,3]/[19,5], [19,7]/[3,3], [3,3]/[19,7], [19,13]/[3,3], [3,3]/[19,13], [19,11]/[3,3], [3,3]/[19,11], [19,17]/[3,3], [3,3]/[19,17], [11,3]/[3,3], [3,3]/[11,3], [11,5]/[3,3], [3,3]/[11,5], [11,7]/[3,3], [3,3]/[11,7], [11,13]/[3,3], [3,3]/[11,13], [11,19]/[3,3], [3,3]/[11,19], [11,11]/[3,3], [3,3]/[11,11], [11,17]/[3,3], [3,3]/[11,17], [17,3]/[3,3], [3,3]/[17,3], [17,5]/[3,3], [3,3]/[17,5], [17,7]/[3,3], [3,3]/[17,7], [17,13]/[3,3], [3,3]/[17,13], [17,19]/[3,3], [3,3]/[17,19], [17,11]/[3,3], [3,3]/[17,11], [17,17]/[3,3], [3,3]/[17,17], [3,3]/2, 2/[3,3], 1/[3,3], [3,7]/[3,5], [3,5]/[3,7], [3,13]/[3,5], [3,5]/[3,13], [3,19]/[3,5], [3,5]/[3,19], [3,11]/[3,5], [3,5]/[3,11], [3,17]/[3,5], [3,5]/[3,17], [5,5]/[3,5], [3,5]/[5,5], [5,7]/[3,5], [3,5]/[5,7], [5,13]/[3,5], [3,5]/[5,13], [5,19]/[3,5], [3,5]/[5,19], [5,11]/[3,5], [3,5]/[5,11], [5,17]/[3,5], [3,5]/[5,17], [7,5]/[3,5], [3,5]/[7,5], [7,7]/[3,5], [3,5]/[7,7], [7,13]/[3,5], [3,5]/[7,13], [7,19]/[3,5], [3,5]/[7,19], [7,11]/[3,5], [3,5]/[7,11], [7,17]/[3,5], [3,5]/[7,17], [13,5]/[3,5], [3,5]/[13,5], [13,7]/[3,5], [3,5]/[13,7], [13,13]/[3,5], [3,5]/[13,13], [13,19]/[3,5], [3,5]/[13,19], [13,11]/[3,5], [3,5]/[13,11], [13,17]/[3,5], [3,5]/[13,17], [19,5]/[3,5], [3,5]/[19,5], [19,7]/[3,5], [3,5]/[19,7], [19,13]/[3,5], [3,5]/[19,13], [19,11]/[3,5], [3,5]/[19,11], [19,17]/[3,5], [3,5]/[19,17], [11,5]/[3,5], [3,5]/[11,5], [11,7]/[3,5], [3,5]/[11,7], [11,13]/[3,5], [3,5]/[11,13], [11,19]/[3,5], [3,5]/[11,19], [11,11]/[3,5], [3,5]/[11,11], [11,17]/[3,5], [3,5]/[11,17], [17,5]/[3,5], [3,5]/[17,5], [17,7]/[3,5], [3,5]/[17,7], [17,13]/[3,5], [3,5]/[17,13], [17,19]/[3,5], [3,5]/[17,19], [17,11]/[3,5], [3,5]/[17,11], [17,17]/[3,5], [3,5]/[17,17], [3,5]/2, 2/[3,5], [3,5]/3, 3/[3,5], 1/[3,5], [3,13]/[3,7], [3,7]/[3,13], [3,19]/[3,7], [3,7]/[3,19], [3,11]/[3,7], [3,7]/[3,11], [3,17]/[3,7], [3,7]/[3,17], [5,7]/[3,7], [3,7]/[5,7], [5,13]/[3,7], [3,7]/[5,13], [5,19]/[3,7], [3,7]/[5,19], [5,11]/[3,7], [3,7]/[5,11], [5,17]/[3,7], [3,7]/[5,17], [7,7]/[3,7], [3,7]/[7,7], [7,13]/[3,7], [3,7]/[7,13], [7,19]/[3,7], [3,7]/[7,19], [7,11]/[3,7], [3,7]/[7,11], [7,17]/[3,7], [3,7]/[7,17], [13,7]/[3,7], [3,7]/[13,7], [13,13]/[3,7], [3,7]/[13,13], [13,19]/[3,7], [3,7]/[13,19], [13,11]/[3,7], [3,7]/[13,11], [13,17]/[3,7], [3,7]/[13,17], [19,7]/[3,7], [3,7]/[19,7], [19,13]/[3,7], [3,7]/[19,13], [19,11]/[3,7], [3,7]/[19,11], [19,17]/[3,7], [3,7]/[19,17], [11,7]/[3,7], [3,7]/[11,7], [11,13]/[3,7], [3,7]/[11,13], [11,19]/[3,7], [3,7]/[11,19], [11,11]/[3,7], [3,7]/[11,11], [11,17]/[3,7], [3,7]/[11,17], [17,7]/[3,7], [3,7]/[17,7], [17,13]/[3,7], [3,7]/[17,13], [17,19]/[3,7], [3,7]/[17,19], [17,11]/[3,7], [3,7]/[17,11], [17,17]/[3,7], [3,7]/[17,17], [3,7]/2, 2/[3,7], [3,7]/3, 3/[3,7], [3,7]/5, 5/[3,7], 1/[3,7], [3,19]/[3,13], [3,13]/[3,19], [3,13]/[3,11], [3,11]/[3,13], [3,17]/[3,13], [3,13]/[3,17], [5,13]/[3,13], [3,13]/[5,13], [5,19]/[3,13], [3,13]/[5,19], [5,17]/[3,13], [3,13]/[5,17], [7,13]/[3,13], [3,13]/[7,13], [7,19]/[3,13], [3,13]/[7,19], [7,17]/[3,13], [3,13]/[7,17], [13,13]/[3,13], [3,13]/[13,13], [13,19]/[3,13], [3,13]/[13,19], [13,17]/[3,13], [3,13]/[13,17], [19,13]/[3,13], [3,13]/[19,13], [19,17]/[3,13], [3,13]/[19,17], [11,13]/[3,13], [3,13]/[11,13], [11,19]/[3,13], [3,13]/[11,19], [11,17]/[3,13], [3,13]/[11,17], [17,13]/[3,13], [3,13]/[17,13], [17,19]/[3,13], [3,13]/[17,19], [17,17]/[3,13], [3,13]/[17,17], [3,13]/2, 2/[3,13], [3,13]/3, 3/[3,13], [3,13]/5, 5/[3,13], [3,13]/7, 7/[3,13], [3,13]/11, 11/[3,13], 1/[3,13], [3,19]/[3,11], [3,11]/[3,19], [3,19]/[3,17], [3,17]/[3,19], [5,19]/[3,19], [3,19]/[5,19], [7,19]/[3,19], [3,19]/[7,19], [13,19]/[3,19], [3,19]/[13,19], [11,19]/[3,19], [3,19]/[11,19], [17,19]/[3,19], [3,19]/[17,19], [3,19]/2, 2/[3,19], [3,19]/3, 3/[3,19], [3,19]/5, 5/[3,19], [3,19]/7, 7/[3,19], [3,19]/13, 13/[3,19], [3,19]/11, 11/[3,19], [3,19]/17, 17/[3,19], 1/[3,19], [3,17]/[3,11], [3,11]/[3,17], [5,13]/[3,11], [3,11]/[5,13], [5,19]/[3,11], [3,11]/[5,19], [5,11]/[3,11], [3,11]/[5,11], [5,17]/[3,11], [3,11]/[5,17], [7,13]/[3,11], [3,11]/[7,13], [7,19]/[3,11], [3,11]/[7,19], [7,11]/[3,11], [3,11]/[7,11], [7,17]/[3,11], [3,11]/[7,17], [13,13]/[3,11], [3,11]/[13,13], [13,19]/[3,11], [3,11]/[13,19], [13,11]/[3,11], [3,11]/[13,11], [13,17]/[3,11], [3,11]/[13,17], [19,13]/[3,11], [3,11]/[19,13], [19,11]/[3,11], [3,11]/[19,11], [19,17]/[3,11], [3,11]/[19,17], [11,13]/[3,11], [3,11]/[11,13], [11,19]/[3,11], [3,11]/[11,19], [11,11]/[3,11], [3,11]/[11,11], [11,17]/[3,11], [3,11]/[11,17], [17,13]/[3,11], [3,11]/[17,13], [17,19]/[3,11], [3,11]/[17,19], [17,11]/[3,11], [3,11]/[17,11], [17,17]/[3,11], [3,11]/[17,17], [3,11]/2, 2/[3,11], [3,11]/3, 3/[3,11], [3,11]/5, 5/[3,11], [3,11]/7, 7/[3,11], 1/[3,11], [5,19]/[3,17], [3,17]/[5,19], [5,17]/[3,17], [3,17]/[5,17], [7,19]/[3,17], [3,17]/[7,19], [7,17]/[3,17], [3,17]/[7,17], [13,19]/[3,17], [3,17]/[13,19], [13,17]/[3,17], [3,17]/[13,17], [19,17]/[3,17], [3,17]/[19,17], [11,19]/[3,17], [3,17]/[11,19], [11,17]/[3,17], [3,17]/[11,17], [17,19]/[3,17], [3,17]/[17,19], [17,17]/[3,17], [3,17]/[17,17], [3,17]/2, 2/[3,17], [3,17]/3, 3/[3,17], [3,17]/5, 5/[3,17], [3,17]/7, 7/[3,17], [3,17]/13, 13/[3,17], [3,17]/11, 11/[3,17], 1/[3,17], [5,3]/[5,2], [5,2]/[5,3], [5,5]/[5,2], [5,2]/[5,5], [5,7]/[5,2], [5,2]/[5,7], [5,13]/[5,2], [5,2]/[5,13], [5,19]/[5,2], [5,2]/[5,19], [5,11]/[5,2], [5,2]/[5,11], [5,17]/[5,2], [5,2]/[5,17], [7,2]/[5,2], [5,2]/[7,2], [7,3]/[5,2], [5,2]/[7,3], [7,5]/[5,2], [5,2]/[7,5], [7,7]/[5,2], [5,2]/[7,7], [7,13]/[5,2], [5,2]/[7,13], [7,19]/[5,2], [5,2]/[7,19], [7,11]/[5,2], [5,2]/[7,11], [7,17]/[5,2], [5,2]/[7,17], [13,2]/[5,2], [5,2]/[13,2], [13,3]/[5,2], [5,2]/[13,3], [13,5]/[5,2], [5,2]/[13,5], [13,7]/[5,2], [5,2]/[13,7], [13,13]/[5,2], [5,2]/[13,13], [13,19]/[5,2], [5,2]/[13,19], [13,11]/[5,2], [5,2]/[13,11], [13,17]/[5,2], [5,2]/[13,17], [19,2]/[5,2], [5,2]/[19,2], [19,3]/[5,2], [5,2]/[19,3], [19,5]/[5,2], [5,2]/[19,5], [19,7]/[5,2], [5,2]/[19,7], [19,13]/[5,2], [5,2]/[19,13], [19,11]/[5,2], [5,2]/[19,11], [19,17]/[5,2], [5,2]/[19,17], [11,2]/[5,2], [5,2]/[11,2], [11,3]/[5,2], [5,2]/[11,3], [11,5]/[5,2], [5,2]/[11,5], [11,7]/[5,2], [5,2]/[11,7], [11,13]/[5,2], [5,2]/[11,13], [11,19]/[5,2], [5,2]/[11,19], [11,11]/[5,2], [5,2]/[11,11], [11,17]/[5,2], [5,2]/[11,17], [17,2]/[5,2], [5,2]/[17,2], [17,3]/[5,2], [5,2]/[17,3], [17,5]/[5,2], [5,2]/[17,5], [17,7]/[5,2], [5,2]/[17,7], [17,13]/[5,2], [5,2]/[17,13], [17,19]/[5,2], [5,2]/[17,19], [17,11]/[5,2], [5,2]/[17,11], [17,17]/[5,2], [5,2]/[17,17], [5,2]/2, 2/[5,2], [[5,2]/2, [5,3]/3, [5,5]/5, [5,7]/7, [5,13]/13, [5,19]/19, [5,11]/11, [5,17]/17], [2/[5,2], 3/[5,3], 5/[5,5], 7/[5,7], 13/[5,13], 19/[5,19], 11/[5,11], 17/[5,17], 1/5], [5,2]/3, 3/[5,2], 1/[5,2], [5,5]/[5,3], [5,3]/[5,5], [5,7]/[5,3], [5,3]/[5,7], [5,13]/[5,3], [5,3]/[5,13], [5,19]/[5,3], [5,3]/[5,19], [5,11]/[5,3], [5,3]/[5,11], [5,17]/[5,3], [5,3]/[5,17], [7,3]/[5,3], [5,3]/[7,3], [7,5]/[5,3], [5,3]/[7,5], [7,7]/[5,3], [5,3]/[7,7], [7,13]/[5,3], [5,3]/[7,13], [7,19]/[5,3], [5,3]/[7,19], [7,11]/[5,3], [5,3]/[7,11], [7,17]/[5,3], [5,3]/[7,17], [13,3]/[5,3], [5,3]/[13,3], [13,5]/[5,3], [5,3]/[13,5], [13,7]/[5,3], [5,3]/[13,7], [13,13]/[5,3], [5,3]/[13,13], [13,19]/[5,3], [5,3]/[13,19], [13,11]/[5,3], [5,3]/[13,11], [13,17]/[5,3], [5,3]/[13,17], [19,3]/[5,3], [5,3]/[19,3], [19,5]/[5,3], [5,3]/[19,5], [19,7]/[5,3], [5,3]/[19,7], [19,13]/[5,3], [5,3]/[19,13], [19,11]/[5,3], [5,3]/[19,11], [19,17]/[5,3], [5,3]/[19,17], [11,3]/[5,3], [5,3]/[11,3], [11,5]/[5,3], [5,3]/[11,5], [11,7]/[5,3], [5,3]/[11,7], [11,13]/[5,3], [5,3]/[11,13], [11,19]/[5,3], [5,3]/[11,19], [11,11]/[5,3], [5,3]/[11,11], [11,17]/[5,3], [5,3]/[11,17], [17,3]/[5,3], [5,3]/[17,3], [17,5]/[5,3], [5,3]/[17,5], [17,7]/[5,3], [5,3]/[17,7], [17,13]/[5,3], [5,3]/[17,13], [17,19]/[5,3], [5,3]/[17,19], [17,11]/[5,3], [5,3]/[17,11], [17,17]/[5,3], [5,3]/[17,17], [5,3]/2, 2/[5,3], [5,3]/3, 3/[5,3], 1/[5,3], [5,7]/[5,5], [5,5]/[5,7], [5,13]/[5,5], [5,5]/[5,13], [5,19]/[5,5], [5,5]/[5,19], [5,11]/[5,5], [5,5]/[5,11], [5,17]/[5,5], [5,5]/[5,17], [7,5]/[5,5], [5,5]/[7,5], [7,7]/[5,5], [5,5]/[7,7], [7,13]/[5,5], [5,5]/[7,13], [7,19]/[5,5], [5,5]/[7,19], [7,11]/[5,5], [5,5]/[7,11], [7,17]/[5,5], [5,5]/[7,17], [13,5]/[5,5], [5,5]/[13,5], [13,7]/[5,5], [5,5]/[13,7], [13,13]/[5,5], [5,5]/[13,13], [13,19]/[5,5], [5,5]/[13,19], [13,11]/[5,5], [5,5]/[13,11], [13,17]/[5,5], [5,5]/[13,17], [19,5]/[5,5], [5,5]/[19,5], [19,7]/[5,5], [5,5]/[19,7], [19,13]/[5,5], [5,5]/[19,13], [19,11]/[5,5], [5,5]/[19,11], [19,17]/[5,5], [5,5]/[19,17], [11,5]/[5,5], [5,5]/[11,5], [11,7]/[5,5], [5,5]/[11,7], [11,13]/[5,5], [5,5]/[11,13], [11,19]/[5,5], [5,5]/[11,19], [11,11]/[5,5], [5,5]/[11,11], [11,17]/[5,5], [5,5]/[11,17], [17,5]/[5,5], [5,5]/[17,5], [17,7]/[5,5], [5,5]/[17,7], [17,13]/[5,5], [5,5]/[17,13], [17,19]/[5,5], [5,5]/[17,19], [17,11]/[5,5], [5,5]/[17,11], [17,17]/[5,5], [5,5]/[17,17], [5,5]/2, 2/[5,5], [5,5]/3, 3/[5,5], 1/[5,5], [5,13]/[5,7], [5,7]/[5,13], [5,19]/[5,7], [5,7]/[5,19], [5,11]/[5,7], [5,7]/[5,11], [5,17]/[5,7], [5,7]/[5,17], [7,7]/[5,7], [5,7]/[7,7], [7,13]/[5,7], [5,7]/[7,13], [7,19]/[5,7], [5,7]/[7,19], [7,11]/[5,7], [5,7]/[7,11], [7,17]/[5,7], [5,7]/[7,17], [13,7]/[5,7], [5,7]/[13,7], [13,13]/[5,7], [5,7]/[13,13], [13,19]/[5,7], [5,7]/[13,19], [13,11]/[5,7], [5,7]/[13,11], [13,17]/[5,7], [5,7]/[13,17], [19,7]/[5,7], [5,7]/[19,7], [19,13]/[5,7], [5,7]/[19,13], [19,11]/[5,7], [5,7]/[19,11], [19,17]/[5,7], [5,7]/[19,17], [11,7]/[5,7], [5,7]/[11,7], [11,13]/[5,7], [5,7]/[11,13], [11,19]/[5,7], [5,7]/[11,19], [11,11]/[5,7], [5,7]/[11,11], [11,17]/[5,7], [5,7]/[11,17], [17,7]/[5,7], [5,7]/[17,7], [17,13]/[5,7], [5,7]/[17,13], [17,19]/[5,7], [5,7]/[17,19], [17,11]/[5,7], [5,7]/[17,11], [17,17]/[5,7], [5,7]/[17,17], [5,7]/2, 2/[5,7], [5,7]/3, 3/[5,7], [5,7]/5, 5/[5,7], 1/[5,7], [5,19]/[5,13], [5,13]/[5,19], [5,13]/[5,11], [5,11]/[5,13], [5,17]/[5,13], [5,13]/[5,17], [7,13]/[5,13], [5,13]/[7,13], [7,19]/[5,13], [5,13]/[7,19], [7,17]/[5,13], [5,13]/[7,17], [13,13]/[5,13], [5,13]/[13,13], [13,19]/[5,13], [5,13]/[13,19], [13,17]/[5,13], [5,13]/[13,17], [19,13]/[5,13], [5,13]/[19,13], [19,17]/[5,13], [5,13]/[19,17], [11,13]/[5,13], [5,13]/[11,13], [11,19]/[5,13], [5,13]/[11,19], [11,17]/[5,13], [5,13]/[11,17], [17,13]/[5,13], [5,13]/[17,13], [17,19]/[5,13], [5,13]/[17,19], [17,17]/[5,13], [5,13]/[17,17], [5,13]/2, 2/[5,13], [5,13]/3, 3/[5,13], [5,13]/5, 5/[5,13], [5,13]/7, 7/[5,13], [5,13]/11, 11/[5,13], 1/[5,13], [5,19]/[5,11], [5,11]/[5,19], [5,19]/[5,17], [5,17]/[5,19], [7,19]/[5,19], [5,19]/[7,19], [13,19]/[5,19], [5,19]/[13,19], [11,19]/[5,19], [5,19]/[11,19], [17,19]/[5,19], [5,19]/[17,19], [5,19]/2, 2/[5,19], [5,19]/3, 3/[5,19], [5,19]/5, 5/[5,19], [5,19]/7, 7/[5,19], [5,19]/13, 13/[5,19], [5,19]/11, 11/[5,19], [5,19]/17, 17/[5,19], 1/[5,19], [5,17]/[5,11], [5,11]/[5,17], [7,13]/[5,11], [5,11]/[7,13], [7,19]/[5,11], [5,11]/[7,19], [7,11]/[5,11], [5,11]/[7,11], [7,17]/[5,11], [5,11]/[7,17], [13,13]/[5,11], [5,11]/[13,13], [13,19]/[5,11], [5,11]/[13,19], [13,11]/[5,11], [5,11]/[13,11], [13,17]/[5,11], [5,11]/[13,17], [19,13]/[5,11], [5,11]/[19,13], [19,11]/[5,11], [5,11]/[19,11], [19,17]/[5,11], [5,11]/[19,17], [11,13]/[5,11], [5,11]/[11,13], [11,19]/[5,11], [5,11]/[11,19], [11,11]/[5,11], [5,11]/[11,11], [11,17]/[5,11], [5,11]/[11,17], [17,13]/[5,11], [5,11]/[17,13], [17,19]/[5,11], [5,11]/[17,19], [17,11]/[5,11], [5,11]/[17,11], [17,17]/[5,11], [5,11]/[17,17], [5,11]/2, 2/[5,11], [5,11]/3, 3/[5,11], [5,11]/5, 5/[5,11], [5,11]/7, 7/[5,11], 1/[5,11], [7,19]/[5,17], [5,17]/[7,19], [7,17]/[5,17], [5,17]/[7,17], [13,19]/[5,17], [5,17]/[13,19], [13,17]/[5,17], [5,17]/[13,17], [19,17]/[5,17], [5,17]/[19,17], [11,19]/[5,17], [5,17]/[11,19], [11,17]/[5,17], [5,17]/[11,17], [17,19]/[5,17], [5,17]/[17,19], [17,17]/[5,17], [5,17]/[17,17], [5,17]/2, 2/[5,17], [5,17]/3, 3/[5,17], [5,17]/5, 5/[5,17], [5,17]/7, 7/[5,17], [5,17]/13, 13/[5,17], [5,17]/11, 11/[5,17], 1/[5,17], [7,3]/[7,2], [7,2]/[7,3], [7,5]/[7,2], [7,2]/[7,5], [7,7]/[7,2], [7,2]/[7,7], [7,13]/[7,2], [7,2]/[7,13], [7,19]/[7,2], [7,2]/[7,19], [7,11]/[7,2], [7,2]/[7,11], [7,17]/[7,2], [7,2]/[7,17], [13,2]/[7,2], [7,2]/[13,2], [13,3]/[7,2], [7,2]/[13,3], [13,5]/[7,2], [7,2]/[13,5], [13,7]/[7,2], [7,2]/[13,7], [13,13]/[7,2], [7,2]/[13,13], [13,19]/[7,2], [7,2]/[13,19], [13,11]/[7,2], [7,2]/[13,11], [13,17]/[7,2], [7,2]/[13,17], [19,2]/[7,2], [7,2]/[19,2], [19,3]/[7,2], [7,2]/[19,3], [19,5]/[7,2], [7,2]/[19,5], [19,7]/[7,2], [7,2]/[19,7], [19,13]/[7,2], [7,2]/[19,13], [19,11]/[7,2], [7,2]/[19,11], [19,17]/[7,2], [7,2]/[19,17], [11,2]/[7,2], [7,2]/[11,2], [11,3]/[7,2], [7,2]/[11,3], [11,5]/[7,2], [7,2]/[11,5], [11,7]/[7,2], [7,2]/[11,7], [11,13]/[7,2], [7,2]/[11,13], [11,19]/[7,2], [7,2]/[11,19], [11,11]/[7,2], [7,2]/[11,11], [11,17]/[7,2], [7,2]/[11,17], [17,2]/[7,2], [7,2]/[17,2], [17,3]/[7,2], [7,2]/[17,3], [17,5]/[7,2], [7,2]/[17,5], [17,7]/[7,2], [7,2]/[17,7], [17,13]/[7,2], [7,2]/[17,13], [17,19]/[7,2], [7,2]/[17,19], [17,11]/[7,2], [7,2]/[17,11], [17,17]/[7,2], [7,2]/[17,17], [7,2]/2, 2/[7,2], [[7,2]/2, [7,3]/3, [7,5]/5, [7,7]/7, [7,13]/13, [7,19]/19, [7,11]/11, [7,17]/17], [2/[7,2], 3/[7,3], 5/[7,5], 7/[7,7], 13/[7,13], 19/[7,19], 11/[7,11], 17/[7,17], 1/7], [7,2]/3, 3/[7,2], [7,2]/5, 5/[7,2], 1/[7,2], [7,5]/[7,3], [7,3]/[7,5], [7,7]/[7,3], [7,3]/[7,7], [7,13]/[7,3], [7,3]/[7,13], [7,19]/[7,3], [7,3]/[7,19], [7,11]/[7,3], [7,3]/[7,11], [7,17]/[7,3], [7,3]/[7,17], [13,3]/[7,3], [7,3]/[13,3], [13,5]/[7,3], [7,3]/[13,5], [13,7]/[7,3], [7,3]/[13,7], [13,13]/[7,3], [7,3]/[13,13], [13,19]/[7,3], [7,3]/[13,19], [13,11]/[7,3], [7,3]/[13,11], [13,17]/[7,3], [7,3]/[13,17], [19,3]/[7,3], [7,3]/[19,3], [19,5]/[7,3], [7,3]/[19,5], [19,7]/[7,3], [7,3]/[19,7], [19,13]/[7,3], [7,3]/[19,13], [19,11]/[7,3], [7,3]/[19,11], [19,17]/[7,3], [7,3]/[19,17], [11,3]/[7,3], [7,3]/[11,3], [11,5]/[7,3], [7,3]/[11,5], [11,7]/[7,3], [7,3]/[11,7], [11,13]/[7,3], [7,3]/[11,13], [11,19]/[7,3], [7,3]/[11,19], [11,11]/[7,3], [7,3]/[11,11], [11,17]/[7,3], [7,3]/[11,17], [17,3]/[7,3], [7,3]/[17,3], [17,5]/[7,3], [7,3]/[17,5], [17,7]/[7,3], [7,3]/[17,7], [17,13]/[7,3], [7,3]/[17,13], [17,19]/[7,3], [7,3]/[17,19], [17,11]/[7,3], [7,3]/[17,11], [17,17]/[7,3], [7,3]/[17,17], [7,3]/2, 2/[7,3], [7,3]/3, 3/[7,3], [7,3]/5, 5/[7,3], 1/[7,3], [7,7]/[7,5], [7,5]/[7,7], [7,13]/[7,5], [7,5]/[7,13], [7,19]/[7,5], [7,5]/[7,19], [7,11]/[7,5], [7,5]/[7,11], [7,17]/[7,5], [7,5]/[7,17], [13,5]/[7,5], [7,5]/[13,5], [13,7]/[7,5], [7,5]/[13,7], [13,13]/[7,5], [7,5]/[13,13], [13,19]/[7,5], [7,5]/[13,19], [13,11]/[7,5], [7,5]/[13,11], [13,17]/[7,5], [7,5]/[13,17], [19,5]/[7,5], [7,5]/[19,5], [19,7]/[7,5], [7,5]/[19,7], [19,13]/[7,5], [7,5]/[19,13], [19,11]/[7,5], [7,5]/[19,11], [19,17]/[7,5], [7,5]/[19,17], [11,5]/[7,5], [7,5]/[11,5], [11,7]/[7,5], [7,5]/[11,7], [11,13]/[7,5], [7,5]/[11,13], [11,19]/[7,5], [7,5]/[11,19], [11,11]/[7,5], [7,5]/[11,11], [11,17]/[7,5], [7,5]/[11,17], [17,5]/[7,5], [7,5]/[17,5], [17,7]/[7,5], [7,5]/[17,7], [17,13]/[7,5], [7,5]/[17,13], [17,19]/[7,5], [7,5]/[17,19], [17,11]/[7,5], [7,5]/[17,11], [17,17]/[7,5], [7,5]/[17,17], [7,5]/2, 2/[7,5], [7,5]/3, 3/[7,5], [7,5]/5, 5/[7,5], 1/[7,5], [7,13]/[7,7], [7,7]/[7,13], [7,19]/[7,7], [7,7]/[7,19], [7,11]/[7,7], [7,7]/[7,11], [7,17]/[7,7], [7,7]/[7,17], [13,7]/[7,7], [7,7]/[13,7], [13,13]/[7,7], [7,7]/[13,13], [13,19]/[7,7], [7,7]/[13,19], [13,11]/[7,7], [7,7]/[13,11], [13,17]/[7,7], [7,7]/[13,17], [19,7]/[7,7], [7,7]/[19,7], [19,13]/[7,7], [7,7]/[19,13], [19,11]/[7,7], [7,7]/[19,11], [19,17]/[7,7], [7,7]/[19,17], [11,7]/[7,7], [7,7]/[11,7], [11,13]/[7,7], [7,7]/[11,13], [11,19]/[7,7], [7,7]/[11,19], [11,11]/[7,7], [7,7]/[11,11], [11,17]/[7,7], [7,7]/[11,17], [17,7]/[7,7], [7,7]/[17,7], [17,13]/[7,7], [7,7]/[17,13], [17,19]/[7,7], [7,7]/[17,19], [17,11]/[7,7], [7,7]/[17,11], [17,17]/[7,7], [7,7]/[17,17], [7,7]/2, 2/[7,7], [7,7]/3, 3/[7,7], [7,7]/5, 5/[7,7], 1/[7,7], [7,19]/[7,13], [7,13]/[7,19], [7,13]/[7,11], [7,11]/[7,13], [7,17]/[7,13], [7,13]/[7,17], [13,13]/[7,13], [7,13]/[13,13], [13,19]/[7,13], [7,13]/[13,19], [13,17]/[7,13], [7,13]/[13,17], [19,13]/[7,13], [7,13]/[19,13], [19,17]/[7,13], [7,13]/[19,17], [11,13]/[7,13], [7,13]/[11,13], [11,19]/[7,13], [7,13]/[11,19], [11,17]/[7,13], [7,13]/[11,17], [17,13]/[7,13], [7,13]/[17,13], [17,19]/[7,13], [7,13]/[17,19], [17,17]/[7,13], [7,13]/[17,17], [7,13]/2, 2/[7,13], [7,13]/3, 3/[7,13], [7,13]/5, 5/[7,13], [7,13]/7, 7/[7,13], [7,13]/11, 11/[7,13], 1/[7,13], [7,19]/[7,11], [7,11]/[7,19], [7,19]/[7,17], [7,17]/[7,19], [13,19]/[7,19], [7,19]/[13,19], [11,19]/[7,19], [7,19]/[11,19], [17,19]/[7,19], [7,19]/[17,19], [7,19]/2, 2/[7,19], [7,19]/3, 3/[7,19], [7,19]/5, 5/[7,19], [7,19]/7, 7/[7,19], [7,19]/13, 13/[7,19], [7,19]/11, 11/[7,19], [7,19]/17, 17/[7,19], 1/[7,19], [7,17]/[7,11], [7,11]/[7,17], [13,13]/[7,11], [7,11]/[13,13], [13,19]/[7,11], [7,11]/[13,19], [13,11]/[7,11], [7,11]/[13,11], [13,17]/[7,11], [7,11]/[13,17], [19,13]/[7,11], [7,11]/[19,13], [19,11]/[7,11], [7,11]/[19,11], [19,17]/[7,11], [7,11]/[19,17], [11,13]/[7,11], [7,11]/[11,13], [11,19]/[7,11], [7,11]/[11,19], [11,11]/[7,11], [7,11]/[11,11], [11,17]/[7,11], [7,11]/[11,17], [17,13]/[7,11], [7,11]/[17,13], [17,19]/[7,11], [7,11]/[17,19], [17,11]/[7,11], [7,11]/[17,11], [17,17]/[7,11], [7,11]/[17,17], [7,11]/2, 2/[7,11], [7,11]/3, 3/[7,11], [7,11]/5, 5/[7,11], [7,11]/7, 7/[7,11], 1/[7,11], [13,19]/[7,17], [7,17]/[13,19], [13,17]/[7,17], [7,17]/[13,17], [19,17]/[7,17], [7,17]/[19,17], [11,19]/[7,17], [7,17]/[11,19], [11,17]/[7,17], [7,17]/[11,17], [17,19]/[7,17], [7,17]/[17,19], [17,17]/[7,17], [7,17]/[17,17], [7,17]/2, 2/[7,17], [7,17]/3, 3/[7,17], [7,17]/5, 5/[7,17], [7,17]/7, 7/[7,17], [7,17]/13, 13/[7,17], [7,17]/11, 11/[7,17], 1/[7,17], [13,3]/[13,2], [13,2]/[13,3], [13,5]/[13,2], [13,2]/[13,5], [13,7]/[13,2], [13,2]/[13,7], [13,13]/[13,2], [13,2]/[13,13], [13,19]/[13,2], [13,2]/[13,19], [13,11]/[13,2], [13,2]/[13,11], [13,17]/[13,2], [13,2]/[13,17], [19,2]/[13,2], [13,2]/[19,2], [19,3]/[13,2], [13,2]/[19,3], [19,5]/[13,2], [13,2]/[19,5], [19,7]/[13,2], [13,2]/[19,7], [19,13]/[13,2], [13,2]/[19,13], [19,11]/[13,2], [13,2]/[19,11], [19,17]/[13,2], [13,2]/[19,17], [13,2]/[11,2], [11,2]/[13,2], [17,2]/[13,2], [13,2]/[17,2], [17,3]/[13,2], [13,2]/[17,3], [17,5]/[13,2], [13,2]/[17,5], [17,7]/[13,2], [13,2]/[17,7], [17,13]/[13,2], [13,2]/[17,13], [17,19]/[13,2], [13,2]/[17,19], [17,11]/[13,2], [13,2]/[17,11], [17,17]/[13,2], [13,2]/[17,17], [13,2]/2, 2/[13,2], [[13,2]/2, [13,3]/3, [13,5]/5, [13,7]/7, [13,13]/13, [13,19]/19, [13,11]/11, [13,17]/17], [2/[13,2], 3/[13,3], 5/[13,5], 7/[13,7], 13/[13,13], 19/[13,19], 11/[13,11], 17/[13,17], 1/13], [13,2]/3, 3/[13,2], [13,2]/5, 5/[13,2], [13,2]/7, 7/[13,2], [13,2]/11, 11/[13,2], 1/[13,2], [13,5]/[13,3], [13,3]/[13,5], [13,7]/[13,3], [13,3]/[13,7], [13,13]/[13,3], [13,3]/[13,13], [13,19]/[13,3], [13,3]/[13,19], [13,11]/[13,3], [13,3]/[13,11], [13,17]/[13,3], [13,3]/[13,17], [19,3]/[13,3], [13,3]/[19,3], [19,5]/[13,3], [13,3]/[19,5], [19,7]/[13,3], [13,3]/[19,7], [19,13]/[13,3], [13,3]/[19,13], [19,11]/[13,3], [13,3]/[19,11], [19,17]/[13,3], [13,3]/[19,17], [13,3]/[11,2], [11,2]/[13,3], [13,3]/[11,3], [11,3]/[13,3], [17,3]/[13,3], [13,3]/[17,3], [17,5]/[13,3], [13,3]/[17,5], [17,7]/[13,3], [13,3]/[17,7], [17,13]/[13,3], [13,3]/[17,13], [17,19]/[13,3], [13,3]/[17,19], [17,11]/[13,3], [13,3]/[17,11], [17,17]/[13,3], [13,3]/[17,17], [13,3]/2, 2/[13,3], [13,3]/3, 3/[13,3], [13,3]/5, 5/[13,3], [13,3]/7, 7/[13,3], [13,3]/11, 11/[13,3], 1/[13,3], [13,7]/[13,5], [13,5]/[13,7], [13,13]/[13,5], [13,5]/[13,13], [13,19]/[13,5], [13,5]/[13,19], [13,11]/[13,5], [13,5]/[13,11], [13,17]/[13,5], [13,5]/[13,17], [19,5]/[13,5], [13,5]/[19,5], [19,7]/[13,5], [13,5]/[19,7], [19,13]/[13,5], [13,5]/[19,13], [19,11]/[13,5], [13,5]/[19,11], [19,17]/[13,5], [13,5]/[19,17], [13,5]/[11,2], [11,2]/[13,5], [13,5]/[11,3], [11,3]/[13,5], [13,5]/[11,5], [11,5]/[13,5], [17,5]/[13,5], [13,5]/[17,5], [17,7]/[13,5], [13,5]/[17,7], [17,13]/[13,5], [13,5]/[17,13], [17,19]/[13,5], [13,5]/[17,19], [17,11]/[13,5], [13,5]/[17,11], [17,17]/[13,5], [13,5]/[17,17], [13,5]/2, 2/[13,5], [13,5]/3, 3/[13,5], [13,5]/5, 5/[13,5], [13,5]/7, 7/[13,5], [13,5]/11, 11/[13,5], 1/[13,5], [13,13]/[13,7], [13,7]/[13,13], [13,19]/[13,7], [13,7]/[13,19], [13,11]/[13,7], [13,7]/[13,11], [13,17]/[13,7], [13,7]/[13,17], [19,7]/[13,7], [13,7]/[19,7], [19,13]/[13,7], [13,7]/[19,13], [19,11]/[13,7], [13,7]/[19,11], [19,17]/[13,7], [13,7]/[19,17], [13,7]/[11,2], [11,2]/[13,7], [13,7]/[11,3], [11,3]/[13,7], [13,7]/[11,5], [11,5]/[13,7], [13,7]/[11,7], [11,7]/[13,7], [17,7]/[13,7], [13,7]/[17,7], [17,13]/[13,7], [13,7]/[17,13], [17,19]/[13,7], [13,7]/[17,19], [17,11]/[13,7], [13,7]/[17,11], [17,17]/[13,7], [13,7]/[17,17], [13,7]/2, 2/[13,7], [13,7]/3, 3/[13,7], [13,7]/5, 5/[13,7], [13,7]/7, 7/[13,7], [13,7]/11, 11/[13,7], 1/[13,7], [13,19]/[13,13], [13,13]/[13,19], [13,13]/[13,11], [13,11]/[13,13], [13,17]/[13,13], [13,13]/[13,17], [19,13]/[13,13], [13,13]/[19,13], [19,17]/[13,13], [13,13]/[19,17], [13,13]/[11,2], [11,2]/[13,13], [13,13]/[11,3], [11,3]/[13,13], [13,13]/[11,5], [11,5]/[13,13], [13,13]/[11,7], [11,7]/[13,13], [13,13]/[11,13], [11,13]/[13,13], [13,13]/[11,11], [11,11]/[13,13], [17,13]/[13,13], [13,13]/[17,13], [17,19]/[13,13], [13,13]/[17,19], [17,17]/[13,13], [13,13]/[17,17], [13,13]/2, 2/[13,13], [13,13]/3, 3/[13,13], [13,13]/5, 5/[13,13], [13,13]/7, 7/[13,13], [13,13]/11, 11/[13,13], 1/[13,13], [13,19]/[13,11], [13,11]/[13,19], [13,19]/[13,17], [13,17]/[13,19], [13,19]/[11,2], [11,2]/[13,19], [13,19]/[11,3], [11,3]/[13,19], [13,19]/[11,5], [11,5]/[13,19], [13,19]/[11,7], [11,7]/[13,19], [13,19]/[11,13], [11,13]/[13,19], [13,19]/[11,19], [11,19]/[13,19], [13,19]/[11,11], [11,11]/[13,19], [13,19]/[11,17], [11,17]/[13,19], [17,19]/[13,19], [13,19]/[17,19], [13,19]/2, 2/[13,19], [13,19]/3, 3/[13,19], [13,19]/5, 5/[13,19], [13,19]/7, 7/[13,19], [13,19]/13, 13/[13,19], [13,19]/11, 11/[13,19], [13,19]/17, 17/[13,19], 1/[13,19], [13,17]/[13,11], [13,11]/[13,17], [19,13]/[13,11], [13,11]/[19,13], [19,11]/[13,11], [13,11]/[19,11], [19,17]/[13,11], [13,11]/[19,17], [13,11]/[11,2], [11,2]/[13,11], [13,11]/[11,3], [11,3]/[13,11], [13,11]/[11,5], [11,5]/[13,11], [13,11]/[11,7], [11,7]/[13,11], [13,11]/[11,11], [11,11]/[13,11], [17,13]/[13,11], [13,11]/[17,13], [17,19]/[13,11], [13,11]/[17,19], [17,11]/[13,11], [13,11]/[17,11], [17,17]/[13,11], [13,11]/[17,17], [13,11]/2, 2/[13,11], [13,11]/3, 3/[13,11], [13,11]/5, 5/[13,11], [13,11]/7, 7/[13,11], [13,11]/11, 11/[13,11], 1/[13,11], [19,17]/[13,17], [13,17]/[19,17], [13,17]/[11,2], [11,2]/[13,17], [13,17]/[11,3], [11,3]/[13,17], [13,17]/[11,5], [11,5]/[13,17], [13,17]/[11,7], [11,7]/[13,17], [13,17]/[11,13], [11,13]/[13,17], [13,17]/[11,11], [11,11]/[13,17], [13,17]/[11,17], [11,17]/[13,17], [17,19]/[13,17], [13,17]/[17,19], [17,17]/[13,17], [13,17]/[17,17], [13,17]/2, 2/[13,17], [13,17]/3, 3/[13,17], [13,17]/5, 5/[13,17], [13,17]/7, 7/[13,17], [13,17]/13, 13/[13,17], [13,17]/11, 11/[13,17], 1/[13,17], [19,3]/[19,2], [19,2]/[19,3], [19,5]/[19,2], [19,2]/[19,5], [19,7]/[19,2], [19,2]/[19,7], [19,13]/[19,2], [19,2]/[19,13], [19,11]/[19,2], [19,2]/[19,11], [19,17]/[19,2], [19,2]/[19,17], [19,2]/[11,2], [11,2]/[19,2], [19,2]/[17,2], [17,2]/[19,2], [19,2]/2, 2/[19,2], [19,2]/3, 3/[19,2], [19,2]/5, 5/[19,2], [19,2]/7, 7/[19,2], [19,2]/13, 13/[19,2], [19,2]/11, 11/[19,2], [19,2]/17, 17/[19,2], 1/[19,2], [19,5]/[19,3], [19,3]/[19,5], [19,7]/[19,3], [19,3]/[19,7], [19,13]/[19,3], [19,3]/[19,13], [19,11]/[19,3], [19,3]/[19,11], [19,17]/[19,3], [19,3]/[19,17], [19,3]/[11,2], [11,2]/[19,3], [19,3]/[11,3], [11,3]/[19,3], [19,3]/[17,2], [17,2]/[19,3], [19,3]/[17,3], [17,3]/[19,3], [19,3]/2, 2/[19,3], [19,3]/3, 3/[19,3], [19,3]/5, 5/[19,3], [19,3]/7, 7/[19,3], [19,3]/13, 13/[19,3], [19,3]/11, 11/[19,3], [19,3]/17, 17/[19,3], 1/[19,3], [19,7]/[19,5], [19,5]/[19,7], [19,13]/[19,5], [19,5]/[19,13], [19,11]/[19,5], [19,5]/[19,11], [19,17]/[19,5], [19,5]/[19,17], [19,5]/[11,2], [11,2]/[19,5], [19,5]/[11,3], [11,3]/[19,5], [19,5]/[11,5], [11,5]/[19,5], [19,5]/[17,2], [17,2]/[19,5], [19,5]/[17,3], [17,3]/[19,5], [19,5]/[17,5], [17,5]/[19,5], [19,5]/2, 2/[19,5], [19,5]/3, 3/[19,5], [19,5]/5, 5/[19,5], [19,5]/7, 7/[19,5], [19,5]/13, 13/[19,5], [19,5]/11, 11/[19,5], [19,5]/17, 17/[19,5], 1/[19,5], [19,13]/[19,7], [19,7]/[19,13], [19,11]/[19,7], [19,7]/[19,11], [19,17]/[19,7], [19,7]/[19,17], [19,7]/[11,2], [11,2]/[19,7], [19,7]/[11,3], [11,3]/[19,7], [19,7]/[11,5], [11,5]/[19,7], [19,7]/[11,7], [11,7]/[19,7], [19,7]/[17,2], [17,2]/[19,7], [19,7]/[17,3], [17,3]/[19,7], [19,7]/[17,5], [17,5]/[19,7], [19,7]/[17,7], [17,7]/[19,7], [19,7]/2, 2/[19,7], [19,7]/3, 3/[19,7], [19,7]/5, 5/[19,7], [19,7]/7, 7/[19,7], [19,7]/13, 13/[19,7], [19,7]/11, 11/[19,7], [19,7]/17, 17/[19,7], 1/[19,7], [19,13]/[19,11], [19,11]/[19,13], [19,17]/[19,13], [19,13]/[19,17], [19,13]/[11,2], [11,2]/[19,13], [19,13]/[11,3], [11,3]/[19,13], [19,13]/[11,5], [11,5]/[19,13], [19,13]/[11,7], [11,7]/[19,13], [19,13]/[11,13], [11,13]/[19,13], [19,13]/[11,11], [11,11]/[19,13], [19,13]/[17,2], [17,2]/[19,13], [19,13]/[17,3], [17,3]/[19,13], [19,13]/[17,5], [17,5]/[19,13], [19,13]/[17,7], [17,7]/[19,13], [19,13]/[17,13], [17,13]/[19,13], [19,13]/[17,11], [17,11]/[19,13], [19,13]/2, 2/[19,13], [19,13]/3, 3/[19,13], [19,13]/5, 5/[19,13], [19,13]/7, 7/[19,13], [19,13]/13, 13/[19,13], [19,13]/11, 11/[19,13], [19,13]/17, 17/[19,13], 1/[19,13], [19,17]/[19,11], [19,11]/[19,17], [19,11]/[11,2], [11,2]/[19,11], [19,11]/[11,3], [11,3]/[19,11], [19,11]/[11,5], [11,5]/[19,11], [19,11]/[11,7], [11,7]/[19,11], [19,11]/[11,11], [11,11]/[19,11], [19,11]/[17,2], [17,2]/[19,11], [19,11]/[17,3], [17,3]/[19,11], [19,11]/[17,5], [17,5]/[19,11], [19,11]/[17,7], [17,7]/[19,11], [19,11]/[17,11], [17,11]/[19,11], [19,11]/2, 2/[19,11], [19,11]/3, 3/[19,11], [19,11]/5, 5/[19,11], [19,11]/7, 7/[19,11], [19,11]/13, 13/[19,11], [19,11]/11, 11/[19,11], [19,11]/17, 17/[19,11], 1/[19,11], [19,17]/[11,2], [11,2]/[19,17], [19,17]/[11,3], [11,3]/[19,17], [19,17]/[11,5], [11,5]/[19,17], [19,17]/[11,7], [11,7]/[19,17], [19,17]/[11,13], [11,13]/[19,17], [19,17]/[11,11], [11,11]/[19,17], [19,17]/[11,17], [11,17]/[19,17], [19,17]/[17,2], [17,2]/[19,17], [19,17]/[17,3], [17,3]/[19,17], [19,17]/[17,5], [17,5]/[19,17], [19,17]/[17,7], [17,7]/[19,17], [19,17]/[17,13], [17,13]/[19,17], [19,17]/[17,11], [17,11]/[19,17], [19,17]/[17,17], [17,17]/[19,17], [19,17]/2, 2/[19,17], [19,17]/3, 3/[19,17], [19,17]/5, 5/[19,17], [19,17]/7, 7/[19,17], [19,17]/13, 13/[19,17], [19,17]/11, 11/[19,17], [19,17]/17, 17/[19,17], 1/[19,17], [11,3]/[11,2], [11,2]/[11,3], [11,5]/[11,2], [11,2]/[11,5], [11,7]/[11,2], [11,2]/[11,7], [11,13]/[11,2], [11,2]/[11,13], [11,19]/[11,2], [11,2]/[11,19], [11,11]/[11,2], [11,2]/[11,11], [11,17]/[11,2], [11,2]/[11,17], [17,2]/[11,2], [11,2]/[17,2], [17,3]/[11,2], [11,2]/[17,3], [17,5]/[11,2], [11,2]/[17,5], [17,7]/[11,2], [11,2]/[17,7], [17,13]/[11,2], [11,2]/[17,13], [17,19]/[11,2], [11,2]/[17,19], [17,11]/[11,2], [11,2]/[17,11], [17,17]/[11,2], [11,2]/[17,17], [11,2]/2, 2/[11,2], [[11,2]/2, [11,3]/3, [11,5]/5, [11,7]/7, [11,13]/13, [11,19]/19, [11,11]/11, [11,17]/17], [2/[11,2], 3/[11,3], 5/[11,5], 7/[11,7], 13/[11,13], 19/[11,19], 11/[11,11], 17/[11,17], 1/11], [11,2]/3, 3/[11,2], [11,2]/5, 5/[11,2], [11,2]/7, 7/[11,2], 1/[11,2], [11,5]/[11,3], [11,3]/[11,5], [11,7]/[11,3], [11,3]/[11,7], [11,13]/[11,3], [11,3]/[11,13], [11,19]/[11,3], [11,3]/[11,19], [11,11]/[11,3], [11,3]/[11,11], [11,17]/[11,3], [11,3]/[11,17], [17,3]/[11,3], [11,3]/[17,3], [17,5]/[11,3], [11,3]/[17,5], [17,7]/[11,3], [11,3]/[17,7], [17,13]/[11,3], [11,3]/[17,13], [17,19]/[11,3], [11,3]/[17,19], [17,11]/[11,3], [11,3]/[17,11], [17,17]/[11,3], [11,3]/[17,17], [11,3]/2, 2/[11,3], [11,3]/3, 3/[11,3], [11,3]/5, 5/[11,3], [11,3]/7, 7/[11,3], 1/[11,3], [11,7]/[11,5], [11,5]/[11,7], [11,13]/[11,5], [11,5]/[11,13], [11,19]/[11,5], [11,5]/[11,19], [11,11]/[11,5], [11,5]/[11,11], [11,17]/[11,5], [11,5]/[11,17], [17,5]/[11,5], [11,5]/[17,5], [17,7]/[11,5], [11,5]/[17,7], [17,13]/[11,5], [11,5]/[17,13], [17,19]/[11,5], [11,5]/[17,19], [17,11]/[11,5], [11,5]/[17,11], [17,17]/[11,5], [11,5]/[17,17], [11,5]/2, 2/[11,5], [11,5]/3, 3/[11,5], [11,5]/5, 5/[11,5], [11,5]/7, 7/[11,5], 1/[11,5], [11,13]/[11,7], [11,7]/[11,13], [11,19]/[11,7], [11,7]/[11,19], [11,11]/[11,7], [11,7]/[11,11], [11,17]/[11,7], [11,7]/[11,17], [17,7]/[11,7], [11,7]/[17,7], [17,13]/[11,7], [11,7]/[17,13], [17,19]/[11,7], [11,7]/[17,19], [17,11]/[11,7], [11,7]/[17,11], [17,17]/[11,7], [11,7]/[17,17], [11,7]/2, 2/[11,7], [11,7]/3, 3/[11,7], [11,7]/5, 5/[11,7], [11,7]/7, 7/[11,7], 1/[11,7], [11,19]/[11,13], [11,13]/[11,19], [11,13]/[11,11], [11,11]/[11,13], [11,17]/[11,13], [11,13]/[11,17], [17,13]/[11,13], [11,13]/[17,13], [17,19]/[11,13], [11,13]/[17,19], [17,17]/[11,13], [11,13]/[17,17], [11,13]/2, 2/[11,13], [11,13]/3, 3/[11,13], [11,13]/5, 5/[11,13], [11,13]/7, 7/[11,13], [11,13]/11, 11/[11,13], 1/[11,13], [11,19]/[11,11], [11,11]/[11,19], [11,19]/[11,17], [11,17]/[11,19], [17,19]/[11,19], [11,19]/[17,19], [11,19]/2, 2/[11,19], [11,19]/3, 3/[11,19], [11,19]/5, 5/[11,19], [11,19]/7, 7/[11,19], [11,19]/13, 13/[11,19], [11,19]/11, 11/[11,19], [11,19]/17, 17/[11,19], 1/[11,19], [11,17]/[11,11], [11,11]/[11,17], [17,13]/[11,11], [11,11]/[17,13], [17,19]/[11,11], [11,11]/[17,19], [17,11]/[11,11], [11,11]/[17,11], [17,17]/[11,11], [11,11]/[17,17], [11,11]/2, 2/[11,11], [11,11]/3, 3/[11,11], [11,11]/5, 5/[11,11], [11,11]/7, 7/[11,11], 1/[11,11], [17,19]/[11,17], [11,17]/[17,19], [17,17]/[11,17], [11,17]/[17,17], [11,17]/2, 2/[11,17], [11,17]/3, 3/[11,17], [11,17]/5, 5/[11,17], [11,17]/7, 7/[11,17], [11,17]/13, 13/[11,17], [11,17]/11, 11/[11,17], 1/[11,17], [17,3]/[17,2], [17,2]/[17,3], [17,5]/[17,2], [17,2]/[17,5], [17,7]/[17,2], [17,2]/[17,7], [17,13]/[17,2], [17,2]/[17,13], [17,19]/[17,2], [17,2]/[17,19], [17,11]/[17,2], [17,2]/[17,11], [17,17]/[17,2], [17,2]/[17,17], [17,2]/2, 2/[17,2], [[17,2]/2, [17,3]/3, [17,5]/5, [17,7]/7, [17,13]/13, [17,19]/19, [17,11]/11, [17,17]/17], [2/[17,2], 3/[17,3], 5/[17,5], 7/[17,7], 13/[17,13], 19/[17,19], 11/[17,11], 17/[17,17], 1/17], [17,2]/3, 3/[17,2], [17,2]/5, 5/[17,2], [17,2]/7, 7/[17,2], [17,2]/13, 13/[17,2], [17,2]/11, 11/[17,2], 1/[17,2], [17,5]/[17,3], [17,3]/[17,5], [17,7]/[17,3], [17,3]/[17,7], [17,13]/[17,3], [17,3]/[17,13], [17,19]/[17,3], [17,3]/[17,19], [17,11]/[17,3], [17,3]/[17,11], [17,17]/[17,3], [17,3]/[17,17], [17,3]/2, 2/[17,3], [17,3]/3, 3/[17,3], [17,3]/5, 5/[17,3], [17,3]/7, 7/[17,3], [17,3]/13, 13/[17,3], [17,3]/11, 11/[17,3], 1/[17,3], [17,7]/[17,5], [17,5]/[17,7], [17,13]/[17,5], [17,5]/[17,13], [17,19]/[17,5], [17,5]/[17,19], [17,11]/[17,5], [17,5]/[17,11], [17,17]/[17,5], [17,5]/[17,17], [17,5]/2, 2/[17,5], [17,5]/3, 3/[17,5], [17,5]/5, 5/[17,5], [17,5]/7, 7/[17,5], [17,5]/13, 13/[17,5], [17,5]/11, 11/[17,5], 1/[17,5], [17,13]/[17,7], [17,7]/[17,13], [17,19]/[17,7], [17,7]/[17,19], [17,11]/[17,7], [17,7]/[17,11], [17,17]/[17,7], [17,7]/[17,17], [17,7]/2, 2/[17,7], [17,7]/3, 3/[17,7], [17,7]/5, 5/[17,7], [17,7]/7, 7/[17,7], [17,7]/13, 13/[17,7], [17,7]/11, 11/[17,7], 1/[17,7], [17,19]/[17,13], [17,13]/[17,19], [17,13]/[17,11], [17,11]/[17,13], [17,17]/[17,13], [17,13]/[17,17], [17,13]/2, 2/[17,13], [17,13]/3, 3/[17,13], [17,13]/5, 5/[17,13], [17,13]/7, 7/[17,13], [17,13]/13, 13/[17,13], [17,13]/11, 11/[17,13], 1/[17,13], [17,19]/[17,11], [17,11]/[17,19], [17,19]/[17,17], [17,17]/[17,19], [17,19]/2, 2/[17,19], [17,19]/3, 3/[17,19], [17,19]/5, 5/[17,19], [17,19]/7, 7/[17,19], [17,19]/13, 13/[17,19], [17,19]/11, 11/[17,19], [17,19]/17, 17/[17,19], 1/[17,19], [17,17]/[17,11], [17,11]/[17,17], [17,11]/2, 2/[17,11], [17,11]/3, 3/[17,11], [17,11]/5, 5/[17,11], [17,11]/7, 7/[17,11], [17,11]/13, 13/[17,11], [17,11]/11, 11/[17,11], 1/[17,11], [17,17]/2, 2/[17,17], [17,17]/3, 3/[17,17], [17,17]/5, 5/[17,17], [17,17]/7, 7/[17,17], [17,17]/13, 13/[17,17], [17,17]/11, 11/[17,17], 1/[17,17], 3/2, 2/3, 5/2, 2/5, 7/2, 2/7, 13/2, 2/13, 19/2, 2/19, 11/2, 2/11, 17/2, 2/17, 5/3, 3/5, 7/3, 3/7, 13/3, 3/13, 19/3, 3/19, 11/3, 3/11, 17/3, 3/17, 7/5, 5/7, 13/5, 5/13, 19/5, 5/19, 11/5, 5/11, 17/5, 5/17, 13/7, 7/13, 19/7, 7/19, 11/7, 7/11, 17/7, 7/17, 19/13, 13/19, 13/11, 11/13, 17/13, 13/17, 19/11, 11/19, 19/17, 17/19, 17/11, 11/17), Pn(115)}
limit of the container: O157/[19,19] = MM[O157] (1D) over MM[19,19] (2D)
rail after: 2 3 5 7 13 19 11 17 23 29 31 41 37 43 47 59 61 103 53 71 89 67 83 109 149 79 127 73 107 131 97 157 O76 O77 O78 O79 O80 O81 O82 O83 O84 O85 O86 O87 O88 O89 O90 O91 O92 O93 O94 O95 O96 O97 O98 O99 O100 O101 O102 O103 O104 O105 O106 O107 O108 O109 O110 O111 O112 O113 O114 O115 O116 O117 O118 O119 O120 O121 O122 O123 O124 O125 O126 O127 O128 O129 O130 O131 O132 O133 O134 O135 O136 O137 O138 O139 O140 O141 O142 O143 O144 O145 O146 O147 O148 O149 O150 O151 O152 O153 O154 O155 O156 O157 O158
seal sha256 6675dc08733d72e271898543e98d512f0652f781e28654ed73b6f43d48edcc17
