format=v2.mm.cycle.v4 dimension=2 cycle=8  (order matters; every direction +)
container MM[17,17]
held:
  [17,17]   whole  MM[17,17] (2D)       seats (0,0) (0,1) (0,2) (0,3) (0,4) (0,5) (0,6) (0,7) (0,8) (0,9) (0,10) (0,11) (0,12) (0,13) (0,14) (0,15) (0,16) (1,0) (1,1) (1,2) (1,3) (1,4) (1,5) (1,6) (1,7) (1,8) (1,9) (1,10) (1,11) (1,12) (1,13) (1,14) (1,15) (1,16) (2,0) (2,1) (2,2) (2,3) (2,4) (2,5) (2,6) (2,7) (2,8) (2,9) (2,10) (2,11) (2,12) (2,13) (2,14) (2,15) (2,16) (3,0) (3,1) (3,2) (3,3) (3,4) (3,5) (3,6) (3,7) (3,8) (3,9) (3,10) (3,11) (3,12) (3,13) (3,14) (3,15) (3,16) (4,0) (4,1) (4,2) (4,3) (4,4) (4,5) (4,6) (4,7) (4,8) (4,9) (4,10) (4,11) (4,12) (4,13) (4,14) (4,15) (4,16) (5,0) (5,1) (5,2) (5,3) (5,4) (5,5) (5,6) (5,7) (5,8) (5,9) (5,10) (5,11) (5,12) (5,13) (5,14) (5,15) (5,16) (6,0) (6,1) (6,2) (6,3) (6,4) (6,5) (6,6) (6,7) (6,8) (6,9) (6,10) (6,11) (6,12) (6,13) (6,14) (6,15) (6,16) (7,0) (7,1) (7,2) (7,3) (7,4) (7,5) (7,6) (7,7) (7,8) (7,9) (7,10) (7,11) (7,12) (7,13) (7,14) (7,15) (7,16) (8,0) (8,1) (8,2) (8,3) (8,4) (8,5) (8,6) (8,7) (8,8) (8,9) (8,10) (8,11) (8,12) (8,13) (8,14) (8,15) (8,16) (9,0) (9,1) (9,2) (9,3) (9,4) (9,5) (9,6) (9,7) (9,8) (9,9) (9,10) (9,11) (9,12) (9,13) (9,14) (9,15) (9,16) (10,0) (10,1) (10,2) (10,3) (10,4) (10,5) (10,6) (10,7) (10,8) (10,9) (10,10) (10,11) (10,12) (10,13) (10,14) (10,15) (10,16) (11,0) (11,1) (11,2) (11,3) (11,4) (11,5) (11,6) (11,7) (11,8) (11,9) (11,10) (11,11) (11,12) (11,13) (11,14) (11,15) (11,16) (12,0) (12,1) (12,2) (12,3) (12,4) (12,5) (12,6) (12,7) (12,8) (12,9) (12,10) (12,11) (12,12) (12,13) (12,14) (12,15) (12,16) (13,0) (13,1) (13,2) (13,3) (13,4) (13,5) (13,6) (13,7) (13,8) (13,9) (13,10) (13,11) (13,12) (13,13) (13,14) (13,15) (13,16) (14,0) (14,1) (14,2) (14,3) (14,4) (14,5) (14,6) (14,7) (14,8) (14,9) (14,10) (14,11) (14,12) (14,13) (14,14) (14,15) (14,16) (15,0) (15,1) (15,2) (15,3) (15,4) (15,5) (15,6) (15,7) (15,8) (15,9) (15,10) (15,11) (15,12) (15,13) (15,14) (15,15) (15,16) (16,0) (16,1) (16,2) (16,3) (16,4) (16,5) (16,6) (16,7) (16,8) (16,9) (16,10) (16,11) (16,12) (16,13) (16,14) (16,15) (16,16)
  4         table  MM[2,2] (2D)         seats (0,0) (0,1) (1,0) (1,1)
  [2,3]     table  MM[2,3] (2D)         seats (0,0) (0,1) (0,2) (1,0) (1,1) (1,2)
  [2,5]     table  MM[2,5] (2D)         seats (0,0) (0,1) (0,2) (0,3) (0,4) (1,0) (1,1) (1,2) (1,3) (1,4)
  [2,7]     table  MM[2,7] (2D)         seats (0,0) (0,1) (0,2) (0,3) (0,4) (0,5) (0,6) (1,0) (1,1) (1,2) (1,3) (1,4) (1,5) (1,6)
  [2,13]    table  MM[2,13] (2D)        seats (0,0) (0,1) (0,2) (0,3) (0,4) (0,5) (0,6) (0,7) (0,8) (0,9) (0,10) (0,11) (0,12) (1,0) (1,1) (1,2) (1,3) (1,4) (1,5) (1,6) (1,7) (1,8) (1,9) (1,10) (1,11) (1,12)
  [2,11]    table  MM[2,11] (2D)        seats (0,0) (0,1) (0,2) (0,3) (0,4) (0,5) (0,6) (0,7) (0,8) (0,9) (0,10) (1,0) (1,1) (1,2) (1,3) (1,4) (1,5) (1,6) (1,7) (1,8) (1,9) (1,10)
  [2,17]    table  MM[2,17] (2D)        seats (0,0) (0,1) (0,2) (0,3) (0,4) (0,5) (0,6) (0,7) (0,8) (0,9) (0,10) (0,11) (0,12) (0,13) (0,14) (0,15) (0,16) (1,0) (1,1) (1,2) (1,3) (1,4) (1,5) (1,6) (1,7) (1,8) (1,9) (1,10) (1,11) (1,12) (1,13) (1,14) (1,15) (1,16)
  [3,2]     table  MM[3,2] (2D)         seats (0,0) (0,1) (1,0) (1,1) (2,0) (2,1)
  [3,3]     table  MM[3,3] (2D)         seats (0,0) (0,1) (0,2) (1,0) (1,1) (1,2) (2,0) (2,1) (2,2)
  [3,5]     table  MM[3,5] (2D)         seats (0,0) (0,1) (0,2) (0,3) (0,4) (1,0) (1,1) (1,2) (1,3) (1,4) (2,0) (2,1) (2,2) (2,3) (2,4)
  [3,7]     table  MM[3,7] (2D)         seats (0,0) (0,1) (0,2) (0,3) (0,4) (0,5) (0,6) (1,0) (1,1) (1,2) (1,3) (1,4) (1,5) (1,6) (2,0) (2,1) (2,2) (2,3) (2,4) (2,5) (2,6)
  [3,13]    table  MM[3,13] (2D)        seats (0,0) (0,1) (0,2) (0,3) (0,4) (0,5) (0,6) (0,7) (0,8) (0,9) (0,10) (0,11) (0,12) (1,0) (1,1) (1,2) (1,3) (1,4) (1,5) (1,6) (1,7) (1,8) (1,9) (1,10) (1,11) (1,12) (2,0) (2,1) (2,2) (2,3) (2,4) (2,5) (2,6) (2,7) (2,8) (2,9) (2,10) (2,11) (2,12)
  [3,11]    table  MM[3,11] (2D)        seats (0,0) (0,1) (0,2) (0,3) (0,4) (0,5) (0,6) (0,7) (0,8) (0,9) (0,10) (1,0) (1,1) (1,2) (1,3) (1,4) (1,5) (1,6) (1,7) (1,8) (1,9) (1,10) (2,0) (2,1) (2,2) (2,3) (2,4) (2,5) (2,6) (2,7) (2,8) (2,9) (2,10)
  [3,17]    table  MM[3,17] (2D)        seats (0,0) (0,1) (0,2) (0,3) (0,4) (0,5) (0,6) (0,7) (0,8) (0,9) (0,10) (0,11) (0,12) (0,13) (0,14) (0,15) (0,16) (1,0) (1,1) (1,2) (1,3) (1,4) (1,5) (1,6) (1,7) (1,8) (1,9) (1,10) (1,11) (1,12) (1,13) (1,14) (1,15) (1,16) (2,0) (2,1) (2,2) (2,3) (2,4) (2,5) (2,6) (2,7) (2,8) (2,9) (2,10) (2,11) (2,12) (2,13) (2,14) (2,15) (2,16)
  [5,2]     table  MM[5,2] (2D)         seats (0,0) (0,1) (1,0) (1,1) (2,0) (2,1) (3,0) (3,1) (4,0) (4,1)
  [5,3]     table  MM[5,3] (2D)         seats (0,0) (0,1) (0,2) (1,0) (1,1) (1,2) (2,0) (2,1) (2,2) (3,0) (3,1) (3,2) (4,0) (4,1) (4,2)
  [5,5]     table  MM[5,5] (2D)         seats (0,0) (0,1) (0,2) (0,3) (0,4) (1,0) (1,1) (1,2) (1,3) (1,4) (2,0) (2,1) (2,2) (2,3) (2,4) (3,0) (3,1) (3,2) (3,3) (3,4) (4,0) (4,1) (4,2) (4,3) (4,4)
  [5,7]     table  MM[5,7] (2D)         seats (0,0) (0,1) (0,2) (0,3) (0,4) (0,5) (0,6) (1,0) (1,1) (1,2) (1,3) (1,4) (1,5) (1,6) (2,0) (2,1) (2,2) (2,3) (2,4) (2,5) (2,6) (3,0) (3,1) (3,2) (3,3) (3,4) (3,5) (3,6) (4,0) (4,1) (4,2) (4,3) (4,4) (4,5) (4,6)
  [5,13]    table  MM[5,13] (2D)        seats (0,0) (0,1) (0,2) (0,3) (0,4) (0,5) (0,6) (0,7) (0,8) (0,9) (0,10) (0,11) (0,12) (1,0) (1,1) (1,2) (1,3) (1,4) (1,5) (1,6) (1,7) (1,8) (1,9) (1,10) (1,11) (1,12) (2,0) (2,1) (2,2) (2,3) (2,4) (2,5) (2,6) (2,7) (2,8) (2,9) (2,10) (2,11) (2,12) (3,0) (3,1) (3,2) (3,3) (3,4) (3,5) (3,6) (3,7) (3,8) (3,9) (3,10) (3,11) (3,12) (4,0) (4,1) (4,2) (4,3) (4,4) (4,5) (4,6) (4,7) (4,8) (4,9) (4,10) (4,11) (4,12)
  [5,11]    table  MM[5,11] (2D)        seats (0,0) (0,1) (0,2) (0,3) (0,4) (0,5) (0,6) (0,7) (0,8) (0,9) (0,10) (1,0) (1,1) (1,2) (1,3) (1,4) (1,5) (1,6) (1,7) (1,8) (1,9) (1,10) (2,0) (2,1) (2,2) (2,3) (2,4) (2,5) (2,6) (2,7) (2,8) (2,9) (2,10) (3,0) (3,1) (3,2) (3,3) (3,4) (3,5) (3,6) (3,7) (3,8) (3,9) (3,10) (4,0) (4,1) (4,2) (4,3) (4,4) (4,5) (4,6) (4,7) (4,8) (4,9) (4,10)
  [5,17]    table  MM[5,17] (2D)        seats (0,0) (0,1) (0,2) (0,3) (0,4) (0,5) (0,6) (0,7) (0,8) (0,9) (0,10) (0,11) (0,12) (0,13) (0,14) (0,15) (0,16) (1,0) (1,1) (1,2) (1,3) (1,4) (1,5) (1,6) (1,7) (1,8) (1,9) (1,10) (1,11) (1,12) (1,13) (1,14) (1,15) (1,16) (2,0) (2,1) (2,2) (2,3) (2,4) (2,5) (2,6) (2,7) (2,8) (2,9) (2,10) (2,11) (2,12) (2,13) (2,14) (2,15) (2,16) (3,0) (3,1) (3,2) (3,3) (3,4) (3,5) (3,6) (3,7) (3,8) (3,9) (3,10) (3,11) (3,12) (3,13) (3,14) (3,15) (3,16) (4,0) (4,1) (4,2) (4,3) (4,4) (4,5) (4,6) (4,7) (4,8) (4,9) (4,10) (4,11) (4,12) (4,13) (4,14) (4,15) (4,16)
  [7,2]     table  MM[7,2] (2D)         seats (0,0) (0,1) (1,0) (1,1) (2,0) (2,1) (3,0) (3,1) (4,0) (4,1) (5,0) (5,1) (6,0) (6,1)
  [7,3]     table  MM[7,3] (2D)         seats (0,0) (0,1) (0,2) (1,0) (1,1) (1,2) (2,0) (2,1) (2,2) (3,0) (3,1) (3,2) (4,0) (4,1) (4,2) (5,0) (5,1) (5,2) (6,0) (6,1) (6,2)
  [7,5]     table  MM[7,5] (2D)         seats (0,0) (0,1) (0,2) (0,3) (0,4) (1,0) (1,1) (1,2) (1,3) (1,4) (2,0) (2,1) (2,2) (2,3) (2,4) (3,0) (3,1) (3,2) (3,3) (3,4) (4,0) (4,1) (4,2) (4,3) (4,4) (5,0) (5,1) (5,2) (5,3) (5,4) (6,0) (6,1) (6,2) (6,3) (6,4)
  [7,7]     table  MM[7,7] (2D)         seats (0,0) (0,1) (0,2) (0,3) (0,4) (0,5) (0,6) (1,0) (1,1) (1,2) (1,3) (1,4) (1,5) (1,6) (2,0) (2,1) (2,2) (2,3) (2,4) (2,5) (2,6) (3,0) (3,1) (3,2) (3,3) (3,4) (3,5) (3,6) (4,0) (4,1) (4,2) (4,3) (4,4) (4,5) (4,6) (5,0) (5,1) (5,2) (5,3) (5,4) (5,5) (5,6) (6,0) (6,1) (6,2) (6,3) (6,4) (6,5) (6,6)
  [7,13]    table  MM[7,13] (2D)        seats (0,0) (0,1) (0,2) (0,3) (0,4) (0,5) (0,6) (0,7) (0,8) (0,9) (0,10) (0,11) (0,12) (1,0) (1,1) (1,2) (1,3) (1,4) (1,5) (1,6) (1,7) (1,8) (1,9) (1,10) (1,11) (1,12) (2,0) (2,1) (2,2) (2,3) (2,4) (2,5) (2,6) (2,7) (2,8) (2,9) (2,10) (2,11) (2,12) (3,0) (3,1) (3,2) (3,3) (3,4) (3,5) (3,6) (3,7) (3,8) (3,9) (3,10) (3,11) (3,12) (4,0) (4,1) (4,2) (4,3) (4,4) (4,5) (4,6) (4,7) (4,8) (4,9) (4,10) (4,11) (4,12) (5,0) (5,1) (5,2) (5,3) (5,4) (5,5) (5,6) (5,7) (5,8) (5,9) (5,10) (5,11) (5,12) (6,0) (6,1) (6,2) (6,3) (6,4) (6,5) (6,6) (6,7) (6,8) (6,9) (6,10) (6,11) (6,12)
  [7,11]    table  MM[7,11] (2D)        seats (0,0) (0,1) (0,2) (0,3) (0,4) (0,5) (0,6) (0,7) (0,8) (0,9) (0,10) (1,0) (1,1) (1,2) (1,3) (1,4) (1,5) (1,6) (1,7) (1,8) (1,9) (1,10) (2,0) (2,1) (2,2) (2,3) (2,4) (2,5) (2,6) (2,7) (2,8) (2,9) (2,10) (3,0) (3,1) (3,2) (3,3) (3,4) (3,5) (3,6) (3,7) (3,8) (3,9) (3,10) (4,0) (4,1) (4,2) (4,3) (4,4) (4,5) (4,6) (4,7) (4,8) (4,9) (4,10) (5,0) (5,1) (5,2) (5,3) (5,4) (5,5) (5,6) (5,7) (5,8) (5,9) (5,10) (6,0) (6,1) (6,2) (6,3) (6,4) (6,5) (6,6) (6,7) (6,8) (6,9) (6,10)
  [7,17]    table  MM[7,17] (2D)        seats (0,0) (0,1) (0,2) (0,3) (0,4) (0,5) (0,6) (0,7) (0,8) (0,9) (0,10) (0,11) (0,12) (0,13) (0,14) (0,15) (0,16) (1,0) (1,1) (1,2) (1,3) (1,4) (1,5) (1,6) (1,7) (1,8) (1,9) (1,10) (1,11) (1,12) (1,13) (1,14) (1,15) (1,16) (2,0) (2,1) (2,2) (2,3) (2,4) (2,5) (2,6) (2,7) (2,8) (2,9) (2,10) (2,11) (2,12) (2,13) (2,14) (2,15) (2,16) (3,0) (3,1) (3,2) (3,3) (3,4) (3,5) (3,6) (3,7) (3,8) (3,9) (3,10) (3,11) (3,12) (3,13) (3,14) (3,15) (3,16) (4,0) (4,1) (4,2) (4,3) (4,4) (4,5) (4,6) (4,7) (4,8) (4,9) (4,10) (4,11) (4,12) (4,13) (4,14) (4,15) (4,16) (5,0) (5,1) (5,2) (5,3) (5,4) (5,5) (5,6) (5,7) (5,8) (5,9) (5,10) (5,11) (5,12) (5,13) (5,14) (5,15) (5,16) (6,0) (6,1) (6,2) (6,3) (6,4) (6,5) (6,6) (6,7) (6,8) (6,9) (6,10) (6,11) (6,12) (6,13) (6,14) (6,15) (6,16)
  [13,2]    table  MM[13,2] (2D)        seats (0,0) (0,1) (1,0) (1,1) (2,0) (2,1) (3,0) (3,1) (4,0) (4,1) (5,0) (5,1) (6,0) (6,1) (7,0) (7,1) (8,0) (8,1) (9,0) (9,1) (10,0) (10,1) (11,0) (11,1) (12,0) (12,1)
  [13,3]    table  MM[13,3] (2D)        seats (0,0) (0,1) (0,2) (1,0) (1,1) (1,2) (2,0) (2,1) (2,2) (3,0) (3,1) (3,2) (4,0) (4,1) (4,2) (5,0) (5,1) (5,2) (6,0) (6,1) (6,2) (7,0) (7,1) (7,2) (8,0) (8,1) (8,2) (9,0) (9,1) (9,2) (10,0) (10,1) (10,2) (11,0) (11,1) (11,2) (12,0) (12,1) (12,2)
  [13,5]    table  MM[13,5] (2D)        seats (0,0) (0,1) (0,2) (0,3) (0,4) (1,0) (1,1) (1,2) (1,3) (1,4) (2,0) (2,1) (2,2) (2,3) (2,4) (3,0) (3,1) (3,2) (3,3) (3,4) (4,0) (4,1) (4,2) (4,3) (4,4) (5,0) (5,1) (5,2) (5,3) (5,4) (6,0) (6,1) (6,2) (6,3) (6,4) (7,0) (7,1) (7,2) (7,3) (7,4) (8,0) (8,1) (8,2) (8,3) (8,4) (9,0) (9,1) (9,2) (9,3) (9,4) (10,0) (10,1) (10,2) (10,3) (10,4) (11,0) (11,1) (11,2) (11,3) (11,4) (12,0) (12,1) (12,2) (12,3) (12,4)
  [13,7]    table  MM[13,7] (2D)        seats (0,0) (0,1) (0,2) (0,3) (0,4) (0,5) (0,6) (1,0) (1,1) (1,2) (1,3) (1,4) (1,5) (1,6) (2,0) (2,1) (2,2) (2,3) (2,4) (2,5) (2,6) (3,0) (3,1) (3,2) (3,3) (3,4) (3,5) (3,6) (4,0) (4,1) (4,2) (4,3) (4,4) (4,5) (4,6) (5,0) (5,1) (5,2) (5,3) (5,4) (5,5) (5,6) (6,0) (6,1) (6,2) (6,3) (6,4) (6,5) (6,6) (7,0) (7,1) (7,2) (7,3) (7,4) (7,5) (7,6) (8,0) (8,1) (8,2) (8,3) (8,4) (8,5) (8,6) (9,0) (9,1) (9,2) (9,3) (9,4) (9,5) (9,6) (10,0) (10,1) (10,2) (10,3) (10,4) (10,5) (10,6) (11,0) (11,1) (11,2) (11,3) (11,4) (11,5) (11,6) (12,0) (12,1) (12,2) (12,3) (12,4) (12,5) (12,6)
  [13,13]   table  MM[13,13] (2D)       seats (0,0) (0,1) (0,2) (0,3) (0,4) (0,5) (0,6) (0,7) (0,8) (0,9) (0,10) (0,11) (0,12) (1,0) (1,1) (1,2) (1,3) (1,4) (1,5) (1,6) (1,7) (1,8) (1,9) (1,10) (1,11) (1,12) (2,0) (2,1) (2,2) (2,3) (2,4) (2,5) (2,6) (2,7) (2,8) (2,9) (2,10) (2,11) (2,12) (3,0) (3,1) (3,2) (3,3) (3,4) (3,5) (3,6) (3,7) (3,8) (3,9) (3,10) (3,11) (3,12) (4,0) (4,1) (4,2) (4,3) (4,4) (4,5) (4,6) (4,7) (4,8) (4,9) (4,10) (4,11) (4,12) (5,0) (5,1) (5,2) (5,3) (5,4) (5,5) (5,6) (5,7) (5,8) (5,9) (5,10) (5,11) (5,12) (6,0) (6,1) (6,2) (6,3) (6,4) (6,5) (6,6) (6,7) (6,8) (6,9) (6,10) (6,11) (6,12) (7,0) (7,1) (7,2) (7,3) (7,4) (7,5) (7,6) (7,7) (7,8) (7,9) (7,10) (7,11) (7,12) (8,0) (8,1) (8,2) (8,3) (8,4) (8,5) (8,6) (8,7) (8,8) (8,9) (8,10) (8,11) (8,12) (9,0) (9,1) (9,2) (9,3) (9,4) (9,5) (9,6) (9,7) (9,8) (9,9) (9,10) (9,11) (9,12) (10,0) (10,1) (10,2) (10,3) (10,4) (10,5) (10,6) (10,7) (10,8) (10,9) (10,10) (10,11) (10,12) (11,0) (11,1) (11,2) (11,3) (11,4) (11,5) (11,6) (11,7) (11,8) (11,9) (11,10) (11,11) (11,12) (12,0) (12,1) (12,2) (12,3) (12,4) (12,5) (12,6) (12,7) (12,8) (12,9) (12,10) (12,11) (12,12)
  [13,11]   table  MM[13,11] (2D)       seats (0,0) (0,1) (0,2) (0,3) (0,4) (0,5) (0,6) (0,7) (0,8) (0,9) (0,10) (1,0) (1,1) (1,2) (1,3) (1,4) (1,5) (1,6) (1,7) (1,8) (1,9) (1,10) (2,0) (2,1) (2,2) (2,3) (2,4) (2,5) (2,6) (2,7) (2,8) (2,9) (2,10) (3,0) (3,1) (3,2) (3,3) (3,4) (3,5) (3,6) (3,7) (3,8) (3,9) (3,10) (4,0) (4,1) (4,2) (4,3) (4,4) (4,5) (4,6) (4,7) (4,8) (4,9) (4,10) (5,0) (5,1) (5,2) (5,3) (5,4) (5,5) (5,6) (5,7) (5,8) (5,9) (5,10) (6,0) (6,1) (6,2) (6,3) (6,4) (6,5) (6,6) (6,7) (6,8) (6,9) (6,10) (7,0) (7,1) (7,2) (7,3) (7,4) (7,5) (7,6) (7,7) (7,8) (7,9) (7,10) (8,0) (8,1) (8,2) (8,3) (8,4) (8,5) (8,6) (8,7) (8,8) (8,9) (8,10) (9,0) (9,1) (9,2) (9,3) (9,4) (9,5) (9,6) (9,7) (9,8) (9,9) (9,10) (10,0) (10,1) (10,2) (10,3) (10,4) (10,5) (10,6) (10,7) (10,8) (10,9) (10,10) (11,0) (11,1) (11,2) (11,3) (11,4) (11,5) (11,6) (11,7) (11,8) (11,9) (11,10) (12,0) (12,1) (12,2) (12,3) (12,4) (12,5) (12,6) (12,7) (12,8) (12,9) (12,10)
  [13,17]   table  MM[13,17] (2D)       seats (0,0) (0,1) (0,2) (0,3) (0,4) (0,5) (0,6) (0,7) (0,8) (0,9) (0,10) (0,11) (0,12) (0,13) (0,14) (0,15) (0,16) (1,0) (1,1) (1,2) (1,3) (1,4) (1,5) (1,6) (1,7) (1,8) (1,9) (1,10) (1,11) (1,12) (1,13) (1,14) (1,15) (1,16) (2,0) (2,1) (2,2) (2,3) (2,4) (2,5) (2,6) (2,7) (2,8) (2,9) (2,10) (2,11) (2,12) (2,13) (2,14) (2,15) (2,16) (3,0) (3,1) (3,2) (3,3) (3,4) (3,5) (3,6) (3,7) (3,8) (3,9) (3,10) (3,11) (3,12) (3,13) (3,14) (3,15) (3,16) (4,0) (4,1) (4,2) (4,3) (4,4) (4,5) (4,6) (4,7) (4,8) (4,9) (4,10) (4,11) (4,12) (4,13) (4,14) (4,15) (4,16) (5,0) (5,1) (5,2) (5,3) (5,4) (5,5) (5,6) (5,7) (5,8) (5,9) (5,10) (5,11) (5,12) (5,13) (5,14) (5,15) (5,16) (6,0) (6,1) (6,2) (6,3) (6,4) (6,5) (6,6) (6,7) (6,8) (6,9) (6,10) (6,11) (6,12) (6,13) (6,14) (6,15) (6,16) (7,0) (7,1) (7,2) (7,3) (7,4) (7,5) (7,6) (7,7) (7,8) (7,9) (7,10) (7,11) (7,12) (7,13) (7,14) (7,15) (7,16) (8,0) (8,1) (8,2) (8,3) (8,4) (8,5) (8,6) (8,7) (8,8) (8,9) (8,10) (8,11) (8,12) (8,13) (8,14) (8,15) (8,16) (9,0) (9,1) (9,2) (9,3) (9,4) (9,5) (9,6) (9,7) (9,8) (9,9) (9,10) (9,11) (9,12) (9,13) (9,14) (9,15) (9,16) (10,0) (10,1) (10,2) (10,3) (10,4) (10,5) (10,6) (10,7) (10,8) (10,9) (10,10) (10,11) (10,12) (10,13) (10,14) (10,15) (10,16) (11,0) (11,1) (11,2) (11,3) (11,4) (11,5) (11,6) (11,7) (11,8) (11,9) (11,10) (11,11) (11,12) (11,13) (11,14) (11,15) (11,16) (12,0) (12,1) (12,2) (12,3) (12,4) (12,5) (12,6) (12,7) (12,8) (12,9) (12,10) (12,11) (12,12) (12,13) (12,14) (12,15) (12,16)
  [11,2]    table  MM[11,2] (2D)        seats (0,0) (0,1) (1,0) (1,1) (2,0) (2,1) (3,0) (3,1) (4,0) (4,1) (5,0) (5,1) (6,0) (6,1) (7,0) (7,1) (8,0) (8,1) (9,0) (9,1) (10,0) (10,1)
  [11,3]    table  MM[11,3] (2D)        seats (0,0) (0,1) (0,2) (1,0) (1,1) (1,2) (2,0) (2,1) (2,2) (3,0) (3,1) (3,2) (4,0) (4,1) (4,2) (5,0) (5,1) (5,2) (6,0) (6,1) (6,2) (7,0) (7,1) (7,2) (8,0) (8,1) (8,2) (9,0) (9,1) (9,2) (10,0) (10,1) (10,2)
  [11,5]    table  MM[11,5] (2D)        seats (0,0) (0,1) (0,2) (0,3) (0,4) (1,0) (1,1) (1,2) (1,3) (1,4) (2,0) (2,1) (2,2) (2,3) (2,4) (3,0) (3,1) (3,2) (3,3) (3,4) (4,0) (4,1) (4,2) (4,3) (4,4) (5,0) (5,1) (5,2) (5,3) (5,4) (6,0) (6,1) (6,2) (6,3) (6,4) (7,0) (7,1) (7,2) (7,3) (7,4) (8,0) (8,1) (8,2) (8,3) (8,4) (9,0) (9,1) (9,2) (9,3) (9,4) (10,0) (10,1) (10,2) (10,3) (10,4)
  [11,7]    table  MM[11,7] (2D)        seats (0,0) (0,1) (0,2) (0,3) (0,4) (0,5) (0,6) (1,0) (1,1) (1,2) (1,3) (1,4) (1,5) (1,6) (2,0) (2,1) (2,2) (2,3) (2,4) (2,5) (2,6) (3,0) (3,1) (3,2) (3,3) (3,4) (3,5) (3,6) (4,0) (4,1) (4,2) (4,3) (4,4) (4,5) (4,6) (5,0) (5,1) (5,2) (5,3) (5,4) (5,5) (5,6) (6,0) (6,1) (6,2) (6,3) (6,4) (6,5) (6,6) (7,0) (7,1) (7,2) (7,3) (7,4) (7,5) (7,6) (8,0) (8,1) (8,2) (8,3) (8,4) (8,5) (8,6) (9,0) (9,1) (9,2) (9,3) (9,4) (9,5) (9,6) (10,0) (10,1) (10,2) (10,3) (10,4) (10,5) (10,6)
  [11,13]   table  MM[11,13] (2D)       seats (0,0) (0,1) (0,2) (0,3) (0,4) (0,5) (0,6) (0,7) (0,8) (0,9) (0,10) (0,11) (0,12) (1,0) (1,1) (1,2) (1,3) (1,4) (1,5) (1,6) (1,7) (1,8) (1,9) (1,10) (1,11) (1,12) (2,0) (2,1) (2,2) (2,3) (2,4) (2,5) (2,6) (2,7) (2,8) (2,9) (2,10) (2,11) (2,12) (3,0) (3,1) (3,2) (3,3) (3,4) (3,5) (3,6) (3,7) (3,8) (3,9) (3,10) (3,11) (3,12) (4,0) (4,1) (4,2) (4,3) (4,4) (4,5) (4,6) (4,7) (4,8) (4,9) (4,10) (4,11) (4,12) (5,0) (5,1) (5,2) (5,3) (5,4) (5,5) (5,6) (5,7) (5,8) (5,9) (5,10) (5,11) (5,12) (6,0) (6,1) (6,2) (6,3) (6,4) (6,5) (6,6) (6,7) (6,8) (6,9) (6,10) (6,11) (6,12) (7,0) (7,1) (7,2) (7,3) (7,4) (7,5) (7,6) (7,7) (7,8) (7,9) (7,10) (7,11) (7,12) (8,0) (8,1) (8,2) (8,3) (8,4) (8,5) (8,6) (8,7) (8,8) (8,9) (8,10) (8,11) (8,12) (9,0) (9,1) (9,2) (9,3) (9,4) (9,5) (9,6) (9,7) (9,8) (9,9) (9,10) (9,11) (9,12) (10,0) (10,1) (10,2) (10,3) (10,4) (10,5) (10,6) (10,7) (10,8) (10,9) (10,10) (10,11) (10,12)
  [11,11]   table  MM[11,11] (2D)       seats (0,0) (0,1) (0,2) (0,3) (0,4) (0,5) (0,6) (0,7) (0,8) (0,9) (0,10) (1,0) (1,1) (1,2) (1,3) (1,4) (1,5) (1,6) (1,7) (1,8) (1,9) (1,10) (2,0) (2,1) (2,2) (2,3) (2,4) (2,5) (2,6) (2,7) (2,8) (2,9) (2,10) (3,0) (3,1) (3,2) (3,3) (3,4) (3,5) (3,6) (3,7) (3,8) (3,9) (3,10) (4,0) (4,1) (4,2) (4,3) (4,4) (4,5) (4,6) (4,7) (4,8) (4,9) (4,10) (5,0) (5,1) (5,2) (5,3) (5,4) (5,5) (5,6) (5,7) (5,8) (5,9) (5,10) (6,0) (6,1) (6,2) (6,3) (6,4) (6,5) (6,6) (6,7) (6,8) (6,9) (6,10) (7,0) (7,1) (7,2) (7,3) (7,4) (7,5) (7,6) (7,7) (7,8) (7,9) (7,10) (8,0) (8,1) (8,2) (8,3) (8,4) (8,5) (8,6) (8,7) (8,8) (8,9) (8,10) (9,0) (9,1) (9,2) (9,3) (9,4) (9,5) (9,6) (9,7) (9,8) (9,9) (9,10) (10,0) (10,1) (10,2) (10,3) (10,4) (10,5) (10,6) (10,7) (10,8) (10,9) (10,10)
  [11,17]   table  MM[11,17] (2D)       seats (0,0) (0,1) (0,2) (0,3) (0,4) (0,5) (0,6) (0,7) (0,8) (0,9) (0,10) (0,11) (0,12) (0,13) (0,14) (0,15) (0,16) (1,0) (1,1) (1,2) (1,3) (1,4) (1,5) (1,6) (1,7) (1,8) (1,9) (1,10) (1,11) (1,12) (1,13) (1,14) (1,15) (1,16) (2,0) (2,1) (2,2) (2,3) (2,4) (2,5) (2,6) (2,7) (2,8) (2,9) (2,10) (2,11) (2,12) (2,13) (2,14) (2,15) (2,16) (3,0) (3,1) (3,2) (3,3) (3,4) (3,5) (3,6) (3,7) (3,8) (3,9) (3,10) (3,11) (3,12) (3,13) (3,14) (3,15) (3,16) (4,0) (4,1) (4,2) (4,3) (4,4) (4,5) (4,6) (4,7) (4,8) (4,9) (4,10) (4,11) (4,12) (4,13) (4,14) (4,15) (4,16) (5,0) (5,1) (5,2) (5,3) (5,4) (5,5) (5,6) (5,7) (5,8) (5,9) (5,10) (5,11) (5,12) (5,13) (5,14) (5,15) (5,16) (6,0) (6,1) (6,2) (6,3) (6,4) (6,5) (6,6) (6,7) (6,8) (6,9) (6,10) (6,11) (6,12) (6,13) (6,14) (6,15) (6,16) (7,0) (7,1) (7,2) (7,3) (7,4) (7,5) (7,6) (7,7) (7,8) (7,9) (7,10) (7,11) (7,12) (7,13) (7,14) (7,15) (7,16) (8,0) (8,1) (8,2) (8,3) (8,4) (8,5) (8,6) (8,7) (8,8) (8,9) (8,10) (8,11) (8,12) (8,13) (8,14) (8,15) (8,16) (9,0) (9,1) (9,2) (9,3) (9,4) (9,5) (9,6) (9,7) (9,8) (9,9) (9,10) (9,11) (9,12) (9,13) (9,14) (9,15) (9,16) (10,0) (10,1) (10,2) (10,3) (10,4) (10,5) (10,6) (10,7) (10,8) (10,9) (10,10) (10,11) (10,12) (10,13) (10,14) (10,15) (10,16)
  [17,2]    table  MM[17,2] (2D)        seats (0,0) (0,1) (1,0) (1,1) (2,0) (2,1) (3,0) (3,1) (4,0) (4,1) (5,0) (5,1) (6,0) (6,1) (7,0) (7,1) (8,0) (8,1) (9,0) (9,1) (10,0) (10,1) (11,0) (11,1) (12,0) (12,1) (13,0) (13,1) (14,0) (14,1) (15,0) (15,1) (16,0) (16,1)
  [17,3]    table  MM[17,3] (2D)        seats (0,0) (0,1) (0,2) (1,0) (1,1) (1,2) (2,0) (2,1) (2,2) (3,0) (3,1) (3,2) (4,0) (4,1) (4,2) (5,0) (5,1) (5,2) (6,0) (6,1) (6,2) (7,0) (7,1) (7,2) (8,0) (8,1) (8,2) (9,0) (9,1) (9,2) (10,0) (10,1) (10,2) (11,0) (11,1) (11,2) (12,0) (12,1) (12,2) (13,0) (13,1) (13,2) (14,0) (14,1) (14,2) (15,0) (15,1) (15,2) (16,0) (16,1) (16,2)
  [17,5]    table  MM[17,5] (2D)        seats (0,0) (0,1) (0,2) (0,3) (0,4) (1,0) (1,1) (1,2) (1,3) (1,4) (2,0) (2,1) (2,2) (2,3) (2,4) (3,0) (3,1) (3,2) (3,3) (3,4) (4,0) (4,1) (4,2) (4,3) (4,4) (5,0) (5,1) (5,2) (5,3) (5,4) (6,0) (6,1) (6,2) (6,3) (6,4) (7,0) (7,1) (7,2) (7,3) (7,4) (8,0) (8,1) (8,2) (8,3) (8,4) (9,0) (9,1) (9,2) (9,3) (9,4) (10,0) (10,1) (10,2) (10,3) (10,4) (11,0) (11,1) (11,2) (11,3) (11,4) (12,0) (12,1) (12,2) (12,3) (12,4) (13,0) (13,1) (13,2) (13,3) (13,4) (14,0) (14,1) (14,2) (14,3) (14,4) (15,0) (15,1) (15,2) (15,3) (15,4) (16,0) (16,1) (16,2) (16,3) (16,4)
  [17,7]    table  MM[17,7] (2D)        seats (0,0) (0,1) (0,2) (0,3) (0,4) (0,5) (0,6) (1,0) (1,1) (1,2) (1,3) (1,4) (1,5) (1,6) (2,0) (2,1) (2,2) (2,3) (2,4) (2,5) (2,6) (3,0) (3,1) (3,2) (3,3) (3,4) (3,5) (3,6) (4,0) (4,1) (4,2) (4,3) (4,4) (4,5) (4,6) (5,0) (5,1) (5,2) (5,3) (5,4) (5,5) (5,6) (6,0) (6,1) (6,2) (6,3) (6,4) (6,5) (6,6) (7,0) (7,1) (7,2) (7,3) (7,4) (7,5) (7,6) (8,0) (8,1) (8,2) (8,3) (8,4) (8,5) (8,6) (9,0) (9,1) (9,2) (9,3) (9,4) (9,5) (9,6) (10,0) (10,1) (10,2) (10,3) (10,4) (10,5) (10,6) (11,0) (11,1) (11,2) (11,3) (11,4) (11,5) (11,6) (12,0) (12,1) (12,2) (12,3) (12,4) (12,5) (12,6) (13,0) (13,1) (13,2) (13,3) (13,4) (13,5) (13,6) (14,0) (14,1) (14,2) (14,3) (14,4) (14,5) (14,6) (15,0) (15,1) (15,2) (15,3) (15,4) (15,5) (15,6) (16,0) (16,1) (16,2) (16,3) (16,4) (16,5) (16,6)
  [17,13]   table  MM[17,13] (2D)       seats (0,0) (0,1) (0,2) (0,3) (0,4) (0,5) (0,6) (0,7) (0,8) (0,9) (0,10) (0,11) (0,12) (1,0) (1,1) (1,2) (1,3) (1,4) (1,5) (1,6) (1,7) (1,8) (1,9) (1,10) (1,11) (1,12) (2,0) (2,1) (2,2) (2,3) (2,4) (2,5) (2,6) (2,7) (2,8) (2,9) (2,10) (2,11) (2,12) (3,0) (3,1) (3,2) (3,3) (3,4) (3,5) (3,6) (3,7) (3,8) (3,9) (3,10) (3,11) (3,12) (4,0) (4,1) (4,2) (4,3) (4,4) (4,5) (4,6) (4,7) (4,8) (4,9) (4,10) (4,11) (4,12) (5,0) (5,1) (5,2) (5,3) (5,4) (5,5) (5,6) (5,7) (5,8) (5,9) (5,10) (5,11) (5,12) (6,0) (6,1) (6,2) (6,3) (6,4) (6,5) (6,6) (6,7) (6,8) (6,9) (6,10) (6,11) (6,12) (7,0) (7,1) (7,2) (7,3) (7,4) (7,5) (7,6) (7,7) (7,8) (7,9) (7,10) (7,11) (7,12) (8,0) (8,1) (8,2) (8,3) (8,4) (8,5) (8,6) (8,7) (8,8) (8,9) (8,10) (8,11) (8,12) (9,0) (9,1) (9,2) (9,3) (9,4) (9,5) (9,6) (9,7) (9,8) (9,9) (9,10) (9,11) (9,12) (10,0) (10,1) (10,2) (10,3) (10,4) (10,5) (10,6) (10,7) (10,8) (10,9) (10,10) (10,11) (10,12) (11,0) (11,1) (11,2) (11,3) (11,4) (11,5) (11,6) (11,7) (11,8) (11,9) (11,10) (11,11) (11,12) (12,0) (12,1) (12,2) (12,3) (12,4) (12,5) (12,6) (12,7) (12,8) (12,9) (12,10) (12,11) (12,12) (13,0) (13,1) (13,2) (13,3) (13,4) (13,5) (13,6) (13,7) (13,8) (13,9) (13,10) (13,11) (13,12) (14,0) (14,1) (14,2) (14,3) (14,4) (14,5) (14,6) (14,7) (14,8) (14,9) (14,10) (14,11) (14,12) (15,0) (15,1) (15,2) (15,3) (15,4) (15,5) (15,6) (15,7) (15,8) (15,9) (15,10) (15,11) (15,12) (16,0) (16,1) (16,2) (16,3) (16,4) (16,5) (16,6) (16,7) (16,8) (16,9) (16,10) (16,11) (16,12)
  [17,11]   table  MM[17,11] (2D)       seats (0,0) (0,1) (0,2) (0,3) (0,4) (0,5) (0,6) (0,7) (0,8) (0,9) (0,10) (1,0) (1,1) (1,2) (1,3) (1,4) (1,5) (1,6) (1,7) (1,8) (1,9) (1,10) (2,0) (2,1) (2,2) (2,3) (2,4) (2,5) (2,6) (2,7) (2,8) (2,9) (2,10) (3,0) (3,1) (3,2) (3,3) (3,4) (3,5) (3,6) (3,7) (3,8) (3,9) (3,10) (4,0) (4,1) (4,2) (4,3) (4,4) (4,5) (4,6) (4,7) (4,8) (4,9) (4,10) (5,0) (5,1) (5,2) (5,3) (5,4) (5,5) (5,6) (5,7) (5,8) (5,9) (5,10) (6,0) (6,1) (6,2) (6,3) (6,4) (6,5) (6,6) (6,7) (6,8) (6,9) (6,10) (7,0) (7,1) (7,2) (7,3) (7,4) (7,5) (7,6) (7,7) (7,8) (7,9) (7,10) (8,0) (8,1) (8,2) (8,3) (8,4) (8,5) (8,6) (8,7) (8,8) (8,9) (8,10) (9,0) (9,1) (9,2) (9,3) (9,4) (9,5) (9,6) (9,7) (9,8) (9,9) (9,10) (10,0) (10,1) (10,2) (10,3) (10,4) (10,5) (10,6) (10,7) (10,8) (10,9) (10,10) (11,0) (11,1) (11,2) (11,3) (11,4) (11,5) (11,6) (11,7) (11,8) (11,9) (11,10) (12,0) (12,1) (12,2) (12,3) (12,4) (12,5) (12,6) (12,7) (12,8) (12,9) (12,10) (13,0) (13,1) (13,2) (13,3) (13,4) (13,5) (13,6) (13,7) (13,8) (13,9) (13,10) (14,0) (14,1) (14,2) (14,3) (14,4) (14,5) (14,6) (14,7) (14,8) (14,9) (14,10) (15,0) (15,1) (15,2) (15,3) (15,4) (15,5) (15,6) (15,7) (15,8) (15,9) (15,10) (16,0) (16,1) (16,2) (16,3) (16,4) (16,5) (16,6) (16,7) (16,8) (16,9) (16,10)
  2₀        held   MM[2] (1D)           seats (0,0) (1,0)
  2₁        held   MM[2] (1D)           seats (0,0) (0,1)
  3₀        held   MM[3] (1D)           seats (0,0) (1,0) (2,0)
  3₁        held   MM[3] (1D)           seats (0,0) (0,1) (0,2)
  5₀        held   MM[5] (1D)           seats (0,0) (1,0) (2,0) (3,0) (4,0)
  5₁        held   MM[5] (1D)           seats (0,0) (0,1) (0,2) (0,3) (0,4)
  7₀        held   MM[7] (1D)           seats (0,0) (1,0) (2,0) (3,0) (4,0) (5,0) (6,0)
  7₁        held   MM[7] (1D)           seats (0,0) (0,1) (0,2) (0,3) (0,4) (0,5) (0,6)
  13₀       held   MM[13] (1D)          seats (0,0) (1,0) (2,0) (3,0) (4,0) (5,0) (6,0) (7,0) (8,0) (9,0) (10,0) (11,0) (12,0)
  13₁       held   MM[13] (1D)          seats (0,0) (0,1) (0,2) (0,3) (0,4) (0,5) (0,6) (0,7) (0,8) (0,9) (0,10) (0,11) (0,12)
  11₀       held   MM[11] (1D)          seats (0,0) (1,0) (2,0) (3,0) (4,0) (5,0) (6,0) (7,0) (8,0) (9,0) (10,0)
  11₁       held   MM[11] (1D)          seats (0,0) (0,1) (0,2) (0,3) (0,4) (0,5) (0,6) (0,7) (0,8) (0,9) (0,10)
  17₀       held   MM[17] (1D)          seats (0,0) (1,0) (2,0) (3,0) (4,0) (5,0) (6,0) (7,0) (8,0) (9,0) (10,0) (11,0) (12,0) (13,0) (14,0) (15,0) (16,0)
  17₁       held   MM[17] (1D)          seats (0,0) (0,1) (0,2) (0,3) (0,4) (0,5) (0,6) (0,7) (0,8) (0,9) (0,10) (0,11) (0,12) (0,13) (0,14) (0,15) (0,16)
  1         floor  MM[] (floor)         seats (0,0)
arrivals (new rings):
  O160 MM[O160] (1D) seats (0,0) (0,1) (0,2) (0,3) (0,4) (0,5) (0,6) (0,7) (0,8) (0,9) (0,10) (1,0) (1,1) (1,2) (1,3) (1,4) (1,5) (1,6) (1,7) (1,8) (1,9) (1,10) (2,0) (2,1) (2,2) (2,3) (2,4) (2,5) (2,6) (2,7) (2,8) (2,9) (2,10) (3,0) (3,1) (3,2) (3,3) (3,4) (3,5) (3,6) (3,7) (3,8) (3,9) (3,10) (4,0) (4,1) (4,2) (4,3) (4,4) (4,5) (4,6) (4,7) (4,8) (4,9) (4,10) (5,0) (5,1) (5,2) (5,3) (5,4) (5,5) (5,6) (5,7) (5,8) (5,9) (5,10) (6,0) (6,1) (6,2) (6,3) (6,4) (6,5) (6,6) (6,7) (6,8) (6,9) (6,10) (7,0) (7,1) (7,2) (7,3) (7,4) (7,5) (7,6) (7,7) (7,8) (7,9) (7,10) (8,0) (8,1) (8,2) (8,3) (8,4) (8,5) (8,6) (8,7) (8,8) (8,9) (8,10) (9,0) (9,1) (9,2) (9,3) (9,4) (9,5) (9,6) (9,7) (9,8) (9,9) (9,10) (10,0) (10,1) (10,2) (10,3) (10,4) (10,5) (10,6) (10,7) (10,8) (10,9) (10,10) (11,0) (11,1) (11,2) (11,3) (11,4) (11,5) (11,6) (11,7) (11,8) (11,9) (11,10) (12,0) (12,1) (12,2) (12,3) (12,4) (12,5) (12,6) (12,7) (12,8) (12,9) (12,10) (0,11) (0,12) (0,13) (0,14) (0,15) (0,16) (1,11) (1,12) (1,13) (1,14) (1,15) (1,16) (2,11) (2,12) (2,13) (2,14) (2,15) (2,16) (3,11) (3,12) (3,13) (3,14) (3,15) (3,16) (4,11) (4,12) (4,13) (4,14) (4,15) (4,16) (5,11) (5,12) (5,13) (5,14) (5,15) (5,16) (6,11) (6,12) (6,13) (6,14) (6,15) (6,16) (7,11) (7,12) (7,13) (7,14) (7,15) (7,16) (8,11) (8,12) (8,13) (8,14) (8,15) (8,16) (9,11) (9,12) (9,13) (9,14) (9,15) (9,16) (10,11) (10,12) (10,13) (10,14) (10,15) (10,16)   also met at 1 more region(s)
re-met (rings already on the rail, met here):
  19   MM[19] (1D)  seats (0,0) (0,1) (1,0) (1,1) (2,0) (3,0) (4,0) (5,0) (6,0) (7,0) (8,0) (9,0) (10,0) (11,0) (12,0) (13,0) (14,0) (15,0) (16,0)   also met at 17 more region(s)
  8    MM[8] (1D)   seats (0,0) (0,1) (0,2) (1,0) (1,1) (1,2) (2,0) (2,1)   also met at 4 more region(s)
  [2,2,3] MM[[2,2,3]] (1D) seats (0,0) (0,1) (0,2) (1,0) (1,1) (1,2) (2,0) (2,1) (3,0) (3,1) (4,0) (4,1)   also met at 5 more region(s)
  [8,2] MM[[8,2]] (1D) seats (0,0) (0,1) (0,2) (1,0) (1,1) (1,2) (2,0) (2,1) (3,0) (3,1) (4,0) (4,1) (5,0) (5,1) (6,0) (6,1)   also met at 6 more region(s)
  [7,4] MM[[7,4]] (1D) seats (0,0) (0,1) (0,2) (1,0) (1,1) (1,2) (2,0) (2,1) (3,0) (3,1) (4,0) (4,1) (5,0) (5,1) (6,0) (6,1) (7,0) (7,1) (8,0) (8,1) (9,0) (9,1) (10,0) (10,1) (11,0) (11,1) (12,0) (12,1)   also met at 5 more region(s)
  [[2,3],4] MM[[[2,3],4]] (1D) seats (0,0) (0,1) (0,2) (1,0) (1,1) (1,2) (2,0) (2,1) (3,0) (3,1) (4,0) (4,1) (5,0) (5,1) (6,0) (6,1) (7,0) (7,1) (8,0) (8,1) (9,0) (9,1) (10,0) (10,1)   also met at 6 more region(s)
  [[3,3],4] MM[[[3,3],4]] (1D) seats (0,0) (0,1) (0,2) (1,0) (1,1) (1,2) (2,0) (2,1) (3,0) (3,1) (4,0) (4,1) (5,0) (5,1) (6,0) (6,1) (7,0) (7,1) (8,0) (8,1) (9,0) (9,1) (10,0) (10,1) (11,0) (11,1) (12,0) (12,1) (13,0) (13,1) (14,0) (14,1) (15,0) (15,1) (16,0) (16,1)   also met at 3 more region(s)
  [5,4] MM[[5,4]] (1D) seats (0,0) (0,1) (0,2) (1,0) (1,1) (1,2) (0,3) (0,4) (0,5) (0,6) (0,7) (0,8) (0,9) (0,10) (0,11) (0,12) (0,13) (0,14) (0,15) (0,16)   also met at 5 more region(s)
  [8,4] MM[[8,4]] (1D) seats (0,0) (0,1) (0,2) (0,3) (0,4) (1,0) (1,1) (1,2) (1,3) (1,4) (2,0) (2,1) (3,0) (3,1) (4,0) (4,1) (5,0) (5,1) (6,0) (6,1) (7,0) (7,1) (8,0) (8,1) (9,0) (9,1) (10,0) (10,1) (11,0) (11,1) (12,0) (12,1)   also met at 3 more region(s)
  43   MM[43] (1D)  seats (0,0) (0,1) (0,2) (0,3) (0,4) (1,0) (1,1) (1,2) (1,3) (1,4) (2,0) (2,1) (2,2) (3,0) (3,1) (3,2) (4,0) (4,1) (4,2) (5,0) (5,1) (5,2) (6,0) (6,1) (6,2) (7,0) (7,1) (7,2) (8,0) (8,1) (8,2) (9,0) (9,1) (9,2) (10,0) (10,1) (10,2) (11,0) (11,1) (11,2) (12,0) (12,1) (12,2)   also met at 17 more region(s)
  37   MM[37] (1D)  seats (0,0) (0,1) (0,2) (0,3) (0,4) (1,0) (1,1) (1,2) (1,3) (1,4) (2,0) (2,1) (2,2) (3,0) (3,1) (3,2) (4,0) (4,1) (4,2) (5,0) (5,1) (5,2) (6,0) (6,1) (6,2) (7,0) (7,1) (7,2) (8,0) (8,1) (8,2) (9,0) (9,1) (9,2) (10,0) (10,1) (10,2)   also met at 21 more region(s)
  [8,5] MM[[8,5]] (1D) seats (0,0) (0,1) (0,2) (0,3) (0,4) (1,0) (1,1) (1,2) (1,3) (1,4) (2,0) (2,1) (3,0) (3,1) (4,0) (4,1) (5,0) (5,1) (6,0) (6,1) (7,0) (7,1) (8,0) (8,1) (9,0) (9,1) (10,0) (10,1) (11,0) (11,1) (12,0) (12,1) (13,0) (13,1) (14,0) (14,1) (15,0) (15,1) (16,0) (16,1)   also met at 2 more region(s)
  [2,3,3] MM[[2,3,3]] (1D) seats (0,0) (0,1) (0,2) (0,3) (0,4) (1,0) (1,1) (1,2) (1,3) (1,4) (0,5) (0,6) (0,7) (0,8) (0,9) (0,10) (0,11) (0,12)   also met at 5 more region(s)
  23   MM[23] (1D)  seats (0,0) (0,1) (0,2) (0,3) (0,4) (0,5) (0,6) (1,0) (1,1) (1,2) (1,3) (1,4) (1,5) (1,6) (2,0) (2,1) (2,2) (3,0) (3,1) (3,2) (4,0) (4,1) (4,2)   also met at 17 more region(s)
  29   MM[29] (1D)  seats (0,0) (0,1) (0,2) (0,3) (0,4) (0,5) (0,6) (1,0) (1,1) (1,2) (1,3) (1,4) (1,5) (1,6) (2,0) (2,1) (2,2) (2,3) (2,4) (3,0) (3,1) (3,2) (3,3) (3,4) (4,0) (4,1) (4,2) (4,3) (4,4)   also met at 17 more region(s)
  47   MM[47] (1D)  seats (0,0) (0,1) (0,2) (0,3) (0,4) (0,5) (0,6) (1,0) (1,1) (1,2) (1,3) (1,4) (1,5) (1,6) (2,0) (2,1) (2,2) (3,0) (3,1) (3,2) (4,0) (4,1) (4,2) (5,0) (5,1) (5,2) (6,0) (6,1) (6,2) (7,0) (7,1) (7,2) (8,0) (8,1) (8,2) (9,0) (9,1) (9,2) (10,0) (10,1) (10,2) (11,0) (11,1) (11,2) (12,0) (12,1) (12,2)   also met at 15 more region(s)
  [23,3] MM[[23,3]] (1D) seats (0,0) (0,1) (0,2) (0,3) (0,4) (0,5) (0,6) (1,0) (1,1) (1,2) (1,3) (1,4) (1,5) (1,6) (2,0) (2,1) (2,2) (2,3) (2,4) (3,0) (3,1) (3,2) (3,3) (3,4) (4,0) (4,1) (4,2) (4,3) (4,4) (5,0) (5,1) (5,2) (5,3) (5,4) (6,0) (6,1) (6,2) (6,3) (6,4) (7,0) (7,1) (7,2) (7,3) (7,4) (8,0) (8,1) (8,2) (8,3) (8,4) (9,0) (9,1) (9,2) (9,3) (9,4) (10,0) (10,1) (10,2) (10,3) (10,4) (11,0) (11,1) (11,2) (11,3) (11,4) (12,0) (12,1) (12,2) (12,3) (12,4)   also met at 8 more region(s)
  41   MM[41] (1D)  seats (0,0) (0,1) (0,2) (0,3) (0,4) (0,5) (0,6) (1,0) (1,1) (1,2) (1,3) (1,4) (1,5) (1,6) (2,0) (2,1) (2,2) (3,0) (3,1) (3,2) (4,0) (4,1) (4,2) (5,0) (5,1) (5,2) (6,0) (6,1) (6,2) (7,0) (7,1) (7,2) (8,0) (8,1) (8,2) (9,0) (9,1) (9,2) (10,0) (10,1) (10,2)   also met at 19 more region(s)
  59   MM[59] (1D)  seats (0,0) (0,1) (0,2) (0,3) (0,4) (0,5) (0,6) (1,0) (1,1) (1,2) (1,3) (1,4) (1,5) (1,6) (2,0) (2,1) (2,2) (2,3) (2,4) (3,0) (3,1) (3,2) (3,3) (3,4) (4,0) (4,1) (4,2) (4,3) (4,4) (5,0) (5,1) (5,2) (5,3) (5,4) (6,0) (6,1) (6,2) (6,3) (6,4) (7,0) (7,1) (7,2) (7,3) (7,4) (8,0) (8,1) (8,2) (8,3) (8,4) (9,0) (9,1) (9,2) (9,3) (9,4) (10,0) (10,1) (10,2) (10,3) (10,4)   also met at 15 more region(s)
  [11,4] MM[[11,4]] (1D) seats (0,0) (0,1) (0,2) (0,3) (0,4) (0,5) (0,6) (1,0) (1,1) (1,2) (1,3) (1,4) (1,5) (1,6) (2,0) (2,1) (3,0) (3,1) (4,0) (4,1) (5,0) (5,1) (6,0) (6,1) (7,0) (7,1) (8,0) (8,1) (9,0) (9,1) (10,0) (10,1) (11,0) (11,1) (12,0) (12,1) (13,0) (13,1) (14,0) (14,1) (15,0) (15,1) (16,0) (16,1)   also met at 3 more region(s)
  89   MM[89] (1D)  seats (0,0) (0,1) (0,2) (0,3) (0,4) (0,5) (0,6) (1,0) (1,1) (1,2) (1,3) (1,4) (1,5) (1,6) (2,0) (2,1) (2,2) (2,3) (2,4) (3,0) (3,1) (3,2) (3,3) (3,4) (4,0) (4,1) (4,2) (4,3) (4,4) (5,0) (5,1) (5,2) (5,3) (5,4) (6,0) (6,1) (6,2) (6,3) (6,4) (7,0) (7,1) (7,2) (7,3) (7,4) (8,0) (8,1) (8,2) (8,3) (8,4) (9,0) (9,1) (9,2) (9,3) (9,4) (10,0) (10,1) (10,2) (10,3) (10,4) (11,0) (11,1) (11,2) (11,3) (11,4) (12,0) (12,1) (12,2) (12,3) (12,4) (13,0) (13,1) (13,2) (13,3) (13,4) (14,0) (14,1) (14,2) (14,3) (14,4) (15,0) (15,1) (15,2) (15,3) (15,4) (16,0) (16,1) (16,2) (16,3) (16,4)   also met at 11 more region(s)
  31   MM[31] (1D)  seats (0,0) (0,1) (0,2) (0,3) (0,4) (0,5) (0,6) (0,7) (0,8) (0,9) (0,10) (0,11) (0,12) (1,0) (1,1) (1,2) (1,3) (1,4) (1,5) (1,6) (1,7) (1,8) (1,9) (1,10) (1,11) (1,12) (2,0) (2,1) (2,2) (2,3) (2,4)   also met at 15 more region(s)
  61   MM[61] (1D)  seats (0,0) (0,1) (0,2) (0,3) (0,4) (0,5) (0,6) (0,7) (0,8) (0,9) (0,10) (0,11) (0,12) (1,0) (1,1) (1,2) (1,3) (1,4) (1,5) (1,6) (1,7) (1,8) (1,9) (1,10) (1,11) (1,12) (2,0) (2,1) (2,2) (2,3) (2,4) (2,5) (2,6) (3,0) (3,1) (3,2) (3,3) (3,4) (3,5) (3,6) (4,0) (4,1) (4,2) (4,3) (4,4) (4,5) (4,6) (5,0) (5,1) (5,2) (5,3) (5,4) (5,5) (5,6) (6,0) (6,1) (6,2) (6,3) (6,4) (6,5) (6,6)   also met at 17 more region(s)
  [[3,3,3],3] MM[[[3,3,3],3]] (1D) seats (0,0) (0,1) (0,2) (0,3) (0,4) (0,5) (0,6) (0,7) (0,8) (0,9) (0,10) (0,11) (0,12) (1,0) (1,1) (1,2) (1,3) (1,4) (1,5) (1,6) (1,7) (1,8) (1,9) (1,10) (1,11) (1,12) (2,0) (2,1) (2,2) (2,3) (2,4) (2,5) (2,6) (2,7) (2,8) (2,9) (2,10) (3,0) (3,1) (3,2) (3,3) (3,4) (3,5) (3,6) (3,7) (3,8) (3,9) (3,10) (4,0) (4,1) (4,2) (4,3) (4,4) (4,5) (4,6) (4,7) (4,8) (4,9) (4,10) (5,0) (5,1) (5,2) (5,3) (5,4) (5,5) (5,6) (5,7) (5,8) (5,9) (5,10) (6,0) (6,1) (6,2) (6,3) (6,4) (6,5) (6,6) (6,7) (6,8) (6,9) (6,10)   also met at 7 more region(s)
  [8,[2,3]] MM[[8,[2,3]]] (1D) seats (0,0) (0,1) (0,2) (0,3) (0,4) (0,5) (0,6) (0,7) (0,8) (0,9) (0,10) (0,11) (0,12) (1,0) (1,1) (1,2) (1,3) (1,4) (1,5) (1,6) (1,7) (1,8) (1,9) (1,10) (1,11) (1,12) (2,0) (2,1) (3,0) (3,1) (4,0) (4,1) (5,0) (5,1) (6,0) (6,1) (7,0) (7,1) (8,0) (8,1) (9,0) (9,1) (10,0) (10,1) (11,0) (11,1) (12,0) (12,1)
  103  MM[103] (1D) seats (0,0) (0,1) (0,2) (0,3) (0,4) (0,5) (0,6) (0,7) (0,8) (0,9) (0,10) (0,11) (0,12) (1,0) (1,1) (1,2) (1,3) (1,4) (1,5) (1,6) (1,7) (1,8) (1,9) (1,10) (1,11) (1,12) (2,0) (2,1) (2,2) (2,3) (2,4) (2,5) (2,6) (3,0) (3,1) (3,2) (3,3) (3,4) (3,5) (3,6) (4,0) (4,1) (4,2) (4,3) (4,4) (4,5) (4,6) (5,0) (5,1) (5,2) (5,3) (5,4) (5,5) (5,6) (6,0) (6,1) (6,2) (6,3) (6,4) (6,5) (6,6) (7,0) (7,1) (7,2) (7,3) (7,4) (7,5) (7,6) (8,0) (8,1) (8,2) (8,3) (8,4) (8,5) (8,6) (9,0) (9,1) (9,2) (9,3) (9,4) (9,5) (9,6) (10,0) (10,1) (10,2) (10,3) (10,4) (10,5) (10,6) (11,0) (11,1) (11,2) (11,3) (11,4) (11,5) (11,6) (12,0) (12,1) (12,2) (12,3) (12,4) (12,5) (12,6)   also met at 7 more region(s)
  [[3,7],7] MM[[[3,7],7]] (1D) seats (0,0) (0,1) (0,2) (0,3) (0,4) (0,5) (0,6) (0,7) (0,8) (0,9) (0,10) (0,11) (0,12) (1,0) (1,1) (1,2) (1,3) (1,4) (1,5) (1,6) (1,7) (1,8) (1,9) (1,10) (1,11) (1,12) (2,0) (2,1) (2,2) (2,3) (2,4) (2,5) (2,6) (2,7) (2,8) (2,9) (2,10) (3,0) (3,1) (3,2) (3,3) (3,4) (3,5) (3,6) (3,7) (3,8) (3,9) (3,10) (4,0) (4,1) (4,2) (4,3) (4,4) (4,5) (4,6) (4,7) (4,8) (4,9) (4,10) (5,0) (5,1) (5,2) (5,3) (5,4) (5,5) (5,6) (5,7) (5,8) (5,9) (5,10) (6,0) (6,1) (6,2) (6,3) (6,4) (6,5) (6,6) (6,7) (6,8) (6,9) (6,10) (7,0) (7,1) (7,2) (7,3) (7,4) (7,5) (7,6) (7,7) (7,8) (7,9) (7,10) (8,0) (8,1) (8,2) (8,3) (8,4) (8,5) (8,6) (8,7) (8,8) (8,9) (8,10) (9,0) (9,1) (9,2) (9,3) (9,4) (9,5) (9,6) (9,7) (9,8) (9,9) (9,10) (10,0) (10,1) (10,2) (10,3) (10,4) (10,5) (10,6) (10,7) (10,8) (10,9) (10,10) (11,0) (11,1) (11,2) (11,3) (11,4) (11,5) (11,6) (11,7) (11,8) (11,9) (11,10) (12,0) (12,1) (12,2) (12,3) (12,4) (12,5) (12,6) (12,7) (12,8) (12,9) (12,10)   also met at 5 more region(s)
  53   MM[53] (1D)  seats (0,0) (0,1) (0,2) (0,3) (0,4) (0,5) (0,6) (0,7) (0,8) (0,9) (0,10) (0,11) (0,12) (1,0) (1,1) (1,2) (1,3) (1,4) (1,5) (1,6) (1,7) (1,8) (1,9) (1,10) (1,11) (1,12) (2,0) (2,1) (2,2) (3,0) (3,1) (3,2) (4,0) (4,1) (4,2) (5,0) (5,1) (5,2) (6,0) (6,1) (6,2) (7,0) (7,1) (7,2) (8,0) (8,1) (8,2) (9,0) (9,1) (9,2) (10,0) (10,1) (10,2)   also met at 11 more region(s)
  71   MM[71] (1D)  seats (0,0) (0,1) (0,2) (0,3) (0,4) (0,5) (0,6) (0,7) (0,8) (0,9) (0,10) (0,11) (0,12) (1,0) (1,1) (1,2) (1,3) (1,4) (1,5) (1,6) (1,7) (1,8) (1,9) (1,10) (1,11) (1,12) (2,0) (2,1) (2,2) (2,3) (2,4) (3,0) (3,1) (3,2) (3,3) (3,4) (4,0) (4,1) (4,2) (4,3) (4,4) (5,0) (5,1) (5,2) (5,3) (5,4) (6,0) (6,1) (6,2) (6,3) (6,4) (7,0) (7,1) (7,2) (7,3) (7,4) (8,0) (8,1) (8,2) (8,3) (8,4) (9,0) (9,1) (9,2) (9,3) (9,4) (10,0) (10,1) (10,2) (10,3) (10,4)   also met at 9 more region(s)
  [[5,5],5] MM[[[5,5],5]] (1D) seats (0,0) (0,1) (0,2) (0,3) (0,4) (0,5) (0,6) (0,7) (0,8) (0,9) (0,10) (0,11) (0,12) (1,0) (1,1) (1,2) (1,3) (1,4) (1,5) (1,6) (1,7) (1,8) (1,9) (1,10) (1,11) (1,12) (2,0) (2,1) (2,2) (2,3) (2,4) (2,5) (2,6) (2,7) (2,8) (2,9) (2,10) (3,0) (3,1) (3,2) (3,3) (3,4) (3,5) (3,6) (3,7) (3,8) (3,9) (3,10) (4,0) (4,1) (4,2) (4,3) (4,4) (4,5) (4,6) (4,7) (4,8) (4,9) (4,10) (5,0) (5,1) (5,2) (5,3) (5,4) (5,5) (5,6) (5,7) (5,8) (5,9) (5,10) (6,0) (6,1) (6,2) (6,3) (6,4) (6,5) (6,6) (6,7) (6,8) (6,9) (6,10) (7,0) (7,1) (7,2) (7,3) (7,4) (7,5) (7,6) (7,7) (7,8) (7,9) (7,10) (8,0) (8,1) (8,2) (8,3) (8,4) (8,5) (8,6) (8,7) (8,8) (8,9) (8,10) (9,0) (9,1) (9,2) (9,3) (9,4) (9,5) (9,6) (9,7) (9,8) (9,9) (9,10) (10,0) (10,1) (10,2) (10,3) (10,4) (10,5) (10,6) (10,7) (10,8) (10,9) (10,10)   also met at 5 more region(s)
  [8,7] MM[[8,7]] (1D) seats (0,0) (0,1) (0,2) (0,3) (0,4) (0,5) (0,6) (0,7) (0,8) (0,9) (0,10) (0,11) (0,12) (1,0) (1,1) (1,2) (1,3) (1,4) (1,5) (1,6) (1,7) (1,8) (1,9) (1,10) (1,11) (1,12) (2,0) (2,1) (3,0) (3,1) (4,0) (4,1) (5,0) (5,1) (6,0) (6,1) (7,0) (7,1) (8,0) (8,1) (9,0) (9,1) (10,0) (10,1) (11,0) (11,1) (12,0) (12,1) (13,0) (13,1) (14,0) (14,1) (15,0) (15,1) (16,0) (16,1)   also met at 1 more region(s)
  101  MM[101] (1D) seats (0,0) (0,1) (0,2) (0,3) (0,4) (0,5) (0,6) (0,7) (0,8) (0,9) (0,10) (0,11) (0,12) (1,0) (1,1) (1,2) (1,3) (1,4) (1,5) (1,6) (1,7) (1,8) (1,9) (1,10) (1,11) (1,12) (2,0) (2,1) (2,2) (2,3) (2,4) (3,0) (3,1) (3,2) (3,3) (3,4) (4,0) (4,1) (4,2) (4,3) (4,4) (5,0) (5,1) (5,2) (5,3) (5,4) (6,0) (6,1) (6,2) (6,3) (6,4) (7,0) (7,1) (7,2) (7,3) (7,4) (8,0) (8,1) (8,2) (8,3) (8,4) (9,0) (9,1) (9,2) (9,3) (9,4) (10,0) (10,1) (10,2) (10,3) (10,4) (11,0) (11,1) (11,2) (11,3) (11,4) (12,0) (12,1) (12,2) (12,3) (12,4) (13,0) (13,1) (13,2) (13,3) (13,4) (14,0) (14,1) (14,2) (14,3) (14,4) (15,0) (15,1) (15,2) (15,3) (15,4) (16,0) (16,1) (16,2) (16,3) (16,4)   also met at 5 more region(s)
  131  MM[131] (1D) seats (0,0) (0,1) (0,2) (0,3) (0,4) (0,5) (0,6) (0,7) (0,8) (0,9) (0,10) (0,11) (0,12) (1,0) (1,1) (1,2) (1,3) (1,4) (1,5) (1,6) (1,7) (1,8) (1,9) (1,10) (1,11) (1,12) (2,0) (2,1) (2,2) (2,3) (2,4) (2,5) (2,6) (3,0) (3,1) (3,2) (3,3) (3,4) (3,5) (3,6) (4,0) (4,1) (4,2) (4,3) (4,4) (4,5) (4,6) (5,0) (5,1) (5,2) (5,3) (5,4) (5,5) (5,6) (6,0) (6,1) (6,2) (6,3) (6,4) (6,5) (6,6) (7,0) (7,1) (7,2) (7,3) (7,4) (7,5) (7,6) (8,0) (8,1) (8,2) (8,3) (8,4) (8,5) (8,6) (9,0) (9,1) (9,2) (9,3) (9,4) (9,5) (9,6) (10,0) (10,1) (10,2) (10,3) (10,4) (10,5) (10,6) (11,0) (11,1) (11,2) (11,3) (11,4) (11,5) (11,6) (12,0) (12,1) (12,2) (12,3) (12,4) (12,5) (12,6) (13,0) (13,1) (13,2) (13,3) (13,4) (13,5) (13,6) (14,0) (14,1) (14,2) (14,3) (14,4) (14,5) (14,6) (15,0) (15,1) (15,2) (15,3) (15,4) (15,5) (15,6) (16,0) (16,1) (16,2) (16,3) (16,4) (16,5) (16,6)   also met at 5 more region(s)
  191  MM[191] (1D) seats (0,0) (0,1) (0,2) (0,3) (0,4) (0,5) (0,6) (0,7) (0,8) (0,9) (0,10) (0,11) (0,12) (1,0) (1,1) (1,2) (1,3) (1,4) (1,5) (1,6) (1,7) (1,8) (1,9) (1,10) (1,11) (1,12) (2,0) (2,1) (2,2) (2,3) (2,4) (2,5) (2,6) (2,7) (2,8) (2,9) (2,10) (3,0) (3,1) (3,2) (3,3) (3,4) (3,5) (3,6) (3,7) (3,8) (3,9) (3,10) (4,0) (4,1) (4,2) (4,3) (4,4) (4,5) (4,6) (4,7) (4,8) (4,9) (4,10) (5,0) (5,1) (5,2) (5,3) (5,4) (5,5) (5,6) (5,7) (5,8) (5,9) (5,10) (6,0) (6,1) (6,2) (6,3) (6,4) (6,5) (6,6) (6,7) (6,8) (6,9) (6,10) (7,0) (7,1) (7,2) (7,3) (7,4) (7,5) (7,6) (7,7) (7,8) (7,9) (7,10) (8,0) (8,1) (8,2) (8,3) (8,4) (8,5) (8,6) (8,7) (8,8) (8,9) (8,10) (9,0) (9,1) (9,2) (9,3) (9,4) (9,5) (9,6) (9,7) (9,8) (9,9) (9,10) (10,0) (10,1) (10,2) (10,3) (10,4) (10,5) (10,6) (10,7) (10,8) (10,9) (10,10) (11,0) (11,1) (11,2) (11,3) (11,4) (11,5) (11,6) (11,7) (11,8) (11,9) (11,10) (12,0) (12,1) (12,2) (12,3) (12,4) (12,5) (12,6) (12,7) (12,8) (12,9) (12,10) (13,0) (13,1) (13,2) (13,3) (13,4) (13,5) (13,6) (13,7) (13,8) (13,9) (13,10) (14,0) (14,1) (14,2) (14,3) (14,4) (14,5) (14,6) (14,7) (14,8) (14,9) (14,10) (15,0) (15,1) (15,2) (15,3) (15,4) (15,5) (15,6) (15,7) (15,8) (15,9) (15,10) (16,0) (16,1) (16,2) (16,3) (16,4) (16,5) (16,6) (16,7) (16,8) (16,9) (16,10)   also met at 1 more region(s)
  [3,3,3] MM[[3,3,3]] (1D) seats (0,0) (0,1) (0,2) (0,3) (0,4) (0,5) (0,6) (0,7) (0,8) (0,9) (0,10) (0,11) (0,12) (1,0) (1,1) (1,2) (1,3) (1,4) (1,5) (1,6) (1,7) (1,8) (1,9) (1,10) (1,11) (1,12) (2,0)   also met at 15 more region(s)
  [[2,3],5] MM[[[2,3],5]] (1D) seats (0,0) (0,1) (0,2) (0,3) (0,4) (0,5) (0,6) (0,7) (0,8) (0,9) (0,10) (0,11) (0,12) (1,0) (1,1) (1,2) (1,3) (1,4) (1,5) (1,6) (1,7) (1,8) (1,9) (1,10) (1,11) (1,12) (0,13) (0,14) (0,15) (0,16)   also met at 1 more region(s)
  [3,19] MM[[3,19]] (1D) seats (0,0) (0,1) (0,2) (0,3) (0,4) (0,5) (0,6) (0,7) (0,8) (0,9) (0,10) (1,0) (1,1) (1,2) (1,3) (1,4) (1,5) (1,6) (1,7) (1,8) (1,9) (1,10) (2,0) (2,1) (2,2) (2,3) (2,4) (2,5) (2,6) (3,0) (3,1) (3,2) (3,3) (3,4) (3,5) (3,6) (4,0) (4,1) (4,2) (4,3) (4,4) (4,5) (4,6) (5,0) (5,1) (5,2) (5,3) (5,4) (5,5) (5,6) (6,0) (6,1) (6,2) (6,3) (6,4) (6,5) (6,6)   also met at 8 more region(s)
  [11,[3,3]] MM[[11,[3,3]]] (1D) seats (0,0) (0,1) (0,2) (0,3) (0,4) (0,5) (0,6) (0,7) (0,8) (0,9) (0,10) (1,0) (1,1) (1,2) (1,3) (1,4) (1,5) (1,6) (1,7) (1,8) (1,9) (1,10) (2,0) (2,1) (2,2) (2,3) (2,4) (2,5) (2,6) (3,0) (3,1) (3,2) (3,3) (3,4) (3,5) (3,6) (4,0) (4,1) (4,2) (4,3) (4,4) (4,5) (4,6) (5,0) (5,1) (5,2) (5,3) (5,4) (5,5) (5,6) (6,0) (6,1) (6,2) (6,3) (6,4) (6,5) (6,6) (7,0) (7,1) (7,2) (7,3) (7,4) (7,5) (7,6) (8,0) (8,1) (8,2) (8,3) (8,4) (8,5) (8,6) (9,0) (9,1) (9,2) (9,3) (9,4) (9,5) (9,6) (10,0) (10,1) (10,2) (10,3) (10,4) (10,5) (10,6) (11,0) (11,1) (11,2) (11,3) (11,4) (11,5) (11,6) (12,0) (12,1) (12,2) (12,3) (12,4) (12,5) (12,6)   also met at 5 more region(s)
  67   MM[67] (1D)  seats (0,0) (0,1) (0,2) (0,3) (0,4) (0,5) (0,6) (0,7) (0,8) (0,9) (0,10) (1,0) (1,1) (1,2) (1,3) (1,4) (1,5) (1,6) (1,7) (1,8) (1,9) (1,10) (2,0) (2,1) (2,2) (2,3) (2,4) (3,0) (3,1) (3,2) (3,3) (3,4) (4,0) (4,1) (4,2) (4,3) (4,4) (5,0) (5,1) (5,2) (5,3) (5,4) (6,0) (6,1) (6,2) (6,3) (6,4) (7,0) (7,1) (7,2) (7,3) (7,4) (8,0) (8,1) (8,2) (8,3) (8,4) (9,0) (9,1) (9,2) (9,3) (9,4) (10,0) (10,1) (10,2) (10,3) (10,4)   also met at 13 more region(s)
  [13,4] MM[[13,4]] (1D) seats (0,0) (0,1) (0,2) (0,3) (0,4) (0,5) (0,6) (0,7) (0,8) (0,9) (0,10) (1,0) (1,1) (1,2) (1,3) (1,4) (1,5) (1,6) (1,7) (1,8) (1,9) (1,10) (2,0) (2,1) (3,0) (3,1) (4,0) (4,1) (5,0) (5,1) (6,0) (6,1) (7,0) (7,1) (8,0) (8,1) (9,0) (9,1) (10,0) (10,1) (11,0) (11,1) (12,0) (12,1) (13,0) (13,1) (14,0) (14,1) (15,0) (15,1) (16,0) (16,1)   also met at 1 more region(s)
  97   MM[97] (1D)  seats (0,0) (0,1) (0,2) (0,3) (0,4) (0,5) (0,6) (0,7) (0,8) (0,9) (0,10) (1,0) (1,1) (1,2) (1,3) (1,4) (1,5) (1,6) (1,7) (1,8) (1,9) (1,10) (2,0) (2,1) (2,2) (2,3) (2,4) (3,0) (3,1) (3,2) (3,3) (3,4) (4,0) (4,1) (4,2) (4,3) (4,4) (5,0) (5,1) (5,2) (5,3) (5,4) (6,0) (6,1) (6,2) (6,3) (6,4) (7,0) (7,1) (7,2) (7,3) (7,4) (8,0) (8,1) (8,2) (8,3) (8,4) (9,0) (9,1) (9,2) (9,3) (9,4) (10,0) (10,1) (10,2) (10,3) (10,4) (11,0) (11,1) (11,2) (11,3) (11,4) (12,0) (12,1) (12,2) (12,3) (12,4) (13,0) (13,1) (13,2) (13,3) (13,4) (14,0) (14,1) (14,2) (14,3) (14,4) (15,0) (15,1) (15,2) (15,3) (15,4) (16,0) (16,1) (16,2) (16,3) (16,4)   also met at 9 more region(s)
  127  MM[127] (1D) seats (0,0) (0,1) (0,2) (0,3) (0,4) (0,5) (0,6) (0,7) (0,8) (0,9) (0,10) (1,0) (1,1) (1,2) (1,3) (1,4) (1,5) (1,6) (1,7) (1,8) (1,9) (1,10) (2,0) (2,1) (2,2) (2,3) (2,4) (2,5) (2,6) (3,0) (3,1) (3,2) (3,3) (3,4) (3,5) (3,6) (4,0) (4,1) (4,2) (4,3) (4,4) (4,5) (4,6) (5,0) (5,1) (5,2) (5,3) (5,4) (5,5) (5,6) (6,0) (6,1) (6,2) (6,3) (6,4) (6,5) (6,6) (7,0) (7,1) (7,2) (7,3) (7,4) (7,5) (7,6) (8,0) (8,1) (8,2) (8,3) (8,4) (8,5) (8,6) (9,0) (9,1) (9,2) (9,3) (9,4) (9,5) (9,6) (10,0) (10,1) (10,2) (10,3) (10,4) (10,5) (10,6) (11,0) (11,1) (11,2) (11,3) (11,4) (11,5) (11,6) (12,0) (12,1) (12,2) (12,3) (12,4) (12,5) (12,6) (13,0) (13,1) (13,2) (13,3) (13,4) (13,5) (13,6) (14,0) (14,1) (14,2) (14,3) (14,4) (14,5) (14,6) (15,0) (15,1) (15,2) (15,3) (15,4) (15,5) (15,6) (16,0) (16,1) (16,2) (16,3) (16,4) (16,5) (16,6)   also met at 7 more region(s)
  [[3,3],5] MM[[[3,3],5]] (1D) seats (0,0) (0,1) (0,2) (0,3) (0,4) (0,5) (0,6) (0,7) (0,8) (0,9) (0,10) (0,11) (0,12) (0,13) (0,14) (0,15) (0,16) (1,0) (1,1) (1,2) (1,3) (1,4) (1,5) (1,6) (1,7) (1,8) (1,9) (1,10) (1,11) (1,12) (1,13) (1,14) (1,15) (1,16) (2,0) (2,1) (2,2) (2,3) (2,4) (2,5) (2,6) (2,7) (2,8) (2,9) (2,10)   also met at 10 more region(s)
  73   MM[73] (1D)  seats (0,0) (0,1) (0,2) (0,3) (0,4) (0,5) (0,6) (0,7) (0,8) (0,9) (0,10) (0,11) (0,12) (0,13) (0,14) (0,15) (0,16) (1,0) (1,1) (1,2) (1,3) (1,4) (1,5) (1,6) (1,7) (1,8) (1,9) (1,10) (1,11) (1,12) (1,13) (1,14) (1,15) (1,16) (2,0) (2,1) (2,2) (2,3) (2,4) (2,5) (2,6) (2,7) (2,8) (2,9) (2,10) (2,11) (2,12) (3,0) (3,1) (3,2) (3,3) (3,4) (3,5) (3,6) (3,7) (3,8) (3,9) (3,10) (3,11) (3,12) (4,0) (4,1) (4,2) (4,3) (4,4) (4,5) (4,6) (4,7) (4,8) (4,9) (4,10) (4,11) (4,12)   also met at 7 more region(s)
  [37,3] MM[[37,3]] (1D) seats (0,0) (0,1) (0,2) (0,3) (0,4) (0,5) (0,6) (0,7) (0,8) (0,9) (0,10) (0,11) (0,12) (0,13) (0,14) (0,15) (0,16) (1,0) (1,1) (1,2) (1,3) (1,4) (1,5) (1,6) (1,7) (1,8) (1,9) (1,10) (1,11) (1,12) (1,13) (1,14) (1,15) (1,16) (2,0) (2,1) (2,2) (2,3) (2,4) (2,5) (2,6) (3,0) (3,1) (3,2) (3,3) (3,4) (3,5) (3,6) (4,0) (4,1) (4,2) (4,3) (4,4) (4,5) (4,6) (5,0) (5,1) (5,2) (5,3) (5,4) (5,5) (5,6) (6,0) (6,1) (6,2) (6,3) (6,4) (6,5) (6,6) (7,0) (7,1) (7,2) (7,3) (7,4) (7,5) (7,6) (8,0) (8,1) (8,2) (8,3) (8,4) (8,5) (8,6) (9,0) (9,1) (9,2) (9,3) (9,4) (9,5) (9,6) (10,0) (10,1) (10,2) (10,3) (10,4) (10,5) (10,6) (11,0) (11,1) (11,2) (11,3) (11,4) (11,5) (11,6) (12,0) (12,1) (12,2) (12,3) (12,4) (12,5) (12,6)   also met at 5 more region(s)
  [59,3] MM[[59,3]] (1D) seats (0,0) (0,1) (0,2) (0,3) (0,4) (0,5) (0,6) (0,7) (0,8) (0,9) (0,10) (0,11) (0,12) (0,13) (0,14) (0,15) (0,16) (1,0) (1,1) (1,2) (1,3) (1,4) (1,5) (1,6) (1,7) (1,8) (1,9) (1,10) (1,11) (1,12) (1,13) (1,14) (1,15) (1,16) (2,0) (2,1) (2,2) (2,3) (2,4) (2,5) (2,6) (2,7) (2,8) (2,9) (2,10) (2,11) (2,12) (3,0) (3,1) (3,2) (3,3) (3,4) (3,5) (3,6) (3,7) (3,8) (3,9) (3,10) (3,11) (3,12) (4,0) (4,1) (4,2) (4,3) (4,4) (4,5) (4,6) (4,7) (4,8) (4,9) (4,10) (4,11) (4,12) (5,0) (5,1) (5,2) (5,3) (5,4) (5,5) (5,6) (5,7) (5,8) (5,9) (5,10) (5,11) (5,12) (6,0) (6,1) (6,2) (6,3) (6,4) (6,5) (6,6) (6,7) (6,8) (6,9) (6,10) (6,11) (6,12) (7,0) (7,1) (7,2) (7,3) (7,4) (7,5) (7,6) (7,7) (7,8) (7,9) (7,10) (7,11) (7,12) (8,0) (8,1) (8,2) (8,3) (8,4) (8,5) (8,6) (8,7) (8,8) (8,9) (8,10) (8,11) (8,12) (9,0) (9,1) (9,2) (9,3) (9,4) (9,5) (9,6) (9,7) (9,8) (9,9) (9,10) (9,11) (9,12) (10,0) (10,1) (10,2) (10,3) (10,4) (10,5) (10,6) (10,7) (10,8) (10,9) (10,10) (10,11) (10,12) (11,0) (11,1) (11,2) (11,3) (11,4) (11,5) (11,6) (11,7) (11,8) (11,9) (11,10) (11,11) (11,12) (12,0) (12,1) (12,2) (12,3) (12,4) (12,5) (12,6) (12,7) (12,8) (12,9) (12,10) (12,11) (12,12)   also met at 1 more region(s)
  [31,5] MM[[31,5]] (1D) seats (0,0) (0,1) (0,2) (0,3) (0,4) (0,5) (0,6) (0,7) (0,8) (0,9) (0,10) (0,11) (0,12) (0,13) (0,14) (0,15) (0,16) (1,0) (1,1) (1,2) (1,3) (1,4) (1,5) (1,6) (1,7) (1,8) (1,9) (1,10) (1,11) (1,12) (1,13) (1,14) (1,15) (1,16) (2,0) (2,1) (2,2) (2,3) (2,4) (2,5) (2,6) (2,7) (2,8) (2,9) (2,10) (3,0) (3,1) (3,2) (3,3) (3,4) (3,5) (3,6) (3,7) (3,8) (3,9) (3,10) (4,0) (4,1) (4,2) (4,3) (4,4) (4,5) (4,6) (4,7) (4,8) (4,9) (4,10) (5,0) (5,1) (5,2) (5,3) (5,4) (5,5) (5,6) (5,7) (5,8) (5,9) (5,10) (6,0) (6,1) (6,2) (6,3) (6,4) (6,5) (6,6) (6,7) (6,8) (6,9) (6,10) (7,0) (7,1) (7,2) (7,3) (7,4) (7,5) (7,6) (7,7) (7,8) (7,9) (7,10) (8,0) (8,1) (8,2) (8,3) (8,4) (8,5) (8,6) (8,7) (8,8) (8,9) (8,10) (9,0) (9,1) (9,2) (9,3) (9,4) (9,5) (9,6) (9,7) (9,8) (9,9) (9,10) (10,0) (10,1) (10,2) (10,3) (10,4) (10,5) (10,6) (10,7) (10,8) (10,9) (10,10) (11,0) (11,1) (11,2) (11,3) (11,4) (11,5) (11,6) (11,7) (11,8) (11,9) (11,10) (12,0) (12,1) (12,2) (12,3) (12,4) (12,5) (12,6) (12,7) (12,8) (12,9) (12,10)   also met at 3 more region(s)
  79   MM[79] (1D)  seats (0,0) (0,1) (0,2) (0,3) (0,4) (0,5) (0,6) (0,7) (0,8) (0,9) (0,10) (0,11) (0,12) (0,13) (0,14) (0,15) (0,16) (1,0) (1,1) (1,2) (1,3) (1,4) (1,5) (1,6) (1,7) (1,8) (1,9) (1,10) (1,11) (1,12) (1,13) (1,14) (1,15) (1,16) (2,0) (2,1) (2,2) (2,3) (2,4) (3,0) (3,1) (3,2) (3,3) (3,4) (4,0) (4,1) (4,2) (4,3) (4,4) (5,0) (5,1) (5,2) (5,3) (5,4) (6,0) (6,1) (6,2) (6,3) (6,4) (7,0) (7,1) (7,2) (7,3) (7,4) (8,0) (8,1) (8,2) (8,3) (8,4) (9,0) (9,1) (9,2) (9,3) (9,4) (10,0) (10,1) (10,2) (10,3) (10,4)   also met at 11 more region(s)
  151  MM[151] (1D) seats (0,0) (0,1) (0,2) (0,3) (0,4) (0,5) (0,6) (0,7) (0,8) (0,9) (0,10) (0,11) (0,12) (0,13) (0,14) (0,15) (0,16) (1,0) (1,1) (1,2) (1,3) (1,4) (1,5) (1,6) (1,7) (1,8) (1,9) (1,10) (1,11) (1,12) (1,13) (1,14) (1,15) (1,16) (2,0) (2,1) (2,2) (2,3) (2,4) (2,5) (2,6) (2,7) (2,8) (2,9) (2,10) (2,11) (2,12) (3,0) (3,1) (3,2) (3,3) (3,4) (3,5) (3,6) (3,7) (3,8) (3,9) (3,10) (3,11) (3,12) (4,0) (4,1) (4,2) (4,3) (4,4) (4,5) (4,6) (4,7) (4,8) (4,9) (4,10) (4,11) (4,12) (5,0) (5,1) (5,2) (5,3) (5,4) (5,5) (5,6) (5,7) (5,8) (5,9) (5,10) (5,11) (5,12) (6,0) (6,1) (6,2) (6,3) (6,4) (6,5) (6,6) (6,7) (6,8) (6,9) (6,10) (6,11) (6,12) (7,0) (7,1) (7,2) (7,3) (7,4) (7,5) (7,6) (7,7) (7,8) (7,9) (7,10) (7,11) (7,12) (8,0) (8,1) (8,2) (8,3) (8,4) (8,5) (8,6) (8,7) (8,8) (8,9) (8,10) (8,11) (8,12) (9,0) (9,1) (9,2) (9,3) (9,4) (9,5) (9,6) (9,7) (9,8) (9,9) (9,10) (9,11) (9,12) (10,0) (10,1) (10,2) (10,3) (10,4) (10,5) (10,6) (10,7) (10,8) (10,9) (10,10) (10,11) (10,12)   also met at 3 more region(s)
  [7,19] MM[[7,19]] (1D) seats (0,0) (0,1) (0,2) (0,3) (0,4) (0,5) (0,6) (0,7) (0,8) (0,9) (0,10) (0,11) (0,12) (0,13) (0,14) (0,15) (0,16) (1,0) (1,1) (1,2) (1,3) (1,4) (1,5) (1,6) (1,7) (1,8) (1,9) (1,10) (1,11) (1,12) (1,13) (1,14) (1,15) (1,16) (2,0) (2,1) (2,2) (2,3) (2,4) (2,5) (2,6) (2,7) (2,8) (2,9) (2,10) (3,0) (3,1) (3,2) (3,3) (3,4) (3,5) (3,6) (3,7) (3,8) (3,9) (3,10) (4,0) (4,1) (4,2) (4,3) (4,4) (4,5) (4,6) (4,7) (4,8) (4,9) (4,10) (5,0) (5,1) (5,2) (5,3) (5,4) (5,5) (5,6) (5,7) (5,8) (5,9) (5,10) (6,0) (6,1) (6,2) (6,3) (6,4) (6,5) (6,6) (6,7) (6,8) (6,9) (6,10) (7,0) (7,1) (7,2) (7,3) (7,4) (7,5) (7,6) (7,7) (7,8) (7,9) (7,10) (8,0) (8,1) (8,2) (8,3) (8,4) (8,5) (8,6) (8,7) (8,8) (8,9) (8,10) (9,0) (9,1) (9,2) (9,3) (9,4) (9,5) (9,6) (9,7) (9,8) (9,9) (9,10) (10,0) (10,1) (10,2) (10,3) (10,4) (10,5) (10,6) (10,7) (10,8) (10,9) (10,10)   also met at 2 more region(s)
  [[8,2],4] MM[[[8,2],4]] (1D) seats (0,0) (0,1) (0,2) (0,3) (0,4) (0,5) (0,6) (0,7) (0,8) (0,9) (0,10) (0,11) (0,12) (0,13) (0,14) (0,15) (0,16) (1,0) (1,1) (1,2) (1,3) (1,4) (1,5) (1,6) (1,7) (1,8) (1,9) (1,10) (1,11) (1,12) (1,13) (1,14) (1,15) (1,16) (2,0) (2,1) (3,0) (3,1) (4,0) (4,1) (5,0) (5,1) (6,0) (6,1) (7,0) (7,1) (8,0) (8,1) (9,0) (9,1) (10,0) (10,1) (11,0) (11,1) (12,0) (12,1) (13,0) (13,1) (14,0) (14,1) (15,0) (15,1) (16,0) (16,1)
  109  MM[109] (1D) seats (0,0) (0,1) (0,2) (0,3) (0,4) (0,5) (0,6) (0,7) (0,8) (0,9) (0,10) (0,11) (0,12) (0,13) (0,14) (0,15) (0,16) (1,0) (1,1) (1,2) (1,3) (1,4) (1,5) (1,6) (1,7) (1,8) (1,9) (1,10) (1,11) (1,12) (1,13) (1,14) (1,15) (1,16) (2,0) (2,1) (2,2) (2,3) (2,4) (3,0) (3,1) (3,2) (3,3) (3,4) (4,0) (4,1) (4,2) (4,3) (4,4) (5,0) (5,1) (5,2) (5,3) (5,4) (6,0) (6,1) (6,2) (6,3) (6,4) (7,0) (7,1) (7,2) (7,3) (7,4) (8,0) (8,1) (8,2) (8,3) (8,4) (9,0) (9,1) (9,2) (9,3) (9,4) (10,0) (10,1) (10,2) (10,3) (10,4) (11,0) (11,1) (11,2) (11,3) (11,4) (12,0) (12,1) (12,2) (12,3) (12,4) (13,0) (13,1) (13,2) (13,3) (13,4) (14,0) (14,1) (14,2) (14,3) (14,4) (15,0) (15,1) (15,2) (15,3) (15,4) (16,0) (16,1) (16,2) (16,3) (16,4)   also met at 5 more region(s)
  139  MM[139] (1D) seats (0,0) (0,1) (0,2) (0,3) (0,4) (0,5) (0,6) (0,7) (0,8) (0,9) (0,10) (0,11) (0,12) (0,13) (0,14) (0,15) (0,16) (1,0) (1,1) (1,2) (1,3) (1,4) (1,5) (1,6) (1,7) (1,8) (1,9) (1,10) (1,11) (1,12) (1,13) (1,14) (1,15) (1,16) (2,0) (2,1) (2,2) (2,3) (2,4) (2,5) (2,6) (3,0) (3,1) (3,2) (3,3) (3,4) (3,5) (3,6) (4,0) (4,1) (4,2) (4,3) (4,4) (4,5) (4,6) (5,0) (5,1) (5,2) (5,3) (5,4) (5,5) (5,6) (6,0) (6,1) (6,2) (6,3) (6,4) (6,5) (6,6) (7,0) (7,1) (7,2) (7,3) (7,4) (7,5) (7,6) (8,0) (8,1) (8,2) (8,3) (8,4) (8,5) (8,6) (9,0) (9,1) (9,2) (9,3) (9,4) (9,5) (9,6) (10,0) (10,1) (10,2) (10,3) (10,4) (10,5) (10,6) (11,0) (11,1) (11,2) (11,3) (11,4) (11,5) (11,6) (12,0) (12,1) (12,2) (12,3) (12,4) (12,5) (12,6) (13,0) (13,1) (13,2) (13,3) (13,4) (13,5) (13,6) (14,0) (14,1) (14,2) (14,3) (14,4) (14,5) (14,6) (15,0) (15,1) (15,2) (15,3) (15,4) (15,5) (15,6) (16,0) (16,1) (16,2) (16,3) (16,4) (16,5) (16,6)   also met at 5 more region(s)
  229  MM[229] (1D) seats (0,0) (0,1) (0,2) (0,3) (0,4) (0,5) (0,6) (0,7) (0,8) (0,9) (0,10) (0,11) (0,12) (0,13) (0,14) (0,15) (0,16) (1,0) (1,1) (1,2) (1,3) (1,4) (1,5) (1,6) (1,7) (1,8) (1,9) (1,10) (1,11) (1,12) (1,13) (1,14) (1,15) (1,16) (2,0) (2,1) (2,2) (2,3) (2,4) (2,5) (2,6) (2,7) (2,8) (2,9) (2,10) (2,11) (2,12) (3,0) (3,1) (3,2) (3,3) (3,4) (3,5) (3,6) (3,7) (3,8) (3,9) (3,10) (3,11) (3,12) (4,0) (4,1) (4,2) (4,3) (4,4) (4,5) (4,6) (4,7) (4,8) (4,9) (4,10) (4,11) (4,12) (5,0) (5,1) (5,2) (5,3) (5,4) (5,5) (5,6) (5,7) (5,8) (5,9) (5,10) (5,11) (5,12) (6,0) (6,1) (6,2) (6,3) (6,4) (6,5) (6,6) (6,7) (6,8) (6,9) (6,10) (6,11) (6,12) (7,0) (7,1) (7,2) (7,3) (7,4) (7,5) (7,6) (7,7) (7,8) (7,9) (7,10) (7,11) (7,12) (8,0) (8,1) (8,2) (8,3) (8,4) (8,5) (8,6) (8,7) (8,8) (8,9) (8,10) (8,11) (8,12) (9,0) (9,1) (9,2) (9,3) (9,4) (9,5) (9,6) (9,7) (9,8) (9,9) (9,10) (9,11) (9,12) (10,0) (10,1) (10,2) (10,3) (10,4) (10,5) (10,6) (10,7) (10,8) (10,9) (10,10) (10,11) (10,12) (11,0) (11,1) (11,2) (11,3) (11,4) (11,5) (11,6) (11,7) (11,8) (11,9) (11,10) (11,11) (11,12) (12,0) (12,1) (12,2) (12,3) (12,4) (12,5) (12,6) (12,7) (12,8) (12,9) (12,10) (12,11) (12,12) (13,0) (13,1) (13,2) (13,3) (13,4) (13,5) (13,6) (13,7) (13,8) (13,9) (13,10) (13,11) (13,12) (14,0) (14,1) (14,2) (14,3) (14,4) (14,5) (14,6) (14,7) (14,8) (14,9) (14,10) (14,11) (14,12) (15,0) (15,1) (15,2) (15,3) (15,4) (15,5) (15,6) (15,7) (15,8) (15,9) (15,10) (15,11) (15,12) (16,0) (16,1) (16,2) (16,3) (16,4) (16,5) (16,6) (16,7) (16,8) (16,9) (16,10) (16,11) (16,12)   also met at 3 more region(s)
  199  MM[199] (1D) seats (0,0) (0,1) (0,2) (0,3) (0,4) (0,5) (0,6) (0,7) (0,8) (0,9) (0,10) (0,11) (0,12) (0,13) (0,14) (0,15) (0,16) (1,0) (1,1) (1,2) (1,3) (1,4) (1,5) (1,6) (1,7) (1,8) (1,9) (1,10) (1,11) (1,12) (1,13) (1,14) (1,15) (1,16) (2,0) (2,1) (2,2) (2,3) (2,4) (2,5) (2,6) (2,7) (2,8) (2,9) (2,10) (3,0) (3,1) (3,2) (3,3) (3,4) (3,5) (3,6) (3,7) (3,8) (3,9) (3,10) (4,0) (4,1) (4,2) (4,3) (4,4) (4,5) (4,6) (4,7) (4,8) (4,9) (4,10) (5,0) (5,1) (5,2) (5,3) (5,4) (5,5) (5,6) (5,7) (5,8) (5,9) (5,10) (6,0) (6,1) (6,2) (6,3) (6,4) (6,5) (6,6) (6,7) (6,8) (6,9) (6,10) (7,0) (7,1) (7,2) (7,3) (7,4) (7,5) (7,6) (7,7) (7,8) (7,9) (7,10) (8,0) (8,1) (8,2) (8,3) (8,4) (8,5) (8,6) (8,7) (8,8) (8,9) (8,10) (9,0) (9,1) (9,2) (9,3) (9,4) (9,5) (9,6) (9,7) (9,8) (9,9) (9,10) (10,0) (10,1) (10,2) (10,3) (10,4) (10,5) (10,6) (10,7) (10,8) (10,9) (10,10) (11,0) (11,1) (11,2) (11,3) (11,4) (11,5) (11,6) (11,7) (11,8) (11,9) (11,10) (12,0) (12,1) (12,2) (12,3) (12,4) (12,5) (12,6) (12,7) (12,8) (12,9) (12,10) (13,0) (13,1) (13,2) (13,3) (13,4) (13,5) (13,6) (13,7) (13,8) (13,9) (13,10) (14,0) (14,1) (14,2) (14,3) (14,4) (14,5) (14,6) (14,7) (14,8) (14,9) (14,10) (15,0) (15,1) (15,2) (15,3) (15,4) (15,5) (15,6) (15,7) (15,8) (15,9) (15,10) (16,0) (16,1) (16,2) (16,3) (16,4) (16,5) (16,6) (16,7) (16,8) (16,9) (16,10)   also met at 1 more region(s)
  [[3,3],7] MM[[[3,3],7]] (1D) seats (0,0) (0,1) (0,2) (0,3) (0,4) (0,5) (0,6) (1,0) (1,1) (1,2) (1,3) (1,4) (1,5) (1,6) (2,0) (2,1) (2,2) (2,3) (2,4) (2,5) (2,6) (3,0) (3,1) (3,2) (4,0) (4,1) (4,2) (5,0) (5,1) (5,2) (6,0) (6,1) (6,2) (7,0) (7,1) (7,2) (8,0) (8,1) (8,2) (9,0) (9,1) (9,2) (10,0) (10,1) (10,2) (11,0) (11,1) (11,2) (12,0) (12,1) (12,2) (13,0) (13,1) (13,2) (14,0) (14,1) (14,2) (15,0) (15,1) (15,2) (16,0) (16,1) (16,2)   also met at 5 more region(s)
  83   MM[83] (1D)  seats (0,0) (0,1) (0,2) (0,3) (0,4) (0,5) (0,6) (0,7) (0,8) (0,9) (0,10) (0,11) (0,12) (1,0) (1,1) (1,2) (1,3) (1,4) (1,5) (1,6) (1,7) (1,8) (1,9) (1,10) (1,11) (1,12) (2,0) (2,1) (2,2) (2,3) (2,4) (2,5) (2,6) (2,7) (2,8) (2,9) (2,10) (2,11) (2,12) (3,0) (3,1) (3,2) (3,3) (3,4) (3,5) (3,6) (3,7) (3,8) (3,9) (3,10) (4,0) (4,1) (4,2) (4,3) (4,4) (4,5) (4,6) (4,7) (4,8) (4,9) (4,10) (5,0) (5,1) (5,2) (5,3) (5,4) (5,5) (5,6) (5,7) (5,8) (5,9) (5,10) (6,0) (6,1) (6,2) (6,3) (6,4) (6,5) (6,6) (6,7) (6,8) (6,9) (6,10)   also met at 7 more region(s)
  149  MM[149] (1D) seats (0,0) (0,1) (0,2) (0,3) (0,4) (0,5) (0,6) (0,7) (0,8) (0,9) (0,10) (0,11) (0,12) (1,0) (1,1) (1,2) (1,3) (1,4) (1,5) (1,6) (1,7) (1,8) (1,9) (1,10) (1,11) (1,12) (2,0) (2,1) (2,2) (2,3) (2,4) (2,5) (2,6) (2,7) (2,8) (2,9) (2,10) (2,11) (2,12) (3,0) (3,1) (3,2) (3,3) (3,4) (3,5) (3,6) (3,7) (3,8) (3,9) (3,10) (4,0) (4,1) (4,2) (4,3) (4,4) (4,5) (4,6) (4,7) (4,8) (4,9) (4,10) (5,0) (5,1) (5,2) (5,3) (5,4) (5,5) (5,6) (5,7) (5,8) (5,9) (5,10) (6,0) (6,1) (6,2) (6,3) (6,4) (6,5) (6,6) (6,7) (6,8) (6,9) (6,10) (7,0) (7,1) (7,2) (7,3) (7,4) (7,5) (7,6) (7,7) (7,8) (7,9) (7,10) (8,0) (8,1) (8,2) (8,3) (8,4) (8,5) (8,6) (8,7) (8,8) (8,9) (8,10) (9,0) (9,1) (9,2) (9,3) (9,4) (9,5) (9,6) (9,7) (9,8) (9,9) (9,10) (10,0) (10,1) (10,2) (10,3) (10,4) (10,5) (10,6) (10,7) (10,8) (10,9) (10,10) (11,0) (11,1) (11,2) (11,3) (11,4) (11,5) (11,6) (11,7) (11,8) (11,9) (11,10) (12,0) (12,1) (12,2) (12,3) (12,4) (12,5) (12,6) (12,7) (12,8) (12,9) (12,10)   also met at 7 more region(s)
  [5,19] MM[[5,19]] (1D) seats (0,0) (0,1) (0,2) (0,3) (0,4) (0,5) (0,6) (0,7) (0,8) (0,9) (0,10) (0,11) (0,12) (1,0) (1,1) (1,2) (1,3) (1,4) (1,5) (1,6) (1,7) (1,8) (1,9) (1,10) (1,11) (1,12) (2,0) (2,1) (2,2) (2,3) (2,4) (2,5) (2,6) (2,7) (2,8) (2,9) (2,10) (2,11) (2,12) (3,0) (3,1) (3,2) (3,3) (3,4) (3,5) (3,6) (4,0) (4,1) (4,2) (4,3) (4,4) (4,5) (4,6) (5,0) (5,1) (5,2) (5,3) (5,4) (5,5) (5,6) (6,0) (6,1) (6,2) (6,3) (6,4) (6,5) (6,6) (7,0) (7,1) (7,2) (7,3) (7,4) (7,5) (7,6) (8,0) (8,1) (8,2) (8,3) (8,4) (8,5) (8,6) (9,0) (9,1) (9,2) (9,3) (9,4) (9,5) (9,6) (10,0) (10,1) (10,2) (10,3) (10,4) (10,5) (10,6)   also met at 11 more region(s)
  137  MM[137] (1D) seats (0,0) (0,1) (0,2) (0,3) (0,4) (0,5) (0,6) (0,7) (0,8) (0,9) (0,10) (0,11) (0,12) (1,0) (1,1) (1,2) (1,3) (1,4) (1,5) (1,6) (1,7) (1,8) (1,9) (1,10) (1,11) (1,12) (2,0) (2,1) (2,2) (2,3) (2,4) (2,5) (2,6) (2,7) (2,8) (2,9) (2,10) (2,11) (2,12) (3,0) (3,1) (3,2) (3,3) (3,4) (3,5) (3,6) (4,0) (4,1) (4,2) (4,3) (4,4) (4,5) (4,6) (5,0) (5,1) (5,2) (5,3) (5,4) (5,5) (5,6) (6,0) (6,1) (6,2) (6,3) (6,4) (6,5) (6,6) (7,0) (7,1) (7,2) (7,3) (7,4) (7,5) (7,6) (8,0) (8,1) (8,2) (8,3) (8,4) (8,5) (8,6) (9,0) (9,1) (9,2) (9,3) (9,4) (9,5) (9,6) (10,0) (10,1) (10,2) (10,3) (10,4) (10,5) (10,6) (11,0) (11,1) (11,2) (11,3) (11,4) (11,5) (11,6) (12,0) (12,1) (12,2) (12,3) (12,4) (12,5) (12,6) (13,0) (13,1) (13,2) (13,3) (13,4) (13,5) (13,6) (14,0) (14,1) (14,2) (14,3) (14,4) (14,5) (14,6) (15,0) (15,1) (15,2) (15,3) (15,4) (15,5) (15,6) (16,0) (16,1) (16,2) (16,3) (16,4) (16,5) (16,6)   also met at 1 more region(s)
  193  MM[193] (1D) seats (0,0) (0,1) (0,2) (0,3) (0,4) (0,5) (0,6) (0,7) (0,8) (0,9) (0,10) (0,11) (0,12) (1,0) (1,1) (1,2) (1,3) (1,4) (1,5) (1,6) (1,7) (1,8) (1,9) (1,10) (1,11) (1,12) (2,0) (2,1) (2,2) (2,3) (2,4) (2,5) (2,6) (2,7) (2,8) (2,9) (2,10) (2,11) (2,12) (3,0) (3,1) (3,2) (3,3) (3,4) (3,5) (3,6) (3,7) (3,8) (3,9) (3,10) (4,0) (4,1) (4,2) (4,3) (4,4) (4,5) (4,6) (4,7) (4,8) (4,9) (4,10) (5,0) (5,1) (5,2) (5,3) (5,4) (5,5) (5,6) (5,7) (5,8) (5,9) (5,10) (6,0) (6,1) (6,2) (6,3) (6,4) (6,5) (6,6) (6,7) (6,8) (6,9) (6,10) (7,0) (7,1) (7,2) (7,3) (7,4) (7,5) (7,6) (7,7) (7,8) (7,9) (7,10) (8,0) (8,1) (8,2) (8,3) (8,4) (8,5) (8,6) (8,7) (8,8) (8,9) (8,10) (9,0) (9,1) (9,2) (9,3) (9,4) (9,5) (9,6) (9,7) (9,8) (9,9) (9,10) (10,0) (10,1) (10,2) (10,3) (10,4) (10,5) (10,6) (10,7) (10,8) (10,9) (10,10) (11,0) (11,1) (11,2) (11,3) (11,4) (11,5) (11,6) (11,7) (11,8) (11,9) (11,10) (12,0) (12,1) (12,2) (12,3) (12,4) (12,5) (12,6) (12,7) (12,8) (12,9) (12,10) (13,0) (13,1) (13,2) (13,3) (13,4) (13,5) (13,6) (13,7) (13,8) (13,9) (13,10) (14,0) (14,1) (14,2) (14,3) (14,4) (14,5) (14,6) (14,7) (14,8) (14,9) (14,10) (15,0) (15,1) (15,2) (15,3) (15,4) (15,5) (15,6) (15,7) (15,8) (15,9) (15,10) (16,0) (16,1) (16,2) (16,3) (16,4) (16,5) (16,6) (16,7) (16,8) (16,9) (16,10)   also met at 3 more region(s)
  [[5,5],3] MM[[[5,5],3]] (1D) seats (0,0) (0,1) (0,2) (0,3) (0,4) (0,5) (0,6) (0,7) (0,8) (0,9) (0,10) (1,0) (1,1) (1,2) (1,3) (1,4) (1,5) (1,6) (1,7) (1,8) (1,9) (1,10) (2,0) (2,1) (2,2) (2,3) (2,4) (2,5) (2,6) (2,7) (2,8) (2,9) (2,10) (3,0) (3,1) (3,2) (4,0) (4,1) (4,2) (5,0) (5,1) (5,2) (6,0) (6,1) (6,2) (7,0) (7,1) (7,2) (8,0) (8,1) (8,2) (9,0) (9,1) (9,2) (10,0) (10,1) (10,2) (11,0) (11,1) (11,2) (12,0) (12,1) (12,2) (13,0) (13,1) (13,2) (14,0) (14,1) (14,2) (15,0) (15,1) (15,2) (16,0) (16,1) (16,2)   also met at 3 more region(s)
  181  MM[181] (1D) seats (0,0) (0,1) (0,2) (0,3) (0,4) (0,5) (0,6) (0,7) (0,8) (0,9) (0,10) (0,11) (0,12) (0,13) (0,14) (0,15) (0,16) (1,0) (1,1) (1,2) (1,3) (1,4) (1,5) (1,6) (1,7) (1,8) (1,9) (1,10) (1,11) (1,12) (1,13) (1,14) (1,15) (1,16) (2,0) (2,1) (2,2) (2,3) (2,4) (2,5) (2,6) (2,7) (2,8) (2,9) (2,10) (2,11) (2,12) (2,13) (2,14) (2,15) (2,16) (3,0) (3,1) (3,2) (3,3) (3,4) (3,5) (3,6) (3,7) (3,8) (3,9) (3,10) (3,11) (3,12) (4,0) (4,1) (4,2) (4,3) (4,4) (4,5) (4,6) (4,7) (4,8) (4,9) (4,10) (4,11) (4,12) (5,0) (5,1) (5,2) (5,3) (5,4) (5,5) (5,6) (5,7) (5,8) (5,9) (5,10) (5,11) (5,12) (6,0) (6,1) (6,2) (6,3) (6,4) (6,5) (6,6) (6,7) (6,8) (6,9) (6,10) (6,11) (6,12) (7,0) (7,1) (7,2) (7,3) (7,4) (7,5) (7,6) (7,7) (7,8) (7,9) (7,10) (7,11) (7,12) (8,0) (8,1) (8,2) (8,3) (8,4) (8,5) (8,6) (8,7) (8,8) (8,9) (8,10) (8,11) (8,12) (9,0) (9,1) (9,2) (9,3) (9,4) (9,5) (9,6) (9,7) (9,8) (9,9) (9,10) (9,11) (9,12) (10,0) (10,1) (10,2) (10,3) (10,4) (10,5) (10,6) (10,7) (10,8) (10,9) (10,10) (10,11) (10,12) (11,0) (11,1) (11,2) (11,3) (11,4) (11,5) (11,6) (11,7) (11,8) (11,9) (11,10) (11,11) (11,12) (12,0) (12,1) (12,2) (12,3) (12,4) (12,5) (12,6) (12,7) (12,8) (12,9) (12,10) (12,11) (12,12)   also met at 1 more region(s)
  [23,7] MM[[23,7]] (1D) seats (0,0) (0,1) (0,2) (0,3) (0,4) (0,5) (0,6) (0,7) (0,8) (0,9) (0,10) (0,11) (0,12) (0,13) (0,14) (0,15) (0,16) (1,0) (1,1) (1,2) (1,3) (1,4) (1,5) (1,6) (1,7) (1,8) (1,9) (1,10) (1,11) (1,12) (1,13) (1,14) (1,15) (1,16) (2,0) (2,1) (2,2) (2,3) (2,4) (2,5) (2,6) (2,7) (2,8) (2,9) (2,10) (2,11) (2,12) (2,13) (2,14) (2,15) (2,16) (3,0) (3,1) (3,2) (3,3) (3,4) (3,5) (3,6) (3,7) (3,8) (3,9) (3,10) (4,0) (4,1) (4,2) (4,3) (4,4) (4,5) (4,6) (4,7) (4,8) (4,9) (4,10) (5,0) (5,1) (5,2) (5,3) (5,4) (5,5) (5,6) (5,7) (5,8) (5,9) (5,10) (6,0) (6,1) (6,2) (6,3) (6,4) (6,5) (6,6) (6,7) (6,8) (6,9) (6,10) (7,0) (7,1) (7,2) (7,3) (7,4) (7,5) (7,6) (7,7) (7,8) (7,9) (7,10) (8,0) (8,1) (8,2) (8,3) (8,4) (8,5) (8,6) (8,7) (8,8) (8,9) (8,10) (9,0) (9,1) (9,2) (9,3) (9,4) (9,5) (9,6) (9,7) (9,8) (9,9) (9,10) (10,0) (10,1) (10,2) (10,3) (10,4) (10,5) (10,6) (10,7) (10,8) (10,9) (10,10) (11,0) (11,1) (11,2) (11,3) (11,4) (11,5) (11,6) (11,7) (11,8) (11,9) (11,10) (12,0) (12,1) (12,2) (12,3) (12,4) (12,5) (12,6) (12,7) (12,8) (12,9) (12,10)   also met at 3 more region(s)
  107  MM[107] (1D) seats (0,0) (0,1) (0,2) (0,3) (0,4) (0,5) (0,6) (0,7) (0,8) (0,9) (0,10) (0,11) (0,12) (0,13) (0,14) (0,15) (0,16) (1,0) (1,1) (1,2) (1,3) (1,4) (1,5) (1,6) (1,7) (1,8) (1,9) (1,10) (1,11) (1,12) (1,13) (1,14) (1,15) (1,16) (2,0) (2,1) (2,2) (2,3) (2,4) (2,5) (2,6) (2,7) (2,8) (2,9) (2,10) (2,11) (2,12) (2,13) (2,14) (2,15) (2,16) (3,0) (3,1) (3,2) (3,3) (3,4) (3,5) (3,6) (4,0) (4,1) (4,2) (4,3) (4,4) (4,5) (4,6) (5,0) (5,1) (5,2) (5,3) (5,4) (5,5) (5,6) (6,0) (6,1) (6,2) (6,3) (6,4) (6,5) (6,6) (7,0) (7,1) (7,2) (7,3) (7,4) (7,5) (7,6) (8,0) (8,1) (8,2) (8,3) (8,4) (8,5) (8,6) (9,0) (9,1) (9,2) (9,3) (9,4) (9,5) (9,6) (10,0) (10,1) (10,2) (10,3) (10,4) (10,5) (10,6)   also met at 5 more region(s)
  [31,3] MM[[31,3]] (1D) seats (0,0) (0,1) (0,2) (0,3) (0,4) (0,5) (0,6) (0,7) (0,8) (0,9) (0,10) (0,11) (0,12) (0,13) (0,14) (0,15) (0,16) (1,0) (1,1) (1,2) (1,3) (1,4) (1,5) (1,6) (1,7) (1,8) (1,9) (1,10) (1,11) (1,12) (1,13) (1,14) (1,15) (1,16) (2,0) (2,1) (2,2) (2,3) (2,4) (2,5) (2,6) (2,7) (2,8) (2,9) (2,10) (2,11) (2,12) (2,13) (2,14) (2,15) (2,16) (3,0) (3,1) (3,2) (4,0) (4,1) (4,2) (5,0) (5,1) (5,2) (6,0) (6,1) (6,2) (7,0) (7,1) (7,2) (8,0) (8,1) (8,2) (9,0) (9,1) (9,2) (10,0) (10,1) (10,2) (11,0) (11,1) (11,2) (12,0) (12,1) (12,2) (13,0) (13,1) (13,2) (14,0) (14,1) (14,2) (15,0) (15,1) (15,2) (16,0) (16,1) (16,2)   also met at 2 more region(s)
  233  MM[233] (1D) seats (0,0) (0,1) (0,2) (0,3) (0,4) (0,5) (0,6) (0,7) (0,8) (0,9) (0,10) (0,11) (0,12) (0,13) (0,14) (0,15) (0,16) (1,0) (1,1) (1,2) (1,3) (1,4) (1,5) (1,6) (1,7) (1,8) (1,9) (1,10) (1,11) (1,12) (1,13) (1,14) (1,15) (1,16) (2,0) (2,1) (2,2) (2,3) (2,4) (2,5) (2,6) (2,7) (2,8) (2,9) (2,10) (2,11) (2,12) (2,13) (2,14) (2,15) (2,16) (3,0) (3,1) (3,2) (3,3) (3,4) (3,5) (3,6) (3,7) (3,8) (3,9) (3,10) (3,11) (3,12) (4,0) (4,1) (4,2) (4,3) (4,4) (4,5) (4,6) (4,7) (4,8) (4,9) (4,10) (4,11) (4,12) (5,0) (5,1) (5,2) (5,3) (5,4) (5,5) (5,6) (5,7) (5,8) (5,9) (5,10) (5,11) (5,12) (6,0) (6,1) (6,2) (6,3) (6,4) (6,5) (6,6) (6,7) (6,8) (6,9) (6,10) (6,11) (6,12) (7,0) (7,1) (7,2) (7,3) (7,4) (7,5) (7,6) (7,7) (7,8) (7,9) (7,10) (7,11) (7,12) (8,0) (8,1) (8,2) (8,3) (8,4) (8,5) (8,6) (8,7) (8,8) (8,9) (8,10) (8,11) (8,12) (9,0) (9,1) (9,2) (9,3) (9,4) (9,5) (9,6) (9,7) (9,8) (9,9) (9,10) (9,11) (9,12) (10,0) (10,1) (10,2) (10,3) (10,4) (10,5) (10,6) (10,7) (10,8) (10,9) (10,10) (10,11) (10,12) (11,0) (11,1) (11,2) (11,3) (11,4) (11,5) (11,6) (11,7) (11,8) (11,9) (11,10) (11,11) (11,12) (12,0) (12,1) (12,2) (12,3) (12,4) (12,5) (12,6) (12,7) (12,8) (12,9) (12,10) (12,11) (12,12) (13,0) (13,1) (13,2) (13,3) (13,4) (13,5) (13,6) (13,7) (13,8) (13,9) (13,10) (13,11) (13,12) (14,0) (14,1) (14,2) (14,3) (14,4) (14,5) (14,6) (14,7) (14,8) (14,9) (14,10) (14,11) (14,12) (15,0) (15,1) (15,2) (15,3) (15,4) (15,5) (15,6) (15,7) (15,8) (15,9) (15,10) (15,11) (15,12) (16,0) (16,1) (16,2) (16,3) (16,4) (16,5) (16,6) (16,7) (16,8) (16,9) (16,10) (16,11) (16,12)   also met at 1 more region(s)
  [41,5] MM[[41,5]] (1D) seats (0,0) (0,1) (0,2) (0,3) (0,4) (0,5) (0,6) (0,7) (0,8) (0,9) (0,10) (0,11) (0,12) (0,13) (0,14) (0,15) (0,16) (1,0) (1,1) (1,2) (1,3) (1,4) (1,5) (1,6) (1,7) (1,8) (1,9) (1,10) (1,11) (1,12) (1,13) (1,14) (1,15) (1,16) (2,0) (2,1) (2,2) (2,3) (2,4) (2,5) (2,6) (2,7) (2,8) (2,9) (2,10) (2,11) (2,12) (2,13) (2,14) (2,15) (2,16) (3,0) (3,1) (3,2) (3,3) (3,4) (3,5) (3,6) (3,7) (3,8) (3,9) (3,10) (4,0) (4,1) (4,2) (4,3) (4,4) (4,5) (4,6) (4,7) (4,8) (4,9) (4,10) (5,0) (5,1) (5,2) (5,3) (5,4) (5,5) (5,6) (5,7) (5,8) (5,9) (5,10) (6,0) (6,1) (6,2) (6,3) (6,4) (6,5) (6,6) (6,7) (6,8) (6,9) (6,10) (7,0) (7,1) (7,2) (7,3) (7,4) (7,5) (7,6) (7,7) (7,8) (7,9) (7,10) (8,0) (8,1) (8,2) (8,3) (8,4) (8,5) (8,6) (8,7) (8,8) (8,9) (8,10) (9,0) (9,1) (9,2) (9,3) (9,4) (9,5) (9,6) (9,7) (9,8) (9,9) (9,10) (10,0) (10,1) (10,2) (10,3) (10,4) (10,5) (10,6) (10,7) (10,8) (10,9) (10,10) (11,0) (11,1) (11,2) (11,3) (11,4) (11,5) (11,6) (11,7) (11,8) (11,9) (11,10) (12,0) (12,1) (12,2) (12,3) (12,4) (12,5) (12,6) (12,7) (12,8) (12,9) (12,10) (13,0) (13,1) (13,2) (13,3) (13,4) (13,5) (13,6) (13,7) (13,8) (13,9) (13,10) (14,0) (14,1) (14,2) (14,3) (14,4) (14,5) (14,6) (14,7) (14,8) (14,9) (14,10) (15,0) (15,1) (15,2) (15,3) (15,4) (15,5) (15,6) (15,7) (15,8) (15,9) (15,10) (16,0) (16,1) (16,2) (16,3) (16,4) (16,5) (16,6) (16,7) (16,8) (16,9) (16,10)   also met at 1 more region(s)
  [29,3] MM[[29,3]] (1D) seats (0,0) (0,1) (0,2) (0,3) (0,4) (0,5) (0,6) (0,7) (0,8) (0,9) (0,10) (0,11) (0,12) (1,0) (1,1) (1,2) (1,3) (1,4) (1,5) (1,6) (1,7) (1,8) (1,9) (1,10) (1,11) (1,12) (2,0) (2,1) (2,2) (2,3) (2,4) (2,5) (2,6) (2,7) (2,8) (2,9) (2,10) (2,11) (2,12) (3,0) (3,1) (3,2) (3,3) (3,4) (3,5) (3,6) (3,7) (3,8) (3,9) (3,10) (3,11) (3,12) (4,0) (4,1) (4,2) (4,3) (4,4) (4,5) (4,6) (4,7) (4,8) (4,9) (4,10) (4,11) (4,12) (5,0) (5,1) (5,2) (5,3) (5,4) (5,5) (5,6) (5,7) (5,8) (5,9) (5,10) (6,0) (6,1) (6,2) (6,3) (6,4) (6,5) (6,6) (6,7) (6,8) (6,9) (6,10)   also met at 5 more region(s)
  [[3,5],7] MM[[[3,5],7]] (1D) seats (0,0) (0,1) (0,2) (0,3) (0,4) (0,5) (0,6) (0,7) (0,8) (0,9) (0,10) (0,11) (0,12) (1,0) (1,1) (1,2) (1,3) (1,4) (1,5) (1,6) (1,7) (1,8) (1,9) (1,10) (1,11) (1,12) (2,0) (2,1) (2,2) (2,3) (2,4) (2,5) (2,6) (2,7) (2,8) (2,9) (2,10) (2,11) (2,12) (3,0) (3,1) (3,2) (3,3) (3,4) (3,5) (3,6) (3,7) (3,8) (3,9) (3,10) (3,11) (3,12) (4,0) (4,1) (4,2) (4,3) (4,4) (4,5) (4,6) (4,7) (4,8) (4,9) (4,10) (4,11) (4,12) (5,0) (5,1) (5,2) (5,3) (5,4) (6,0) (6,1) (6,2) (6,3) (6,4) (7,0) (7,1) (7,2) (7,3) (7,4) (8,0) (8,1) (8,2) (8,3) (8,4) (9,0) (9,1) (9,2) (9,3) (9,4) (10,0) (10,1) (10,2) (10,3) (10,4) (11,0) (11,1) (11,2) (11,3) (11,4) (12,0) (12,1) (12,2) (12,3) (12,4)   also met at 1 more region(s)
  [17,[3,3]] MM[[17,[3,3]]] (1D) seats (0,0) (0,1) (0,2) (0,3) (0,4) (0,5) (0,6) (0,7) (0,8) (0,9) (0,10) (0,11) (0,12) (1,0) (1,1) (1,2) (1,3) (1,4) (1,5) (1,6) (1,7) (1,8) (1,9) (1,10) (1,11) (1,12) (2,0) (2,1) (2,2) (2,3) (2,4) (2,5) (2,6) (2,7) (2,8) (2,9) (2,10) (2,11) (2,12) (3,0) (3,1) (3,2) (3,3) (3,4) (3,5) (3,6) (3,7) (3,8) (3,9) (3,10) (3,11) (3,12) (4,0) (4,1) (4,2) (4,3) (4,4) (4,5) (4,6) (4,7) (4,8) (4,9) (4,10) (4,11) (4,12) (5,0) (5,1) (5,2) (5,3) (5,4) (5,5) (5,6) (5,7) (5,8) (5,9) (5,10) (6,0) (6,1) (6,2) (6,3) (6,4) (6,5) (6,6) (6,7) (6,8) (6,9) (6,10) (7,0) (7,1) (7,2) (7,3) (7,4) (7,5) (7,6) (7,7) (7,8) (7,9) (7,10) (8,0) (8,1) (8,2) (8,3) (8,4) (8,5) (8,6) (8,7) (8,8) (8,9) (8,10) (9,0) (9,1) (9,2) (9,3) (9,4) (9,5) (9,6) (9,7) (9,8) (9,9) (9,10) (10,0) (10,1) (10,2) (10,3) (10,4) (10,5) (10,6) (10,7) (10,8) (10,9) (10,10) (11,0) (11,1) (11,2) (11,3) (11,4) (11,5) (11,6) (11,7) (11,8) (11,9) (11,10) (12,0) (12,1) (12,2) (12,3) (12,4) (12,5) (12,6) (12,7) (12,8) (12,9) (12,10)   also met at 1 more region(s)
  197  MM[197] (1D) seats (0,0) (0,1) (0,2) (0,3) (0,4) (0,5) (0,6) (0,7) (0,8) (0,9) (0,10) (0,11) (0,12) (1,0) (1,1) (1,2) (1,3) (1,4) (1,5) (1,6) (1,7) (1,8) (1,9) (1,10) (1,11) (1,12) (2,0) (2,1) (2,2) (2,3) (2,4) (2,5) (2,6) (2,7) (2,8) (2,9) (2,10) (2,11) (2,12) (3,0) (3,1) (3,2) (3,3) (3,4) (3,5) (3,6) (3,7) (3,8) (3,9) (3,10) (3,11) (3,12) (4,0) (4,1) (4,2) (4,3) (4,4) (4,5) (4,6) (4,7) (4,8) (4,9) (4,10) (4,11) (4,12) (5,0) (5,1) (5,2) (5,3) (5,4) (5,5) (5,6) (5,7) (5,8) (5,9) (5,10) (6,0) (6,1) (6,2) (6,3) (6,4) (6,5) (6,6) (6,7) (6,8) (6,9) (6,10) (7,0) (7,1) (7,2) (7,3) (7,4) (7,5) (7,6) (7,7) (7,8) (7,9) (7,10) (8,0) (8,1) (8,2) (8,3) (8,4) (8,5) (8,6) (8,7) (8,8) (8,9) (8,10) (9,0) (9,1) (9,2) (9,3) (9,4) (9,5) (9,6) (9,7) (9,8) (9,9) (9,10) (10,0) (10,1) (10,2) (10,3) (10,4) (10,5) (10,6) (10,7) (10,8) (10,9) (10,10) (11,0) (11,1) (11,2) (11,3) (11,4) (11,5) (11,6) (11,7) (11,8) (11,9) (11,10) (12,0) (12,1) (12,2) (12,3) (12,4) (12,5) (12,6) (12,7) (12,8) (12,9) (12,10) (13,0) (13,1) (13,2) (13,3) (13,4) (13,5) (13,6) (13,7) (13,8) (13,9) (13,10) (14,0) (14,1) (14,2) (14,3) (14,4) (14,5) (14,6) (14,7) (14,8) (14,9) (14,10) (15,0) (15,1) (15,2) (15,3) (15,4) (15,5) (15,6) (15,7) (15,8) (15,9) (15,10) (16,0) (16,1) (16,2) (16,3) (16,4) (16,5) (16,6) (16,7) (16,8) (16,9) (16,10)   also met at 3 more region(s)
  [23,5] MM[[23,5]] (1D) seats (0,0) (0,1) (0,2) (0,3) (0,4) (0,5) (0,6) (0,7) (0,8) (0,9) (0,10) (1,0) (1,1) (1,2) (1,3) (1,4) (1,5) (1,6) (1,7) (1,8) (1,9) (1,10) (2,0) (2,1) (2,2) (2,3) (2,4) (2,5) (2,6) (2,7) (2,8) (2,9) (2,10) (3,0) (3,1) (3,2) (3,3) (3,4) (3,5) (3,6) (3,7) (3,8) (3,9) (3,10) (4,0) (4,1) (4,2) (4,3) (4,4) (4,5) (4,6) (4,7) (4,8) (4,9) (4,10) (5,0) (5,1) (5,2) (5,3) (5,4) (6,0) (6,1) (6,2) (6,3) (6,4) (7,0) (7,1) (7,2) (7,3) (7,4) (8,0) (8,1) (8,2) (8,3) (8,4) (9,0) (9,1) (9,2) (9,3) (9,4) (10,0) (10,1) (10,2) (10,3) (10,4) (11,0) (11,1) (11,2) (11,3) (11,4) (12,0) (12,1) (12,2) (12,3) (12,4) (13,0) (13,1) (13,2) (13,3) (13,4) (14,0) (14,1) (14,2) (14,3) (14,4) (15,0) (15,1) (15,2) (15,3) (15,4) (16,0) (16,1) (16,2) (16,3) (16,4)   also met at 1 more region(s)
  [47,3] MM[[47,3]] (1D) seats (0,0) (0,1) (0,2) (0,3) (0,4) (0,5) (0,6) (0,7) (0,8) (0,9) (0,10) (0,11) (0,12) (0,13) (0,14) (0,15) (0,16) (1,0) (1,1) (1,2) (1,3) (1,4) (1,5) (1,6) (1,7) (1,8) (1,9) (1,10) (1,11) (1,12) (1,13) (1,14) (1,15) (1,16) (2,0) (2,1) (2,2) (2,3) (2,4) (2,5) (2,6) (2,7) (2,8) (2,9) (2,10) (2,11) (2,12) (2,13) (2,14) (2,15) (2,16) (3,0) (3,1) (3,2) (3,3) (3,4) (3,5) (3,6) (3,7) (3,8) (3,9) (3,10) (3,11) (3,12) (3,13) (3,14) (3,15) (3,16) (4,0) (4,1) (4,2) (4,3) (4,4) (4,5) (4,6) (4,7) (4,8) (4,9) (4,10) (4,11) (4,12) (4,13) (4,14) (4,15) (4,16) (5,0) (5,1) (5,2) (5,3) (5,4) (5,5) (5,6) (6,0) (6,1) (6,2) (6,3) (6,4) (6,5) (6,6) (7,0) (7,1) (7,2) (7,3) (7,4) (7,5) (7,6) (8,0) (8,1) (8,2) (8,3) (8,4) (8,5) (8,6) (9,0) (9,1) (9,2) (9,3) (9,4) (9,5) (9,6) (10,0) (10,1) (10,2) (10,3) (10,4) (10,5) (10,6) (11,0) (11,1) (11,2) (11,3) (11,4) (11,5) (11,6) (12,0) (12,1) (12,2) (12,3) (12,4) (12,5) (12,6)   also met at 1 more region(s)
  [[3,7],[3,3]] MM[[[3,7],[3,3]]] (1D) seats (0,0) (0,1) (0,2) (0,3) (0,4) (0,5) (0,6) (0,7) (0,8) (0,9) (0,10) (0,11) (0,12) (0,13) (0,14) (0,15) (0,16) (1,0) (1,1) (1,2) (1,3) (1,4) (1,5) (1,6) (1,7) (1,8) (1,9) (1,10) (1,11) (1,12) (1,13) (1,14) (1,15) (1,16) (2,0) (2,1) (2,2) (2,3) (2,4) (2,5) (2,6) (2,7) (2,8) (2,9) (2,10) (2,11) (2,12) (2,13) (2,14) (2,15) (2,16) (3,0) (3,1) (3,2) (3,3) (3,4) (3,5) (3,6) (3,7) (3,8) (3,9) (3,10) (3,11) (3,12) (3,13) (3,14) (3,15) (3,16) (4,0) (4,1) (4,2) (4,3) (4,4) (4,5) (4,6) (4,7) (4,8) (4,9) (4,10) (4,11) (4,12) (4,13) (4,14) (4,15) (4,16) (5,0) (5,1) (5,2) (5,3) (5,4) (5,5) (5,6) (5,7) (5,8) (5,9) (5,10) (5,11) (5,12) (6,0) (6,1) (6,2) (6,3) (6,4) (6,5) (6,6) (6,7) (6,8) (6,9) (6,10) (6,11) (6,12) (7,0) (7,1) (7,2) (7,3) (7,4) (7,5) (7,6) (7,7) (7,8) (7,9) (7,10) (7,11) (7,12) (8,0) (8,1) (8,2) (8,3) (8,4) (8,5) (8,6) (8,7) (8,8) (8,9) (8,10) (8,11) (8,12) (9,0) (9,1) (9,2) (9,3) (9,4) (9,5) (9,6) (9,7) (9,8) (9,9) (9,10) (9,11) (9,12) (10,0) (10,1) (10,2) (10,3) (10,4) (10,5) (10,6) (10,7) (10,8) (10,9) (10,10) (10,11) (10,12) (11,0) (11,1) (11,2) (11,3) (11,4) (11,5) (11,6) (11,7) (11,8) (11,9) (11,10) (11,11) (11,12) (12,0) (12,1) (12,2) (12,3) (12,4) (12,5) (12,6) (12,7) (12,8) (12,9) (12,10) (12,11) (12,12)   also met at 4 more region(s)
  173  MM[173] (1D) seats (0,0) (0,1) (0,2) (0,3) (0,4) (0,5) (0,6) (0,7) (0,8) (0,9) (0,10) (0,11) (0,12) (0,13) (0,14) (0,15) (0,16) (1,0) (1,1) (1,2) (1,3) (1,4) (1,5) (1,6) (1,7) (1,8) (1,9) (1,10) (1,11) (1,12) (1,13) (1,14) (1,15) (1,16) (2,0) (2,1) (2,2) (2,3) (2,4) (2,5) (2,6) (2,7) (2,8) (2,9) (2,10) (2,11) (2,12) (2,13) (2,14) (2,15) (2,16) (3,0) (3,1) (3,2) (3,3) (3,4) (3,5) (3,6) (3,7) (3,8) (3,9) (3,10) (3,11) (3,12) (3,13) (3,14) (3,15) (3,16) (4,0) (4,1) (4,2) (4,3) (4,4) (4,5) (4,6) (4,7) (4,8) (4,9) (4,10) (4,11) (4,12) (4,13) (4,14) (4,15) (4,16) (5,0) (5,1) (5,2) (5,3) (5,4) (5,5) (5,6) (5,7) (5,8) (5,9) (5,10) (6,0) (6,1) (6,2) (6,3) (6,4) (6,5) (6,6) (6,7) (6,8) (6,9) (6,10) (7,0) (7,1) (7,2) (7,3) (7,4) (7,5) (7,6) (7,7) (7,8) (7,9) (7,10) (8,0) (8,1) (8,2) (8,3) (8,4) (8,5) (8,6) (8,7) (8,8) (8,9) (8,10) (9,0) (9,1) (9,2) (9,3) (9,4) (9,5) (9,6) (9,7) (9,8) (9,9) (9,10) (10,0) (10,1) (10,2) (10,3) (10,4) (10,5) (10,6) (10,7) (10,8) (10,9) (10,10) (11,0) (11,1) (11,2) (11,3) (11,4) (11,5) (11,6) (11,7) (11,8) (11,9) (11,10) (12,0) (12,1) (12,2) (12,3) (12,4) (12,5) (12,6) (12,7) (12,8) (12,9) (12,10)   also met at 3 more region(s)
  163  MM[163] (1D) seats (0,0) (0,1) (0,2) (0,3) (0,4) (0,5) (0,6) (0,7) (0,8) (0,9) (0,10) (0,11) (0,12) (0,13) (0,14) (0,15) (0,16) (1,0) (1,1) (1,2) (1,3) (1,4) (1,5) (1,6) (1,7) (1,8) (1,9) (1,10) (1,11) (1,12) (1,13) (1,14) (1,15) (1,16) (2,0) (2,1) (2,2) (2,3) (2,4) (2,5) (2,6) (2,7) (2,8) (2,9) (2,10) (2,11) (2,12) (2,13) (2,14) (2,15) (2,16) (3,0) (3,1) (3,2) (3,3) (3,4) (3,5) (3,6) (3,7) (3,8) (3,9) (3,10) (3,11) (3,12) (3,13) (3,14) (3,15) (3,16) (4,0) (4,1) (4,2) (4,3) (4,4) (4,5) (4,6) (4,7) (4,8) (4,9) (4,10) (4,11) (4,12) (4,13) (4,14) (4,15) (4,16) (5,0) (5,1) (5,2) (5,3) (5,4) (5,5) (5,6) (5,7) (5,8) (5,9) (5,10) (5,11) (5,12) (6,0) (6,1) (6,2) (6,3) (6,4) (6,5) (6,6) (6,7) (6,8) (6,9) (6,10) (6,11) (6,12) (7,0) (7,1) (7,2) (7,3) (7,4) (7,5) (7,6) (7,7) (7,8) (7,9) (7,10) (7,11) (7,12) (8,0) (8,1) (8,2) (8,3) (8,4) (8,5) (8,6) (8,7) (8,8) (8,9) (8,10) (8,11) (8,12) (9,0) (9,1) (9,2) (9,3) (9,4) (9,5) (9,6) (9,7) (9,8) (9,9) (9,10) (9,11) (9,12) (10,0) (10,1) (10,2) (10,3) (10,4) (10,5) (10,6) (10,7) (10,8) (10,9) (10,10) (10,11) (10,12)   also met at 3 more region(s)
  [29,5] MM[[29,5]] (1D) seats (0,0) (0,1) (0,2) (0,3) (0,4) (0,5) (0,6) (0,7) (0,8) (0,9) (0,10) (0,11) (0,12) (0,13) (0,14) (0,15) (0,16) (1,0) (1,1) (1,2) (1,3) (1,4) (1,5) (1,6) (1,7) (1,8) (1,9) (1,10) (1,11) (1,12) (1,13) (1,14) (1,15) (1,16) (2,0) (2,1) (2,2) (2,3) (2,4) (2,5) (2,6) (2,7) (2,8) (2,9) (2,10) (2,11) (2,12) (2,13) (2,14) (2,15) (2,16) (3,0) (3,1) (3,2) (3,3) (3,4) (3,5) (3,6) (3,7) (3,8) (3,9) (3,10) (3,11) (3,12) (3,13) (3,14) (3,15) (3,16) (4,0) (4,1) (4,2) (4,3) (4,4) (4,5) (4,6) (4,7) (4,8) (4,9) (4,10) (4,11) (4,12) (4,13) (4,14) (4,15) (4,16) (5,0) (5,1) (5,2) (5,3) (5,4) (6,0) (6,1) (6,2) (6,3) (6,4) (7,0) (7,1) (7,2) (7,3) (7,4) (8,0) (8,1) (8,2) (8,3) (8,4) (9,0) (9,1) (9,2) (9,3) (9,4) (10,0) (10,1) (10,2) (10,3) (10,4) (11,0) (11,1) (11,2) (11,3) (11,4) (12,0) (12,1) (12,2) (12,3) (12,4) (13,0) (13,1) (13,2) (13,3) (13,4) (14,0) (14,1) (14,2) (14,3) (14,4) (15,0) (15,1) (15,2) (15,3) (15,4) (16,0) (16,1) (16,2) (16,3) (16,4)   also met at 2 more region(s)
  241  MM[241] (1D) seats (0,0) (0,1) (0,2) (0,3) (0,4) (0,5) (0,6) (0,7) (0,8) (0,9) (0,10) (0,11) (0,12) (0,13) (0,14) (0,15) (0,16) (1,0) (1,1) (1,2) (1,3) (1,4) (1,5) (1,6) (1,7) (1,8) (1,9) (1,10) (1,11) (1,12) (1,13) (1,14) (1,15) (1,16) (2,0) (2,1) (2,2) (2,3) (2,4) (2,5) (2,6) (2,7) (2,8) (2,9) (2,10) (2,11) (2,12) (2,13) (2,14) (2,15) (2,16) (3,0) (3,1) (3,2) (3,3) (3,4) (3,5) (3,6) (3,7) (3,8) (3,9) (3,10) (3,11) (3,12) (3,13) (3,14) (3,15) (3,16) (4,0) (4,1) (4,2) (4,3) (4,4) (4,5) (4,6) (4,7) (4,8) (4,9) (4,10) (4,11) (4,12) (4,13) (4,14) (4,15) (4,16) (5,0) (5,1) (5,2) (5,3) (5,4) (5,5) (5,6) (5,7) (5,8) (5,9) (5,10) (5,11) (5,12) (6,0) (6,1) (6,2) (6,3) (6,4) (6,5) (6,6) (6,7) (6,8) (6,9) (6,10) (6,11) (6,12) (7,0) (7,1) (7,2) (7,3) (7,4) (7,5) (7,6) (7,7) (7,8) (7,9) (7,10) (7,11) (7,12) (8,0) (8,1) (8,2) (8,3) (8,4) (8,5) (8,6) (8,7) (8,8) (8,9) (8,10) (8,11) (8,12) (9,0) (9,1) (9,2) (9,3) (9,4) (9,5) (9,6) (9,7) (9,8) (9,9) (9,10) (9,11) (9,12) (10,0) (10,1) (10,2) (10,3) (10,4) (10,5) (10,6) (10,7) (10,8) (10,9) (10,10) (10,11) (10,12) (11,0) (11,1) (11,2) (11,3) (11,4) (11,5) (11,6) (11,7) (11,8) (11,9) (11,10) (11,11) (11,12) (12,0) (12,1) (12,2) (12,3) (12,4) (12,5) (12,6) (12,7) (12,8) (12,9) (12,10) (12,11) (12,12) (13,0) (13,1) (13,2) (13,3) (13,4) (13,5) (13,6) (13,7) (13,8) (13,9) (13,10) (13,11) (13,12) (14,0) (14,1) (14,2) (14,3) (14,4) (14,5) (14,6) (14,7) (14,8) (14,9) (14,10) (14,11) (14,12) (15,0) (15,1) (15,2) (15,3) (15,4) (15,5) (15,6) (15,7) (15,8) (15,9) (15,10) (15,11) (15,12) (16,0) (16,1) (16,2) (16,3) (16,4) (16,5) (16,6) (16,7) (16,8) (16,9) (16,10) (16,11) (16,12)   also met at 1 more region(s)
  [31,7] MM[[31,7]] (1D) seats (0,0) (0,1) (0,2) (0,3) (0,4) (0,5) (0,6) (0,7) (0,8) (0,9) (0,10) (0,11) (0,12) (0,13) (0,14) (0,15) (0,16) (1,0) (1,1) (1,2) (1,3) (1,4) (1,5) (1,6) (1,7) (1,8) (1,9) (1,10) (1,11) (1,12) (1,13) (1,14) (1,15) (1,16) (2,0) (2,1) (2,2) (2,3) (2,4) (2,5) (2,6) (2,7) (2,8) (2,9) (2,10) (2,11) (2,12) (2,13) (2,14) (2,15) (2,16) (3,0) (3,1) (3,2) (3,3) (3,4) (3,5) (3,6) (3,7) (3,8) (3,9) (3,10) (3,11) (3,12) (3,13) (3,14) (3,15) (3,16) (4,0) (4,1) (4,2) (4,3) (4,4) (4,5) (4,6) (4,7) (4,8) (4,9) (4,10) (4,11) (4,12) (4,13) (4,14) (4,15) (4,16) (5,0) (5,1) (5,2) (5,3) (5,4) (5,5) (5,6) (5,7) (5,8) (5,9) (5,10) (6,0) (6,1) (6,2) (6,3) (6,4) (6,5) (6,6) (6,7) (6,8) (6,9) (6,10) (7,0) (7,1) (7,2) (7,3) (7,4) (7,5) (7,6) (7,7) (7,8) (7,9) (7,10) (8,0) (8,1) (8,2) (8,3) (8,4) (8,5) (8,6) (8,7) (8,8) (8,9) (8,10) (9,0) (9,1) (9,2) (9,3) (9,4) (9,5) (9,6) (9,7) (9,8) (9,9) (9,10) (10,0) (10,1) (10,2) (10,3) (10,4) (10,5) (10,6) (10,7) (10,8) (10,9) (10,10) (11,0) (11,1) (11,2) (11,3) (11,4) (11,5) (11,6) (11,7) (11,8) (11,9) (11,10) (12,0) (12,1) (12,2) (12,3) (12,4) (12,5) (12,6) (12,7) (12,8) (12,9) (12,10) (13,0) (13,1) (13,2) (13,3) (13,4) (13,5) (13,6) (13,7) (13,8) (13,9) (13,10) (14,0) (14,1) (14,2) (14,3) (14,4) (14,5) (14,6) (14,7) (14,8) (14,9) (14,10) (15,0) (15,1) (15,2) (15,3) (15,4) (15,5) (15,6) (15,7) (15,8) (15,9) (15,10) (16,0) (16,1) (16,2) (16,3) (16,4) (16,5) (16,6) (16,7) (16,8) (16,9) (16,10)   also met at 1 more region(s)
  157  MM[157] (1D) seats (0,0) (0,1) (0,2) (0,3) (0,4) (0,5) (0,6) (0,7) (0,8) (0,9) (0,10) (0,11) (0,12) (1,0) (1,1) (1,2) (1,3) (1,4) (1,5) (1,6) (1,7) (1,8) (1,9) (1,10) (1,11) (1,12) (2,0) (2,1) (2,2) (2,3) (2,4) (2,5) (2,6) (2,7) (2,8) (2,9) (2,10) (2,11) (2,12) (3,0) (3,1) (3,2) (3,3) (3,4) (3,5) (3,6) (3,7) (3,8) (3,9) (3,10) (3,11) (3,12) (4,0) (4,1) (4,2) (4,3) (4,4) (4,5) (4,6) (4,7) (4,8) (4,9) (4,10) (4,11) (4,12) (5,0) (5,1) (5,2) (5,3) (5,4) (5,5) (5,6) (5,7) (5,8) (5,9) (5,10) (5,11) (5,12) (6,0) (6,1) (6,2) (6,3) (6,4) (6,5) (6,6) (6,7) (6,8) (6,9) (6,10) (6,11) (6,12) (7,0) (7,1) (7,2) (7,3) (7,4) (7,5) (7,6) (7,7) (7,8) (7,9) (7,10) (8,0) (8,1) (8,2) (8,3) (8,4) (8,5) (8,6) (8,7) (8,8) (8,9) (8,10) (9,0) (9,1) (9,2) (9,3) (9,4) (9,5) (9,6) (9,7) (9,8) (9,9) (9,10) (10,0) (10,1) (10,2) (10,3) (10,4) (10,5) (10,6) (10,7) (10,8) (10,9) (10,10) (11,0) (11,1) (11,2) (11,3) (11,4) (11,5) (11,6) (11,7) (11,8) (11,9) (11,10) (12,0) (12,1) (12,2) (12,3) (12,4) (12,5) (12,6) (12,7) (12,8) (12,9) (12,10)   also met at 1 more region(s)
  [[3,5],[3,3]] MM[[[3,5],[3,3]]] (1D) seats (0,0) (0,1) (0,2) (0,3) (0,4) (0,5) (0,6) (0,7) (0,8) (0,9) (0,10) (0,11) (0,12) (1,0) (1,1) (1,2) (1,3) (1,4) (1,5) (1,6) (1,7) (1,8) (1,9) (1,10) (1,11) (1,12) (2,0) (2,1) (2,2) (2,3) (2,4) (2,5) (2,6) (2,7) (2,8) (2,9) (2,10) (2,11) (2,12) (3,0) (3,1) (3,2) (3,3) (3,4) (3,5) (3,6) (3,7) (3,8) (3,9) (3,10) (3,11) (3,12) (4,0) (4,1) (4,2) (4,3) (4,4) (4,5) (4,6) (4,7) (4,8) (4,9) (4,10) (4,11) (4,12) (5,0) (5,1) (5,2) (5,3) (5,4) (5,5) (5,6) (5,7) (5,8) (5,9) (5,10) (5,11) (5,12) (6,0) (6,1) (6,2) (6,3) (6,4) (6,5) (6,6) (6,7) (6,8) (6,9) (6,10) (6,11) (6,12) (7,0) (7,1) (7,2) (7,3) (7,4) (7,5) (7,6) (7,7) (7,8) (7,9) (7,10) (8,0) (8,1) (8,2) (8,3) (8,4) (8,5) (8,6) (8,7) (8,8) (8,9) (8,10) (9,0) (9,1) (9,2) (9,3) (9,4) (9,5) (9,6) (9,7) (9,8) (9,9) (9,10) (10,0) (10,1) (10,2) (10,3) (10,4) (10,5) (10,6) (10,7) (10,8) (10,9) (10,10)   also met at 1 more region(s)
  [67,3] MM[[67,3]] (1D) seats (0,0) (0,1) (0,2) (0,3) (0,4) (0,5) (0,6) (0,7) (0,8) (0,9) (0,10) (0,11) (0,12) (1,0) (1,1) (1,2) (1,3) (1,4) (1,5) (1,6) (1,7) (1,8) (1,9) (1,10) (1,11) (1,12) (2,0) (2,1) (2,2) (2,3) (2,4) (2,5) (2,6) (2,7) (2,8) (2,9) (2,10) (2,11) (2,12) (3,0) (3,1) (3,2) (3,3) (3,4) (3,5) (3,6) (3,7) (3,8) (3,9) (3,10) (3,11) (3,12) (4,0) (4,1) (4,2) (4,3) (4,4) (4,5) (4,6) (4,7) (4,8) (4,9) (4,10) (4,11) (4,12) (5,0) (5,1) (5,2) (5,3) (5,4) (5,5) (5,6) (5,7) (5,8) (5,9) (5,10) (5,11) (5,12) (6,0) (6,1) (6,2) (6,3) (6,4) (6,5) (6,6) (6,7) (6,8) (6,9) (6,10) (6,11) (6,12) (7,0) (7,1) (7,2) (7,3) (7,4) (7,5) (7,6) (7,7) (7,8) (7,9) (7,10) (8,0) (8,1) (8,2) (8,3) (8,4) (8,5) (8,6) (8,7) (8,8) (8,9) (8,10) (9,0) (9,1) (9,2) (9,3) (9,4) (9,5) (9,6) (9,7) (9,8) (9,9) (9,10) (10,0) (10,1) (10,2) (10,3) (10,4) (10,5) (10,6) (10,7) (10,8) (10,9) (10,10) (11,0) (11,1) (11,2) (11,3) (11,4) (11,5) (11,6) (11,7) (11,8) (11,9) (11,10) (12,0) (12,1) (12,2) (12,3) (12,4) (12,5) (12,6) (12,7) (12,8) (12,9) (12,10) (13,0) (13,1) (13,2) (13,3) (13,4) (13,5) (13,6) (13,7) (13,8) (13,9) (13,10) (14,0) (14,1) (14,2) (14,3) (14,4) (14,5) (14,6) (14,7) (14,8) (14,9) (14,10) (15,0) (15,1) (15,2) (15,3) (15,4) (15,5) (15,6) (15,7) (15,8) (15,9) (15,10) (16,0) (16,1) (16,2) (16,3) (16,4) (16,5) (16,6) (16,7) (16,8) (16,9) (16,10)   also met at 1 more region(s)
  [37,5] MM[[37,5]] (1D) seats (0,0) (0,1) (0,2) (0,3) (0,4) (0,5) (0,6) (0,7) (0,8) (0,9) (0,10) (0,11) (0,12) (0,13) (0,14) (0,15) (0,16) (1,0) (1,1) (1,2) (1,3) (1,4) (1,5) (1,6) (1,7) (1,8) (1,9) (1,10) (1,11) (1,12) (1,13) (1,14) (1,15) (1,16) (2,0) (2,1) (2,2) (2,3) (2,4) (2,5) (2,6) (2,7) (2,8) (2,9) (2,10) (2,11) (2,12) (2,13) (2,14) (2,15) (2,16) (3,0) (3,1) (3,2) (3,3) (3,4) (3,5) (3,6) (3,7) (3,8) (3,9) (3,10) (3,11) (3,12) (3,13) (3,14) (3,15) (3,16) (4,0) (4,1) (4,2) (4,3) (4,4) (4,5) (4,6) (4,7) (4,8) (4,9) (4,10) (4,11) (4,12) (4,13) (4,14) (4,15) (4,16) (5,0) (5,1) (5,2) (5,3) (5,4) (5,5) (5,6) (5,7) (5,8) (5,9) (5,10) (5,11) (5,12) (5,13) (5,14) (5,15) (5,16) (6,0) (6,1) (6,2) (6,3) (6,4) (6,5) (6,6) (6,7) (6,8) (6,9) (6,10) (6,11) (6,12) (6,13) (6,14) (6,15) (6,16) (7,0) (7,1) (7,2) (7,3) (7,4) (7,5) (7,6) (7,7) (7,8) (7,9) (7,10) (8,0) (8,1) (8,2) (8,3) (8,4) (8,5) (8,6) (8,7) (8,8) (8,9) (8,10) (9,0) (9,1) (9,2) (9,3) (9,4) (9,5) (9,6) (9,7) (9,8) (9,9) (9,10) (10,0) (10,1) (10,2) (10,3) (10,4) (10,5) (10,6) (10,7) (10,8) (10,9) (10,10) (11,0) (11,1) (11,2) (11,3) (11,4) (11,5) (11,6) (11,7) (11,8) (11,9) (11,10) (12,0) (12,1) (12,2) (12,3) (12,4) (12,5) (12,6) (12,7) (12,8) (12,9) (12,10)   also met at 1 more region(s)
  [19,[3,3]] MM[[19,[3,3]]] (1D) seats (0,0) (0,1) (0,2) (0,3) (0,4) (0,5) (0,6) (0,7) (0,8) (0,9) (0,10) (0,11) (0,12) (0,13) (0,14) (0,15) (0,16) (1,0) (1,1) (1,2) (1,3) (1,4) (1,5) (1,6) (1,7) (1,8) (1,9) (1,10) (1,11) (1,12) (1,13) (1,14) (1,15) (1,16) (2,0) (2,1) (2,2) (2,3) (2,4) (2,5) (2,6) (2,7) (2,8) (2,9) (2,10) (2,11) (2,12) (2,13) (2,14) (2,15) (2,16) (3,0) (3,1) (3,2) (3,3) (3,4) (3,5) (3,6) (3,7) (3,8) (3,9) (3,10) (3,11) (3,12) (3,13) (3,14) (3,15) (3,16) (4,0) (4,1) (4,2) (4,3) (4,4) (4,5) (4,6) (4,7) (4,8) (4,9) (4,10) (4,11) (4,12) (4,13) (4,14) (4,15) (4,16) (5,0) (5,1) (5,2) (5,3) (5,4) (5,5) (5,6) (5,7) (5,8) (5,9) (5,10) (5,11) (5,12) (5,13) (5,14) (5,15) (5,16) (6,0) (6,1) (6,2) (6,3) (6,4) (6,5) (6,6) (6,7) (6,8) (6,9) (6,10) (6,11) (6,12) (6,13) (6,14) (6,15) (6,16) (7,0) (7,1) (7,2) (7,3) (7,4) (7,5) (7,6) (7,7) (7,8) (7,9) (7,10) (7,11) (7,12) (8,0) (8,1) (8,2) (8,3) (8,4) (8,5) (8,6) (8,7) (8,8) (8,9) (8,10) (8,11) (8,12) (9,0) (9,1) (9,2) (9,3) (9,4) (9,5) (9,6) (9,7) (9,8) (9,9) (9,10) (9,11) (9,12) (10,0) (10,1) (10,2) (10,3) (10,4) (10,5) (10,6) (10,7) (10,8) (10,9) (10,10) (10,11) (10,12)   also met at 1 more region(s)
  [83,3] MM[[83,3]] (1D) seats (0,0) (0,1) (0,2) (0,3) (0,4) (0,5) (0,6) (0,7) (0,8) (0,9) (0,10) (0,11) (0,12) (0,13) (0,14) (0,15) (0,16) (1,0) (1,1) (1,2) (1,3) (1,4) (1,5) (1,6) (1,7) (1,8) (1,9) (1,10) (1,11) (1,12) (1,13) (1,14) (1,15) (1,16) (2,0) (2,1) (2,2) (2,3) (2,4) (2,5) (2,6) (2,7) (2,8) (2,9) (2,10) (2,11) (2,12) (2,13) (2,14) (2,15) (2,16) (3,0) (3,1) (3,2) (3,3) (3,4) (3,5) (3,6) (3,7) (3,8) (3,9) (3,10) (3,11) (3,12) (3,13) (3,14) (3,15) (3,16) (4,0) (4,1) (4,2) (4,3) (4,4) (4,5) (4,6) (4,7) (4,8) (4,9) (4,10) (4,11) (4,12) (4,13) (4,14) (4,15) (4,16) (5,0) (5,1) (5,2) (5,3) (5,4) (5,5) (5,6) (5,7) (5,8) (5,9) (5,10) (5,11) (5,12) (5,13) (5,14) (5,15) (5,16) (6,0) (6,1) (6,2) (6,3) (6,4) (6,5) (6,6) (6,7) (6,8) (6,9) (6,10) (6,11) (6,12) (6,13) (6,14) (6,15) (6,16) (7,0) (7,1) (7,2) (7,3) (7,4) (7,5) (7,6) (7,7) (7,8) (7,9) (7,10) (7,11) (7,12) (8,0) (8,1) (8,2) (8,3) (8,4) (8,5) (8,6) (8,7) (8,8) (8,9) (8,10) (8,11) (8,12) (9,0) (9,1) (9,2) (9,3) (9,4) (9,5) (9,6) (9,7) (9,8) (9,9) (9,10) (9,11) (9,12) (10,0) (10,1) (10,2) (10,3) (10,4) (10,5) (10,6) (10,7) (10,8) (10,9) (10,10) (10,11) (10,12) (11,0) (11,1) (11,2) (11,3) (11,4) (11,5) (11,6) (11,7) (11,8) (11,9) (11,10) (11,11) (11,12) (12,0) (12,1) (12,2) (12,3) (12,4) (12,5) (12,6) (12,7) (12,8) (12,9) (12,10) (12,11) (12,12) (13,0) (13,1) (13,2) (13,3) (13,4) (13,5) (13,6) (13,7) (13,8) (13,9) (13,10) (13,11) (13,12) (14,0) (14,1) (14,2) (14,3) (14,4) (14,5) (14,6) (14,7) (14,8) (14,9) (14,10) (14,11) (14,12) (15,0) (15,1) (15,2) (15,3) (15,4) (15,5) (15,6) (15,7) (15,8) (15,9) (15,10) (15,11) (15,12) (16,0) (16,1) (16,2) (16,3) (16,4) (16,5) (16,6) (16,7) (16,8) (16,9) (16,10) (16,11) (16,12)   also met at 1 more region(s)
  [41,3] MM[[41,3]] (1D) seats (0,0) (0,1) (0,2) (0,3) (0,4) (0,5) (0,6) (0,7) (0,8) (0,9) (0,10) (0,11) (0,12) (0,13) (0,14) (0,15) (0,16) (1,0) (1,1) (1,2) (1,3) (1,4) (1,5) (1,6) (1,7) (1,8) (1,9) (1,10) (1,11) (1,12) (1,13) (1,14) (1,15) (1,16) (2,0) (2,1) (2,2) (2,3) (2,4) (2,5) (2,6) (2,7) (2,8) (2,9) (2,10) (2,11) (2,12) (2,13) (2,14) (2,15) (2,16) (3,0) (3,1) (3,2) (3,3) (3,4) (3,5) (3,6) (3,7) (3,8) (3,9) (3,10) (3,11) (3,12) (3,13) (3,14) (3,15) (3,16) (4,0) (4,1) (4,2) (4,3) (4,4) (4,5) (4,6) (4,7) (4,8) (4,9) (4,10) (4,11) (4,12) (4,13) (4,14) (4,15) (4,16) (5,0) (5,1) (5,2) (5,3) (5,4) (5,5) (5,6) (5,7) (5,8) (5,9) (5,10) (5,11) (5,12) (5,13) (5,14) (5,15) (5,16) (6,0) (6,1) (6,2) (6,3) (6,4) (6,5) (6,6) (6,7) (6,8) (6,9) (6,10) (6,11) (6,12) (6,13) (6,14) (6,15) (6,16) (7,0) (8,0) (9,0) (10,0)   also met at 3 more region(s)
  [43,3] MM[[43,3]] (1D) seats (0,0) (0,1) (0,2) (0,3) (0,4) (0,5) (0,6) (0,7) (0,8) (0,9) (0,10) (0,11) (0,12) (0,13) (0,14) (0,15) (0,16) (1,0) (1,1) (1,2) (1,3) (1,4) (1,5) (1,6) (1,7) (1,8) (1,9) (1,10) (1,11) (1,12) (1,13) (1,14) (1,15) (1,16) (2,0) (2,1) (2,2) (2,3) (2,4) (2,5) (2,6) (2,7) (2,8) (2,9) (2,10) (2,11) (2,12) (2,13) (2,14) (2,15) (2,16) (3,0) (3,1) (3,2) (3,3) (3,4) (3,5) (3,6) (3,7) (3,8) (3,9) (3,10) (3,11) (3,12) (3,13) (3,14) (3,15) (3,16) (4,0) (4,1) (4,2) (4,3) (4,4) (4,5) (4,6) (4,7) (4,8) (4,9) (4,10) (4,11) (4,12) (4,13) (4,14) (4,15) (4,16) (5,0) (5,1) (5,2) (5,3) (5,4) (5,5) (5,6) (5,7) (5,8) (5,9) (5,10) (5,11) (5,12) (5,13) (5,14) (5,15) (5,16) (6,0) (6,1) (6,2) (6,3) (6,4) (6,5) (6,6) (6,7) (6,8) (6,9) (6,10) (6,11) (6,12) (6,13) (6,14) (6,15) (6,16) (7,0) (8,0) (9,0) (10,0) (11,0) (12,0) (13,0) (14,0) (15,0) (16,0)   also met at 1 more region(s)
  [71,3] MM[[71,3]] (1D) seats (0,0) (0,1) (0,2) (0,3) (0,4) (0,5) (0,6) (0,7) (0,8) (0,9) (0,10) (0,11) (0,12) (1,0) (1,1) (1,2) (1,3) (1,4) (1,5) (1,6) (1,7) (1,8) (1,9) (1,10) (1,11) (1,12) (2,0) (2,1) (2,2) (2,3) (2,4) (2,5) (2,6) (2,7) (2,8) (2,9) (2,10) (2,11) (2,12) (3,0) (3,1) (3,2) (3,3) (3,4) (3,5) (3,6) (3,7) (3,8) (3,9) (3,10) (3,11) (3,12) (4,0) (4,1) (4,2) (4,3) (4,4) (4,5) (4,6) (4,7) (4,8) (4,9) (4,10) (4,11) (4,12) (5,0) (5,1) (5,2) (5,3) (5,4) (5,5) (5,6) (5,7) (5,8) (5,9) (5,10) (5,11) (5,12) (6,0) (6,1) (6,2) (6,3) (6,4) (6,5) (6,6) (6,7) (6,8) (6,9) (6,10) (6,11) (6,12) (7,0) (7,1) (7,2) (7,3) (7,4) (7,5) (7,6) (7,7) (7,8) (7,9) (7,10) (7,11) (7,12) (8,0) (8,1) (8,2) (8,3) (8,4) (8,5) (8,6) (8,7) (8,8) (8,9) (8,10) (8,11) (8,12) (9,0) (9,1) (9,2) (9,3) (9,4) (9,5) (9,6) (9,7) (9,8) (9,9) (9,10) (9,11) (9,12) (10,0) (10,1) (10,2) (10,3) (10,4) (10,5) (10,6) (10,7) (10,8) (10,9) (10,10) (10,11) (10,12) (11,0) (11,1) (11,2) (11,3) (11,4) (11,5) (11,6) (11,7) (11,8) (11,9) (11,10) (11,11) (11,12) (12,0) (12,1) (12,2) (12,3) (12,4) (12,5) (12,6) (12,7) (12,8) (12,9) (12,10) (12,11) (12,12) (0,13) (0,14) (0,15) (0,16) (1,13) (1,14) (1,15) (1,16) (2,13) (2,14) (2,15) (2,16) (3,13) (3,14) (3,15) (3,16) (4,13) (4,14) (4,15) (4,16) (5,13) (5,14) (5,15) (5,16) (6,13) (6,14) (6,15) (6,16) (7,13) (7,14) (7,15) (7,16) (8,13) (8,14) (8,15) (8,16) (9,13) (9,14) (9,15) (9,16) (10,13) (10,14) (10,15) (10,16)   also met at 1 more region(s)
  [[3,5],11] MM[[[3,5],11]] (1D) seats (0,0) (0,1) (0,2) (0,3) (0,4) (0,5) (0,6) (0,7) (0,8) (0,9) (0,10) (1,0) (1,1) (1,2) (1,3) (1,4) (1,5) (1,6) (1,7) (1,8) (1,9) (1,10) (2,0) (2,1) (2,2) (2,3) (2,4) (2,5) (2,6) (2,7) (2,8) (2,9) (2,10) (3,0) (3,1) (3,2) (3,3) (3,4) (3,5) (3,6) (3,7) (3,8) (3,9) (3,10) (4,0) (4,1) (4,2) (4,3) (4,4) (4,5) (4,6) (4,7) (4,8) (4,9) (4,10) (5,0) (5,1) (5,2) (5,3) (5,4) (5,5) (5,6) (5,7) (5,8) (5,9) (5,10) (6,0) (6,1) (6,2) (6,3) (6,4) (6,5) (6,6) (6,7) (6,8) (6,9) (6,10) (7,0) (7,1) (7,2) (7,3) (7,4) (7,5) (7,6) (7,7) (7,8) (7,9) (7,10) (8,0) (8,1) (8,2) (8,3) (8,4) (8,5) (8,6) (8,7) (8,8) (8,9) (8,10) (9,0) (9,1) (9,2) (9,3) (9,4) (9,5) (9,6) (9,7) (9,8) (9,9) (9,10) (10,0) (10,1) (10,2) (10,3) (10,4) (10,5) (10,6) (10,7) (10,8) (10,9) (10,10) (11,0) (11,1) (11,2) (11,3) (11,4) (11,5) (11,6) (11,7) (11,8) (11,9) (11,10) (12,0) (12,1) (12,2) (12,3) (12,4) (12,5) (12,6) (12,7) (12,8) (12,9) (12,10) (0,11) (0,12) (1,11) (1,12) (2,11) (2,12) (3,11) (3,12) (4,11) (4,12) (5,11) (5,12) (6,11) (6,12) (7,11) (7,12) (8,11) (8,12) (9,11) (9,12) (10,11) (10,12)
  [[3,7],13] MM[[[3,7],13]] (1D) seats (0,0) (0,1) (0,2) (0,3) (0,4) (0,5) (0,6) (0,7) (0,8) (0,9) (0,10) (0,11) (0,12) (0,13) (0,14) (0,15) (0,16) (1,0) (1,1) (1,2) (1,3) (1,4) (1,5) (1,6) (1,7) (1,8) (1,9) (1,10) (1,11) (1,12) (1,13) (1,14) (1,15) (1,16) (2,0) (2,1) (2,2) (2,3) (2,4) (2,5) (2,6) (2,7) (2,8) (2,9) (2,10) (2,11) (2,12) (2,13) (2,14) (2,15) (2,16) (3,0) (3,1) (3,2) (3,3) (3,4) (3,5) (3,6) (3,7) (3,8) (3,9) (3,10) (3,11) (3,12) (3,13) (3,14) (3,15) (3,16) (4,0) (4,1) (4,2) (4,3) (4,4) (4,5) (4,6) (4,7) (4,8) (4,9) (4,10) (4,11) (4,12) (4,13) (4,14) (4,15) (4,16) (5,0) (5,1) (5,2) (5,3) (5,4) (5,5) (5,6) (5,7) (5,8) (5,9) (5,10) (5,11) (5,12) (5,13) (5,14) (5,15) (5,16) (6,0) (6,1) (6,2) (6,3) (6,4) (6,5) (6,6) (6,7) (6,8) (6,9) (6,10) (6,11) (6,12) (6,13) (6,14) (6,15) (6,16) (7,0) (7,1) (7,2) (7,3) (7,4) (7,5) (7,6) (7,7) (7,8) (7,9) (7,10) (7,11) (7,12) (7,13) (7,14) (7,15) (7,16) (8,0) (8,1) (8,2) (8,3) (8,4) (8,5) (8,6) (8,7) (8,8) (8,9) (8,10) (8,11) (8,12) (8,13) (8,14) (8,15) (8,16) (9,0) (9,1) (9,2) (9,3) (9,4) (9,5) (9,6) (9,7) (9,8) (9,9) (9,10) (9,11) (9,12) (9,13) (9,14) (9,15) (9,16) (10,0) (10,1) (10,2) (10,3) (10,4) (10,5) (10,6) (10,7) (10,8) (10,9) (10,10) (10,11) (10,12) (10,13) (10,14) (10,15) (10,16) (11,0) (11,1) (11,2) (11,3) (11,4) (11,5) (11,6) (11,7) (11,8) (11,9) (11,10) (11,11) (11,12) (11,13) (11,14) (11,15) (11,16) (12,0) (12,1) (12,2) (12,3) (12,4) (12,5) (12,6) (12,7) (12,8) (12,9) (12,10) (12,11) (12,12) (12,13) (12,14) (12,15) (12,16) (13,0) (13,1) (13,2) (13,3) (13,4) (13,5) (13,6) (13,7) (13,8) (13,9) (13,10) (13,11) (13,12) (14,0) (14,1) (14,2) (14,3) (14,4) (14,5) (14,6) (14,7) (14,8) (14,9) (14,10) (14,11) (14,12) (15,0) (15,1) (15,2) (15,3) (15,4) (15,5) (15,6) (15,7) (15,8) (15,9) (15,10) (15,11) (15,12) (16,0) (16,1) (16,2) (16,3) (16,4) (16,5) (16,6) (16,7) (16,8) (16,9) (16,10) (16,11) (16,12)
  [53,5] MM[[53,5]] (1D) seats (0,0) (0,1) (0,2) (0,3) (0,4) (0,5) (0,6) (0,7) (0,8) (0,9) (0,10) (0,11) (0,12) (0,13) (0,14) (0,15) (0,16) (1,0) (1,1) (1,2) (1,3) (1,4) (1,5) (1,6) (1,7) (1,8) (1,9) (1,10) (1,11) (1,12) (1,13) (1,14) (1,15) (1,16) (2,0) (2,1) (2,2) (2,3) (2,4) (2,5) (2,6) (2,7) (2,8) (2,9) (2,10) (2,11) (2,12) (2,13) (2,14) (2,15) (2,16) (3,0) (3,1) (3,2) (3,3) (3,4) (3,5) (3,6) (3,7) (3,8) (3,9) (3,10) (3,11) (3,12) (3,13) (3,14) (3,15) (3,16) (4,0) (4,1) (4,2) (4,3) (4,4) (4,5) (4,6) (4,7) (4,8) (4,9) (4,10) (4,11) (4,12) (4,13) (4,14) (4,15) (4,16) (5,0) (5,1) (5,2) (5,3) (5,4) (5,5) (5,6) (5,7) (5,8) (5,9) (5,10) (5,11) (5,12) (5,13) (5,14) (5,15) (5,16) (6,0) (6,1) (6,2) (6,3) (6,4) (6,5) (6,6) (6,7) (6,8) (6,9) (6,10) (6,11) (6,12) (6,13) (6,14) (6,15) (6,16) (7,0) (7,1) (7,2) (7,3) (7,4) (7,5) (7,6) (7,7) (7,8) (7,9) (7,10) (7,11) (7,12) (7,13) (7,14) (7,15) (7,16) (8,0) (8,1) (8,2) (8,3) (8,4) (8,5) (8,6) (8,7) (8,8) (8,9) (8,10) (8,11) (8,12) (8,13) (8,14) (8,15) (8,16) (9,0) (9,1) (9,2) (9,3) (9,4) (9,5) (9,6) (9,7) (9,8) (9,9) (9,10) (9,11) (9,12) (9,13) (9,14) (9,15) (9,16) (10,0) (10,1) (10,2) (10,3) (10,4) (10,5) (10,6) (10,7) (10,8) (10,9) (10,10) (10,11) (10,12) (10,13) (10,14) (10,15) (10,16) (11,0) (11,1) (11,2) (11,3) (11,4) (11,5) (11,6) (11,7) (11,8) (11,9) (11,10) (11,11) (11,12) (11,13) (11,14) (11,15) (11,16) (12,0) (12,1) (12,2) (12,3) (12,4) (12,5) (12,6) (12,7) (12,8) (12,9) (12,10) (12,11) (12,12) (12,13) (12,14) (12,15) (12,16) (13,0) (13,1) (13,2) (13,3) (13,4) (13,5) (13,6) (13,7) (13,8) (13,9) (13,10) (14,0) (14,1) (14,2) (14,3) (14,4) (14,5) (14,6) (14,7) (14,8) (14,9) (14,10) (15,0) (15,1) (15,2) (15,3) (15,4) (15,5) (15,6) (15,7) (15,8) (15,9) (15,10) (16,0) (16,1) (16,2) (16,3) (16,4) (16,5) (16,6) (16,7) (16,8) (16,9) (16,10)   also met at 1 more region(s)
  [[5,5],[3,3]] MM[[[5,5],[3,3]]] (1D) seats (0,0) (0,1) (0,2) (0,3) (0,4) (0,5) (0,6) (0,7) (0,8) (0,9) (0,10) (0,11) (0,12) (0,13) (0,14) (0,15) (0,16) (1,0) (1,1) (1,2) (1,3) (1,4) (1,5) (1,6) (1,7) (1,8) (1,9) (1,10) (1,11) (1,12) (1,13) (1,14) (1,15) (1,16) (2,0) (2,1) (2,2) (2,3) (2,4) (2,5) (2,6) (2,7) (2,8) (2,9) (2,10) (2,11) (2,12) (2,13) (2,14) (2,15) (2,16) (3,0) (3,1) (3,2) (3,3) (3,4) (3,5) (3,6) (3,7) (3,8) (3,9) (3,10) (3,11) (3,12) (3,13) (3,14) (3,15) (3,16) (4,0) (4,1) (4,2) (4,3) (4,4) (4,5) (4,6) (4,7) (4,8) (4,9) (4,10) (4,11) (4,12) (4,13) (4,14) (4,15) (4,16) (5,0) (5,1) (5,2) (5,3) (5,4) (5,5) (5,6) (5,7) (5,8) (5,9) (5,10) (5,11) (5,12) (5,13) (5,14) (5,15) (5,16) (6,0) (6,1) (6,2) (6,3) (6,4) (6,5) (6,6) (6,7) (6,8) (6,9) (6,10) (6,11) (6,12) (6,13) (6,14) (6,15) (6,16) (7,0) (7,1) (7,2) (7,3) (7,4) (7,5) (7,6) (7,7) (7,8) (7,9) (7,10) (7,11) (7,12) (7,13) (7,14) (7,15) (7,16) (8,0) (8,1) (8,2) (8,3) (8,4) (8,5) (8,6) (8,7) (8,8) (8,9) (8,10) (8,11) (8,12) (8,13) (8,14) (8,15) (8,16) (9,0) (9,1) (9,2) (9,3) (9,4) (9,5) (9,6) (9,7) (9,8) (9,9) (9,10) (9,11) (9,12) (9,13) (9,14) (9,15) (9,16) (10,0) (10,1) (10,2) (10,3) (10,4) (10,5) (10,6) (10,7) (10,8) (10,9) (10,10) (10,11) (10,12) (10,13) (10,14) (10,15) (10,16) (11,0) (11,1) (11,2) (11,3) (11,4) (11,5) (11,6) (11,7) (11,8) (11,9) (11,10) (11,11) (11,12) (11,13) (11,14) (11,15) (11,16) (12,0) (12,1) (12,2) (12,3) (12,4) (12,5) (12,6) (12,7) (12,8) (12,9) (12,10) (12,11) (12,12) (12,13) (12,14) (12,15) (12,16) (13,0) (14,0) (15,0) (16,0)   also met at 1 more region(s)
  [23,11] MM[[23,11]] (1D) seats (0,0) (0,1) (0,2) (0,3) (0,4) (0,5) (0,6) (0,7) (0,8) (0,9) (0,10) (0,11) (0,12) (0,13) (0,14) (0,15) (0,16) (1,0) (1,1) (1,2) (1,3) (1,4) (1,5) (1,6) (1,7) (1,8) (1,9) (1,10) (1,11) (1,12) (1,13) (1,14) (1,15) (1,16) (2,0) (2,1) (2,2) (2,3) (2,4) (2,5) (2,6) (2,7) (2,8) (2,9) (2,10) (2,11) (2,12) (2,13) (2,14) (2,15) (2,16) (3,0) (3,1) (3,2) (3,3) (3,4) (3,5) (3,6) (3,7) (3,8) (3,9) (3,10) (3,11) (3,12) (3,13) (3,14) (3,15) (3,16) (4,0) (4,1) (4,2) (4,3) (4,4) (4,5) (4,6) (4,7) (4,8) (4,9) (4,10) (4,11) (4,12) (4,13) (4,14) (4,15) (4,16) (5,0) (5,1) (5,2) (5,3) (5,4) (5,5) (5,6) (5,7) (5,8) (5,9) (5,10) (5,11) (5,12) (5,13) (5,14) (5,15) (5,16) (6,0) (6,1) (6,2) (6,3) (6,4) (6,5) (6,6) (6,7) (6,8) (6,9) (6,10) (6,11) (6,12) (6,13) (6,14) (6,15) (6,16) (7,0) (7,1) (7,2) (7,3) (7,4) (7,5) (7,6) (7,7) (7,8) (7,9) (7,10) (7,11) (7,12) (7,13) (7,14) (7,15) (7,16) (8,0) (8,1) (8,2) (8,3) (8,4) (8,5) (8,6) (8,7) (8,8) (8,9) (8,10) (8,11) (8,12) (8,13) (8,14) (8,15) (8,16) (9,0) (9,1) (9,2) (9,3) (9,4) (9,5) (9,6) (9,7) (9,8) (9,9) (9,10) (9,11) (9,12) (9,13) (9,14) (9,15) (9,16) (10,0) (10,1) (10,2) (10,3) (10,4) (10,5) (10,6) (10,7) (10,8) (10,9) (10,10) (10,11) (10,12) (10,13) (10,14) (10,15) (10,16) (11,0) (11,1) (11,2) (11,3) (11,4) (11,5) (11,6) (11,7) (11,8) (11,9) (11,10) (12,0) (12,1) (12,2) (12,3) (12,4) (12,5) (12,6) (12,7) (12,8) (12,9) (12,10) (13,0) (13,1) (13,2) (13,3) (13,4) (13,5) (13,6) (13,7) (13,8) (13,9) (13,10) (14,0) (14,1) (14,2) (14,3) (14,4) (14,5) (14,6) (14,7) (14,8) (14,9) (14,10) (15,0) (15,1) (15,2) (15,3) (15,4) (15,5) (15,6) (15,7) (15,8) (15,9) (15,10) (16,0) (16,1) (16,2) (16,3) (16,4) (16,5) (16,6) (16,7) (16,8) (16,9) (16,10)
collapses (a rail ring this container's matrix is the resolution of):
  none

every address:   17{Q*([17,17]/O160, O160/[17,17], O160/4, 4/O160, O160/[2,3], [2,3]/O160, O160/[2,5], [2,5]/O160, O160/[2,7], [2,7]/O160, O160/[2,13], [2,13]/O160, O160/[2,11], [2,11]/O160, O160/[2,17], [2,17]/O160, O160/[3,2], [3,2]/O160, O160/[3,3], [3,3]/O160, O160/[3,5], [3,5]/O160, O160/[3,7], [3,7]/O160, O160/[3,13], [3,13]/O160, O160/[3,11], [3,11]/O160, O160/[3,17], [3,17]/O160, O160/[5,2], [5,2]/O160, O160/[5,3], [5,3]/O160, O160/[5,5], [5,5]/O160, O160/[5,7], [5,7]/O160, O160/[5,13], [5,13]/O160, O160/[5,11], [5,11]/O160, O160/[5,17], [5,17]/O160, O160/[7,2], [7,2]/O160, O160/[7,3], [7,3]/O160, O160/[7,5], [7,5]/O160, O160/[7,7], [7,7]/O160, O160/[7,13], [7,13]/O160, O160/[7,11], [7,11]/O160, O160/[7,17], [7,17]/O160, O160/[13,2], [13,2]/O160, O160/[13,3], [13,3]/O160, O160/[13,5], [13,5]/O160, O160/[13,7], [13,7]/O160, O160/[13,11], [13,11]/O160, [13,17]/O160, O160/[13,17], O160/[11,2], [11,2]/O160, O160/[11,3], [11,3]/O160, O160/[11,5], [11,5]/O160, O160/[11,7], [11,7]/O160, O160/[11,13], [11,13]/O160, O160/[11,11], [11,11]/O160, O160/[11,17], [11,17]/O160, O160/2₀, 2₀/O160, O160/2₁, 2₁/O160, O160/3₀, 3₀/O160, O160/3₁, 3₁/O160, O160/5₀, 5₀/O160, O160/5₁, 5₁/O160, O160/7₀, 7₀/O160, O160/7₁, 7₁/O160, O160/13₀, 13₀/O160, O160/13₁, 13₁/O160, O160/11₀, 11₀/O160, O160/11₁, 11₁/O160, O160/17₁, 17₁/O160, 1/O160), Pq([17,17]/4, 4/[17,17], [17,17]/[2,3], [2,3]/[17,17], [17,17]/[2,5], [2,5]/[17,17], [17,17]/[2,7], [2,7]/[17,17], [17,17]/[2,13], [2,13]/[17,17], [17,17]/[2,11], [2,11]/[17,17], [17,17]/[2,17], [2,17]/[17,17], [17,17]/[3,2], [3,2]/[17,17], [17,17]/[3,3], [3,3]/[17,17], [17,17]/[3,5], [3,5]/[17,17], [17,17]/[3,7], [3,7]/[17,17], [17,17]/[3,13], [3,13]/[17,17], [17,17]/[3,11], [3,11]/[17,17], [17,17]/[3,17], [3,17]/[17,17], [17,17]/[5,2], [5,2]/[17,17], [17,17]/[5,3], [5,3]/[17,17], [17,17]/[5,5], [5,5]/[17,17], [17,17]/[5,7], [5,7]/[17,17], [17,17]/[5,13], [5,13]/[17,17], [17,17]/[5,11], [5,11]/[17,17], [17,17]/[5,17], [5,17]/[17,17], [17,17]/[7,2], [7,2]/[17,17], [17,17]/[7,3], [7,3]/[17,17], [17,17]/[7,5], [7,5]/[17,17], [17,17]/[7,7], [7,7]/[17,17], [17,17]/[7,13], [7,13]/[17,17], [17,17]/[7,11], [7,11]/[17,17], [17,17]/[7,17], [7,17]/[17,17], [17,17]/[13,2], [13,2]/[17,17], [17,17]/[13,3], [13,3]/[17,17], [17,17]/[13,5], [13,5]/[17,17], [17,17]/[13,7], [13,7]/[17,17], [17,17]/[13,13], [13,13]/[17,17], [17,17]/[13,11], [13,11]/[17,17], [17,17]/[13,17], [13,17]/[17,17], [17,17]/[11,2], [11,2]/[17,17], [17,17]/[11,3], [11,3]/[17,17], [17,17]/[11,5], [11,5]/[17,17], [17,17]/[11,7], [11,7]/[17,17], [17,17]/[11,13], [11,13]/[17,17], [17,17]/[11,11], [11,11]/[17,17], [17,17]/[11,17], [11,17]/[17,17], [17,17]/[17,2], [17,2]/[17,17], [17,17]/[17,3], [17,3]/[17,17], [17,17]/[17,5], [17,5]/[17,17], [17,17]/[17,7], [17,7]/[17,17], [17,17]/[17,13], [17,13]/[17,17], [17,17]/[17,11], [17,11]/[17,17], [17,17]/2₀, 2₀/[17,17], [17,17]/2₁, 2₁/[17,17], [17,17]/3₀, 3₀/[17,17], [17,17]/3₁, 3₁/[17,17], [17,17]/5₀, 5₀/[17,17], [17,17]/5₁, 5₁/[17,17], [17,17]/7₀, 7₀/[17,17], [17,17]/7₁, 7₁/[17,17], [17,17]/13₀, 13₀/[17,17], [17,17]/13₁, 13₁/[17,17], [17,17]/11₀, 11₀/[17,17], [17,17]/11₁, 11₁/[17,17], [[17,17]/17₀, [2,17]/2₀, [3,17]/3₀, [5,17]/5₀, [7,17]/7₀, [13,17]/13₀, [11,17]/11₀], [17₀/[17,17], 2₀/[2,17], 3₀/[3,17], 5₀/[5,17], 7₀/[7,17], 13₀/[13,17], 11₀/[11,17], 1/17₁], [[17,17]/17₁, [17,2]/2₁, [17,3]/3₁, [17,5]/5₁, [17,7]/7₁, [17,13]/13₁, [17,11]/11₁], [17₁/[17,17], 2₁/[17,2], 3₁/[17,3], 5₁/[17,5], 7₁/[17,7], 13₁/[17,13], 11₁/[17,11], 1/17₀], 1/[17,17], [2,3]/4, 4/[2,3], [2,5]/4, 4/[2,5], [2,7]/4, 4/[2,7], [2,13]/4, 4/[2,13], [2,11]/4, 4/[2,11], [2,17]/4, 4/[2,17], [3,2]/4, 4/[3,2], [3,3]/4, 4/[3,3], [3,5]/4, 4/[3,5], [3,7]/4, 4/[3,7], [3,13]/4, 4/[3,13], [3,11]/4, 4/[3,11], [3,17]/4, 4/[3,17], [5,2]/4, 4/[5,2], [5,3]/4, 4/[5,3], [5,5]/4, 4/[5,5], [5,7]/4, 4/[5,7], [5,13]/4, 4/[5,13], [5,11]/4, 4/[5,11], [5,17]/4, 4/[5,17], [7,2]/4, 4/[7,2], [7,3]/4, 4/[7,3], [7,5]/4, 4/[7,5], [7,7]/4, 4/[7,7], [7,13]/4, 4/[7,13], [7,11]/4, 4/[7,11], [7,17]/4, 4/[7,17], [13,2]/4, 4/[13,2], [13,3]/4, 4/[13,3], [13,5]/4, 4/[13,5], [13,7]/4, 4/[13,7], [13,13]/4, 4/[13,13], [13,11]/4, 4/[13,11], [13,17]/4, 4/[13,17], [11,2]/4, 4/[11,2], [11,3]/4, 4/[11,3], [11,5]/4, 4/[11,5], [11,7]/4, 4/[11,7], [11,13]/4, 4/[11,13], [11,11]/4, 4/[11,11], [11,17]/4, 4/[11,17], [17,2]/4, 4/[17,2], [17,3]/4, 4/[17,3], [17,5]/4, 4/[17,5], [17,7]/4, 4/[17,7], [17,13]/4, 4/[17,13], [17,11]/4, 4/[17,11], [4/2₀, [3,2]/3₀, [5,2]/5₀, [7,2]/7₀, [13,2]/13₀, [11,2]/11₀, [17,2]/17₀], [2₀/4, 3₀/[3,2], 5₀/[5,2], 7₀/[7,2], 13₀/[13,2], 11₀/[11,2], 17₀/[17,2], 1/2₁], [4/2₁, [2,3]/3₁, [2,5]/5₁, [2,7]/7₁, [2,13]/13₁, [2,11]/11₁, [2,17]/17₁], [2₁/4, 3₁/[2,3], 5₁/[2,5], 7₁/[2,7], 13₁/[2,13], 11₁/[2,11], 17₁/[2,17], 1/2₀], 1/4, [2,5]/[2,3], [2,3]/[2,5], [2,7]/[2,3], [2,3]/[2,7], [2,13]/[2,3], [2,3]/[2,13], [2,11]/[2,3], [2,3]/[2,11], [2,17]/[2,3], [2,3]/[2,17], [3,3]/[2,3], [2,3]/[3,3], [3,5]/[2,3], [2,3]/[3,5], [3,7]/[2,3], [2,3]/[3,7], [3,13]/[2,3], [2,3]/[3,13], [3,11]/[2,3], [2,3]/[3,11], [3,17]/[2,3], [2,3]/[3,17], [5,3]/[2,3], [2,3]/[5,3], [5,5]/[2,3], [2,3]/[5,5], [5,7]/[2,3], [2,3]/[5,7], [5,13]/[2,3], [2,3]/[5,13], [5,11]/[2,3], [2,3]/[5,11], [5,17]/[2,3], [2,3]/[5,17], [7,3]/[2,3], [2,3]/[7,3], [7,5]/[2,3], [2,3]/[7,5], [7,7]/[2,3], [2,3]/[7,7], [7,13]/[2,3], [2,3]/[7,13], [7,11]/[2,3], [2,3]/[7,11], [7,17]/[2,3], [2,3]/[7,17], [13,3]/[2,3], [2,3]/[13,3], [13,5]/[2,3], [2,3]/[13,5], [13,7]/[2,3], [2,3]/[13,7], [13,13]/[2,3], [2,3]/[13,13], [13,11]/[2,3], [2,3]/[13,11], [13,17]/[2,3], [2,3]/[13,17], [11,3]/[2,3], [2,3]/[11,3], [11,5]/[2,3], [2,3]/[11,5], [11,7]/[2,3], [2,3]/[11,7], [11,13]/[2,3], [2,3]/[11,13], [11,11]/[2,3], [2,3]/[11,11], [11,17]/[2,3], [2,3]/[11,17], [17,3]/[2,3], [2,3]/[17,3], [17,5]/[2,3], [2,3]/[17,5], [17,7]/[2,3], [2,3]/[17,7], [17,13]/[2,3], [2,3]/[17,13], [17,11]/[2,3], [2,3]/[17,11], [[2,3]/2₀, [3,3]/3₀, [5,3]/5₀, [7,3]/7₀, [13,3]/13₀, [11,3]/11₀, [17,3]/17₀], [2₀/[2,3], 3₀/[3,3], 5₀/[5,3], 7₀/[7,3], 13₀/[13,3], 11₀/[11,3], 17₀/[17,3], 1/3₁], [2,3]/2₁, 2₁/[2,3], 1/[2,3], [2,7]/[2,5], [2,5]/[2,7], [2,13]/[2,5], [2,5]/[2,13], [2,11]/[2,5], [2,5]/[2,11], [2,17]/[2,5], [2,5]/[2,17], [3,5]/[2,5], [2,5]/[3,5], [3,7]/[2,5], [2,5]/[3,7], [3,13]/[2,5], [2,5]/[3,13], [3,11]/[2,5], [2,5]/[3,11], [3,17]/[2,5], [2,5]/[3,17], [5,5]/[2,5], [2,5]/[5,5], [5,7]/[2,5], [2,5]/[5,7], [5,13]/[2,5], [2,5]/[5,13], [5,11]/[2,5], [2,5]/[5,11], [5,17]/[2,5], [2,5]/[5,17], [7,5]/[2,5], [2,5]/[7,5], [7,7]/[2,5], [2,5]/[7,7], [7,13]/[2,5], [2,5]/[7,13], [7,11]/[2,5], [2,5]/[7,11], [7,17]/[2,5], [2,5]/[7,17], [13,5]/[2,5], [2,5]/[13,5], [13,7]/[2,5], [2,5]/[13,7], [13,13]/[2,5], [2,5]/[13,13], [13,11]/[2,5], [2,5]/[13,11], [13,17]/[2,5], [2,5]/[13,17], [11,5]/[2,5], [2,5]/[11,5], [11,7]/[2,5], [2,5]/[11,7], [11,13]/[2,5], [2,5]/[11,13], [11,11]/[2,5], [2,5]/[11,11], [11,17]/[2,5], [2,5]/[11,17], [17,5]/[2,5], [2,5]/[17,5], [17,7]/[2,5], [2,5]/[17,7], [17,13]/[2,5], [2,5]/[17,13], [17,11]/[2,5], [2,5]/[17,11], [[2,5]/2₀, [3,5]/3₀, [5,5]/5₀, [7,5]/7₀, [13,5]/13₀, [11,5]/11₀, [17,5]/17₀], [2₀/[2,5], 3₀/[3,5], 5₀/[5,5], 7₀/[7,5], 13₀/[13,5], 11₀/[11,5], 17₀/[17,5], 1/5₁], [2,5]/2₁, 2₁/[2,5], [2,5]/3₁, 3₁/[2,5], 1/[2,5], [2,13]/[2,7], [2,7]/[2,13], [2,11]/[2,7], [2,7]/[2,11], [2,17]/[2,7], [2,7]/[2,17], [3,7]/[2,7], [2,7]/[3,7], [3,13]/[2,7], [2,7]/[3,13], [3,11]/[2,7], [2,7]/[3,11], [3,17]/[2,7], [2,7]/[3,17], [5,7]/[2,7], [2,7]/[5,7], [5,13]/[2,7], [2,7]/[5,13], [5,11]/[2,7], [2,7]/[5,11], [5,17]/[2,7], [2,7]/[5,17], [7,7]/[2,7], [2,7]/[7,7], [7,13]/[2,7], [2,7]/[7,13], [7,11]/[2,7], [2,7]/[7,11], [7,17]/[2,7], [2,7]/[7,17], [13,7]/[2,7], [2,7]/[13,7], [13,13]/[2,7], [2,7]/[13,13], [13,11]/[2,7], [2,7]/[13,11], [13,17]/[2,7], [2,7]/[13,17], [11,7]/[2,7], [2,7]/[11,7], [11,13]/[2,7], [2,7]/[11,13], [11,11]/[2,7], [2,7]/[11,11], [11,17]/[2,7], [2,7]/[11,17], [17,7]/[2,7], [2,7]/[17,7], [17,13]/[2,7], [2,7]/[17,13], [17,11]/[2,7], [2,7]/[17,11], [[2,7]/2₀, [3,7]/3₀, [5,7]/5₀, [7,7]/7₀, [13,7]/13₀, [11,7]/11₀, [17,7]/17₀], [2₀/[2,7], 3₀/[3,7], 5₀/[5,7], 7₀/[7,7], 13₀/[13,7], 11₀/[11,7], 17₀/[17,7], 1/7₁], [2,7]/2₁, 2₁/[2,7], [2,7]/3₁, 3₁/[2,7], [2,7]/5₁, 5₁/[2,7], 1/[2,7], [2,13]/[2,11], [2,11]/[2,13], [2,17]/[2,13], [2,13]/[2,17], [3,13]/[2,13], [2,13]/[3,13], [3,17]/[2,13], [2,13]/[3,17], [5,13]/[2,13], [2,13]/[5,13], [5,17]/[2,13], [2,13]/[5,17], [7,13]/[2,13], [2,13]/[7,13], [7,17]/[2,13], [2,13]/[7,17], [13,13]/[2,13], [2,13]/[13,13], [13,17]/[2,13], [2,13]/[13,17], [11,13]/[2,13], [2,13]/[11,13], [11,17]/[2,13], [2,13]/[11,17], [17,13]/[2,13], [2,13]/[17,13], [[2,13]/2₀, [3,13]/3₀, [5,13]/5₀, [7,13]/7₀, [13,13]/13₀, [11,13]/11₀, [17,13]/17₀], [2₀/[2,13], 3₀/[3,13], 5₀/[5,13], 7₀/[7,13], 13₀/[13,13], 11₀/[11,13], 17₀/[17,13], 1/13₁], [2,13]/2₁, 2₁/[2,13], [2,13]/3₁, 3₁/[2,13], [2,13]/5₁, 5₁/[2,13], [2,13]/7₁, 7₁/[2,13], [2,13]/11₁, 11₁/[2,13], 1/[2,13], [2,17]/[2,11], [2,11]/[2,17], [3,13]/[2,11], [2,11]/[3,13], [3,11]/[2,11], [2,11]/[3,11], [3,17]/[2,11], [2,11]/[3,17], [5,13]/[2,11], [2,11]/[5,13], [5,11]/[2,11], [2,11]/[5,11], [5,17]/[2,11], [2,11]/[5,17], [7,13]/[2,11], [2,11]/[7,13], [7,11]/[2,11], [2,11]/[7,11], [7,17]/[2,11], [2,11]/[7,17], [13,13]/[2,11], [2,11]/[13,13], [13,11]/[2,11], [2,11]/[13,11], [13,17]/[2,11], [2,11]/[13,17], [11,13]/[2,11], [2,11]/[11,13], [11,11]/[2,11], [2,11]/[11,11], [11,17]/[2,11], [2,11]/[11,17], [17,13]/[2,11], [2,11]/[17,13], [17,11]/[2,11], [2,11]/[17,11], [[2,11]/2₀, [3,11]/3₀, [5,11]/5₀, [7,11]/7₀, [13,11]/13₀, [11,11]/11₀, [17,11]/17₀], [2₀/[2,11], 3₀/[3,11], 5₀/[5,11], 7₀/[7,11], 13₀/[13,11], 11₀/[11,11], 17₀/[17,11], 1/11₁], [2,11]/2₁, 2₁/[2,11], [2,11]/3₁, 3₁/[2,11], [2,11]/5₁, 5₁/[2,11], [2,11]/7₁, 7₁/[2,11], 1/[2,11], [3,17]/[2,17], [2,17]/[3,17], [5,17]/[2,17], [2,17]/[5,17], [7,17]/[2,17], [2,17]/[7,17], [13,17]/[2,17], [2,17]/[13,17], [11,17]/[2,17], [2,17]/[11,17], [2,17]/2₁, 2₁/[2,17], [2,17]/3₁, 3₁/[2,17], [2,17]/5₁, 5₁/[2,17], [2,17]/7₁, 7₁/[2,17], [2,17]/13₁, 13₁/[2,17], [2,17]/11₁, 11₁/[2,17], 1/[2,17], [3,3]/[3,2], [3,2]/[3,3], [3,5]/[3,2], [3,2]/[3,5], [3,7]/[3,2], [3,2]/[3,7], [3,13]/[3,2], [3,2]/[3,13], [3,11]/[3,2], [3,2]/[3,11], [3,17]/[3,2], [3,2]/[3,17], [5,2]/[3,2], [3,2]/[5,2], [5,3]/[3,2], [3,2]/[5,3], [5,5]/[3,2], [3,2]/[5,5], [5,7]/[3,2], [3,2]/[5,7], [5,13]/[3,2], [3,2]/[5,13], [5,11]/[3,2], [3,2]/[5,11], [5,17]/[3,2], [3,2]/[5,17], [7,2]/[3,2], [3,2]/[7,2], [7,3]/[3,2], [3,2]/[7,3], [7,5]/[3,2], [3,2]/[7,5], [7,7]/[3,2], [3,2]/[7,7], [7,13]/[3,2], [3,2]/[7,13], [7,11]/[3,2], [3,2]/[7,11], [7,17]/[3,2], [3,2]/[7,17], [13,2]/[3,2], [3,2]/[13,2], [13,3]/[3,2], [3,2]/[13,3], [13,5]/[3,2], [3,2]/[13,5], [13,7]/[3,2], [3,2]/[13,7], [13,13]/[3,2], [3,2]/[13,13], [13,11]/[3,2], [3,2]/[13,11], [13,17]/[3,2], [3,2]/[13,17], [11,2]/[3,2], [3,2]/[11,2], [11,3]/[3,2], [3,2]/[11,3], [11,5]/[3,2], [3,2]/[11,5], [11,7]/[3,2], [3,2]/[11,7], [11,13]/[3,2], [3,2]/[11,13], [11,11]/[3,2], [3,2]/[11,11], [11,17]/[3,2], [3,2]/[11,17], [17,2]/[3,2], [3,2]/[17,2], [17,3]/[3,2], [3,2]/[17,3], [17,5]/[3,2], [3,2]/[17,5], [17,7]/[3,2], [3,2]/[17,7], [17,13]/[3,2], [3,2]/[17,13], [17,11]/[3,2], [3,2]/[17,11], [3,2]/2₀, 2₀/[3,2], [[3,2]/2₁, [3,3]/3₁, [3,5]/5₁, [3,7]/7₁, [3,13]/13₁, [3,11]/11₁, [3,17]/17₁], [2₁/[3,2], 3₁/[3,3], 5₁/[3,5], 7₁/[3,7], 13₁/[3,13], 11₁/[3,11], 17₁/[3,17], 1/3₀], 1/[3,2], [3,5]/[3,3], [3,3]/[3,5], [3,7]/[3,3], [3,3]/[3,7], [3,13]/[3,3], [3,3]/[3,13], [3,11]/[3,3], [3,3]/[3,11], [3,17]/[3,3], [3,3]/[3,17], [5,3]/[3,3], [3,3]/[5,3], [5,5]/[3,3], [3,3]/[5,5], [5,7]/[3,3], [3,3]/[5,7], [5,13]/[3,3], [3,3]/[5,13], [5,11]/[3,3], [3,3]/[5,11], [5,17]/[3,3], [3,3]/[5,17], [7,3]/[3,3], [3,3]/[7,3], [7,5]/[3,3], [3,3]/[7,5], [7,7]/[3,3], [3,3]/[7,7], [7,13]/[3,3], [3,3]/[7,13], [7,11]/[3,3], [3,3]/[7,11], [7,17]/[3,3], [3,3]/[7,17], [13,3]/[3,3], [3,3]/[13,3], [13,5]/[3,3], [3,3]/[13,5], [13,7]/[3,3], [3,3]/[13,7], [13,13]/[3,3], [3,3]/[13,13], [13,11]/[3,3], [3,3]/[13,11], [13,17]/[3,3], [3,3]/[13,17], [11,3]/[3,3], [3,3]/[11,3], [11,5]/[3,3], [3,3]/[11,5], [11,7]/[3,3], [3,3]/[11,7], [11,13]/[3,3], [3,3]/[11,13], [11,11]/[3,3], [3,3]/[11,11], [11,17]/[3,3], [3,3]/[11,17], [17,3]/[3,3], [3,3]/[17,3], [17,5]/[3,3], [3,3]/[17,5], [17,7]/[3,3], [3,3]/[17,7], [17,13]/[3,3], [3,3]/[17,13], [17,11]/[3,3], [3,3]/[17,11], [3,3]/2₀, 2₀/[3,3], [3,3]/2₁, 2₁/[3,3], 1/[3,3], [3,7]/[3,5], [3,5]/[3,7], [3,13]/[3,5], [3,5]/[3,13], [3,11]/[3,5], [3,5]/[3,11], [3,17]/[3,5], [3,5]/[3,17], [5,5]/[3,5], [3,5]/[5,5], [5,7]/[3,5], [3,5]/[5,7], [5,13]/[3,5], [3,5]/[5,13], [5,11]/[3,5], [3,5]/[5,11], [5,17]/[3,5], [3,5]/[5,17], [7,5]/[3,5], [3,5]/[7,5], [7,7]/[3,5], [3,5]/[7,7], [7,13]/[3,5], [3,5]/[7,13], [7,11]/[3,5], [3,5]/[7,11], [7,17]/[3,5], [3,5]/[7,17], [13,5]/[3,5], [3,5]/[13,5], [13,7]/[3,5], [3,5]/[13,7], [13,13]/[3,5], [3,5]/[13,13], [13,11]/[3,5], [3,5]/[13,11], [13,17]/[3,5], [3,5]/[13,17], [11,5]/[3,5], [3,5]/[11,5], [11,7]/[3,5], [3,5]/[11,7], [11,13]/[3,5], [3,5]/[11,13], [11,11]/[3,5], [3,5]/[11,11], [11,17]/[3,5], [3,5]/[11,17], [17,5]/[3,5], [3,5]/[17,5], [17,7]/[3,5], [3,5]/[17,7], [17,13]/[3,5], [3,5]/[17,13], [17,11]/[3,5], [3,5]/[17,11], [3,5]/2₀, 2₀/[3,5], [3,5]/2₁, 2₁/[3,5], [3,5]/3₁, 3₁/[3,5], 1/[3,5], [3,13]/[3,7], [3,7]/[3,13], [3,11]/[3,7], [3,7]/[3,11], [3,17]/[3,7], [3,7]/[3,17], [5,7]/[3,7], [3,7]/[5,7], [5,13]/[3,7], [3,7]/[5,13], [5,11]/[3,7], [3,7]/[5,11], [5,17]/[3,7], [3,7]/[5,17], [7,7]/[3,7], [3,7]/[7,7], [7,13]/[3,7], [3,7]/[7,13], [7,11]/[3,7], [3,7]/[7,11], [7,17]/[3,7], [3,7]/[7,17], [13,7]/[3,7], [3,7]/[13,7], [13,13]/[3,7], [3,7]/[13,13], [13,11]/[3,7], [3,7]/[13,11], [13,17]/[3,7], [3,7]/[13,17], [11,7]/[3,7], [3,7]/[11,7], [11,13]/[3,7], [3,7]/[11,13], [11,11]/[3,7], [3,7]/[11,11], [11,17]/[3,7], [3,7]/[11,17], [17,7]/[3,7], [3,7]/[17,7], [17,13]/[3,7], [3,7]/[17,13], [17,11]/[3,7], [3,7]/[17,11], [3,7]/2₀, 2₀/[3,7], [3,7]/2₁, 2₁/[3,7], [3,7]/3₁, 3₁/[3,7], [3,7]/5₁, 5₁/[3,7], 1/[3,7], [3,13]/[3,11], [3,11]/[3,13], [3,17]/[3,13], [3,13]/[3,17], [5,13]/[3,13], [3,13]/[5,13], [5,17]/[3,13], [3,13]/[5,17], [7,13]/[3,13], [3,13]/[7,13], [7,17]/[3,13], [3,13]/[7,17], [13,13]/[3,13], [3,13]/[13,13], [13,17]/[3,13], [3,13]/[13,17], [11,13]/[3,13], [3,13]/[11,13], [11,17]/[3,13], [3,13]/[11,17], [17,13]/[3,13], [3,13]/[17,13], [3,13]/2₀, 2₀/[3,13], [3,13]/2₁, 2₁/[3,13], [3,13]/3₁, 3₁/[3,13], [3,13]/5₁, 5₁/[3,13], [3,13]/7₁, 7₁/[3,13], [3,13]/11₁, 11₁/[3,13], 1/[3,13], [3,17]/[3,11], [3,11]/[3,17], [5,13]/[3,11], [3,11]/[5,13], [5,11]/[3,11], [3,11]/[5,11], [5,17]/[3,11], [3,11]/[5,17], [7,13]/[3,11], [3,11]/[7,13], [7,11]/[3,11], [3,11]/[7,11], [7,17]/[3,11], [3,11]/[7,17], [13,13]/[3,11], [3,11]/[13,13], [13,11]/[3,11], [3,11]/[13,11], [13,17]/[3,11], [3,11]/[13,17], [11,13]/[3,11], [3,11]/[11,13], [11,11]/[3,11], [3,11]/[11,11], [11,17]/[3,11], [3,11]/[11,17], [17,13]/[3,11], [3,11]/[17,13], [17,11]/[3,11], [3,11]/[17,11], [3,11]/2₀, 2₀/[3,11], [3,11]/2₁, 2₁/[3,11], [3,11]/3₁, 3₁/[3,11], [3,11]/5₁, 5₁/[3,11], [3,11]/7₁, 7₁/[3,11], 1/[3,11], [5,17]/[3,17], [3,17]/[5,17], [7,17]/[3,17], [3,17]/[7,17], [13,17]/[3,17], [3,17]/[13,17], [11,17]/[3,17], [3,17]/[11,17], [3,17]/2₀, 2₀/[3,17], [3,17]/2₁, 2₁/[3,17], [3,17]/3₁, 3₁/[3,17], [3,17]/5₁, 5₁/[3,17], [3,17]/7₁, 7₁/[3,17], [3,17]/13₁, 13₁/[3,17], [3,17]/11₁, 11₁/[3,17], 1/[3,17], [5,3]/[5,2], [5,2]/[5,3], [5,5]/[5,2], [5,2]/[5,5], [5,7]/[5,2], [5,2]/[5,7], [5,13]/[5,2], [5,2]/[5,13], [5,11]/[5,2], [5,2]/[5,11], [5,17]/[5,2], [5,2]/[5,17], [7,2]/[5,2], [5,2]/[7,2], [7,3]/[5,2], [5,2]/[7,3], [7,5]/[5,2], [5,2]/[7,5], [7,7]/[5,2], [5,2]/[7,7], [7,13]/[5,2], [5,2]/[7,13], [7,11]/[5,2], [5,2]/[7,11], [7,17]/[5,2], [5,2]/[7,17], [13,2]/[5,2], [5,2]/[13,2], [13,3]/[5,2], [5,2]/[13,3], [13,5]/[5,2], [5,2]/[13,5], [13,7]/[5,2], [5,2]/[13,7], [13,13]/[5,2], [5,2]/[13,13], [13,11]/[5,2], [5,2]/[13,11], [13,17]/[5,2], [5,2]/[13,17], [11,2]/[5,2], [5,2]/[11,2], [11,3]/[5,2], [5,2]/[11,3], [11,5]/[5,2], [5,2]/[11,5], [11,7]/[5,2], [5,2]/[11,7], [11,13]/[5,2], [5,2]/[11,13], [11,11]/[5,2], [5,2]/[11,11], [11,17]/[5,2], [5,2]/[11,17], [17,2]/[5,2], [5,2]/[17,2], [17,3]/[5,2], [5,2]/[17,3], [17,5]/[5,2], [5,2]/[17,5], [17,7]/[5,2], [5,2]/[17,7], [17,13]/[5,2], [5,2]/[17,13], [17,11]/[5,2], [5,2]/[17,11], [5,2]/2₀, 2₀/[5,2], [[5,2]/2₁, [5,3]/3₁, [5,5]/5₁, [5,7]/7₁, [5,13]/13₁, [5,11]/11₁, [5,17]/17₁], [2₁/[5,2], 3₁/[5,3], 5₁/[5,5], 7₁/[5,7], 13₁/[5,13], 11₁/[5,11], 17₁/[5,17], 1/5₀], [5,2]/3₀, 3₀/[5,2], 1/[5,2], [5,5]/[5,3], [5,3]/[5,5], [5,7]/[5,3], [5,3]/[5,7], [5,13]/[5,3], [5,3]/[5,13], [5,11]/[5,3], [5,3]/[5,11], [5,17]/[5,3], [5,3]/[5,17], [7,3]/[5,3], [5,3]/[7,3], [7,5]/[5,3], [5,3]/[7,5], [7,7]/[5,3], [5,3]/[7,7], [7,13]/[5,3], [5,3]/[7,13], [7,11]/[5,3], [5,3]/[7,11], [7,17]/[5,3], [5,3]/[7,17], [13,3]/[5,3], [5,3]/[13,3], [13,5]/[5,3], [5,3]/[13,5], [13,7]/[5,3], [5,3]/[13,7], [13,13]/[5,3], [5,3]/[13,13], [13,11]/[5,3], [5,3]/[13,11], [13,17]/[5,3], [5,3]/[13,17], [11,3]/[5,3], [5,3]/[11,3], [11,5]/[5,3], [5,3]/[11,5], [11,7]/[5,3], [5,3]/[11,7], [11,13]/[5,3], [5,3]/[11,13], [11,11]/[5,3], [5,3]/[11,11], [11,17]/[5,3], [5,3]/[11,17], [17,3]/[5,3], [5,3]/[17,3], [17,5]/[5,3], [5,3]/[17,5], [17,7]/[5,3], [5,3]/[17,7], [17,13]/[5,3], [5,3]/[17,13], [17,11]/[5,3], [5,3]/[17,11], [5,3]/2₀, 2₀/[5,3], [5,3]/2₁, 2₁/[5,3], [5,3]/3₀, 3₀/[5,3], 1/[5,3], [5,7]/[5,5], [5,5]/[5,7], [5,13]/[5,5], [5,5]/[5,13], [5,11]/[5,5], [5,5]/[5,11], [5,17]/[5,5], [5,5]/[5,17], [7,5]/[5,5], [5,5]/[7,5], [7,7]/[5,5], [5,5]/[7,7], [7,13]/[5,5], [5,5]/[7,13], [7,11]/[5,5], [5,5]/[7,11], [7,17]/[5,5], [5,5]/[7,17], [13,5]/[5,5], [5,5]/[13,5], [13,7]/[5,5], [5,5]/[13,7], [13,13]/[5,5], [5,5]/[13,13], [13,11]/[5,5], [5,5]/[13,11], [13,17]/[5,5], [5,5]/[13,17], [11,5]/[5,5], [5,5]/[11,5], [11,7]/[5,5], [5,5]/[11,7], [11,13]/[5,5], [5,5]/[11,13], [11,11]/[5,5], [5,5]/[11,11], [11,17]/[5,5], [5,5]/[11,17], [17,5]/[5,5], [5,5]/[17,5], [17,7]/[5,5], [5,5]/[17,7], [17,13]/[5,5], [5,5]/[17,13], [17,11]/[5,5], [5,5]/[17,11], [5,5]/2₀, 2₀/[5,5], [5,5]/2₁, 2₁/[5,5], [5,5]/3₀, 3₀/[5,5], [5,5]/3₁, 3₁/[5,5], 1/[5,5], [5,13]/[5,7], [5,7]/[5,13], [5,11]/[5,7], [5,7]/[5,11], [5,17]/[5,7], [5,7]/[5,17], [7,7]/[5,7], [5,7]/[7,7], [7,13]/[5,7], [5,7]/[7,13], [7,11]/[5,7], [5,7]/[7,11], [7,17]/[5,7], [5,7]/[7,17], [13,7]/[5,7], [5,7]/[13,7], [13,13]/[5,7], [5,7]/[13,13], [13,11]/[5,7], [5,7]/[13,11], [13,17]/[5,7], [5,7]/[13,17], [11,7]/[5,7], [5,7]/[11,7], [11,13]/[5,7], [5,7]/[11,13], [11,11]/[5,7], [5,7]/[11,11], [11,17]/[5,7], [5,7]/[11,17], [17,7]/[5,7], [5,7]/[17,7], [17,13]/[5,7], [5,7]/[17,13], [17,11]/[5,7], [5,7]/[17,11], [5,7]/2₀, 2₀/[5,7], [5,7]/2₁, 2₁/[5,7], [5,7]/3₀, 3₀/[5,7], [5,7]/3₁, 3₁/[5,7], [5,7]/5₁, 5₁/[5,7], 1/[5,7], [5,13]/[5,11], [5,11]/[5,13], [5,17]/[5,13], [5,13]/[5,17], [7,13]/[5,13], [5,13]/[7,13], [7,17]/[5,13], [5,13]/[7,17], [13,13]/[5,13], [5,13]/[13,13], [13,17]/[5,13], [5,13]/[13,17], [11,13]/[5,13], [5,13]/[11,13], [11,17]/[5,13], [5,13]/[11,17], [17,13]/[5,13], [5,13]/[17,13], [5,13]/2₀, 2₀/[5,13], [5,13]/2₁, 2₁/[5,13], [5,13]/3₀, 3₀/[5,13], [5,13]/3₁, 3₁/[5,13], [5,13]/5₁, 5₁/[5,13], [5,13]/7₁, 7₁/[5,13], [5,13]/11₁, 11₁/[5,13], 1/[5,13], [5,17]/[5,11], [5,11]/[5,17], [7,13]/[5,11], [5,11]/[7,13], [7,11]/[5,11], [5,11]/[7,11], [7,17]/[5,11], [5,11]/[7,17], [13,13]/[5,11], [5,11]/[13,13], [13,11]/[5,11], [5,11]/[13,11], [13,17]/[5,11], [5,11]/[13,17], [11,13]/[5,11], [5,11]/[11,13], [11,11]/[5,11], [5,11]/[11,11], [11,17]/[5,11], [5,11]/[11,17], [17,13]/[5,11], [5,11]/[17,13], [17,11]/[5,11], [5,11]/[17,11], [5,11]/2₀, 2₀/[5,11], [5,11]/2₁, 2₁/[5,11], [5,11]/3₀, 3₀/[5,11], [5,11]/3₁, 3₁/[5,11], [5,11]/5₁, 5₁/[5,11], [5,11]/7₁, 7₁/[5,11], 1/[5,11], [7,17]/[5,17], [5,17]/[7,17], [13,17]/[5,17], [5,17]/[13,17], [11,17]/[5,17], [5,17]/[11,17], [5,17]/2₀, 2₀/[5,17], [5,17]/2₁, 2₁/[5,17], [5,17]/3₀, 3₀/[5,17], [5,17]/3₁, 3₁/[5,17], [5,17]/5₁, 5₁/[5,17], [5,17]/7₁, 7₁/[5,17], [5,17]/13₁, 13₁/[5,17], [5,17]/11₁, 11₁/[5,17], 1/[5,17], [7,3]/[7,2], [7,2]/[7,3], [7,5]/[7,2], [7,2]/[7,5], [7,7]/[7,2], [7,2]/[7,7], [7,13]/[7,2], [7,2]/[7,13], [7,11]/[7,2], [7,2]/[7,11], [7,17]/[7,2], [7,2]/[7,17], [13,2]/[7,2], [7,2]/[13,2], [13,3]/[7,2], [7,2]/[13,3], [13,5]/[7,2], [7,2]/[13,5], [13,7]/[7,2], [7,2]/[13,7], [13,13]/[7,2], [7,2]/[13,13], [13,11]/[7,2], [7,2]/[13,11], [13,17]/[7,2], [7,2]/[13,17], [11,2]/[7,2], [7,2]/[11,2], [11,3]/[7,2], [7,2]/[11,3], [11,5]/[7,2], [7,2]/[11,5], [11,7]/[7,2], [7,2]/[11,7], [11,13]/[7,2], [7,2]/[11,13], [11,11]/[7,2], [7,2]/[11,11], [11,17]/[7,2], [7,2]/[11,17], [17,2]/[7,2], [7,2]/[17,2], [17,3]/[7,2], [7,2]/[17,3], [17,5]/[7,2], [7,2]/[17,5], [17,7]/[7,2], [7,2]/[17,7], [17,13]/[7,2], [7,2]/[17,13], [17,11]/[7,2], [7,2]/[17,11], [7,2]/2₀, 2₀/[7,2], [[7,2]/2₁, [7,3]/3₁, [7,5]/5₁, [7,7]/7₁, [7,13]/13₁, [7,11]/11₁, [7,17]/17₁], [2₁/[7,2], 3₁/[7,3], 5₁/[7,5], 7₁/[7,7], 13₁/[7,13], 11₁/[7,11], 17₁/[7,17], 1/7₀], [7,2]/3₀, 3₀/[7,2], [7,2]/5₀, 5₀/[7,2], 1/[7,2], [7,5]/[7,3], [7,3]/[7,5], [7,7]/[7,3], [7,3]/[7,7], [7,13]/[7,3], [7,3]/[7,13], [7,11]/[7,3], [7,3]/[7,11], [7,17]/[7,3], [7,3]/[7,17], [13,3]/[7,3], [7,3]/[13,3], [13,5]/[7,3], [7,3]/[13,5], [13,7]/[7,3], [7,3]/[13,7], [13,13]/[7,3], [7,3]/[13,13], [13,11]/[7,3], [7,3]/[13,11], [13,17]/[7,3], [7,3]/[13,17], [11,3]/[7,3], [7,3]/[11,3], [11,5]/[7,3], [7,3]/[11,5], [11,7]/[7,3], [7,3]/[11,7], [11,13]/[7,3], [7,3]/[11,13], [11,11]/[7,3], [7,3]/[11,11], [11,17]/[7,3], [7,3]/[11,17], [17,3]/[7,3], [7,3]/[17,3], [17,5]/[7,3], [7,3]/[17,5], [17,7]/[7,3], [7,3]/[17,7], [17,13]/[7,3], [7,3]/[17,13], [17,11]/[7,3], [7,3]/[17,11], [7,3]/2₀, 2₀/[7,3], [7,3]/2₁, 2₁/[7,3], [7,3]/3₀, 3₀/[7,3], [7,3]/5₀, 5₀/[7,3], 1/[7,3], [7,7]/[7,5], [7,5]/[7,7], [7,13]/[7,5], [7,5]/[7,13], [7,11]/[7,5], [7,5]/[7,11], [7,17]/[7,5], [7,5]/[7,17], [13,5]/[7,5], [7,5]/[13,5], [13,7]/[7,5], [7,5]/[13,7], [13,13]/[7,5], [7,5]/[13,13], [13,11]/[7,5], [7,5]/[13,11], [13,17]/[7,5], [7,5]/[13,17], [11,5]/[7,5], [7,5]/[11,5], [11,7]/[7,5], [7,5]/[11,7], [11,13]/[7,5], [7,5]/[11,13], [11,11]/[7,5], [7,5]/[11,11], [11,17]/[7,5], [7,5]/[11,17], [17,5]/[7,5], [7,5]/[17,5], [17,7]/[7,5], [7,5]/[17,7], [17,13]/[7,5], [7,5]/[17,13], [17,11]/[7,5], [7,5]/[17,11], [7,5]/2₀, 2₀/[7,5], [7,5]/2₁, 2₁/[7,5], [7,5]/3₀, 3₀/[7,5], [7,5]/3₁, 3₁/[7,5], [7,5]/5₀, 5₀/[7,5], 1/[7,5], [7,13]/[7,7], [7,7]/[7,13], [7,11]/[7,7], [7,7]/[7,11], [7,17]/[7,7], [7,7]/[7,17], [13,7]/[7,7], [7,7]/[13,7], [13,13]/[7,7], [7,7]/[13,13], [13,11]/[7,7], [7,7]/[13,11], [13,17]/[7,7], [7,7]/[13,17], [11,7]/[7,7], [7,7]/[11,7], [11,13]/[7,7], [7,7]/[11,13], [11,11]/[7,7], [7,7]/[11,11], [11,17]/[7,7], [7,7]/[11,17], [17,7]/[7,7], [7,7]/[17,7], [17,13]/[7,7], [7,7]/[17,13], [17,11]/[7,7], [7,7]/[17,11], [7,7]/2₀, 2₀/[7,7], [7,7]/2₁, 2₁/[7,7], [7,7]/3₀, 3₀/[7,7], [7,7]/3₁, 3₁/[7,7], [7,7]/5₀, 5₀/[7,7], [7,7]/5₁, 5₁/[7,7], 1/[7,7], [7,13]/[7,11], [7,11]/[7,13], [7,17]/[7,13], [7,13]/[7,17], [13,13]/[7,13], [7,13]/[13,13], [13,17]/[7,13], [7,13]/[13,17], [11,13]/[7,13], [7,13]/[11,13], [11,17]/[7,13], [7,13]/[11,17], [17,13]/[7,13], [7,13]/[17,13], [7,13]/2₀, 2₀/[7,13], [7,13]/2₁, 2₁/[7,13], [7,13]/3₀, 3₀/[7,13], [7,13]/3₁, 3₁/[7,13], [7,13]/5₀, 5₀/[7,13], [7,13]/5₁, 5₁/[7,13], [7,13]/7₁, 7₁/[7,13], [7,13]/11₁, 11₁/[7,13], 1/[7,13], [7,17]/[7,11], [7,11]/[7,17], [13,13]/[7,11], [7,11]/[13,13], [13,11]/[7,11], [7,11]/[13,11], [13,17]/[7,11], [7,11]/[13,17], [11,13]/[7,11], [7,11]/[11,13], [11,11]/[7,11], [7,11]/[11,11], [11,17]/[7,11], [7,11]/[11,17], [17,13]/[7,11], [7,11]/[17,13], [17,11]/[7,11], [7,11]/[17,11], [7,11]/2₀, 2₀/[7,11], [7,11]/2₁, 2₁/[7,11], [7,11]/3₀, 3₀/[7,11], [7,11]/3₁, 3₁/[7,11], [7,11]/5₀, 5₀/[7,11], [7,11]/5₁, 5₁/[7,11], [7,11]/7₁, 7₁/[7,11], 1/[7,11], [13,17]/[7,17], [7,17]/[13,17], [11,17]/[7,17], [7,17]/[11,17], [7,17]/2₀, 2₀/[7,17], [7,17]/2₁, 2₁/[7,17], [7,17]/3₀, 3₀/[7,17], [7,17]/3₁, 3₁/[7,17], [7,17]/5₀, 5₀/[7,17], [7,17]/5₁, 5₁/[7,17], [7,17]/7₁, 7₁/[7,17], [7,17]/13₁, 13₁/[7,17], [7,17]/11₁, 11₁/[7,17], 1/[7,17], [13,3]/[13,2], [13,2]/[13,3], [13,5]/[13,2], [13,2]/[13,5], [13,7]/[13,2], [13,2]/[13,7], [13,13]/[13,2], [13,2]/[13,13], [13,11]/[13,2], [13,2]/[13,11], [13,17]/[13,2], [13,2]/[13,17], [13,2]/[11,2], [11,2]/[13,2], [17,2]/[13,2], [13,2]/[17,2], [17,3]/[13,2], [13,2]/[17,3], [17,5]/[13,2], [13,2]/[17,5], [17,7]/[13,2], [13,2]/[17,7], [17,13]/[13,2], [13,2]/[17,13], [17,11]/[13,2], [13,2]/[17,11], [13,2]/2₀, 2₀/[13,2], [[13,2]/2₁, [13,3]/3₁, [13,5]/5₁, [13,7]/7₁, [13,13]/13₁, [13,11]/11₁, [13,17]/17₁], [2₁/[13,2], 3₁/[13,3], 5₁/[13,5], 7₁/[13,7], 13₁/[13,13], 11₁/[13,11], 17₁/[13,17], 1/13₀], [13,2]/3₀, 3₀/[13,2], [13,2]/5₀, 5₀/[13,2], [13,2]/7₀, 7₀/[13,2], [13,2]/11₀, 11₀/[13,2], 1/[13,2], [13,5]/[13,3], [13,3]/[13,5], [13,7]/[13,3], [13,3]/[13,7], [13,13]/[13,3], [13,3]/[13,13], [13,11]/[13,3], [13,3]/[13,11], [13,17]/[13,3], [13,3]/[13,17], [13,3]/[11,2], [11,2]/[13,3], [13,3]/[11,3], [11,3]/[13,3], [17,3]/[13,3], [13,3]/[17,3], [17,5]/[13,3], [13,3]/[17,5], [17,7]/[13,3], [13,3]/[17,7], [17,13]/[13,3], [13,3]/[17,13], [17,11]/[13,3], [13,3]/[17,11], [13,3]/2₀, 2₀/[13,3], [13,3]/2₁, 2₁/[13,3], [13,3]/3₀, 3₀/[13,3], [13,3]/5₀, 5₀/[13,3], [13,3]/7₀, 7₀/[13,3], [13,3]/11₀, 11₀/[13,3], 1/[13,3], [13,7]/[13,5], [13,5]/[13,7], [13,13]/[13,5], [13,5]/[13,13], [13,11]/[13,5], [13,5]/[13,11], [13,17]/[13,5], [13,5]/[13,17], [13,5]/[11,2], [11,2]/[13,5], [13,5]/[11,3], [11,3]/[13,5], [13,5]/[11,5], [11,5]/[13,5], [17,5]/[13,5], [13,5]/[17,5], [17,7]/[13,5], [13,5]/[17,7], [17,13]/[13,5], [13,5]/[17,13], [17,11]/[13,5], [13,5]/[17,11], [13,5]/2₀, 2₀/[13,5], [13,5]/2₁, 2₁/[13,5], [13,5]/3₀, 3₀/[13,5], [13,5]/3₁, 3₁/[13,5], [13,5]/5₀, 5₀/[13,5], [13,5]/7₀, 7₀/[13,5], [13,5]/11₀, 11₀/[13,5], 1/[13,5], [13,13]/[13,7], [13,7]/[13,13], [13,11]/[13,7], [13,7]/[13,11], [13,17]/[13,7], [13,7]/[13,17], [13,7]/[11,2], [11,2]/[13,7], [13,7]/[11,3], [11,3]/[13,7], [13,7]/[11,5], [11,5]/[13,7], [13,7]/[11,7], [11,7]/[13,7], [17,7]/[13,7], [13,7]/[17,7], [17,13]/[13,7], [13,7]/[17,13], [17,11]/[13,7], [13,7]/[17,11], [13,7]/2₀, 2₀/[13,7], [13,7]/2₁, 2₁/[13,7], [13,7]/3₀, 3₀/[13,7], [13,7]/3₁, 3₁/[13,7], [13,7]/5₀, 5₀/[13,7], [13,7]/5₁, 5₁/[13,7], [13,7]/7₀, 7₀/[13,7], [13,7]/11₀, 11₀/[13,7], 1/[13,7], [13,13]/[13,11], [13,11]/[13,13], [13,17]/[13,13], [13,13]/[13,17], [13,13]/[11,2], [11,2]/[13,13], [13,13]/[11,3], [11,3]/[13,13], [13,13]/[11,5], [11,5]/[13,13], [13,13]/[11,7], [11,7]/[13,13], [13,13]/[11,13], [11,13]/[13,13], [13,13]/[11,11], [11,11]/[13,13], [17,13]/[13,13], [13,13]/[17,13], [13,13]/2₀, 2₀/[13,13], [13,13]/2₁, 2₁/[13,13], [13,13]/3₀, 3₀/[13,13], [13,13]/3₁, 3₁/[13,13], [13,13]/5₀, 5₀/[13,13], [13,13]/5₁, 5₁/[13,13], [13,13]/7₀, 7₀/[13,13], [13,13]/7₁, 7₁/[13,13], [13,13]/11₀, 11₀/[13,13], [13,13]/11₁, 11₁/[13,13], 1/[13,13], [13,17]/[13,11], [13,11]/[13,17], [13,11]/[11,2], [11,2]/[13,11], [13,11]/[11,3], [11,3]/[13,11], [13,11]/[11,5], [11,5]/[13,11], [13,11]/[11,7], [11,7]/[13,11], [13,11]/[11,11], [11,11]/[13,11], [17,13]/[13,11], [13,11]/[17,13], [17,11]/[13,11], [13,11]/[17,11], [13,11]/2₀, 2₀/[13,11], [13,11]/2₁, 2₁/[13,11], [13,11]/3₀, 3₀/[13,11], [13,11]/3₁, 3₁/[13,11], [13,11]/5₀, 5₀/[13,11], [13,11]/5₁, 5₁/[13,11], [13,11]/7₀, 7₀/[13,11], [13,11]/7₁, 7₁/[13,11], [13,11]/11₀, 11₀/[13,11], 1/[13,11], [13,17]/[11,2], [11,2]/[13,17], [13,17]/[11,3], [11,3]/[13,17], [13,17]/[11,5], [11,5]/[13,17], [13,17]/[11,7], [11,7]/[13,17], [13,17]/[11,13], [11,13]/[13,17], [13,17]/[11,11], [11,11]/[13,17], [13,17]/[11,17], [11,17]/[13,17], [13,17]/2₀, 2₀/[13,17], [13,17]/2₁, 2₁/[13,17], [13,17]/3₀, 3₀/[13,17], [13,17]/3₁, 3₁/[13,17], [13,17]/5₀, 5₀/[13,17], [13,17]/5₁, 5₁/[13,17], [13,17]/7₀, 7₀/[13,17], [13,17]/7₁, 7₁/[13,17], [13,17]/13₁, 13₁/[13,17], [13,17]/11₀, 11₀/[13,17], [13,17]/11₁, 11₁/[13,17], 1/[13,17], [11,3]/[11,2], [11,2]/[11,3], [11,5]/[11,2], [11,2]/[11,5], [11,7]/[11,2], [11,2]/[11,7], [11,13]/[11,2], [11,2]/[11,13], [11,11]/[11,2], [11,2]/[11,11], [11,17]/[11,2], [11,2]/[11,17], [17,2]/[11,2], [11,2]/[17,2], [17,3]/[11,2], [11,2]/[17,3], [17,5]/[11,2], [11,2]/[17,5], [17,7]/[11,2], [11,2]/[17,7], [17,13]/[11,2], [11,2]/[17,13], [17,11]/[11,2], [11,2]/[17,11], [11,2]/2₀, 2₀/[11,2], [[11,2]/2₁, [11,3]/3₁, [11,5]/5₁, [11,7]/7₁, [11,13]/13₁, [11,11]/11₁, [11,17]/17₁], [2₁/[11,2], 3₁/[11,3], 5₁/[11,5], 7₁/[11,7], 13₁/[11,13], 11₁/[11,11], 17₁/[11,17], 1/11₀], [11,2]/3₀, 3₀/[11,2], [11,2]/5₀, 5₀/[11,2], [11,2]/7₀, 7₀/[11,2], 1/[11,2], [11,5]/[11,3], [11,3]/[11,5], [11,7]/[11,3], [11,3]/[11,7], [11,13]/[11,3], [11,3]/[11,13], [11,11]/[11,3], [11,3]/[11,11], [11,17]/[11,3], [11,3]/[11,17], [17,3]/[11,3], [11,3]/[17,3], [17,5]/[11,3], [11,3]/[17,5], [17,7]/[11,3], [11,3]/[17,7], [17,13]/[11,3], [11,3]/[17,13], [17,11]/[11,3], [11,3]/[17,11], [11,3]/2₀, 2₀/[11,3], [11,3]/2₁, 2₁/[11,3], [11,3]/3₀, 3₀/[11,3], [11,3]/5₀, 5₀/[11,3], [11,3]/7₀, 7₀/[11,3], 1/[11,3], [11,7]/[11,5], [11,5]/[11,7], [11,13]/[11,5], [11,5]/[11,13], [11,11]/[11,5], [11,5]/[11,11], [11,17]/[11,5], [11,5]/[11,17], [17,5]/[11,5], [11,5]/[17,5], [17,7]/[11,5], [11,5]/[17,7], [17,13]/[11,5], [11,5]/[17,13], [17,11]/[11,5], [11,5]/[17,11], [11,5]/2₀, 2₀/[11,5], [11,5]/2₁, 2₁/[11,5], [11,5]/3₀, 3₀/[11,5], [11,5]/3₁, 3₁/[11,5], [11,5]/5₀, 5₀/[11,5], [11,5]/7₀, 7₀/[11,5], 1/[11,5], [11,13]/[11,7], [11,7]/[11,13], [11,11]/[11,7], [11,7]/[11,11], [11,17]/[11,7], [11,7]/[11,17], [17,7]/[11,7], [11,7]/[17,7], [17,13]/[11,7], [11,7]/[17,13], [17,11]/[11,7], [11,7]/[17,11], [11,7]/2₀, 2₀/[11,7], [11,7]/2₁, 2₁/[11,7], [11,7]/3₀, 3₀/[11,7], [11,7]/3₁, 3₁/[11,7], [11,7]/5₀, 5₀/[11,7], [11,7]/5₁, 5₁/[11,7], [11,7]/7₀, 7₀/[11,7], 1/[11,7], [11,13]/[11,11], [11,11]/[11,13], [11,17]/[11,13], [11,13]/[11,17], [17,13]/[11,13], [11,13]/[17,13], [11,13]/2₀, 2₀/[11,13], [11,13]/2₁, 2₁/[11,13], [11,13]/3₀, 3₀/[11,13], [11,13]/3₁, 3₁/[11,13], [11,13]/5₀, 5₀/[11,13], [11,13]/5₁, 5₁/[11,13], [11,13]/7₀, 7₀/[11,13], [11,13]/7₁, 7₁/[11,13], [11,13]/11₁, 11₁/[11,13], 1/[11,13], [11,17]/[11,11], [11,11]/[11,17], [17,13]/[11,11], [11,11]/[17,13], [17,11]/[11,11], [11,11]/[17,11], [11,11]/2₀, 2₀/[11,11], [11,11]/2₁, 2₁/[11,11], [11,11]/3₀, 3₀/[11,11], [11,11]/3₁, 3₁/[11,11], [11,11]/5₀, 5₀/[11,11], [11,11]/5₁, 5₁/[11,11], [11,11]/7₀, 7₀/[11,11], [11,11]/7₁, 7₁/[11,11], 1/[11,11], [11,17]/2₀, 2₀/[11,17], [11,17]/2₁, 2₁/[11,17], [11,17]/3₀, 3₀/[11,17], [11,17]/3₁, 3₁/[11,17], [11,17]/5₀, 5₀/[11,17], [11,17]/5₁, 5₁/[11,17], [11,17]/7₀, 7₀/[11,17], [11,17]/7₁, 7₁/[11,17], [11,17]/13₁, 13₁/[11,17], [11,17]/11₁, 11₁/[11,17], 1/[11,17], [17,3]/[17,2], [17,2]/[17,3], [17,5]/[17,2], [17,2]/[17,5], [17,7]/[17,2], [17,2]/[17,7], [17,13]/[17,2], [17,2]/[17,13], [17,11]/[17,2], [17,2]/[17,11], [17,2]/2₀, 2₀/[17,2], [17,2]/3₀, 3₀/[17,2], [17,2]/5₀, 5₀/[17,2], [17,2]/7₀, 7₀/[17,2], [17,2]/13₀, 13₀/[17,2], [17,2]/11₀, 11₀/[17,2], 1/[17,2], [17,5]/[17,3], [17,3]/[17,5], [17,7]/[17,3], [17,3]/[17,7], [17,13]/[17,3], [17,3]/[17,13], [17,11]/[17,3], [17,3]/[17,11], [17,3]/2₀, 2₀/[17,3], [17,3]/2₁, 2₁/[17,3], [17,3]/3₀, 3₀/[17,3], [17,3]/5₀, 5₀/[17,3], [17,3]/7₀, 7₀/[17,3], [17,3]/13₀, 13₀/[17,3], [17,3]/11₀, 11₀/[17,3], 1/[17,3], [17,7]/[17,5], [17,5]/[17,7], [17,13]/[17,5], [17,5]/[17,13], [17,11]/[17,5], [17,5]/[17,11], [17,5]/2₀, 2₀/[17,5], [17,5]/2₁, 2₁/[17,5], [17,5]/3₀, 3₀/[17,5], [17,5]/3₁, 3₁/[17,5], [17,5]/5₀, 5₀/[17,5], [17,5]/7₀, 7₀/[17,5], [17,5]/13₀, 13₀/[17,5], [17,5]/11₀, 11₀/[17,5], 1/[17,5], [17,13]/[17,7], [17,7]/[17,13], [17,11]/[17,7], [17,7]/[17,11], [17,7]/2₀, 2₀/[17,7], [17,7]/2₁, 2₁/[17,7], [17,7]/3₀, 3₀/[17,7], [17,7]/3₁, 3₁/[17,7], [17,7]/5₀, 5₀/[17,7], [17,7]/5₁, 5₁/[17,7], [17,7]/7₀, 7₀/[17,7], [17,7]/13₀, 13₀/[17,7], [17,7]/11₀, 11₀/[17,7], 1/[17,7], [17,13]/[17,11], [17,11]/[17,13], [17,13]/2₀, 2₀/[17,13], [17,13]/2₁, 2₁/[17,13], [17,13]/3₀, 3₀/[17,13], [17,13]/3₁, 3₁/[17,13], [17,13]/5₀, 5₀/[17,13], [17,13]/5₁, 5₁/[17,13], [17,13]/7₀, 7₀/[17,13], [17,13]/7₁, 7₁/[17,13], [17,13]/13₀, 13₀/[17,13], [17,13]/11₀, 11₀/[17,13], [17,13]/11₁, 11₁/[17,13], 1/[17,13], [17,11]/2₀, 2₀/[17,11], [17,11]/2₁, 2₁/[17,11], [17,11]/3₀, 3₀/[17,11], [17,11]/3₁, 3₁/[17,11], [17,11]/5₀, 5₀/[17,11], [17,11]/5₁, 5₁/[17,11], [17,11]/7₀, 7₀/[17,11], [17,11]/7₁, 7₁/[17,11], [17,11]/13₀, 13₀/[17,11], [17,11]/11₀, 11₀/[17,11], 1/[17,11], 3₀/2₀, 2₀/3₀, 5₀/2₀, 2₀/5₀, 7₀/2₀, 2₀/7₀, 13₀/2₀, 2₀/13₀, 11₀/2₀, 2₀/11₀, 17₀/2₀, 2₀/17₀, 3₁/2₁, 2₁/3₁, 5₁/2₁, 2₁/5₁, 7₁/2₁, 2₁/7₁, 13₁/2₁, 2₁/13₁, 11₁/2₁, 2₁/11₁, 17₁/2₁, 2₁/17₁, 5₀/3₀, 3₀/5₀, 7₀/3₀, 3₀/7₀, 13₀/3₀, 3₀/13₀, 11₀/3₀, 3₀/11₀, 17₀/3₀, 3₀/17₀, 5₁/3₁, 3₁/5₁, 7₁/3₁, 3₁/7₁, 13₁/3₁, 3₁/13₁, 11₁/3₁, 3₁/11₁, 17₁/3₁, 3₁/17₁, 7₀/5₀, 5₀/7₀, 13₀/5₀, 5₀/13₀, 11₀/5₀, 5₀/11₀, 17₀/5₀, 5₀/17₀, 7₁/5₁, 5₁/7₁, 13₁/5₁, 5₁/13₁, 11₁/5₁, 5₁/11₁, 17₁/5₁, 5₁/17₁, 13₀/7₀, 7₀/13₀, 11₀/7₀, 7₀/11₀, 17₀/7₀, 7₀/17₀, 13₁/7₁, 7₁/13₁, 11₁/7₁, 7₁/11₁, 17₁/7₁, 7₁/17₁, 13₀/11₀, 11₀/13₀, 17₀/13₀, 13₀/17₀, 13₁/11₁, 11₁/13₁, 17₁/13₁, 13₁/17₁, 17₀/11₀, 11₀/17₀, 17₁/11₁, 11₁/17₁), Pn(62)}
re-met relations: R*([17,17]/19, 19/[17,17], 19/4, 4/19, [17,2]/19, 19/[17,2], [17,3]/19, 19/[17,3], [17,5]/19, 19/[17,5], [17,7]/19, 19/[17,7], [17,13]/19, 19/[17,13], [17,11]/19, 19/[17,11], 19/2₀, 2₀/19, 19/2₁, 2₁/19, 19/3₀, 3₀/19, 19/5₀, 5₀/19, 19/7₀, 7₀/19, 19/13₀, 13₀/19, 19/11₀, 11₀/19, 19/17₀, 17₀/19, 1/19, [17,17]/8, 8/[17,17], 8/4, 4/8, 8/[2,3], [2,3]/8, 8/[3,2], [3,2]/8, [3,3]/8, 8/[3,3], [3,5]/8, 8/[3,5], [3,7]/8, 8/[3,7], [3,13]/8, 8/[3,13], [3,11]/8, 8/[3,11], [3,17]/8, 8/[3,17], [5,3]/8, 8/[5,3], [5,5]/8, 8/[5,5], [5,7]/8, 8/[5,7], [5,13]/8, 8/[5,13], [5,11]/8, 8/[5,11], [5,17]/8, 8/[5,17], [7,3]/8, 8/[7,3], [7,5]/8, 8/[7,5], [7,7]/8, 8/[7,7], [7,13]/8, 8/[7,13], [7,11]/8, 8/[7,11], [7,17]/8, 8/[7,17], [13,3]/8, 8/[13,3], [13,5]/8, 8/[13,5], [13,7]/8, 8/[13,7], [13,13]/8, 8/[13,13], [13,11]/8, 8/[13,11], [13,17]/8, 8/[13,17], [11,3]/8, 8/[11,3], [11,5]/8, 8/[11,5], [11,7]/8, 8/[11,7], [11,13]/8, 8/[11,13], [11,11]/8, 8/[11,11], [11,17]/8, 8/[11,17], [17,3]/8, 8/[17,3], [17,5]/8, 8/[17,5], [17,7]/8, 8/[17,7], [17,13]/8, 8/[17,13], [17,11]/8, 8/[17,11], 8/2₀, 2₀/8, 8/2₁, 2₁/8, 8/3₀, 3₀/8, 8/3₁, 3₁/8, 1/8, [17,17]/[2,2,3], [2,2,3]/[17,17], [2,2,3]/4, 4/[2,2,3], [2,2,3]/[2,3], [2,3]/[2,2,3], [2,2,3]/[3,2], [3,2]/[2,2,3], [2,2,3]/[5,2], [5,2]/[2,2,3], [5,3]/[2,2,3], [2,2,3]/[5,3], [5,5]/[2,2,3], [2,2,3]/[5,5], [5,7]/[2,2,3], [2,2,3]/[5,7], [5,13]/[2,2,3], [2,2,3]/[5,13], [5,11]/[2,2,3], [2,2,3]/[5,11], [5,17]/[2,2,3], [2,2,3]/[5,17], [7,3]/[2,2,3], [2,2,3]/[7,3], [7,5]/[2,2,3], [2,2,3]/[7,5], [7,7]/[2,2,3], [2,2,3]/[7,7], [7,13]/[2,2,3], [2,2,3]/[7,13], [7,11]/[2,2,3], [2,2,3]/[7,11], [7,17]/[2,2,3], [2,2,3]/[7,17], [13,3]/[2,2,3], [2,2,3]/[13,3], [13,5]/[2,2,3], [2,2,3]/[13,5], [13,7]/[2,2,3], [2,2,3]/[13,7], [13,13]/[2,2,3], [2,2,3]/[13,13], [13,11]/[2,2,3], [2,2,3]/[13,11], [13,17]/[2,2,3], [2,2,3]/[13,17], [11,3]/[2,2,3], [2,2,3]/[11,3], [11,5]/[2,2,3], [2,2,3]/[11,5], [11,7]/[2,2,3], [2,2,3]/[11,7], [11,13]/[2,2,3], [2,2,3]/[11,13], [11,11]/[2,2,3], [2,2,3]/[11,11], [11,17]/[2,2,3], [2,2,3]/[11,17], [17,3]/[2,2,3], [2,2,3]/[17,3], [17,5]/[2,2,3], [2,2,3]/[17,5], [17,7]/[2,2,3], [2,2,3]/[17,7], [17,13]/[2,2,3], [2,2,3]/[17,13], [17,11]/[2,2,3], [2,2,3]/[17,11], [2,2,3]/2₀, 2₀/[2,2,3], [2,2,3]/2₁, 2₁/[2,2,3], [2,2,3]/3₀, 3₀/[2,2,3], [2,2,3]/3₁, 3₁/[2,2,3], [2,2,3]/5₀, 5₀/[2,2,3], 1/[2,2,3], [17,17]/[8,2], [8,2]/[17,17], [8,2]/4, 4/[8,2], [8,2]/[2,3], [2,3]/[8,2], [8,2]/[3,2], [3,2]/[8,2], [8,2]/[5,2], [5,2]/[8,2], [8,2]/[7,2], [7,2]/[8,2], [7,3]/[8,2], [8,2]/[7,3], [7,5]/[8,2], [8,2]/[7,5], [7,7]/[8,2], [8,2]/[7,7], [7,13]/[8,2], [8,2]/[7,13], [7,11]/[8,2], [8,2]/[7,11], [7,17]/[8,2], [8,2]/[7,17], [13,3]/[8,2], [8,2]/[13,3], [13,5]/[8,2], [8,2]/[13,5], [13,7]/[8,2], [8,2]/[13,7], [13,13]/[8,2], [8,2]/[13,13], [13,11]/[8,2], [8,2]/[13,11], [13,17]/[8,2], [8,2]/[13,17], [11,3]/[8,2], [8,2]/[11,3], [11,5]/[8,2], [8,2]/[11,5], [11,7]/[8,2], [8,2]/[11,7], [11,13]/[8,2], [8,2]/[11,13], [11,11]/[8,2], [8,2]/[11,11], [11,17]/[8,2], [8,2]/[11,17], [17,3]/[8,2], [8,2]/[17,3], [17,5]/[8,2], [8,2]/[17,5], [17,7]/[8,2], [8,2]/[17,7], [17,13]/[8,2], [8,2]/[17,13], [17,11]/[8,2], [8,2]/[17,11], [8,2]/2₀, 2₀/[8,2], [8,2]/2₁, 2₁/[8,2], [8,2]/3₀, 3₀/[8,2], [8,2]/3₁, 3₁/[8,2], [8,2]/5₀, 5₀/[8,2], [8,2]/7₀, 7₀/[8,2], 1/[8,2], [17,17]/[7,4], [7,4]/[17,17], [7,4]/4, 4/[7,4], [7,4]/[2,3], [2,3]/[7,4], [7,4]/[3,2], [3,2]/[7,4], [7,4]/[5,2], [5,2]/[7,4], [7,4]/[7,2], [7,2]/[7,4], [7,4]/[13,2], [13,2]/[7,4], [13,3]/[7,4], [7,4]/[13,3], [13,5]/[7,4], [7,4]/[13,5], [13,7]/[7,4], [7,4]/[13,7], [13,13]/[7,4], [7,4]/[13,13], [13,11]/[7,4], [7,4]/[13,11], [13,17]/[7,4], [7,4]/[13,17], [7,4]/[11,2], [11,2]/[7,4], [17,3]/[7,4], [7,4]/[17,3], [17,5]/[7,4], [7,4]/[17,5], [17,7]/[7,4], [7,4]/[17,7], [17,13]/[7,4], [7,4]/[17,13], [17,11]/[7,4], [7,4]/[17,11], [7,4]/2₀, 2₀/[7,4], [7,4]/2₁, 2₁/[7,4], [7,4]/3₀, 3₀/[7,4], [7,4]/3₁, 3₁/[7,4], [7,4]/5₀, 5₀/[7,4], [7,4]/7₀, 7₀/[7,4], [7,4]/13₀, 13₀/[7,4], [7,4]/11₀, 11₀/[7,4], 1/[7,4], [17,17]/[[2,3],4], [[2,3],4]/[17,17], [[2,3],4]/4, 4/[[2,3],4], [[2,3],4]/[2,3], [2,3]/[[2,3],4], [[2,3],4]/[3,2], [3,2]/[[2,3],4], [[2,3],4]/[5,2], [5,2]/[[2,3],4], [[2,3],4]/[7,2], [7,2]/[[2,3],4], [13,3]/[[2,3],4], [[2,3],4]/[13,3], [13,5]/[[2,3],4], [[2,3],4]/[13,5], [13,7]/[[2,3],4], [[2,3],4]/[13,7], [13,13]/[[2,3],4], [[2,3],4]/[13,13], [13,11]/[[2,3],4], [[2,3],4]/[13,11], [13,17]/[[2,3],4], [[2,3],4]/[13,17], [[2,3],4]/[11,2], [11,2]/[[2,3],4], [11,3]/[[2,3],4], [[2,3],4]/[11,3], [11,5]/[[2,3],4], [[2,3],4]/[11,5], [11,7]/[[2,3],4], [[2,3],4]/[11,7], [11,13]/[[2,3],4], [[2,3],4]/[11,13], [11,11]/[[2,3],4], [[2,3],4]/[11,11], [11,17]/[[2,3],4], [[2,3],4]/[11,17], [17,3]/[[2,3],4], [[2,3],4]/[17,3], [17,5]/[[2,3],4], [[2,3],4]/[17,5], [17,7]/[[2,3],4], [[2,3],4]/[17,7], [17,13]/[[2,3],4], [[2,3],4]/[17,13], [17,11]/[[2,3],4], [[2,3],4]/[17,11], [[2,3],4]/2₀, 2₀/[[2,3],4], [[2,3],4]/2₁, 2₁/[[2,3],4], [[2,3],4]/3₀, 3₀/[[2,3],4], [[2,3],4]/3₁, 3₁/[[2,3],4], [[2,3],4]/5₀, 5₀/[[2,3],4], [[2,3],4]/7₀, 7₀/[[2,3],4], [[2,3],4]/11₀, 11₀/[[2,3],4], 1/[[2,3],4], [17,17]/[[3,3],4], [[3,3],4]/[17,17], [[3,3],4]/4, 4/[[3,3],4], [[3,3],4]/[2,3], [2,3]/[[3,3],4], [[3,3],4]/[3,2], [3,2]/[[3,3],4], [[3,3],4]/[5,2], [5,2]/[[3,3],4], [[3,3],4]/[7,2], [7,2]/[[3,3],4], [[3,3],4]/[13,2], [13,2]/[[3,3],4], [[3,3],4]/[11,2], [11,2]/[[3,3],4], [[3,3],4]/[17,2], [17,2]/[[3,3],4], [17,3]/[[3,3],4], [[3,3],4]/[17,3], [17,5]/[[3,3],4], [[3,3],4]/[17,5], [17,7]/[[3,3],4], [[3,3],4]/[17,7], [17,13]/[[3,3],4], [[3,3],4]/[17,13], [17,11]/[[3,3],4], [[3,3],4]/[17,11], [[3,3],4]/2₀, 2₀/[[3,3],4], [[3,3],4]/2₁, 2₁/[[3,3],4], [[3,3],4]/3₀, 3₀/[[3,3],4], [[3,3],4]/3₁, 3₁/[[3,3],4], [[3,3],4]/5₀, 5₀/[[3,3],4], [[3,3],4]/7₀, 7₀/[[3,3],4], [[3,3],4]/13₀, 13₀/[[3,3],4], [[3,3],4]/11₀, 11₀/[[3,3],4], [[3,3],4]/17₀, 17₀/[[3,3],4], 1/[[3,3],4], [17,17]/[5,4], [5,4]/[17,17], [5,4]/4, 4/[5,4], [5,4]/[2,3], [2,3]/[5,4], [2,17]/[5,4], [5,4]/[2,17], [3,17]/[5,4], [5,4]/[3,17], [5,17]/[5,4], [5,4]/[5,17], [7,17]/[5,4], [5,4]/[7,17], [13,17]/[5,4], [5,4]/[13,17], [11,17]/[5,4], [5,4]/[11,17], [5,4]/2₀, 2₀/[5,4], [5,4]/2₁, 2₁/[5,4], [5,4]/3₁, 3₁/[5,4], [5,4]/5₁, 5₁/[5,4], [5,4]/7₁, 7₁/[5,4], [5,4]/13₁, 13₁/[5,4], [5,4]/11₁, 11₁/[5,4], [5,4]/17₁, 17₁/[5,4], 1/[5,4], [17,17]/[8,4], [8,4]/[17,17], [8,4]/4, 4/[8,4], [8,4]/[2,3], [2,3]/[8,4], [8,4]/[2,5], [2,5]/[8,4], [8,4]/[3,2], [3,2]/[8,4], [8,4]/[5,2], [5,2]/[8,4], [8,4]/[7,2], [7,2]/[8,4], [8,4]/[13,2], [13,2]/[8,4], [13,5]/[8,4], [8,4]/[13,5], [13,7]/[8,4], [8,4]/[13,7], [13,13]/[8,4], [8,4]/[13,13], [13,11]/[8,4], [8,4]/[13,11], [13,17]/[8,4], [8,4]/[13,17], [8,4]/[11,2], [11,2]/[8,4], [17,5]/[8,4], [8,4]/[17,5], [17,7]/[8,4], [8,4]/[17,7], [17,13]/[8,4], [8,4]/[17,13], [17,11]/[8,4], [8,4]/[17,11], [8,4]/2₀, 2₀/[8,4], [8,4]/2₁, 2₁/[8,4], [8,4]/3₀, 3₀/[8,4], [8,4]/3₁, 3₁/[8,4], [8,4]/5₀, 5₀/[8,4], [8,4]/5₁, 5₁/[8,4], [8,4]/7₀, 7₀/[8,4], [8,4]/13₀, 13₀/[8,4], [8,4]/11₀, 11₀/[8,4], 1/[8,4], [17,17]/43, 43/[17,17], 43/4, 4/43, 43/[2,3], [2,3]/43, 43/[2,5], [2,5]/43, 43/[3,2], [3,2]/43, 43/[3,3], [3,3]/43, 43/[5,2], [5,2]/43, 43/[5,3], [5,3]/43, 43/[7,2], [7,2]/43, 43/[7,3], [7,3]/43, 43/[13,2], [13,2]/43, 43/[13,3], [13,3]/43, [13,5]/43, 43/[13,5], [13,7]/43, 43/[13,7], [13,13]/43, 43/[13,13], [13,11]/43, 43/[13,11], [13,17]/43, 43/[13,17], 43/[11,2], [11,2]/43, 43/[11,3], [11,3]/43, [17,5]/43, 43/[17,5], [17,7]/43, 43/[17,7], [17,13]/43, 43/[17,13], [17,11]/43, 43/[17,11], 43/2₀, 2₀/43, 43/2₁, 2₁/43, 43/3₀, 3₀/43, 43/3₁, 3₁/43, 43/5₀, 5₀/43, 43/5₁, 5₁/43, 43/7₀, 7₀/43, 43/13₀, 13₀/43, 43/11₀, 11₀/43, 1/43, [17,17]/37, 37/[17,17], 37/4, 4/37, 37/[2,3], [2,3]/37, 37/[2,5], [2,5]/37, 37/[3,2], [3,2]/37, 37/[3,3], [3,3]/37, 37/[5,2], [5,2]/37, 37/[5,3], [5,3]/37, 37/[7,2], [7,2]/37, 37/[7,3], [7,3]/37, [13,5]/37, 37/[13,5], [13,7]/37, 37/[13,7], [13,13]/37, 37/[13,13], [13,11]/37, 37/[13,11], [13,17]/37, 37/[13,17], 37/[11,2], [11,2]/37, 37/[11,3], [11,3]/37, [11,5]/37, 37/[11,5], [11,7]/37, 37/[11,7], [11,13]/37, 37/[11,13], [11,11]/37, 37/[11,11], [11,17]/37, 37/[11,17], [17,5]/37, 37/[17,5], [17,7]/37, 37/[17,7], [17,13]/37, 37/[17,13], [17,11]/37, 37/[17,11], 37/2₀, 2₀/37, 37/2₁, 2₁/37, 37/3₀, 3₀/37, 37/3₁, 3₁/37, 37/5₀, 5₀/37, 37/5₁, 5₁/37, 37/7₀, 7₀/37, 37/11₀, 11₀/37, 1/37, [17,17]/[8,5], [8,5]/[17,17], [8,5]/4, 4/[8,5], [8,5]/[2,3], [2,3]/[8,5], [8,5]/[2,5], [2,5]/[8,5], [8,5]/[3,2], [3,2]/[8,5], [8,5]/[5,2], [5,2]/[8,5], [8,5]/[7,2], [7,2]/[8,5], [8,5]/[13,2], [13,2]/[8,5], [8,5]/[11,2], [11,2]/[8,5], [8,5]/[17,2], [17,2]/[8,5], [17,5]/[8,5], [8,5]/[17,5], [17,7]/[8,5], [8,5]/[17,7], [17,13]/[8,5], [8,5]/[17,13], [17,11]/[8,5], [8,5]/[17,11], [8,5]/2₀, 2₀/[8,5], [8,5]/2₁, 2₁/[8,5], [8,5]/3₀, 3₀/[8,5], [8,5]/3₁, 3₁/[8,5], [8,5]/5₀, 5₀/[8,5], [8,5]/5₁, 5₁/[8,5], [8,5]/7₀, 7₀/[8,5], [8,5]/13₀, 13₀/[8,5], [8,5]/11₀, 11₀/[8,5], [8,5]/17₀, 17₀/[8,5], 1/[8,5], [17,17]/[2,3,3], [2,3,3]/[17,17], [2,3,3]/4, 4/[2,3,3], [2,3,3]/[2,3], [2,3]/[2,3,3], [2,3,3]/[2,5], [2,5]/[2,3,3], [2,13]/[2,3,3], [2,3,3]/[2,13], [2,17]/[2,3,3], [2,3,3]/[2,17], [3,13]/[2,3,3], [2,3,3]/[3,13], [3,17]/[2,3,3], [2,3,3]/[3,17], [5,13]/[2,3,3], [2,3,3]/[5,13], [5,17]/[2,3,3], [2,3,3]/[5,17], [7,13]/[2,3,3], [2,3,3]/[7,13], [7,17]/[2,3,3], [2,3,3]/[7,17], [13,13]/[2,3,3], [2,3,3]/[13,13], [13,17]/[2,3,3], [2,3,3]/[13,17], [11,13]/[2,3,3], [2,3,3]/[11,13], [11,17]/[2,3,3], [2,3,3]/[11,17], [17,13]/[2,3,3], [2,3,3]/[17,13], [2,3,3]/2₀, 2₀/[2,3,3], [2,3,3]/2₁, 2₁/[2,3,3], [2,3,3]/3₁, 3₁/[2,3,3], [2,3,3]/5₁, 5₁/[2,3,3], [2,3,3]/7₁, 7₁/[2,3,3], [2,3,3]/13₁, 13₁/[2,3,3], [2,3,3]/11₁, 11₁/[2,3,3], 1/[2,3,3], [17,17]/23, 23/[17,17], 23/4, 4/23, 23/[2,3], [2,3]/23, 23/[2,5], [2,5]/23, 23/[2,7], [2,7]/23, 23/[3,2], [3,2]/23, 23/[3,3], [3,3]/23, 23/[5,2], [5,2]/23, 23/[5,3], [5,3]/23, [5,7]/23, 23/[5,7], [5,13]/23, 23/[5,13], [5,11]/23, 23/[5,11], [5,17]/23, 23/[5,17], [7,7]/23, 23/[7,7], [7,13]/23, 23/[7,13], [7,11]/23, 23/[7,11], [7,17]/23, 23/[7,17], [13,7]/23, 23/[13,7], [13,13]/23, 23/[13,13], [13,11]/23, 23/[13,11], [13,17]/23, 23/[13,17], [11,7]/23, 23/[11,7], [11,13]/23, 23/[11,13], [11,11]/23, 23/[11,11], [11,17]/23, 23/[11,17], [17,7]/23, 23/[17,7], [17,13]/23, 23/[17,13], [17,11]/23, 23/[17,11], 23/2₀, 2₀/23, 23/2₁, 2₁/23, 23/3₀, 3₀/23, 23/3₁, 3₁/23, 23/5₀, 5₀/23, 23/5₁, 5₁/23, 23/7₁, 7₁/23, 1/23, [17,17]/29, 29/[17,17], 29/4, 4/29, 29/[2,3], [2,3]/29, 29/[2,5], [2,5]/29, 29/[2,7], [2,7]/29, 29/[3,2], [3,2]/29, 29/[3,3], [3,3]/29, 29/[3,5], [3,5]/29, 29/[5,2], [5,2]/29, 29/[5,3], [5,3]/29, 29/[5,5], [5,5]/29, [5,7]/29, 29/[5,7], [5,13]/29, 29/[5,13], [5,11]/29, 29/[5,11], [5,17]/29, 29/[5,17], [7,7]/29, 29/[7,7], [7,13]/29, 29/[7,13], [7,11]/29, 29/[7,11], [7,17]/29, 29/[7,17], [13,7]/29, 29/[13,7], [13,13]/29, 29/[13,13], [13,11]/29, 29/[13,11], [13,17]/29, 29/[13,17], [11,7]/29, 29/[11,7], [11,13]/29, 29/[11,13], [11,11]/29, 29/[11,11], [11,17]/29, 29/[11,17], [17,7]/29, 29/[17,7], [17,13]/29, 29/[17,13], [17,11]/29, 29/[17,11], 29/2₀, 2₀/29, 29/2₁, 2₁/29, 29/3₀, 3₀/29, 29/3₁, 3₁/29, 29/5₀, 5₀/29, 29/5₁, 5₁/29, 29/7₁, 7₁/29, 1/29, [17,17]/47, 47/[17,17], 47/4, 4/47, 47/[2,3], [2,3]/47, 47/[2,5], [2,5]/47, 47/[2,7], [2,7]/47, 47/[3,2], [3,2]/47, 47/[3,3], [3,3]/47, 47/[5,2], [5,2]/47, 47/[5,3], [5,3]/47, 47/[7,2], [7,2]/47, 47/[7,3], [7,3]/47, 47/[13,2], [13,2]/47, 47/[13,3], [13,3]/47, [13,7]/47, 47/[13,7], [13,13]/47, 47/[13,13], [13,11]/47, 47/[13,11], [13,17]/47, 47/[13,17], 47/[11,2], [11,2]/47, 47/[11,3], [11,3]/47, [17,7]/47, 47/[17,7], [17,13]/47, 47/[17,13], [17,11]/47, 47/[17,11], 47/2₀, 2₀/47, 47/2₁, 2₁/47, 47/3₀, 3₀/47, 47/3₁, 3₁/47, 47/5₀, 5₀/47, 47/5₁, 5₁/47, 47/7₀, 7₀/47, 47/7₁, 7₁/47, 47/13₀, 13₀/47, 47/11₀, 11₀/47, 1/47, [17,17]/[23,3], [23,3]/[17,17], [23,3]/4, 4/[23,3], [23,3]/[2,3], [2,3]/[23,3], [23,3]/[2,5], [2,5]/[23,3], [23,3]/[2,7], [2,7]/[23,3], [23,3]/[3,2], [3,2]/[23,3], [23,3]/[3,3], [3,3]/[23,3], [23,3]/[3,5], [3,5]/[23,3], [23,3]/[5,2], [5,2]/[23,3], [23,3]/[5,3], [5,3]/[23,3], [23,3]/[5,5], [5,5]/[23,3], [23,3]/[7,2], [7,2]/[23,3], [23,3]/[7,3], [7,3]/[23,3], [23,3]/[7,5], [7,5]/[23,3], [23,3]/[13,2], [13,2]/[23,3], [23,3]/[13,3], [13,3]/[23,3], [23,3]/[13,5], [13,5]/[23,3], [13,7]/[23,3], [23,3]/[13,7], [13,13]/[23,3], [23,3]/[13,13], [13,11]/[23,3], [23,3]/[13,11], [13,17]/[23,3], [23,3]/[13,17], [23,3]/[11,2], [11,2]/[23,3], [23,3]/[11,3], [11,3]/[23,3], [23,3]/[11,5], [11,5]/[23,3], [17,7]/[23,3], [23,3]/[17,7], [17,13]/[23,3], [23,3]/[17,13], [17,11]/[23,3], [23,3]/[17,11], [23,3]/2₀, 2₀/[23,3], [23,3]/2₁, 2₁/[23,3], [23,3]/3₀, 3₀/[23,3], [23,3]/3₁, 3₁/[23,3], [23,3]/5₀, 5₀/[23,3], [23,3]/5₁, 5₁/[23,3], [23,3]/7₀, 7₀/[23,3], [23,3]/7₁, 7₁/[23,3], [23,3]/13₀, 13₀/[23,3], [23,3]/11₀, 11₀/[23,3], 1/[23,3], [17,17]/41, 41/[17,17], 41/4, 4/41, 41/[2,3], [2,3]/41, 41/[2,5], [2,5]/41, 41/[2,7], [2,7]/41, 41/[3,2], [3,2]/41, 41/[3,3], [3,3]/41, 41/[5,2], [5,2]/41, 41/[5,3], [5,3]/41, 41/[7,2], [7,2]/41, 41/[7,3], [7,3]/41, [13,7]/41, 41/[13,7], [13,13]/41, 41/[13,13], [13,11]/41, 41/[13,11], [13,17]/41, 41/[13,17], 41/[11,2], [11,2]/41, 41/[11,3], [11,3]/41, [11,7]/41, 41/[11,7], [11,13]/41, 41/[11,13], [11,11]/41, 41/[11,11], [11,17]/41, 41/[11,17], [17,7]/41, 41/[17,7], [17,13]/41, 41/[17,13], [17,11]/41, 41/[17,11], 41/2₀, 2₀/41, 41/2₁, 2₁/41, 41/3₀, 3₀/41, 41/3₁, 3₁/41, 41/5₀, 5₀/41, 41/5₁, 5₁/41, 41/7₀, 7₀/41, 41/7₁, 7₁/41, 41/11₀, 11₀/41, 1/41, [17,17]/59, 59/[17,17], 59/4, 4/59, 59/[2,3], [2,3]/59, 59/[2,5], [2,5]/59, 59/[2,7], [2,7]/59, 59/[3,2], [3,2]/59, 59/[3,3], [3,3]/59, 59/[3,5], [3,5]/59, 59/[5,2], [5,2]/59, 59/[5,3], [5,3]/59, 59/[5,5], [5,5]/59, 59/[7,2], [7,2]/59, 59/[7,3], [7,3]/59, 59/[7,5], [7,5]/59, [13,7]/59, 59/[13,7], [13,13]/59, 59/[13,13], [13,11]/59, 59/[13,11], [13,17]/59, 59/[13,17], 59/[11,2], [11,2]/59, 59/[11,3], [11,3]/59, 59/[11,5], [11,5]/59, [11,7]/59, 59/[11,7], [11,13]/59, 59/[11,13], [11,11]/59, 59/[11,11], [11,17]/59, 59/[11,17], [17,7]/59, 59/[17,7], [17,13]/59, 59/[17,13], [17,11]/59, 59/[17,11], 59/2₀, 2₀/59, 59/2₁, 2₁/59, 59/3₀, 3₀/59, 59/3₁, 3₁/59, 59/5₀, 5₀/59, 59/5₁, 5₁/59, 59/7₀, 7₀/59, 59/7₁, 7₁/59, 59/11₀, 11₀/59, 1/59, [17,17]/[11,4], [11,4]/[17,17], [11,4]/4, 4/[11,4], [11,4]/[2,3], [2,3]/[11,4], [11,4]/[2,5], [2,5]/[11,4], [11,4]/[2,7], [2,7]/[11,4], [11,4]/[3,2], [3,2]/[11,4], [11,4]/[5,2], [5,2]/[11,4], [11,4]/[7,2], [7,2]/[11,4], [11,4]/[13,2], [13,2]/[11,4], [11,4]/[11,2], [11,2]/[11,4], [11,4]/[17,2], [17,2]/[11,4], [17,7]/[11,4], [11,4]/[17,7], [17,13]/[11,4], [11,4]/[17,13], [17,11]/[11,4], [11,4]/[17,11], [11,4]/2₀, 2₀/[11,4], [11,4]/2₁, 2₁/[11,4], [11,4]/3₀, 3₀/[11,4], [11,4]/3₁, 3₁/[11,4], [11,4]/5₀, 5₀/[11,4], [11,4]/5₁, 5₁/[11,4], [11,4]/7₀, 7₀/[11,4], [11,4]/7₁, 7₁/[11,4], [11,4]/13₀, 13₀/[11,4], [11,4]/11₀, 11₀/[11,4], [11,4]/17₀, 17₀/[11,4], 1/[11,4], [17,17]/89, 89/[17,17], 89/4, 4/89, 89/[2,3], [2,3]/89, 89/[2,5], [2,5]/89, 89/[2,7], [2,7]/89, 89/[3,2], [3,2]/89, 89/[3,3], [3,3]/89, 89/[3,5], [3,5]/89, 89/[5,2], [5,2]/89, 89/[5,3], [5,3]/89, 89/[5,5], [5,5]/89, 89/[7,2], [7,2]/89, 89/[7,3], [7,3]/89, 89/[7,5], [7,5]/89, 89/[13,2], [13,2]/89, 89/[13,3], [13,3]/89, 89/[13,5], [13,5]/89, 89/[11,2], [11,2]/89, 89/[11,3], [11,3]/89, 89/[11,5], [11,5]/89, 89/[17,2], [17,2]/89, 89/[17,3], [17,3]/89, 89/[17,5], [17,5]/89, [17,7]/89, 89/[17,7], [17,13]/89, 89/[17,13], [17,11]/89, 89/[17,11], 89/2₀, 2₀/89, 89/2₁, 2₁/89, 89/3₀, 3₀/89, 89/3₁, 3₁/89, 89/5₀, 5₀/89, 89/5₁, 5₁/89, 89/7₀, 7₀/89, 89/7₁, 7₁/89, 89/13₀, 13₀/89, 89/11₀, 11₀/89, 89/17₀, 17₀/89, 1/89, [17,17]/31, 31/[17,17], 31/4, 4/31, 31/[2,3], [2,3]/31, 31/[2,5], [2,5]/31, 31/[2,7], [2,7]/31, 31/[2,13], [2,13]/31, 31/[2,11], [2,11]/31, 31/[3,2], [3,2]/31, 31/[3,3], [3,3]/31, 31/[3,5], [3,5]/31, [3,13]/31, 31/[3,13], [3,17]/31, 31/[3,17], [5,13]/31, 31/[5,13], [5,17]/31, 31/[5,17], [7,13]/31, 31/[7,13], [7,17]/31, 31/[7,17], [13,13]/31, 31/[13,13], [13,17]/31, 31/[13,17], [11,13]/31, 31/[11,13], [11,17]/31, 31/[11,17], [17,13]/31, 31/[17,13], 31/2₀, 2₀/31, 31/2₁, 2₁/31, 31/3₀, 3₀/31, 31/3₁, 3₁/31, 31/5₁, 5₁/31, 31/7₁, 7₁/31, 31/13₁, 13₁/31, 31/11₁, 11₁/31, 1/31, [17,17]/61, 61/[17,17], 61/4, 4/61, 61/[2,3], [2,3]/61, 61/[2,5], [2,5]/61, 61/[2,7], [2,7]/61, 61/[2,13], [2,13]/61, 61/[2,11], [2,11]/61, 61/[3,2], [3,2]/61, 61/[3,3], [3,3]/61, 61/[3,5], [3,5]/61, 61/[3,7], [3,7]/61, 61/[5,2], [5,2]/61, 61/[5,3], [5,3]/61, 61/[5,5], [5,5]/61, 61/[5,7], [5,7]/61, 61/[7,2], [7,2]/61, 61/[7,3], [7,3]/61, 61/[7,5], [7,5]/61, 61/[7,7], [7,7]/61, [7,13]/61, 61/[7,13], [7,17]/61, 61/[7,17], [13,13]/61, 61/[13,13], [13,17]/61, 61/[13,17], [11,13]/61, 61/[11,13], [11,17]/61, 61/[11,17], [17,13]/61, 61/[17,13], 61/2₀, 2₀/61, 61/2₁, 2₁/61, 61/3₀, 3₀/61, 61/3₁, 3₁/61, 61/5₀, 5₀/61, 61/5₁, 5₁/61, 61/7₀, 7₀/61, 61/7₁, 7₁/61, 61/13₁, 13₁/61, 61/11₁, 11₁/61, 1/61, [17,17]/[[3,3,3],3], [[3,3,3],3]/[17,17], [[3,3,3],3]/4, 4/[[3,3,3],3], [[3,3,3],3]/[2,3], [2,3]/[[3,3,3],3], [[3,3,3],3]/[2,5], [2,5]/[[3,3,3],3], [[3,3,3],3]/[2,7], [2,7]/[[3,3,3],3], [[3,3,3],3]/[2,13], [2,13]/[[3,3,3],3], [[3,3,3],3]/[2,11], [2,11]/[[3,3,3],3], [[3,3,3],3]/[3,2], [3,2]/[[3,3,3],3], [[3,3,3],3]/[3,3], [3,3]/[[3,3,3],3], [[3,3,3],3]/[3,5], [3,5]/[[3,3,3],3], [[3,3,3],3]/[3,7], [3,7]/[[3,3,3],3], [[3,3,3],3]/[3,11], [3,11]/[[3,3,3],3], [[3,3,3],3]/[5,2], [5,2]/[[3,3,3],3], [[3,3,3],3]/[5,3], [5,3]/[[3,3,3],3], [[3,3,3],3]/[5,5], [5,5]/[[3,3,3],3], [[3,3,3],3]/[5,7], [5,7]/[[3,3,3],3], [[3,3,3],3]/[5,11], [5,11]/[[3,3,3],3], [[3,3,3],3]/[7,2], [7,2]/[[3,3,3],3], [[3,3,3],3]/[7,3], [7,3]/[[3,3,3],3], [[3,3,3],3]/[7,5], [7,5]/[[3,3,3],3], [[3,3,3],3]/[7,7], [7,7]/[[3,3,3],3], [7,13]/[[3,3,3],3], [[3,3,3],3]/[7,13], [[3,3,3],3]/[7,11], [7,11]/[[3,3,3],3], [7,17]/[[3,3,3],3], [[3,3,3],3]/[7,17], [13,13]/[[3,3,3],3], [[3,3,3],3]/[13,13], [13,17]/[[3,3,3],3], [[3,3,3],3]/[13,17], [11,13]/[[3,3,3],3], [[3,3,3],3]/[11,13], [11,17]/[[3,3,3],3], [[3,3,3],3]/[11,17], [17,13]/[[3,3,3],3], [[3,3,3],3]/[17,13], [[3,3,3],3]/2₀, 2₀/[[3,3,3],3], [[3,3,3],3]/2₁, 2₁/[[3,3,3],3], [[3,3,3],3]/3₀, 3₀/[[3,3,3],3], [[3,3,3],3]/3₁, 3₁/[[3,3,3],3], [[3,3,3],3]/5₀, 5₀/[[3,3,3],3], [[3,3,3],3]/5₁, 5₁/[[3,3,3],3], [[3,3,3],3]/7₀, 7₀/[[3,3,3],3], [[3,3,3],3]/7₁, 7₁/[[3,3,3],3], [[3,3,3],3]/13₁, 13₁/[[3,3,3],3], [[3,3,3],3]/11₁, 11₁/[[3,3,3],3], 1/[[3,3,3],3], [17,17]/[8,[2,3]], [8,[2,3]]/[17,17], [8,[2,3]]/4, 4/[8,[2,3]], [8,[2,3]]/[2,3], [2,3]/[8,[2,3]], [8,[2,3]]/[2,5], [2,5]/[8,[2,3]], [8,[2,3]]/[2,7], [2,7]/[8,[2,3]], [8,[2,3]]/[2,13], [2,13]/[8,[2,3]], [8,[2,3]]/[2,11], [2,11]/[8,[2,3]], [8,[2,3]]/[3,2], [3,2]/[8,[2,3]], [8,[2,3]]/[5,2], [5,2]/[8,[2,3]], [8,[2,3]]/[7,2], [7,2]/[8,[2,3]], [8,[2,3]]/[13,2], [13,2]/[8,[2,3]], [13,13]/[8,[2,3]], [8,[2,3]]/[13,13], [13,17]/[8,[2,3]], [8,[2,3]]/[13,17], [8,[2,3]]/[11,2], [11,2]/[8,[2,3]], [17,13]/[8,[2,3]], [8,[2,3]]/[17,13], [8,[2,3]]/2₀, 2₀/[8,[2,3]], [8,[2,3]]/2₁, 2₁/[8,[2,3]], [8,[2,3]]/3₀, 3₀/[8,[2,3]], [8,[2,3]]/3₁, 3₁/[8,[2,3]], [8,[2,3]]/5₀, 5₀/[8,[2,3]], [8,[2,3]]/5₁, 5₁/[8,[2,3]], [8,[2,3]]/7₀, 7₀/[8,[2,3]], [8,[2,3]]/7₁, 7₁/[8,[2,3]], [8,[2,3]]/13₀, 13₀/[8,[2,3]], [8,[2,3]]/13₁, 13₁/[8,[2,3]], [8,[2,3]]/11₀, 11₀/[8,[2,3]], [8,[2,3]]/11₁, 11₁/[8,[2,3]], 1/[8,[2,3]], [17,17]/103, 103/[17,17], 103/4, 4/103, 103/[2,3], [2,3]/103, 103/[2,5], [2,5]/103, 103/[2,7], [2,7]/103, 103/[2,13], [2,13]/103, 103/[2,11], [2,11]/103, 103/[3,2], [3,2]/103, 103/[3,3], [3,3]/103, 103/[3,5], [3,5]/103, 103/[3,7], [3,7]/103, 103/[5,2], [5,2]/103, 103/[5,3], [5,3]/103, 103/[5,5], [5,5]/103, 103/[5,7], [5,7]/103, 103/[7,2], [7,2]/103, 103/[7,3], [7,3]/103, 103/[7,5], [7,5]/103, 103/[7,7], [7,7]/103, 103/[13,2], [13,2]/103, 103/[13,3], [13,3]/103, 103/[13,5], [13,5]/103, 103/[13,7], [13,7]/103, [13,13]/103, 103/[13,13], [13,17]/103, 103/[13,17], 103/[11,2], [11,2]/103, 103/[11,3], [11,3]/103, 103/[11,5], [11,5]/103, 103/[11,7], [11,7]/103, [17,13]/103, 103/[17,13], 103/2₀, 2₀/103, 103/2₁, 2₁/103, 103/3₀, 3₀/103, 103/3₁, 3₁/103, 103/5₀, 5₀/103, 103/5₁, 5₁/103, 103/7₀, 7₀/103, 103/7₁, 7₁/103, 103/13₀, 13₀/103, 103/13₁, 13₁/103, 103/11₀, 11₀/103, 103/11₁, 11₁/103, 1/103, [17,17]/[[3,7],7], [[3,7],7]/[17,17], [[3,7],7]/4, 4/[[3,7],7], [[3,7],7]/[2,3], [2,3]/[[3,7],7], [[3,7],7]/[2,5], [2,5]/[[3,7],7], [[3,7],7]/[2,7], [2,7]/[[3,7],7], [[3,7],7]/[2,13], [2,13]/[[3,7],7], [[3,7],7]/[2,11], [2,11]/[[3,7],7], [[3,7],7]/[3,2], [3,2]/[[3,7],7], [[3,7],7]/[3,3], [3,3]/[[3,7],7], [[3,7],7]/[3,5], [3,5]/[[3,7],7], [[3,7],7]/[3,7], [3,7]/[[3,7],7], [[3,7],7]/[3,11], [3,11]/[[3,7],7], [[3,7],7]/[5,2], [5,2]/[[3,7],7], [[3,7],7]/[5,3], [5,3]/[[3,7],7], [[3,7],7]/[5,5], [5,5]/[[3,7],7], [[3,7],7]/[5,7], [5,7]/[[3,7],7], [[3,7],7]/[5,11], [5,11]/[[3,7],7], [[3,7],7]/[7,2], [7,2]/[[3,7],7], [[3,7],7]/[7,3], [7,3]/[[3,7],7], [[3,7],7]/[7,5], [7,5]/[[3,7],7], [[3,7],7]/[7,7], [7,7]/[[3,7],7], [[3,7],7]/[7,11], [7,11]/[[3,7],7], [[3,7],7]/[13,2], [13,2]/[[3,7],7], [[3,7],7]/[13,3], [13,3]/[[3,7],7], [[3,7],7]/[13,5], [13,5]/[[3,7],7], [[3,7],7]/[13,7], [13,7]/[[3,7],7], [13,13]/[[3,7],7], [[3,7],7]/[13,13], [[3,7],7]/[13,11], [13,11]/[[3,7],7], [13,17]/[[3,7],7], [[3,7],7]/[13,17], [[3,7],7]/[11,2], [11,2]/[[3,7],7], [[3,7],7]/[11,3], [11,3]/[[3,7],7], [[3,7],7]/[11,5], [11,5]/[[3,7],7], [[3,7],7]/[11,7], [11,7]/[[3,7],7], [[3,7],7]/[11,11], [11,11]/[[3,7],7], [17,13]/[[3,7],7], [[3,7],7]/[17,13], [[3,7],7]/2₀, 2₀/[[3,7],7], [[3,7],7]/2₁, 2₁/[[3,7],7], [[3,7],7]/3₀, 3₀/[[3,7],7], [[3,7],7]/3₁, 3₁/[[3,7],7], [[3,7],7]/5₀, 5₀/[[3,7],7], [[3,7],7]/5₁, 5₁/[[3,7],7], [[3,7],7]/7₀, 7₀/[[3,7],7], [[3,7],7]/7₁, 7₁/[[3,7],7], [[3,7],7]/13₀, 13₀/[[3,7],7], [[3,7],7]/13₁, 13₁/[[3,7],7], [[3,7],7]/11₀, 11₀/[[3,7],7], [[3,7],7]/11₁, 11₁/[[3,7],7], 1/[[3,7],7], [17,17]/53, 53/[17,17], 53/4, 4/53, 53/[2,3], [2,3]/53, 53/[2,5], [2,5]/53, 53/[2,7], [2,7]/53, 53/[2,13], [2,13]/53, 53/[2,11], [2,11]/53, 53/[3,2], [3,2]/53, 53/[3,3], [3,3]/53, 53/[5,2], [5,2]/53, 53/[5,3], [5,3]/53, 53/[7,2], [7,2]/53, 53/[7,3], [7,3]/53, [13,13]/53, 53/[13,13], [13,17]/53, 53/[13,17], 53/[11,2], [11,2]/53, 53/[11,3], [11,3]/53, [11,13]/53, 53/[11,13], [11,17]/53, 53/[11,17], [17,13]/53, 53/[17,13], 53/2₀, 2₀/53, 53/2₁, 2₁/53, 53/3₀, 3₀/53, 53/3₁, 3₁/53, 53/5₀, 5₀/53, 53/5₁, 5₁/53, 53/7₀, 7₀/53, 53/7₁, 7₁/53, 53/13₁, 13₁/53, 53/11₀, 11₀/53, 53/11₁, 11₁/53, 1/53, [17,17]/71, 71/[17,17], 71/4, 4/71, 71/[2,3], [2,3]/71, 71/[2,5], [2,5]/71, 71/[2,7], [2,7]/71, 71/[2,13], [2,13]/71, 71/[2,11], [2,11]/71, 71/[3,2], [3,2]/71, 71/[3,3], [3,3]/71, 71/[3,5], [3,5]/71, 71/[5,2], [5,2]/71, 71/[5,3], [5,3]/71, 71/[5,5], [5,5]/71, 71/[7,2], [7,2]/71, 71/[7,3], [7,3]/71, 71/[7,5], [7,5]/71, [13,13]/71, 71/[13,13], [13,17]/71, 71/[13,17], 71/[11,2], [11,2]/71, 71/[11,3], [11,3]/71, 71/[11,5], [11,5]/71, [11,13]/71, 71/[11,13], [11,17]/71, 71/[11,17], [17,13]/71, 71/[17,13], 71/2₀, 2₀/71, 71/2₁, 2₁/71, 71/3₀, 3₀/71, 71/3₁, 3₁/71, 71/5₀, 5₀/71, 71/5₁, 5₁/71, 71/7₀, 7₀/71, 71/7₁, 7₁/71, 71/13₁, 13₁/71, 71/11₀, 11₀/71, 71/11₁, 11₁/71, 1/71, [17,17]/[[5,5],5], [[5,5],5]/[17,17], [[5,5],5]/4, 4/[[5,5],5], [[5,5],5]/[2,3], [2,3]/[[5,5],5], [[5,5],5]/[2,5], [2,5]/[[5,5],5], [[5,5],5]/[2,7], [2,7]/[[5,5],5], [[5,5],5]/[2,13], [2,13]/[[5,5],5], [[5,5],5]/[2,11], [2,11]/[[5,5],5], [[5,5],5]/[3,2], [3,2]/[[5,5],5], [[5,5],5]/[3,3], [3,3]/[[5,5],5], [[5,5],5]/[3,5], [3,5]/[[5,5],5], [[5,5],5]/[3,7], [3,7]/[[5,5],5], [[5,5],5]/[3,11], [3,11]/[[5,5],5], [[5,5],5]/[5,2], [5,2]/[[5,5],5], [[5,5],5]/[5,3], [5,3]/[[5,5],5], [[5,5],5]/[5,5], [5,5]/[[5,5],5], [[5,5],5]/[5,7], [5,7]/[[5,5],5], [[5,5],5]/[5,11], [5,11]/[[5,5],5], [[5,5],5]/[7,2], [7,2]/[[5,5],5], [[5,5],5]/[7,3], [7,3]/[[5,5],5], [[5,5],5]/[7,5], [7,5]/[[5,5],5], [[5,5],5]/[7,7], [7,7]/[[5,5],5], [[5,5],5]/[7,11], [7,11]/[[5,5],5], [13,13]/[[5,5],5], [[5,5],5]/[13,13], [13,17]/[[5,5],5], [[5,5],5]/[13,17], [[5,5],5]/[11,2], [11,2]/[[5,5],5], [[5,5],5]/[11,3], [11,3]/[[5,5],5], [[5,5],5]/[11,5], [11,5]/[[5,5],5], [[5,5],5]/[11,7], [11,7]/[[5,5],5], [11,13]/[[5,5],5], [[5,5],5]/[11,13], [[5,5],5]/[11,11], [11,11]/[[5,5],5], [11,17]/[[5,5],5], [[5,5],5]/[11,17], [17,13]/[[5,5],5], [[5,5],5]/[17,13], [[5,5],5]/2₀, 2₀/[[5,5],5], [[5,5],5]/2₁, 2₁/[[5,5],5], [[5,5],5]/3₀, 3₀/[[5,5],5], [[5,5],5]/3₁, 3₁/[[5,5],5], [[5,5],5]/5₀, 5₀/[[5,5],5], [[5,5],5]/5₁, 5₁/[[5,5],5], [[5,5],5]/7₀, 7₀/[[5,5],5], [[5,5],5]/7₁, 7₁/[[5,5],5], [[5,5],5]/13₁, 13₁/[[5,5],5], [[5,5],5]/11₀, 11₀/[[5,5],5], [[5,5],5]/11₁, 11₁/[[5,5],5], 1/[[5,5],5], [17,17]/[8,7], [8,7]/[17,17], [8,7]/4, 4/[8,7], [8,7]/[2,3], [2,3]/[8,7], [8,7]/[2,5], [2,5]/[8,7], [8,7]/[2,7], [2,7]/[8,7], [8,7]/[2,13], [2,13]/[8,7], [8,7]/[2,11], [2,11]/[8,7], [8,7]/[3,2], [3,2]/[8,7], [8,7]/[5,2], [5,2]/[8,7], [8,7]/[7,2], [7,2]/[8,7], [8,7]/[13,2], [13,2]/[8,7], [8,7]/[11,2], [11,2]/[8,7], [8,7]/[17,2], [17,2]/[8,7], [17,13]/[8,7], [8,7]/[17,13], [8,7]/2₀, 2₀/[8,7], [8,7]/2₁, 2₁/[8,7], [8,7]/3₀, 3₀/[8,7], [8,7]/3₁, 3₁/[8,7], [8,7]/5₀, 5₀/[8,7], [8,7]/5₁, 5₁/[8,7], [8,7]/7₀, 7₀/[8,7], [8,7]/7₁, 7₁/[8,7], [8,7]/13₀, 13₀/[8,7], [8,7]/13₁, 13₁/[8,7], [8,7]/11₀, 11₀/[8,7], [8,7]/11₁, 11₁/[8,7], [8,7]/17₀, 17₀/[8,7], 1/[8,7], [17,17]/101, 101/[17,17], 101/4, 4/101, 101/[2,3], [2,3]/101, 101/[2,5], [2,5]/101, 101/[2,7], [2,7]/101, 101/[2,13], [2,13]/101, 101/[2,11], [2,11]/101, 101/[3,2], [3,2]/101, 101/[3,3], [3,3]/101, 101/[3,5], [3,5]/101, 101/[5,2], [5,2]/101, 101/[5,3], [5,3]/101, 101/[5,5], [5,5]/101, 101/[7,2], [7,2]/101, 101/[7,3], [7,3]/101, 101/[7,5], [7,5]/101, 101/[13,2], [13,2]/101, 101/[13,3], [13,3]/101, 101/[13,5], [13,5]/101, 101/[11,2], [11,2]/101, 101/[11,3], [11,3]/101, 101/[11,5], [11,5]/101, 101/[17,2], [17,2]/101, 101/[17,3], [17,3]/101, 101/[17,5], [17,5]/101, [17,13]/101, 101/[17,13], 101/2₀, 2₀/101, 101/2₁, 2₁/101, 101/3₀, 3₀/101, 101/3₁, 3₁/101, 101/5₀, 5₀/101, 101/5₁, 5₁/101, 101/7₀, 7₀/101, 101/7₁, 7₁/101, 101/13₀, 13₀/101, 101/13₁, 13₁/101, 101/11₀, 11₀/101, 101/11₁, 11₁/101, 101/17₀, 17₀/101, 1/101, [17,17]/131, 131/[17,17], 131/4, 4/131, 131/[2,3], [2,3]/131, 131/[2,5], [2,5]/131, 131/[2,7], [2,7]/131, 131/[2,13], [2,13]/131, 131/[2,11], [2,11]/131, 131/[3,2], [3,2]/131, 131/[3,3], [3,3]/131, 131/[3,5], [3,5]/131, 131/[3,7], [3,7]/131, 131/[5,2], [5,2]/131, 131/[5,3], [5,3]/131, 131/[5,5], [5,5]/131, 131/[5,7], [5,7]/131, 131/[7,2], [7,2]/131, 131/[7,3], [7,3]/131, 131/[7,5], [7,5]/131, 131/[7,7], [7,7]/131, 131/[13,2], [13,2]/131, 131/[13,3], [13,3]/131, 131/[13,5], [13,5]/131, 131/[13,7], [13,7]/131, 131/[11,2], [11,2]/131, 131/[11,3], [11,3]/131, 131/[11,5], [11,5]/131, 131/[11,7], [11,7]/131, 131/[17,2], [17,2]/131, 131/[17,3], [17,3]/131, 131/[17,5], [17,5]/131, 131/[17,7], [17,7]/131, [17,13]/131, 131/[17,13], 131/2₀, 2₀/131, 131/2₁, 2₁/131, 131/3₀, 3₀/131, 131/3₁, 3₁/131, 131/5₀, 5₀/131, 131/5₁, 5₁/131, 131/7₀, 7₀/131, 131/7₁, 7₁/131, 131/13₀, 13₀/131, 131/13₁, 13₁/131, 131/11₀, 11₀/131, 131/11₁, 11₁/131, 131/17₀, 17₀/131, 1/131, [17,17]/191, 191/[17,17], 191/4, 4/191, 191/[2,3], [2,3]/191, 191/[2,5], [2,5]/191, 191/[2,7], [2,7]/191, 191/[2,13], [2,13]/191, 191/[2,11], [2,11]/191, 191/[3,2], [3,2]/191, 191/[3,3], [3,3]/191, 191/[3,5], [3,5]/191, 191/[3,7], [3,7]/191, 191/[3,11], [3,11]/191, 191/[5,2], [5,2]/191, 191/[5,3], [5,3]/191, 191/[5,5], [5,5]/191, 191/[5,7], [5,7]/191, 191/[5,11], [5,11]/191, 191/[7,2], [7,2]/191, 191/[7,3], [7,3]/191, 191/[7,5], [7,5]/191, 191/[7,7], [7,7]/191, 191/[7,11], [7,11]/191, 191/[13,2], [13,2]/191, 191/[13,3], [13,3]/191, 191/[13,5], [13,5]/191, 191/[13,7], [13,7]/191, 191/[13,11], [13,11]/191, 191/[11,2], [11,2]/191, 191/[11,3], [11,3]/191, 191/[11,5], [11,5]/191, 191/[11,7], [11,7]/191, 191/[11,11], [11,11]/191, 191/[17,2], [17,2]/191, 191/[17,3], [17,3]/191, 191/[17,5], [17,5]/191, 191/[17,7], [17,7]/191, [17,13]/191, 191/[17,13], 191/[17,11], [17,11]/191, 191/2₀, 2₀/191, 191/2₁, 2₁/191, 191/3₀, 3₀/191, 191/3₁, 3₁/191, 191/5₀, 5₀/191, 191/5₁, 5₁/191, 191/7₀, 7₀/191, 191/7₁, 7₁/191, 191/13₀, 13₀/191, 191/13₁, 13₁/191, 191/11₀, 11₀/191, 191/11₁, 11₁/191, 191/17₀, 17₀/191, 1/191, [17,17]/[3,3,3], [3,3,3]/[17,17], [3,3,3]/4, 4/[3,3,3], [3,3,3]/[2,3], [2,3]/[3,3,3], [3,3,3]/[2,5], [2,5]/[3,3,3], [3,3,3]/[2,7], [2,7]/[3,3,3], [3,3,3]/[2,13], [2,13]/[3,3,3], [3,3,3]/[2,11], [2,11]/[3,3,3], [3,13]/[3,3,3], [3,3,3]/[3,13], [3,17]/[3,3,3], [3,3,3]/[3,17], [5,13]/[3,3,3], [3,3,3]/[5,13], [5,17]/[3,3,3], [3,3,3]/[5,17], [7,13]/[3,3,3], [3,3,3]/[7,13], [7,17]/[3,3,3], [3,3,3]/[7,17], [13,13]/[3,3,3], [3,3,3]/[13,13], [13,17]/[3,3,3], [3,3,3]/[13,17], [11,13]/[3,3,3], [3,3,3]/[11,13], [11,17]/[3,3,3], [3,3,3]/[11,17], [17,13]/[3,3,3], [3,3,3]/[17,13], [3,3,3]/2₀, 2₀/[3,3,3], [3,3,3]/2₁, 2₁/[3,3,3], [3,3,3]/3₀, 3₀/[3,3,3], [3,3,3]/3₁, 3₁/[3,3,3], [3,3,3]/5₁, 5₁/[3,3,3], [3,3,3]/7₁, 7₁/[3,3,3], [3,3,3]/13₁, 13₁/[3,3,3], [3,3,3]/11₁, 11₁/[3,3,3], 1/[3,3,3], [17,17]/[[2,3],5], [[2,3],5]/[17,17], [[2,3],5]/4, 4/[[2,3],5], [[2,3],5]/[2,3], [2,3]/[[2,3],5], [[2,3],5]/[2,5], [2,5]/[[2,3],5], [[2,3],5]/[2,7], [2,7]/[[2,3],5], [[2,3],5]/[2,13], [2,13]/[[2,3],5], [[2,3],5]/[2,11], [2,11]/[[2,3],5], [2,17]/[[2,3],5], [[2,3],5]/[2,17], [3,17]/[[2,3],5], [[2,3],5]/[3,17], [5,17]/[[2,3],5], [[2,3],5]/[5,17], [7,17]/[[2,3],5], [[2,3],5]/[7,17], [13,17]/[[2,3],5], [[2,3],5]/[13,17], [11,17]/[[2,3],5], [[2,3],5]/[11,17], [[2,3],5]/2₀, 2₀/[[2,3],5], [[2,3],5]/2₁, 2₁/[[2,3],5], [[2,3],5]/3₁, 3₁/[[2,3],5], [[2,3],5]/5₁, 5₁/[[2,3],5], [[2,3],5]/7₁, 7₁/[[2,3],5], [[2,3],5]/13₁, 13₁/[[2,3],5], [[2,3],5]/11₁, 11₁/[[2,3],5], [[2,3],5]/17₁, 17₁/[[2,3],5], 1/[[2,3],5], [17,17]/[3,19], [3,19]/[17,17], [3,19]/4, 4/[3,19], [3,19]/[2,3], [2,3]/[3,19], [3,19]/[2,5], [2,5]/[3,19], [3,19]/[2,7], [2,7]/[3,19], [3,19]/[2,11], [2,11]/[3,19], [3,19]/[3,2], [3,2]/[3,19], [3,19]/[3,3], [3,3]/[3,19], [3,19]/[3,5], [3,5]/[3,19], [3,19]/[3,7], [3,7]/[3,19], [3,19]/[5,2], [5,2]/[3,19], [3,19]/[5,3], [5,3]/[3,19], [3,19]/[5,5], [5,5]/[3,19], [3,19]/[5,7], [5,7]/[3,19], [3,19]/[7,2], [7,2]/[3,19], [3,19]/[7,3], [7,3]/[3,19], [3,19]/[7,5], [7,5]/[3,19], [3,19]/[7,7], [7,7]/[3,19], [7,13]/[3,19], [3,19]/[7,13], [7,11]/[3,19], [3,19]/[7,11], [7,17]/[3,19], [3,19]/[7,17], [13,13]/[3,19], [3,19]/[13,13], [13,11]/[3,19], [3,19]/[13,11], [13,17]/[3,19], [3,19]/[13,17], [11,13]/[3,19], [3,19]/[11,13], [11,11]/[3,19], [3,19]/[11,11], [11,17]/[3,19], [3,19]/[11,17], [17,13]/[3,19], [3,19]/[17,13], [17,11]/[3,19], [3,19]/[17,11], [3,19]/2₀, 2₀/[3,19], [3,19]/2₁, 2₁/[3,19], [3,19]/3₀, 3₀/[3,19], [3,19]/3₁, 3₁/[3,19], [3,19]/5₀, 5₀/[3,19], [3,19]/5₁, 5₁/[3,19], [3,19]/7₀, 7₀/[3,19], [3,19]/7₁, 7₁/[3,19], [3,19]/11₁, 11₁/[3,19], 1/[3,19], [17,17]/[11,[3,3]], [11,[3,3]]/[17,17], [11,[3,3]]/4, 4/[11,[3,3]], [11,[3,3]]/[2,3], [2,3]/[11,[3,3]], [11,[3,3]]/[2,5], [2,5]/[11,[3,3]], [11,[3,3]]/[2,7], [2,7]/[11,[3,3]], [11,[3,3]]/[2,11], [2,11]/[11,[3,3]], [11,[3,3]]/[3,2], [3,2]/[11,[3,3]], [11,[3,3]]/[3,3], [3,3]/[11,[3,3]], [11,[3,3]]/[3,5], [3,5]/[11,[3,3]], [11,[3,3]]/[3,7], [3,7]/[11,[3,3]], [11,[3,3]]/[5,2], [5,2]/[11,[3,3]], [11,[3,3]]/[5,3], [5,3]/[11,[3,3]], [11,[3,3]]/[5,5], [5,5]/[11,[3,3]], [11,[3,3]]/[5,7], [5,7]/[11,[3,3]], [11,[3,3]]/[7,2], [7,2]/[11,[3,3]], [11,[3,3]]/[7,3], [7,3]/[11,[3,3]], [11,[3,3]]/[7,5], [7,5]/[11,[3,3]], [11,[3,3]]/[7,7], [7,7]/[11,[3,3]], [11,[3,3]]/[13,2], [13,2]/[11,[3,3]], [11,[3,3]]/[13,3], [13,3]/[11,[3,3]], [11,[3,3]]/[13,5], [13,5]/[11,[3,3]], [11,[3,3]]/[13,7], [13,7]/[11,[3,3]], [13,13]/[11,[3,3]], [11,[3,3]]/[13,13], [13,11]/[11,[3,3]], [11,[3,3]]/[13,11], [13,17]/[11,[3,3]], [11,[3,3]]/[13,17], [11,[3,3]]/[11,2], [11,2]/[11,[3,3]], [11,[3,3]]/[11,3], [11,3]/[11,[3,3]], [11,[3,3]]/[11,5], [11,5]/[11,[3,3]], [11,[3,3]]/[11,7], [11,7]/[11,[3,3]], [17,13]/[11,[3,3]], [11,[3,3]]/[17,13], [17,11]/[11,[3,3]], [11,[3,3]]/[17,11], [11,[3,3]]/2₀, 2₀/[11,[3,3]], [11,[3,3]]/2₁, 2₁/[11,[3,3]], [11,[3,3]]/3₀, 3₀/[11,[3,3]], [11,[3,3]]/3₁, 3₁/[11,[3,3]], [11,[3,3]]/5₀, 5₀/[11,[3,3]], [11,[3,3]]/5₁, 5₁/[11,[3,3]], [11,[3,3]]/7₀, 7₀/[11,[3,3]], [11,[3,3]]/7₁, 7₁/[11,[3,3]], [11,[3,3]]/13₀, 13₀/[11,[3,3]], [11,[3,3]]/11₀, 11₀/[11,[3,3]], [11,[3,3]]/11₁, 11₁/[11,[3,3]], 1/[11,[3,3]], [17,17]/67, 67/[17,17], 67/4, 4/67, 67/[2,3], [2,3]/67, 67/[2,5], [2,5]/67, 67/[2,7], [2,7]/67, 67/[2,11], [2,11]/67, 67/[3,2], [3,2]/67, 67/[3,3], [3,3]/67, 67/[3,5], [3,5]/67, 67/[5,2], [5,2]/67, 67/[5,3], [5,3]/67, 67/[5,5], [5,5]/67, 67/[7,2], [7,2]/67, 67/[7,3], [7,3]/67, 67/[7,5], [7,5]/67, [13,13]/67, 67/[13,13], [13,11]/67, 67/[13,11], [13,17]/67, 67/[13,17], 67/[11,2], [11,2]/67, 67/[11,3], [11,3]/67, 67/[11,5], [11,5]/67, [11,13]/67, 67/[11,13], [11,11]/67, 67/[11,11], [11,17]/67, 67/[11,17], [17,13]/67, 67/[17,13], [17,11]/67, 67/[17,11], 67/2₀, 2₀/67, 67/2₁, 2₁/67, 67/3₀, 3₀/67, 67/3₁, 3₁/67, 67/5₀, 5₀/67, 67/5₁, 5₁/67, 67/7₀, 7₀/67, 67/7₁, 7₁/67, 67/11₀, 11₀/67, 67/11₁, 11₁/67, 1/67, [17,17]/[13,4], [13,4]/[17,17], [13,4]/4, 4/[13,4], [13,4]/[2,3], [2,3]/[13,4], [13,4]/[2,5], [2,5]/[13,4], [13,4]/[2,7], [2,7]/[13,4], [13,4]/[2,11], [2,11]/[13,4], [13,4]/[3,2], [3,2]/[13,4], [13,4]/[5,2], [5,2]/[13,4], [13,4]/[7,2], [7,2]/[13,4], [13,4]/[13,2], [13,2]/[13,4], [13,4]/[11,2], [11,2]/[13,4], [13,4]/[17,2], [17,2]/[13,4], [17,13]/[13,4], [13,4]/[17,13], [17,11]/[13,4], [13,4]/[17,11], [13,4]/2₀, 2₀/[13,4], [13,4]/2₁, 2₁/[13,4], [13,4]/3₀, 3₀/[13,4], [13,4]/3₁, 3₁/[13,4], [13,4]/5₀, 5₀/[13,4], [13,4]/5₁, 5₁/[13,4], [13,4]/7₀, 7₀/[13,4], [13,4]/7₁, 7₁/[13,4], [13,4]/13₀, 13₀/[13,4], [13,4]/11₀, 11₀/[13,4], [13,4]/11₁, 11₁/[13,4], [13,4]/17₀, 17₀/[13,4], 1/[13,4], [17,17]/97, 97/[17,17], 97/4, 4/97, 97/[2,3], [2,3]/97, 97/[2,5], [2,5]/97, 97/[2,7], [2,7]/97, 97/[2,11], [2,11]/97, 97/[3,2], [3,2]/97, 97/[3,3], [3,3]/97, 97/[3,5], [3,5]/97, 97/[5,2], [5,2]/97, 97/[5,3], [5,3]/97, 97/[5,5], [5,5]/97, 97/[7,2], [7,2]/97, 97/[7,3], [7,3]/97, 97/[7,5], [7,5]/97, 97/[13,2], [13,2]/97, 97/[13,3], [13,3]/97, 97/[13,5], [13,5]/97, 97/[11,2], [11,2]/97, 97/[11,3], [11,3]/97, 97/[11,5], [11,5]/97, 97/[17,2], [17,2]/97, 97/[17,3], [17,3]/97, 97/[17,5], [17,5]/97, [17,13]/97, 97/[17,13], [17,11]/97, 97/[17,11], 97/2₀, 2₀/97, 97/2₁, 2₁/97, 97/3₀, 3₀/97, 97/3₁, 3₁/97, 97/5₀, 5₀/97, 97/5₁, 5₁/97, 97/7₀, 7₀/97, 97/7₁, 7₁/97, 97/13₀, 13₀/97, 97/11₀, 11₀/97, 97/11₁, 11₁/97, 97/17₀, 17₀/97, 1/97, [17,17]/127, 127/[17,17], 127/4, 4/127, 127/[2,3], [2,3]/127, 127/[2,5], [2,5]/127, 127/[2,7], [2,7]/127, 127/[2,11], [2,11]/127, 127/[3,2], [3,2]/127, 127/[3,3], [3,3]/127, 127/[3,5], [3,5]/127, 127/[3,7], [3,7]/127, 127/[5,2], [5,2]/127, 127/[5,3], [5,3]/127, 127/[5,5], [5,5]/127, 127/[5,7], [5,7]/127, 127/[7,2], [7,2]/127, 127/[7,3], [7,3]/127, 127/[7,5], [7,5]/127, 127/[7,7], [7,7]/127, 127/[13,2], [13,2]/127, 127/[13,3], [13,3]/127, 127/[13,5], [13,5]/127, 127/[13,7], [13,7]/127, 127/[11,2], [11,2]/127, 127/[11,3], [11,3]/127, 127/[11,5], [11,5]/127, 127/[11,7], [11,7]/127, 127/[17,2], [17,2]/127, 127/[17,3], [17,3]/127, 127/[17,5], [17,5]/127, 127/[17,7], [17,7]/127, [17,13]/127, 127/[17,13], [17,11]/127, 127/[17,11], 127/2₀, 2₀/127, 127/2₁, 2₁/127, 127/3₀, 3₀/127, 127/3₁, 3₁/127, 127/5₀, 5₀/127, 127/5₁, 5₁/127, 127/7₀, 7₀/127, 127/7₁, 7₁/127, 127/13₀, 13₀/127, 127/11₀, 11₀/127, 127/11₁, 11₁/127, 127/17₀, 17₀/127, 1/127, [17,17]/[[3,3],5], [[3,3],5]/[17,17], [[3,3],5]/4, 4/[[3,3],5], [[3,3],5]/[2,3], [2,3]/[[3,3],5], [[3,3],5]/[2,5], [2,5]/[[3,3],5], [[3,3],5]/[2,7], [2,7]/[[3,3],5], [[3,3],5]/[2,13], [2,13]/[[3,3],5], [[3,3],5]/[2,11], [2,11]/[[3,3],5], [[3,3],5]/[2,17], [2,17]/[[3,3],5], [[3,3],5]/[3,2], [3,2]/[[3,3],5], [[3,3],5]/[3,3], [3,3]/[[3,3],5], [[3,3],5]/[3,5], [3,5]/[[3,3],5], [[3,3],5]/[3,7], [3,7]/[[3,3],5], [[3,3],5]/[3,11], [3,11]/[[3,3],5], [3,17]/[[3,3],5], [[3,3],5]/[3,17], [5,17]/[[3,3],5], [[3,3],5]/[5,17], [7,17]/[[3,3],5], [[3,3],5]/[7,17], [13,17]/[[3,3],5], [[3,3],5]/[13,17], [11,17]/[[3,3],5], [[3,3],5]/[11,17], [[3,3],5]/2₀, 2₀/[[3,3],5], [[3,3],5]/2₁, 2₁/[[3,3],5], [[3,3],5]/3₀, 3₀/[[3,3],5], [[3,3],5]/3₁, 3₁/[[3,3],5], [[3,3],5]/5₁, 5₁/[[3,3],5], [[3,3],5]/7₁, 7₁/[[3,3],5], [[3,3],5]/13₁, 13₁/[[3,3],5], [[3,3],5]/11₁, 11₁/[[3,3],5], [[3,3],5]/17₁, 17₁/[[3,3],5], 1/[[3,3],5], [17,17]/73, 73/[17,17], 73/4, 4/73, 73/[2,3], [2,3]/73, 73/[2,5], [2,5]/73, 73/[2,7], [2,7]/73, 73/[2,13], [2,13]/73, 73/[2,11], [2,11]/73, 73/[2,17], [2,17]/73, 73/[3,2], [3,2]/73, 73/[3,3], [3,3]/73, 73/[3,5], [3,5]/73, 73/[3,7], [3,7]/73, 73/[3,13], [3,13]/73, 73/[3,11], [3,11]/73, 73/[5,2], [5,2]/73, 73/[5,3], [5,3]/73, 73/[5,5], [5,5]/73, 73/[5,7], [5,7]/73, 73/[5,13], [5,13]/73, 73/[5,11], [5,11]/73, [5,17]/73, 73/[5,17], [7,17]/73, 73/[7,17], [13,17]/73, 73/[13,17], [11,17]/73, 73/[11,17], 73/2₀, 2₀/73, 73/2₁, 2₁/73, 73/3₀, 3₀/73, 73/3₁, 3₁/73, 73/5₀, 5₀/73, 73/5₁, 5₁/73, 73/7₁, 7₁/73, 73/13₁, 13₁/73, 73/11₁, 11₁/73, 73/17₁, 17₁/73, 1/73, [17,17]/[37,3], [37,3]/[17,17], [37,3]/4, 4/[37,3], [37,3]/[2,3], [2,3]/[37,3], [37,3]/[2,5], [2,5]/[37,3], [37,3]/[2,7], [2,7]/[37,3], [37,3]/[2,13], [2,13]/[37,3], [37,3]/[2,11], [2,11]/[37,3], [37,3]/[2,17], [2,17]/[37,3], [37,3]/[3,2], [3,2]/[37,3], [37,3]/[3,3], [3,3]/[37,3], [37,3]/[3,5], [3,5]/[37,3], [37,3]/[3,7], [3,7]/[37,3], [37,3]/[5,2], [5,2]/[37,3], [37,3]/[5,3], [5,3]/[37,3], [37,3]/[5,5], [5,5]/[37,3], [37,3]/[5,7], [5,7]/[37,3], [37,3]/[7,2], [7,2]/[37,3], [37,3]/[7,3], [7,3]/[37,3], [37,3]/[7,5], [7,5]/[37,3], [37,3]/[7,7], [7,7]/[37,3], [37,3]/[13,2], [13,2]/[37,3], [37,3]/[13,3], [13,3]/[37,3], [37,3]/[13,5], [13,5]/[37,3], [37,3]/[13,7], [13,7]/[37,3], [13,17]/[37,3], [37,3]/[13,17], [37,3]/[11,2], [11,2]/[37,3], [37,3]/[11,3], [11,3]/[37,3], [37,3]/[11,5], [11,5]/[37,3], [37,3]/[11,7], [11,7]/[37,3], [37,3]/2₀, 2₀/[37,3], [37,3]/2₁, 2₁/[37,3], [37,3]/3₀, 3₀/[37,3], [37,3]/3₁, 3₁/[37,3], [37,3]/5₀, 5₀/[37,3], [37,3]/5₁, 5₁/[37,3], [37,3]/7₀, 7₀/[37,3], [37,3]/7₁, 7₁/[37,3], [37,3]/13₀, 13₀/[37,3], [37,3]/13₁, 13₁/[37,3], [37,3]/11₀, 11₀/[37,3], [37,3]/11₁, 11₁/[37,3], [37,3]/17₁, 17₁/[37,3], 1/[37,3], [17,17]/[59,3], [59,3]/[17,17], [59,3]/4, 4/[59,3], [59,3]/[2,3], [2,3]/[59,3], [59,3]/[2,5], [2,5]/[59,3], [59,3]/[2,7], [2,7]/[59,3], [59,3]/[2,13], [2,13]/[59,3], [59,3]/[2,11], [2,11]/[59,3], [59,3]/[2,17], [2,17]/[59,3], [59,3]/[3,2], [3,2]/[59,3], [59,3]/[3,3], [3,3]/[59,3], [59,3]/[3,5], [3,5]/[59,3], [59,3]/[3,7], [3,7]/[59,3], [59,3]/[3,13], [3,13]/[59,3], [59,3]/[3,11], [3,11]/[59,3], [59,3]/[5,2], [5,2]/[59,3], [59,3]/[5,3], [5,3]/[59,3], [59,3]/[5,5], [5,5]/[59,3], [59,3]/[5,7], [5,7]/[59,3], [59,3]/[5,13], [5,13]/[59,3], [59,3]/[5,11], [5,11]/[59,3], [59,3]/[7,2], [7,2]/[59,3], [59,3]/[7,3], [7,3]/[59,3], [59,3]/[7,5], [7,5]/[59,3], [59,3]/[7,7], [7,7]/[59,3], [59,3]/[7,13], [7,13]/[59,3], [59,3]/[7,11], [7,11]/[59,3], [59,3]/[13,2], [13,2]/[59,3], [59,3]/[13,3], [13,3]/[59,3], [59,3]/[13,5], [13,5]/[59,3], [59,3]/[13,7], [13,7]/[59,3], [59,3]/[13,13], [13,13]/[59,3], [59,3]/[13,11], [13,11]/[59,3], [13,17]/[59,3], [59,3]/[13,17], [59,3]/[11,2], [11,2]/[59,3], [59,3]/[11,3], [11,3]/[59,3], [59,3]/[11,5], [11,5]/[59,3], [59,3]/[11,7], [11,7]/[59,3], [59,3]/[11,13], [11,13]/[59,3], [59,3]/[11,11], [11,11]/[59,3], [59,3]/2₀, 2₀/[59,3], [59,3]/2₁, 2₁/[59,3], [59,3]/3₀, 3₀/[59,3], [59,3]/3₁, 3₁/[59,3], [59,3]/5₀, 5₀/[59,3], [59,3]/5₁, 5₁/[59,3], [59,3]/7₀, 7₀/[59,3], [59,3]/7₁, 7₁/[59,3], [59,3]/13₀, 13₀/[59,3], [59,3]/13₁, 13₁/[59,3], [59,3]/11₀, 11₀/[59,3], [59,3]/11₁, 11₁/[59,3], [59,3]/17₁, 17₁/[59,3], 1/[59,3], [17,17]/[31,5], [31,5]/[17,17], [31,5]/4, 4/[31,5], [31,5]/[2,3], [2,3]/[31,5], [31,5]/[2,5], [2,5]/[31,5], [31,5]/[2,7], [2,7]/[31,5], [31,5]/[2,13], [2,13]/[31,5], [31,5]/[2,11], [2,11]/[31,5], [31,5]/[2,17], [2,17]/[31,5], [31,5]/[3,2], [3,2]/[31,5], [31,5]/[3,3], [3,3]/[31,5], [31,5]/[3,5], [3,5]/[31,5], [31,5]/[3,7], [3,7]/[31,5], [31,5]/[3,11], [3,11]/[31,5], [31,5]/[5,2], [5,2]/[31,5], [31,5]/[5,3], [5,3]/[31,5], [31,5]/[5,5], [5,5]/[31,5], [31,5]/[5,7], [5,7]/[31,5], [31,5]/[5,11], [5,11]/[31,5], [31,5]/[7,2], [7,2]/[31,5], [31,5]/[7,3], [7,3]/[31,5], [31,5]/[7,5], [7,5]/[31,5], [31,5]/[7,7], [7,7]/[31,5], [31,5]/[7,11], [7,11]/[31,5], [31,5]/[13,2], [13,2]/[31,5], [31,5]/[13,3], [13,3]/[31,5], [31,5]/[13,5], [13,5]/[31,5], [31,5]/[13,7], [13,7]/[31,5], [31,5]/[13,11], [13,11]/[31,5], [13,17]/[31,5], [31,5]/[13,17], [31,5]/[11,2], [11,2]/[31,5], [31,5]/[11,3], [11,3]/[31,5], [31,5]/[11,5], [11,5]/[31,5], [31,5]/[11,7], [11,7]/[31,5], [31,5]/[11,11], [11,11]/[31,5], [31,5]/2₀, 2₀/[31,5], [31,5]/2₁, 2₁/[31,5], [31,5]/3₀, 3₀/[31,5], [31,5]/3₁, 3₁/[31,5], [31,5]/5₀, 5₀/[31,5], [31,5]/5₁, 5₁/[31,5], [31,5]/7₀, 7₀/[31,5], [31,5]/7₁, 7₁/[31,5], [31,5]/13₀, 13₀/[31,5], [31,5]/13₁, 13₁/[31,5], [31,5]/11₀, 11₀/[31,5], [31,5]/11₁, 11₁/[31,5], [31,5]/17₁, 17₁/[31,5], 1/[31,5], [17,17]/79, 79/[17,17], 79/4, 4/79, 79/[2,3], [2,3]/79, 79/[2,5], [2,5]/79, 79/[2,7], [2,7]/79, 79/[2,13], [2,13]/79, 79/[2,11], [2,11]/79, 79/[2,17], [2,17]/79, 79/[3,2], [3,2]/79, 79/[3,3], [3,3]/79, 79/[3,5], [3,5]/79, 79/[5,2], [5,2]/79, 79/[5,3], [5,3]/79, 79/[5,5], [5,5]/79, 79/[7,2], [7,2]/79, 79/[7,3], [7,3]/79, 79/[7,5], [7,5]/79, [13,17]/79, 79/[13,17], 79/[11,2], [11,2]/79, 79/[11,3], [11,3]/79, 79/[11,5], [11,5]/79, [11,17]/79, 79/[11,17], 79/2₀, 2₀/79, 79/2₁, 2₁/79, 79/3₀, 3₀/79, 79/3₁, 3₁/79, 79/5₀, 5₀/79, 79/5₁, 5₁/79, 79/7₀, 7₀/79, 79/7₁, 7₁/79, 79/13₁, 13₁/79, 79/11₀, 11₀/79, 79/11₁, 11₁/79, 79/17₁, 17₁/79, 1/79, [17,17]/151, 151/[17,17], 151/4, 4/151, 151/[2,3], [2,3]/151, 151/[2,5], [2,5]/151, 151/[2,7], [2,7]/151, 151/[2,13], [2,13]/151, 151/[2,11], [2,11]/151, 151/[2,17], [2,17]/151, 151/[3,2], [3,2]/151, 151/[3,3], [3,3]/151, 151/[3,5], [3,5]/151, 151/[3,7], [3,7]/151, 151/[3,13], [3,13]/151, 151/[3,11], [3,11]/151, 151/[5,2], [5,2]/151, 151/[5,3], [5,3]/151, 151/[5,5], [5,5]/151, 151/[5,7], [5,7]/151, 151/[5,13], [5,13]/151, 151/[5,11], [5,11]/151, 151/[7,2], [7,2]/151, 151/[7,3], [7,3]/151, 151/[7,5], [7,5]/151, 151/[7,7], [7,7]/151, 151/[7,13], [7,13]/151, 151/[7,11], [7,11]/151, [13,17]/151, 151/[13,17], 151/[11,2], [11,2]/151, 151/[11,3], [11,3]/151, 151/[11,5], [11,5]/151, 151/[11,7], [11,7]/151, 151/[11,13], [11,13]/151, 151/[11,11], [11,11]/151, [11,17]/151, 151/[11,17], 151/2₀, 2₀/151, 151/2₁, 2₁/151, 151/3₀, 3₀/151, 151/3₁, 3₁/151, 151/5₀, 5₀/151, 151/5₁, 5₁/151, 151/7₀, 7₀/151, 151/7₁, 7₁/151, 151/13₁, 13₁/151, 151/11₀, 11₀/151, 151/11₁, 11₁/151, 151/17₁, 17₁/151, 1/151, [17,17]/[7,19], [7,19]/[17,17], [7,19]/4, 4/[7,19], [7,19]/[2,3], [2,3]/[7,19], [7,19]/[2,5], [2,5]/[7,19], [7,19]/[2,7], [2,7]/[7,19], [7,19]/[2,13], [2,13]/[7,19], [7,19]/[2,11], [2,11]/[7,19], [7,19]/[2,17], [2,17]/[7,19], [7,19]/[3,2], [3,2]/[7,19], [7,19]/[3,3], [3,3]/[7,19], [7,19]/[3,5], [3,5]/[7,19], [7,19]/[3,7], [3,7]/[7,19], [7,19]/[3,11], [3,11]/[7,19], [7,19]/[5,2], [5,2]/[7,19], [7,19]/[5,3], [5,3]/[7,19], [7,19]/[5,5], [5,5]/[7,19], [7,19]/[5,7], [5,7]/[7,19], [7,19]/[5,11], [5,11]/[7,19], [7,19]/[7,2], [7,2]/[7,19], [7,19]/[7,3], [7,3]/[7,19], [7,19]/[7,5], [7,5]/[7,19], [7,19]/[7,7], [7,7]/[7,19], [7,19]/[7,11], [7,11]/[7,19], [13,17]/[7,19], [7,19]/[13,17], [7,19]/[11,2], [11,2]/[7,19], [7,19]/[11,3], [11,3]/[7,19], [7,19]/[11,5], [11,5]/[7,19], [7,19]/[11,7], [11,7]/[7,19], [7,19]/[11,11], [11,11]/[7,19], [11,17]/[7,19], [7,19]/[11,17], [7,19]/2₀, 2₀/[7,19], [7,19]/2₁, 2₁/[7,19], [7,19]/3₀, 3₀/[7,19], [7,19]/3₁, 3₁/[7,19], [7,19]/5₀, 5₀/[7,19], [7,19]/5₁, 5₁/[7,19], [7,19]/7₀, 7₀/[7,19], [7,19]/7₁, 7₁/[7,19], [7,19]/13₁, 13₁/[7,19], [7,19]/11₀, 11₀/[7,19], [7,19]/11₁, 11₁/[7,19], [7,19]/17₁, 17₁/[7,19], 1/[7,19], [17,17]/[[8,2],4], [[8,2],4]/[17,17], [[8,2],4]/4, 4/[[8,2],4], [[8,2],4]/[2,3], [2,3]/[[8,2],4], [[8,2],4]/[2,5], [2,5]/[[8,2],4], [[8,2],4]/[2,7], [2,7]/[[8,2],4], [[8,2],4]/[2,13], [2,13]/[[8,2],4], [[8,2],4]/[2,11], [2,11]/[[8,2],4], [[8,2],4]/[2,17], [2,17]/[[8,2],4], [[8,2],4]/[3,2], [3,2]/[[8,2],4], [[8,2],4]/[5,2], [5,2]/[[8,2],4], [[8,2],4]/[7,2], [7,2]/[[8,2],4], [[8,2],4]/[13,2], [13,2]/[[8,2],4], [[8,2],4]/[11,2], [11,2]/[[8,2],4], [[8,2],4]/[17,2], [17,2]/[[8,2],4], [[8,2],4]/2₀, 2₀/[[8,2],4], [[8,2],4]/2₁, 2₁/[[8,2],4], [[8,2],4]/3₀, 3₀/[[8,2],4], [[8,2],4]/3₁, 3₁/[[8,2],4], [[8,2],4]/5₀, 5₀/[[8,2],4], [[8,2],4]/5₁, 5₁/[[8,2],4], [[8,2],4]/7₀, 7₀/[[8,2],4], [[8,2],4]/7₁, 7₁/[[8,2],4], [[8,2],4]/13₀, 13₀/[[8,2],4], [[8,2],4]/13₁, 13₁/[[8,2],4], [[8,2],4]/11₀, 11₀/[[8,2],4], [[8,2],4]/11₁, 11₁/[[8,2],4], [[8,2],4]/17₀, 17₀/[[8,2],4], [[8,2],4]/17₁, 17₁/[[8,2],4], 1/[[8,2],4], [17,17]/109, 109/[17,17], 109/4, 4/109, 109/[2,3], [2,3]/109, 109/[2,5], [2,5]/109, 109/[2,7], [2,7]/109, 109/[2,13], [2,13]/109, 109/[2,11], [2,11]/109, 109/[2,17], [2,17]/109, 109/[3,2], [3,2]/109, 109/[3,3], [3,3]/109, 109/[3,5], [3,5]/109, 109/[5,2], [5,2]/109, 109/[5,3], [5,3]/109, 109/[5,5], [5,5]/109, 109/[7,2], [7,2]/109, 109/[7,3], [7,3]/109, 109/[7,5], [7,5]/109, 109/[13,2], [13,2]/109, 109/[13,3], [13,3]/109, 109/[13,5], [13,5]/109, 109/[11,2], [11,2]/109, 109/[11,3], [11,3]/109, 109/[11,5], [11,5]/109, 109/[17,2], [17,2]/109, 109/[17,3], [17,3]/109, 109/[17,5], [17,5]/109, 109/2₀, 2₀/109, 109/2₁, 2₁/109, 109/3₀, 3₀/109, 109/3₁, 3₁/109, 109/5₀, 5₀/109, 109/5₁, 5₁/109, 109/7₀, 7₀/109, 109/7₁, 7₁/109, 109/13₀, 13₀/109, 109/13₁, 13₁/109, 109/11₀, 11₀/109, 109/11₁, 11₁/109, 109/17₀, 17₀/109, 109/17₁, 17₁/109, 1/109, [17,17]/139, 139/[17,17], 139/4, 4/139, 139/[2,3], [2,3]/139, 139/[2,5], [2,5]/139, 139/[2,7], [2,7]/139, 139/[2,13], [2,13]/139, 139/[2,11], [2,11]/139, 139/[2,17], [2,17]/139, 139/[3,2], [3,2]/139, 139/[3,3], [3,3]/139, 139/[3,5], [3,5]/139, 139/[3,7], [3,7]/139, 139/[5,2], [5,2]/139, 139/[5,3], [5,3]/139, 139/[5,5], [5,5]/139, 139/[5,7], [5,7]/139, 139/[7,2], [7,2]/139, 139/[7,3], [7,3]/139, 139/[7,5], [7,5]/139, 139/[7,7], [7,7]/139, 139/[13,2], [13,2]/139, 139/[13,3], [13,3]/139, 139/[13,5], [13,5]/139, 139/[13,7], [13,7]/139, 139/[11,2], [11,2]/139, 139/[11,3], [11,3]/139, 139/[11,5], [11,5]/139, 139/[11,7], [11,7]/139, 139/[17,2], [17,2]/139, 139/[17,3], [17,3]/139, 139/[17,5], [17,5]/139, 139/[17,7], [17,7]/139, 139/2₀, 2₀/139, 139/2₁, 2₁/139, 139/3₀, 3₀/139, 139/3₁, 3₁/139, 139/5₀, 5₀/139, 139/5₁, 5₁/139, 139/7₀, 7₀/139, 139/7₁, 7₁/139, 139/13₀, 13₀/139, 139/13₁, 13₁/139, 139/11₀, 11₀/139, 139/11₁, 11₁/139, 139/17₀, 17₀/139, 139/17₁, 17₁/139, 1/139, [17,17]/229, 229/[17,17], 229/4, 4/229, 229/[2,3], [2,3]/229, 229/[2,5], [2,5]/229, 229/[2,7], [2,7]/229, 229/[2,13], [2,13]/229, 229/[2,11], [2,11]/229, 229/[2,17], [2,17]/229, 229/[3,2], [3,2]/229, 229/[3,3], [3,3]/229, 229/[3,5], [3,5]/229, 229/[3,7], [3,7]/229, 229/[3,13], [3,13]/229, 229/[3,11], [3,11]/229, 229/[5,2], [5,2]/229, 229/[5,3], [5,3]/229, 229/[5,5], [5,5]/229, 229/[5,7], [5,7]/229, 229/[5,13], [5,13]/229, 229/[5,11], [5,11]/229, 229/[7,2], [7,2]/229, 229/[7,3], [7,3]/229, 229/[7,5], [7,5]/229, 229/[7,7], [7,7]/229, 229/[7,13], [7,13]/229, 229/[7,11], [7,11]/229, 229/[13,2], [13,2]/229, 229/[13,3], [13,3]/229, 229/[13,5], [13,5]/229, 229/[13,7], [13,7]/229, 229/[13,13], [13,13]/229, 229/[13,11], [13,11]/229, 229/[11,2], [11,2]/229, 229/[11,3], [11,3]/229, 229/[11,5], [11,5]/229, 229/[11,7], [11,7]/229, 229/[11,13], [11,13]/229, 229/[11,11], [11,11]/229, 229/[17,2], [17,2]/229, 229/[17,3], [17,3]/229, 229/[17,5], [17,5]/229, 229/[17,7], [17,7]/229, 229/[17,13], [17,13]/229, 229/[17,11], [17,11]/229, 229/2₀, 2₀/229, 229/2₁, 2₁/229, 229/3₀, 3₀/229, 229/3₁, 3₁/229, 229/5₀, 5₀/229, 229/5₁, 5₁/229, 229/7₀, 7₀/229, 229/7₁, 7₁/229, 229/13₀, 13₀/229, 229/13₁, 13₁/229, 229/11₀, 11₀/229, 229/11₁, 11₁/229, 229/17₀, 17₀/229, 229/17₁, 17₁/229, 1/229, [17,17]/199, 199/[17,17], 199/4, 4/199, 199/[2,3], [2,3]/199, 199/[2,5], [2,5]/199, 199/[2,7], [2,7]/199, 199/[2,13], [2,13]/199, 199/[2,11], [2,11]/199, 199/[2,17], [2,17]/199, 199/[3,2], [3,2]/199, 199/[3,3], [3,3]/199, 199/[3,5], [3,5]/199, 199/[3,7], [3,7]/199, 199/[3,11], [3,11]/199, 199/[5,2], [5,2]/199, 199/[5,3], [5,3]/199, 199/[5,5], [5,5]/199, 199/[5,7], [5,7]/199, 199/[5,11], [5,11]/199, 199/[7,2], [7,2]/199, 199/[7,3], [7,3]/199, 199/[7,5], [7,5]/199, 199/[7,7], [7,7]/199, 199/[7,11], [7,11]/199, 199/[13,2], [13,2]/199, 199/[13,3], [13,3]/199, 199/[13,5], [13,5]/199, 199/[13,7], [13,7]/199, 199/[13,11], [13,11]/199, 199/[11,2], [11,2]/199, 199/[11,3], [11,3]/199, 199/[11,5], [11,5]/199, 199/[11,7], [11,7]/199, 199/[11,11], [11,11]/199, 199/[17,2], [17,2]/199, 199/[17,3], [17,3]/199, 199/[17,5], [17,5]/199, 199/[17,7], [17,7]/199, 199/[17,11], [17,11]/199, 199/2₀, 2₀/199, 199/2₁, 2₁/199, 199/3₀, 3₀/199, 199/3₁, 3₁/199, 199/5₀, 5₀/199, 199/5₁, 5₁/199, 199/7₀, 7₀/199, 199/7₁, 7₁/199, 199/13₀, 13₀/199, 199/13₁, 13₁/199, 199/11₀, 11₀/199, 199/11₁, 11₁/199, 199/17₀, 17₀/199, 199/17₁, 17₁/199, 1/199, [17,17]/[[3,3],7], [[3,3],7]/[17,17], [[3,3],7]/4, 4/[[3,3],7], [[3,3],7]/[2,3], [2,3]/[[3,3],7], [[3,3],7]/[2,5], [2,5]/[[3,3],7], [[3,3],7]/[2,7], [2,7]/[[3,3],7], [[3,3],7]/[3,2], [3,2]/[[3,3],7], [[3,3],7]/[3,3], [3,3]/[[3,3],7], [[3,3],7]/[3,5], [3,5]/[[3,3],7], [[3,3],7]/[3,7], [3,7]/[[3,3],7], [[3,3],7]/[5,2], [5,2]/[[3,3],7], [[3,3],7]/[5,3], [5,3]/[[3,3],7], [[3,3],7]/[7,2], [7,2]/[[3,3],7], [[3,3],7]/[7,3], [7,3]/[[3,3],7], [[3,3],7]/[13,2], [13,2]/[[3,3],7], [[3,3],7]/[13,3], [13,3]/[[3,3],7], [[3,3],7]/[11,2], [11,2]/[[3,3],7], [[3,3],7]/[11,3], [11,3]/[[3,3],7], [[3,3],7]/[17,2], [17,2]/[[3,3],7], [[3,3],7]/[17,3], [17,3]/[[3,3],7], [17,7]/[[3,3],7], [[3,3],7]/[17,7], [17,13]/[[3,3],7], [[3,3],7]/[17,13], [17,11]/[[3,3],7], [[3,3],7]/[17,11], [[3,3],7]/2₀, 2₀/[[3,3],7], [[3,3],7]/2₁, 2₁/[[3,3],7], [[3,3],7]/3₀, 3₀/[[3,3],7], [[3,3],7]/3₁, 3₁/[[3,3],7], [[3,3],7]/5₀, 5₀/[[3,3],7], [[3,3],7]/5₁, 5₁/[[3,3],7], [[3,3],7]/7₀, 7₀/[[3,3],7], [[3,3],7]/7₁, 7₁/[[3,3],7], [[3,3],7]/13₀, 13₀/[[3,3],7], [[3,3],7]/11₀, 11₀/[[3,3],7], [[3,3],7]/17₀, 17₀/[[3,3],7], 1/[[3,3],7], [17,17]/83, 83/[17,17], 83/4, 4/83, 83/[2,3], [2,3]/83, 83/[2,5], [2,5]/83, 83/[2,7], [2,7]/83, 83/[2,13], [2,13]/83, 83/[2,11], [2,11]/83, 83/[3,2], [3,2]/83, 83/[3,3], [3,3]/83, 83/[3,5], [3,5]/83, 83/[3,7], [3,7]/83, 83/[3,13], [3,13]/83, 83/[3,11], [3,11]/83, 83/[5,2], [5,2]/83, 83/[5,3], [5,3]/83, 83/[5,5], [5,5]/83, 83/[5,7], [5,7]/83, 83/[5,11], [5,11]/83, 83/[7,2], [7,2]/83, 83/[7,3], [7,3]/83, 83/[7,5], [7,5]/83, 83/[7,7], [7,7]/83, [7,13]/83, 83/[7,13], 83/[7,11], [7,11]/83, [7,17]/83, 83/[7,17], [13,13]/83, 83/[13,13], [13,17]/83, 83/[13,17], [11,13]/83, 83/[11,13], [11,17]/83, 83/[11,17], [17,13]/83, 83/[17,13], 83/2₀, 2₀/83, 83/2₁, 2₁/83, 83/3₀, 3₀/83, 83/3₁, 3₁/83, 83/5₀, 5₀/83, 83/5₁, 5₁/83, 83/7₀, 7₀/83, 83/7₁, 7₁/83, 83/13₁, 13₁/83, 83/11₁, 11₁/83, 1/83, [17,17]/149, 149/[17,17], 149/4, 4/149, 149/[2,3], [2,3]/149, 149/[2,5], [2,5]/149, 149/[2,7], [2,7]/149, 149/[2,13], [2,13]/149, 149/[2,11], [2,11]/149, 149/[3,2], [3,2]/149, 149/[3,3], [3,3]/149, 149/[3,5], [3,5]/149, 149/[3,7], [3,7]/149, 149/[3,13], [3,13]/149, 149/[3,11], [3,11]/149, 149/[5,2], [5,2]/149, 149/[5,3], [5,3]/149, 149/[5,5], [5,5]/149, 149/[5,7], [5,7]/149, 149/[5,11], [5,11]/149, 149/[7,2], [7,2]/149, 149/[7,3], [7,3]/149, 149/[7,5], [7,5]/149, 149/[7,7], [7,7]/149, 149/[7,11], [7,11]/149, 149/[13,2], [13,2]/149, 149/[13,3], [13,3]/149, 149/[13,5], [13,5]/149, 149/[13,7], [13,7]/149, [13,13]/149, 149/[13,13], 149/[13,11], [13,11]/149, [13,17]/149, 149/[13,17], 149/[11,2], [11,2]/149, 149/[11,3], [11,3]/149, 149/[11,5], [11,5]/149, 149/[11,7], [11,7]/149, 149/[11,11], [11,11]/149, [17,13]/149, 149/[17,13], 149/2₀, 2₀/149, 149/2₁, 2₁/149, 149/3₀, 3₀/149, 149/3₁, 3₁/149, 149/5₀, 5₀/149, 149/5₁, 5₁/149, 149/7₀, 7₀/149, 149/7₁, 7₁/149, 149/13₀, 13₀/149, 149/13₁, 13₁/149, 149/11₀, 11₀/149, 149/11₁, 11₁/149, 1/149, [17,17]/[5,19], [5,19]/[17,17], [5,19]/4, 4/[5,19], [5,19]/[2,3], [2,3]/[5,19], [5,19]/[2,5], [2,5]/[5,19], [5,19]/[2,7], [2,7]/[5,19], [5,19]/[2,13], [2,13]/[5,19], [5,19]/[2,11], [2,11]/[5,19], [5,19]/[3,2], [3,2]/[5,19], [5,19]/[3,3], [3,3]/[5,19], [5,19]/[3,5], [3,5]/[5,19], [5,19]/[3,7], [3,7]/[5,19], [5,19]/[3,13], [3,13]/[5,19], [5,19]/[3,11], [3,11]/[5,19], [5,19]/[5,2], [5,2]/[5,19], [5,19]/[5,3], [5,3]/[5,19], [5,19]/[5,5], [5,5]/[5,19], [5,19]/[5,7], [5,7]/[5,19], [5,19]/[7,2], [7,2]/[5,19], [5,19]/[7,3], [7,3]/[5,19], [5,19]/[7,5], [7,5]/[5,19], [5,19]/[7,7], [7,7]/[5,19], [13,13]/[5,19], [5,19]/[13,13], [13,17]/[5,19], [5,19]/[13,17], [5,19]/[11,2], [11,2]/[5,19], [5,19]/[11,3], [11,3]/[5,19], [5,19]/[11,5], [11,5]/[5,19], [5,19]/[11,7], [11,7]/[5,19], [11,13]/[5,19], [5,19]/[11,13], [11,17]/[5,19], [5,19]/[11,17], [17,13]/[5,19], [5,19]/[17,13], [5,19]/2₀, 2₀/[5,19], [5,19]/2₁, 2₁/[5,19], [5,19]/3₀, 3₀/[5,19], [5,19]/3₁, 3₁/[5,19], [5,19]/5₀, 5₀/[5,19], [5,19]/5₁, 5₁/[5,19], [5,19]/7₀, 7₀/[5,19], [5,19]/7₁, 7₁/[5,19], [5,19]/13₁, 13₁/[5,19], [5,19]/11₀, 11₀/[5,19], [5,19]/11₁, 11₁/[5,19], 1/[5,19], [17,17]/137, 137/[17,17], 137/4, 4/137, 137/[2,3], [2,3]/137, 137/[2,5], [2,5]/137, 137/[2,7], [2,7]/137, 137/[2,13], [2,13]/137, 137/[2,11], [2,11]/137, 137/[3,2], [3,2]/137, 137/[3,3], [3,3]/137, 137/[3,5], [3,5]/137, 137/[3,7], [3,7]/137, 137/[3,13], [3,13]/137, 137/[3,11], [3,11]/137, 137/[5,2], [5,2]/137, 137/[5,3], [5,3]/137, 137/[5,5], [5,5]/137, 137/[5,7], [5,7]/137, 137/[7,2], [7,2]/137, 137/[7,3], [7,3]/137, 137/[7,5], [7,5]/137, 137/[7,7], [7,7]/137, 137/[13,2], [13,2]/137, 137/[13,3], [13,3]/137, 137/[13,5], [13,5]/137, 137/[13,7], [13,7]/137, 137/[11,2], [11,2]/137, 137/[11,3], [11,3]/137, 137/[11,5], [11,5]/137, 137/[11,7], [11,7]/137, 137/[17,2], [17,2]/137, 137/[17,3], [17,3]/137, 137/[17,5], [17,5]/137, 137/[17,7], [17,7]/137, [17,13]/137, 137/[17,13], 137/2₀, 2₀/137, 137/2₁, 2₁/137, 137/3₀, 3₀/137, 137/3₁, 3₁/137, 137/5₀, 5₀/137, 137/5₁, 5₁/137, 137/7₀, 7₀/137, 137/7₁, 7₁/137, 137/13₀, 13₀/137, 137/13₁, 13₁/137, 137/11₀, 11₀/137, 137/11₁, 11₁/137, 137/17₀, 17₀/137, 1/137, [17,17]/193, 193/[17,17], 193/4, 4/193, 193/[2,3], [2,3]/193, 193/[2,5], [2,5]/193, 193/[2,7], [2,7]/193, 193/[2,13], [2,13]/193, 193/[2,11], [2,11]/193, 193/[3,2], [3,2]/193, 193/[3,3], [3,3]/193, 193/[3,5], [3,5]/193, 193/[3,7], [3,7]/193, 193/[3,13], [3,13]/193, 193/[3,11], [3,11]/193, 193/[5,2], [5,2]/193, 193/[5,3], [5,3]/193, 193/[5,5], [5,5]/193, 193/[5,7], [5,7]/193, 193/[5,11], [5,11]/193, 193/[7,2], [7,2]/193, 193/[7,3], [7,3]/193, 193/[7,5], [7,5]/193, 193/[7,7], [7,7]/193, 193/[7,11], [7,11]/193, 193/[13,2], [13,2]/193, 193/[13,3], [13,3]/193, 193/[13,5], [13,5]/193, 193/[13,7], [13,7]/193, 193/[13,11], [13,11]/193, 193/[11,2], [11,2]/193, 193/[11,3], [11,3]/193, 193/[11,5], [11,5]/193, 193/[11,7], [11,7]/193, 193/[11,11], [11,11]/193, 193/[17,2], [17,2]/193, 193/[17,3], [17,3]/193, 193/[17,5], [17,5]/193, 193/[17,7], [17,7]/193, [17,13]/193, 193/[17,13], 193/[17,11], [17,11]/193, 193/2₀, 2₀/193, 193/2₁, 2₁/193, 193/3₀, 3₀/193, 193/3₁, 3₁/193, 193/5₀, 5₀/193, 193/5₁, 5₁/193, 193/7₀, 7₀/193, 193/7₁, 7₁/193, 193/13₀, 13₀/193, 193/13₁, 13₁/193, 193/11₀, 11₀/193, 193/11₁, 11₁/193, 193/17₀, 17₀/193, 1/193, [17,17]/[[5,5],3], [[5,5],3]/[17,17], [[5,5],3]/4, 4/[[5,5],3], [[5,5],3]/[2,3], [2,3]/[[5,5],3], [[5,5],3]/[2,5], [2,5]/[[5,5],3], [[5,5],3]/[2,7], [2,7]/[[5,5],3], [[5,5],3]/[2,11], [2,11]/[[5,5],3], [[5,5],3]/[3,2], [3,2]/[[5,5],3], [[5,5],3]/[3,3], [3,3]/[[5,5],3], [[5,5],3]/[3,5], [3,5]/[[5,5],3], [[5,5],3]/[3,7], [3,7]/[[5,5],3], [[5,5],3]/[3,11], [3,11]/[[5,5],3], [[5,5],3]/[5,2], [5,2]/[[5,5],3], [[5,5],3]/[5,3], [5,3]/[[5,5],3], [[5,5],3]/[7,2], [7,2]/[[5,5],3], [[5,5],3]/[7,3], [7,3]/[[5,5],3], [[5,5],3]/[13,2], [13,2]/[[5,5],3], [[5,5],3]/[13,3], [13,3]/[[5,5],3], [[5,5],3]/[11,2], [11,2]/[[5,5],3], [[5,5],3]/[11,3], [11,3]/[[5,5],3], [[5,5],3]/[17,2], [17,2]/[[5,5],3], [[5,5],3]/[17,3], [17,3]/[[5,5],3], [17,13]/[[5,5],3], [[5,5],3]/[17,13], [17,11]/[[5,5],3], [[5,5],3]/[17,11], [[5,5],3]/2₀, 2₀/[[5,5],3], [[5,5],3]/2₁, 2₁/[[5,5],3], [[5,5],3]/3₀, 3₀/[[5,5],3], [[5,5],3]/3₁, 3₁/[[5,5],3], [[5,5],3]/5₀, 5₀/[[5,5],3], [[5,5],3]/5₁, 5₁/[[5,5],3], [[5,5],3]/7₀, 7₀/[[5,5],3], [[5,5],3]/7₁, 7₁/[[5,5],3], [[5,5],3]/13₀, 13₀/[[5,5],3], [[5,5],3]/11₀, 11₀/[[5,5],3], [[5,5],3]/11₁, 11₁/[[5,5],3], [[5,5],3]/17₀, 17₀/[[5,5],3], 1/[[5,5],3], [17,17]/181, 181/[17,17], 181/4, 4/181, 181/[2,3], [2,3]/181, 181/[2,5], [2,5]/181, 181/[2,7], [2,7]/181, 181/[2,13], [2,13]/181, 181/[2,11], [2,11]/181, 181/[2,17], [2,17]/181, 181/[3,2], [3,2]/181, 181/[3,3], [3,3]/181, 181/[3,5], [3,5]/181, 181/[3,7], [3,7]/181, 181/[3,13], [3,13]/181, 181/[3,11], [3,11]/181, 181/[3,17], [3,17]/181, 181/[5,2], [5,2]/181, 181/[5,3], [5,3]/181, 181/[5,5], [5,5]/181, 181/[5,7], [5,7]/181, 181/[5,13], [5,13]/181, 181/[5,11], [5,11]/181, 181/[7,2], [7,2]/181, 181/[7,3], [7,3]/181, 181/[7,5], [7,5]/181, 181/[7,7], [7,7]/181, 181/[7,13], [7,13]/181, 181/[7,11], [7,11]/181, 181/[13,2], [13,2]/181, 181/[13,3], [13,3]/181, 181/[13,5], [13,5]/181, 181/[13,7], [13,7]/181, 181/[13,13], [13,13]/181, 181/[13,11], [13,11]/181, [13,17]/181, 181/[13,17], 181/[11,2], [11,2]/181, 181/[11,3], [11,3]/181, 181/[11,5], [11,5]/181, 181/[11,7], [11,7]/181, 181/[11,13], [11,13]/181, 181/[11,11], [11,11]/181, 181/2₀, 2₀/181, 181/2₁, 2₁/181, 181/3₀, 3₀/181, 181/3₁, 3₁/181, 181/5₀, 5₀/181, 181/5₁, 5₁/181, 181/7₀, 7₀/181, 181/7₁, 7₁/181, 181/13₀, 13₀/181, 181/13₁, 13₁/181, 181/11₀, 11₀/181, 181/11₁, 11₁/181, 181/17₁, 17₁/181, 1/181, [17,17]/[23,7], [23,7]/[17,17], [23,7]/4, 4/[23,7], [23,7]/[2,3], [2,3]/[23,7], [23,7]/[2,5], [2,5]/[23,7], [23,7]/[2,7], [2,7]/[23,7], [23,7]/[2,13], [2,13]/[23,7], [23,7]/[2,11], [2,11]/[23,7], [23,7]/[2,17], [2,17]/[23,7], [23,7]/[3,2], [3,2]/[23,7], [23,7]/[3,3], [3,3]/[23,7], [23,7]/[3,5], [3,5]/[23,7], [23,7]/[3,7], [3,7]/[23,7], [23,7]/[3,13], [3,13]/[23,7], [23,7]/[3,11], [3,11]/[23,7], [23,7]/[3,17], [3,17]/[23,7], [23,7]/[5,2], [5,2]/[23,7], [23,7]/[5,3], [5,3]/[23,7], [23,7]/[5,5], [5,5]/[23,7], [23,7]/[5,7], [5,7]/[23,7], [23,7]/[5,11], [5,11]/[23,7], [23,7]/[7,2], [7,2]/[23,7], [23,7]/[7,3], [7,3]/[23,7], [23,7]/[7,5], [7,5]/[23,7], [23,7]/[7,7], [7,7]/[23,7], [23,7]/[7,11], [7,11]/[23,7], [23,7]/[13,2], [13,2]/[23,7], [23,7]/[13,3], [13,3]/[23,7], [23,7]/[13,5], [13,5]/[23,7], [23,7]/[13,7], [13,7]/[23,7], [23,7]/[13,11], [13,11]/[23,7], [13,17]/[23,7], [23,7]/[13,17], [23,7]/[11,2], [11,2]/[23,7], [23,7]/[11,3], [11,3]/[23,7], [23,7]/[11,5], [11,5]/[23,7], [23,7]/[11,7], [11,7]/[23,7], [23,7]/[11,11], [11,11]/[23,7], [23,7]/2₀, 2₀/[23,7], [23,7]/2₁, 2₁/[23,7], [23,7]/3₀, 3₀/[23,7], [23,7]/3₁, 3₁/[23,7], [23,7]/5₀, 5₀/[23,7], [23,7]/5₁, 5₁/[23,7], [23,7]/7₀, 7₀/[23,7], [23,7]/7₁, 7₁/[23,7], [23,7]/13₀, 13₀/[23,7], [23,7]/13₁, 13₁/[23,7], [23,7]/11₀, 11₀/[23,7], [23,7]/11₁, 11₁/[23,7], [23,7]/17₁, 17₁/[23,7], 1/[23,7], [17,17]/107, 107/[17,17], 107/4, 4/107, 107/[2,3], [2,3]/107, 107/[2,5], [2,5]/107, 107/[2,7], [2,7]/107, 107/[2,13], [2,13]/107, 107/[2,11], [2,11]/107, 107/[2,17], [2,17]/107, 107/[3,2], [3,2]/107, 107/[3,3], [3,3]/107, 107/[3,5], [3,5]/107, 107/[3,7], [3,7]/107, 107/[3,13], [3,13]/107, 107/[3,11], [3,11]/107, 107/[3,17], [3,17]/107, 107/[5,2], [5,2]/107, 107/[5,3], [5,3]/107, 107/[5,5], [5,5]/107, 107/[5,7], [5,7]/107, 107/[7,2], [7,2]/107, 107/[7,3], [7,3]/107, 107/[7,5], [7,5]/107, 107/[7,7], [7,7]/107, [13,17]/107, 107/[13,17], 107/[11,2], [11,2]/107, 107/[11,3], [11,3]/107, 107/[11,5], [11,5]/107, 107/[11,7], [11,7]/107, [11,17]/107, 107/[11,17], 107/2₀, 2₀/107, 107/2₁, 2₁/107, 107/3₀, 3₀/107, 107/3₁, 3₁/107, 107/5₀, 5₀/107, 107/5₁, 5₁/107, 107/7₀, 7₀/107, 107/7₁, 7₁/107, 107/13₁, 13₁/107, 107/11₀, 11₀/107, 107/11₁, 11₁/107, 107/17₁, 17₁/107, 1/107, [17,17]/[31,3], [31,3]/[17,17], [31,3]/4, 4/[31,3], [31,3]/[2,3], [2,3]/[31,3], [31,3]/[2,5], [2,5]/[31,3], [31,3]/[2,7], [2,7]/[31,3], [31,3]/[2,13], [2,13]/[31,3], [31,3]/[2,11], [2,11]/[31,3], [31,3]/[2,17], [2,17]/[31,3], [31,3]/[3,2], [3,2]/[31,3], [31,3]/[3,3], [3,3]/[31,3], [31,3]/[3,5], [3,5]/[31,3], [31,3]/[3,7], [3,7]/[31,3], [31,3]/[3,13], [3,13]/[31,3], [31,3]/[3,11], [3,11]/[31,3], [31,3]/[3,17], [3,17]/[31,3], [31,3]/[5,2], [5,2]/[31,3], [31,3]/[5,3], [5,3]/[31,3], [31,3]/[7,2], [7,2]/[31,3], [31,3]/[7,3], [7,3]/[31,3], [31,3]/[13,2], [13,2]/[31,3], [31,3]/[13,3], [13,3]/[31,3], [31,3]/[11,2], [11,2]/[31,3], [31,3]/[11,3], [11,3]/[31,3], [31,3]/[17,2], [17,2]/[31,3], [31,3]/[17,3], [17,3]/[31,3], [31,3]/2₀, 2₀/[31,3], [31,3]/2₁, 2₁/[31,3], [31,3]/3₀, 3₀/[31,3], [31,3]/3₁, 3₁/[31,3], [31,3]/5₀, 5₀/[31,3], [31,3]/5₁, 5₁/[31,3], [31,3]/7₀, 7₀/[31,3], [31,3]/7₁, 7₁/[31,3], [31,3]/13₀, 13₀/[31,3], [31,3]/13₁, 13₁/[31,3], [31,3]/11₀, 11₀/[31,3], [31,3]/11₁, 11₁/[31,3], [31,3]/17₀, 17₀/[31,3], [31,3]/17₁, 17₁/[31,3], 1/[31,3], [17,17]/233, 233/[17,17], 233/4, 4/233, 233/[2,3], [2,3]/233, 233/[2,5], [2,5]/233, 233/[2,7], [2,7]/233, 233/[2,13], [2,13]/233, 233/[2,11], [2,11]/233, 233/[2,17], [2,17]/233, 233/[3,2], [3,2]/233, 233/[3,3], [3,3]/233, 233/[3,5], [3,5]/233, 233/[3,7], [3,7]/233, 233/[3,13], [3,13]/233, 233/[3,11], [3,11]/233, 233/[3,17], [3,17]/233, 233/[5,2], [5,2]/233, 233/[5,3], [5,3]/233, 233/[5,5], [5,5]/233, 233/[5,7], [5,7]/233, 233/[5,13], [5,13]/233, 233/[5,11], [5,11]/233, 233/[7,2], [7,2]/233, 233/[7,3], [7,3]/233, 233/[7,5], [7,5]/233, 233/[7,7], [7,7]/233, 233/[7,13], [7,13]/233, 233/[7,11], [7,11]/233, 233/[13,2], [13,2]/233, 233/[13,3], [13,3]/233, 233/[13,5], [13,5]/233, 233/[13,7], [13,7]/233, 233/[13,13], [13,13]/233, 233/[13,11], [13,11]/233, 233/[11,2], [11,2]/233, 233/[11,3], [11,3]/233, 233/[11,5], [11,5]/233, 233/[11,7], [11,7]/233, 233/[11,13], [11,13]/233, 233/[11,11], [11,11]/233, 233/[17,2], [17,2]/233, 233/[17,3], [17,3]/233, 233/[17,5], [17,5]/233, 233/[17,7], [17,7]/233, 233/[17,13], [17,13]/233, 233/[17,11], [17,11]/233, 233/2₀, 2₀/233, 233/2₁, 2₁/233, 233/3₀, 3₀/233, 233/3₁, 3₁/233, 233/5₀, 5₀/233, 233/5₁, 5₁/233, 233/7₀, 7₀/233, 233/7₁, 7₁/233, 233/13₀, 13₀/233, 233/13₁, 13₁/233, 233/11₀, 11₀/233, 233/11₁, 11₁/233, 233/17₀, 17₀/233, 233/17₁, 17₁/233, 1/233, [17,17]/[41,5], [41,5]/[17,17], [41,5]/4, 4/[41,5], [41,5]/[2,3], [2,3]/[41,5], [41,5]/[2,5], [2,5]/[41,5], [41,5]/[2,7], [2,7]/[41,5], [41,5]/[2,13], [2,13]/[41,5], [41,5]/[2,11], [2,11]/[41,5], [41,5]/[2,17], [2,17]/[41,5], [41,5]/[3,2], [3,2]/[41,5], [41,5]/[3,3], [3,3]/[41,5], [41,5]/[3,5], [3,5]/[41,5], [41,5]/[3,7], [3,7]/[41,5], [41,5]/[3,13], [3,13]/[41,5], [41,5]/[3,11], [3,11]/[41,5], [41,5]/[3,17], [3,17]/[41,5], [41,5]/[5,2], [5,2]/[41,5], [41,5]/[5,3], [5,3]/[41,5], [41,5]/[5,5], [5,5]/[41,5], [41,5]/[5,7], [5,7]/[41,5], [41,5]/[5,11], [5,11]/[41,5], [41,5]/[7,2], [7,2]/[41,5], [41,5]/[7,3], [7,3]/[41,5], [41,5]/[7,5], [7,5]/[41,5], [41,5]/[7,7], [7,7]/[41,5], [41,5]/[7,11], [7,11]/[41,5], [41,5]/[13,2], [13,2]/[41,5], [41,5]/[13,3], [13,3]/[41,5], [41,5]/[13,5], [13,5]/[41,5], [41,5]/[13,7], [13,7]/[41,5], [41,5]/[13,11], [13,11]/[41,5], [41,5]/[11,2], [11,2]/[41,5], [41,5]/[11,3], [11,3]/[41,5], [41,5]/[11,5], [11,5]/[41,5], [41,5]/[11,7], [11,7]/[41,5], [41,5]/[11,11], [11,11]/[41,5], [41,5]/[17,2], [17,2]/[41,5], [41,5]/[17,3], [17,3]/[41,5], [41,5]/[17,5], [17,5]/[41,5], [41,5]/[17,7], [17,7]/[41,5], [41,5]/[17,11], [17,11]/[41,5], [41,5]/2₀, 2₀/[41,5], [41,5]/2₁, 2₁/[41,5], [41,5]/3₀, 3₀/[41,5], [41,5]/3₁, 3₁/[41,5], [41,5]/5₀, 5₀/[41,5], [41,5]/5₁, 5₁/[41,5], [41,5]/7₀, 7₀/[41,5], [41,5]/7₁, 7₁/[41,5], [41,5]/13₀, 13₀/[41,5], [41,5]/13₁, 13₁/[41,5], [41,5]/11₀, 11₀/[41,5], [41,5]/11₁, 11₁/[41,5], [41,5]/17₀, 17₀/[41,5], [41,5]/17₁, 17₁/[41,5], 1/[41,5], [17,17]/[29,3], [29,3]/[17,17], [29,3]/4, 4/[29,3], [29,3]/[2,3], [2,3]/[29,3], [29,3]/[2,5], [2,5]/[29,3], [29,3]/[2,7], [2,7]/[29,3], [29,3]/[2,13], [2,13]/[29,3], [29,3]/[2,11], [2,11]/[29,3], [29,3]/[3,2], [3,2]/[29,3], [29,3]/[3,3], [3,3]/[29,3], [29,3]/[3,5], [3,5]/[29,3], [29,3]/[3,7], [3,7]/[29,3], [29,3]/[3,13], [3,13]/[29,3], [29,3]/[3,11], [3,11]/[29,3], [29,3]/[5,2], [5,2]/[29,3], [29,3]/[5,3], [5,3]/[29,3], [29,3]/[5,5], [5,5]/[29,3], [29,3]/[5,7], [5,7]/[29,3], [29,3]/[5,13], [5,13]/[29,3], [29,3]/[5,11], [5,11]/[29,3], [29,3]/[7,2], [7,2]/[29,3], [29,3]/[7,3], [7,3]/[29,3], [29,3]/[7,5], [7,5]/[29,3], [29,3]/[7,7], [7,7]/[29,3], [7,13]/[29,3], [29,3]/[7,13], [29,3]/[7,11], [7,11]/[29,3], [7,17]/[29,3], [29,3]/[7,17], [13,13]/[29,3], [29,3]/[13,13], [13,17]/[29,3], [29,3]/[13,17], [11,13]/[29,3], [29,3]/[11,13], [11,17]/[29,3], [29,3]/[11,17], [17,13]/[29,3], [29,3]/[17,13], [29,3]/2₀, 2₀/[29,3], [29,3]/2₁, 2₁/[29,3], [29,3]/3₀, 3₀/[29,3], [29,3]/3₁, 3₁/[29,3], [29,3]/5₀, 5₀/[29,3], [29,3]/5₁, 5₁/[29,3], [29,3]/7₀, 7₀/[29,3], [29,3]/7₁, 7₁/[29,3], [29,3]/13₁, 13₁/[29,3], [29,3]/11₁, 11₁/[29,3], 1/[29,3], [17,17]/[[3,5],7], [[3,5],7]/[17,17], [[3,5],7]/4, 4/[[3,5],7], [[3,5],7]/[2,3], [2,3]/[[3,5],7], [[3,5],7]/[2,5], [2,5]/[[3,5],7], [[3,5],7]/[2,7], [2,7]/[[3,5],7], [[3,5],7]/[2,13], [2,13]/[[3,5],7], [[3,5],7]/[2,11], [2,11]/[[3,5],7], [[3,5],7]/[3,2], [3,2]/[[3,5],7], [[3,5],7]/[3,3], [3,3]/[[3,5],7], [[3,5],7]/[3,5], [3,5]/[[3,5],7], [[3,5],7]/[3,7], [3,7]/[[3,5],7], [[3,5],7]/[3,13], [3,13]/[[3,5],7], [[3,5],7]/[3,11], [3,11]/[[3,5],7], [[3,5],7]/[5,2], [5,2]/[[3,5],7], [[3,5],7]/[5,3], [5,3]/[[3,5],7], [[3,5],7]/[5,5], [5,5]/[[3,5],7], [[3,5],7]/[5,7], [5,7]/[[3,5],7], [[3,5],7]/[5,13], [5,13]/[[3,5],7], [[3,5],7]/[5,11], [5,11]/[[3,5],7], [[3,5],7]/[7,2], [7,2]/[[3,5],7], [[3,5],7]/[7,3], [7,3]/[[3,5],7], [[3,5],7]/[7,5], [7,5]/[[3,5],7], [[3,5],7]/[13,2], [13,2]/[[3,5],7], [[3,5],7]/[13,3], [13,3]/[[3,5],7], [[3,5],7]/[13,5], [13,5]/[[3,5],7], [13,13]/[[3,5],7], [[3,5],7]/[13,13], [13,17]/[[3,5],7], [[3,5],7]/[13,17], [[3,5],7]/[11,2], [11,2]/[[3,5],7], [[3,5],7]/[11,3], [11,3]/[[3,5],7], [[3,5],7]/[11,5], [11,5]/[[3,5],7], [17,13]/[[3,5],7], [[3,5],7]/[17,13], [[3,5],7]/2₀, 2₀/[[3,5],7], [[3,5],7]/2₁, 2₁/[[3,5],7], [[3,5],7]/3₀, 3₀/[[3,5],7], [[3,5],7]/3₁, 3₁/[[3,5],7], [[3,5],7]/5₀, 5₀/[[3,5],7], [[3,5],7]/5₁, 5₁/[[3,5],7], [[3,5],7]/7₀, 7₀/[[3,5],7], [[3,5],7]/7₁, 7₁/[[3,5],7], [[3,5],7]/13₀, 13₀/[[3,5],7], [[3,5],7]/13₁, 13₁/[[3,5],7], [[3,5],7]/11₀, 11₀/[[3,5],7], [[3,5],7]/11₁, 11₁/[[3,5],7], 1/[[3,5],7], [17,17]/[17,[3,3]], [17,[3,3]]/[17,17], [17,[3,3]]/4, 4/[17,[3,3]], [17,[3,3]]/[2,3], [2,3]/[17,[3,3]], [17,[3,3]]/[2,5], [2,5]/[17,[3,3]], [17,[3,3]]/[2,7], [2,7]/[17,[3,3]], [17,[3,3]]/[2,13], [2,13]/[17,[3,3]], [17,[3,3]]/[2,11], [2,11]/[17,[3,3]], [17,[3,3]]/[3,2], [3,2]/[17,[3,3]], [17,[3,3]]/[3,3], [3,3]/[17,[3,3]], [17,[3,3]]/[3,5], [3,5]/[17,[3,3]], [17,[3,3]]/[3,7], [3,7]/[17,[3,3]], [17,[3,3]]/[3,13], [3,13]/[17,[3,3]], [17,[3,3]]/[3,11], [3,11]/[17,[3,3]], [17,[3,3]]/[5,2], [5,2]/[17,[3,3]], [17,[3,3]]/[5,3], [5,3]/[17,[3,3]], [17,[3,3]]/[5,5], [5,5]/[17,[3,3]], [17,[3,3]]/[5,7], [5,7]/[17,[3,3]], [17,[3,3]]/[5,13], [5,13]/[17,[3,3]], [17,[3,3]]/[5,11], [5,11]/[17,[3,3]], [17,[3,3]]/[7,2], [7,2]/[17,[3,3]], [17,[3,3]]/[7,3], [7,3]/[17,[3,3]], [17,[3,3]]/[7,5], [7,5]/[17,[3,3]], [17,[3,3]]/[7,7], [7,7]/[17,[3,3]], [17,[3,3]]/[7,11], [7,11]/[17,[3,3]], [17,[3,3]]/[13,2], [13,2]/[17,[3,3]], [17,[3,3]]/[13,3], [13,3]/[17,[3,3]], [17,[3,3]]/[13,5], [13,5]/[17,[3,3]], [17,[3,3]]/[13,7], [13,7]/[17,[3,3]], [13,13]/[17,[3,3]], [17,[3,3]]/[13,13], [17,[3,3]]/[13,11], [13,11]/[17,[3,3]], [13,17]/[17,[3,3]], [17,[3,3]]/[13,17], [17,[3,3]]/[11,2], [11,2]/[17,[3,3]], [17,[3,3]]/[11,3], [11,3]/[17,[3,3]], [17,[3,3]]/[11,5], [11,5]/[17,[3,3]], [17,[3,3]]/[11,7], [11,7]/[17,[3,3]], [17,[3,3]]/[11,11], [11,11]/[17,[3,3]], [17,13]/[17,[3,3]], [17,[3,3]]/[17,13], [17,[3,3]]/2₀, 2₀/[17,[3,3]], [17,[3,3]]/2₁, 2₁/[17,[3,3]], [17,[3,3]]/3₀, 3₀/[17,[3,3]], [17,[3,3]]/3₁, 3₁/[17,[3,3]], [17,[3,3]]/5₀, 5₀/[17,[3,3]], [17,[3,3]]/5₁, 5₁/[17,[3,3]], [17,[3,3]]/7₀, 7₀/[17,[3,3]], [17,[3,3]]/7₁, 7₁/[17,[3,3]], [17,[3,3]]/13₀, 13₀/[17,[3,3]], [17,[3,3]]/13₁, 13₁/[17,[3,3]], [17,[3,3]]/11₀, 11₀/[17,[3,3]], [17,[3,3]]/11₁, 11₁/[17,[3,3]], 1/[17,[3,3]], [17,17]/197, 197/[17,17], 197/4, 4/197, 197/[2,3], [2,3]/197, 197/[2,5], [2,5]/197, 197/[2,7], [2,7]/197, 197/[2,13], [2,13]/197, 197/[2,11], [2,11]/197, 197/[3,2], [3,2]/197, 197/[3,3], [3,3]/197, 197/[3,5], [3,5]/197, 197/[3,7], [3,7]/197, 197/[3,13], [3,13]/197, 197/[3,11], [3,11]/197, 197/[5,2], [5,2]/197, 197/[5,3], [5,3]/197, 197/[5,5], [5,5]/197, 197/[5,7], [5,7]/197, 197/[5,13], [5,13]/197, 197/[5,11], [5,11]/197, 197/[7,2], [7,2]/197, 197/[7,3], [7,3]/197, 197/[7,5], [7,5]/197, 197/[7,7], [7,7]/197, 197/[7,11], [7,11]/197, 197/[13,2], [13,2]/197, 197/[13,3], [13,3]/197, 197/[13,5], [13,5]/197, 197/[13,7], [13,7]/197, 197/[13,11], [13,11]/197, 197/[11,2], [11,2]/197, 197/[11,3], [11,3]/197, 197/[11,5], [11,5]/197, 197/[11,7], [11,7]/197, 197/[11,11], [11,11]/197, 197/[17,2], [17,2]/197, 197/[17,3], [17,3]/197, 197/[17,5], [17,5]/197, 197/[17,7], [17,7]/197, [17,13]/197, 197/[17,13], 197/[17,11], [17,11]/197, 197/2₀, 2₀/197, 197/2₁, 2₁/197, 197/3₀, 3₀/197, 197/3₁, 3₁/197, 197/5₀, 5₀/197, 197/5₁, 5₁/197, 197/7₀, 7₀/197, 197/7₁, 7₁/197, 197/13₀, 13₀/197, 197/13₁, 13₁/197, 197/11₀, 11₀/197, 197/11₁, 11₁/197, 197/17₀, 17₀/197, 1/197, [17,17]/[23,5], [23,5]/[17,17], [23,5]/4, 4/[23,5], [23,5]/[2,3], [2,3]/[23,5], [23,5]/[2,5], [2,5]/[23,5], [23,5]/[2,7], [2,7]/[23,5], [23,5]/[2,11], [2,11]/[23,5], [23,5]/[3,2], [3,2]/[23,5], [23,5]/[3,3], [3,3]/[23,5], [23,5]/[3,5], [3,5]/[23,5], [23,5]/[3,7], [3,7]/[23,5], [23,5]/[3,11], [3,11]/[23,5], [23,5]/[5,2], [5,2]/[23,5], [23,5]/[5,3], [5,3]/[23,5], [23,5]/[5,5], [5,5]/[23,5], [23,5]/[5,7], [5,7]/[23,5], [23,5]/[5,11], [5,11]/[23,5], [23,5]/[7,2], [7,2]/[23,5], [23,5]/[7,3], [7,3]/[23,5], [23,5]/[7,5], [7,5]/[23,5], [23,5]/[13,2], [13,2]/[23,5], [23,5]/[13,3], [13,3]/[23,5], [23,5]/[13,5], [13,5]/[23,5], [23,5]/[11,2], [11,2]/[23,5], [23,5]/[11,3], [11,3]/[23,5], [23,5]/[11,5], [11,5]/[23,5], [23,5]/[17,2], [17,2]/[23,5], [23,5]/[17,3], [17,3]/[23,5], [23,5]/[17,5], [17,5]/[23,5], [17,13]/[23,5], [23,5]/[17,13], [17,11]/[23,5], [23,5]/[17,11], [23,5]/2₀, 2₀/[23,5], [23,5]/2₁, 2₁/[23,5], [23,5]/3₀, 3₀/[23,5], [23,5]/3₁, 3₁/[23,5], [23,5]/5₀, 5₀/[23,5], [23,5]/5₁, 5₁/[23,5], [23,5]/7₀, 7₀/[23,5], [23,5]/7₁, 7₁/[23,5], [23,5]/13₀, 13₀/[23,5], [23,5]/11₀, 11₀/[23,5], [23,5]/11₁, 11₁/[23,5], [23,5]/17₀, 17₀/[23,5], 1/[23,5], [17,17]/[47,3], [47,3]/[17,17], [47,3]/4, 4/[47,3], [47,3]/[2,3], [2,3]/[47,3], [47,3]/[2,5], [2,5]/[47,3], [47,3]/[2,7], [2,7]/[47,3], [47,3]/[2,13], [2,13]/[47,3], [47,3]/[2,11], [2,11]/[47,3], [47,3]/[2,17], [2,17]/[47,3], [47,3]/[3,2], [3,2]/[47,3], [47,3]/[3,3], [3,3]/[47,3], [47,3]/[3,5], [3,5]/[47,3], [47,3]/[3,7], [3,7]/[47,3], [47,3]/[3,13], [3,13]/[47,3], [47,3]/[3,11], [3,11]/[47,3], [47,3]/[3,17], [3,17]/[47,3], [47,3]/[5,2], [5,2]/[47,3], [47,3]/[5,3], [5,3]/[47,3], [47,3]/[5,5], [5,5]/[47,3], [47,3]/[5,7], [5,7]/[47,3], [47,3]/[5,13], [5,13]/[47,3], [47,3]/[5,11], [5,11]/[47,3], [47,3]/[5,17], [5,17]/[47,3], [47,3]/[7,2], [7,2]/[47,3], [47,3]/[7,3], [7,3]/[47,3], [47,3]/[7,5], [7,5]/[47,3], [47,3]/[7,7], [7,7]/[47,3], [47,3]/[13,2], [13,2]/[47,3], [47,3]/[13,3], [13,3]/[47,3], [47,3]/[13,5], [13,5]/[47,3], [47,3]/[13,7], [13,7]/[47,3], [13,17]/[47,3], [47,3]/[13,17], [47,3]/[11,2], [11,2]/[47,3], [47,3]/[11,3], [11,3]/[47,3], [47,3]/[11,5], [11,5]/[47,3], [47,3]/[11,7], [11,7]/[47,3], [47,3]/2₀, 2₀/[47,3], [47,3]/2₁, 2₁/[47,3], [47,3]/3₀, 3₀/[47,3], [47,3]/3₁, 3₁/[47,3], [47,3]/5₀, 5₀/[47,3], [47,3]/5₁, 5₁/[47,3], [47,3]/7₀, 7₀/[47,3], [47,3]/7₁, 7₁/[47,3], [47,3]/13₀, 13₀/[47,3], [47,3]/13₁, 13₁/[47,3], [47,3]/11₀, 11₀/[47,3], [47,3]/11₁, 11₁/[47,3], [47,3]/17₁, 17₁/[47,3], 1/[47,3], [17,17]/[[3,7],[3,3]], [[3,7],[3,3]]/[17,17], [[3,7],[3,3]]/4, 4/[[3,7],[3,3]], [[3,7],[3,3]]/[2,3], [2,3]/[[3,7],[3,3]], [[3,7],[3,3]]/[2,5], [2,5]/[[3,7],[3,3]], [[3,7],[3,3]]/[2,7], [2,7]/[[3,7],[3,3]], [[3,7],[3,3]]/[2,13], [2,13]/[[3,7],[3,3]], [[3,7],[3,3]]/[2,11], [2,11]/[[3,7],[3,3]], [[3,7],[3,3]]/[2,17], [2,17]/[[3,7],[3,3]], [[3,7],[3,3]]/[3,2], [3,2]/[[3,7],[3,3]], [[3,7],[3,3]]/[3,3], [3,3]/[[3,7],[3,3]], [[3,7],[3,3]]/[3,5], [3,5]/[[3,7],[3,3]], [[3,7],[3,3]]/[3,7], [3,7]/[[3,7],[3,3]], [[3,7],[3,3]]/[3,13], [3,13]/[[3,7],[3,3]], [[3,7],[3,3]]/[3,11], [3,11]/[[3,7],[3,3]], [[3,7],[3,3]]/[3,17], [3,17]/[[3,7],[3,3]], [[3,7],[3,3]]/[5,2], [5,2]/[[3,7],[3,3]], [[3,7],[3,3]]/[5,3], [5,3]/[[3,7],[3,3]], [[3,7],[3,3]]/[5,5], [5,5]/[[3,7],[3,3]], [[3,7],[3,3]]/[5,7], [5,7]/[[3,7],[3,3]], [[3,7],[3,3]]/[5,13], [5,13]/[[3,7],[3,3]], [[3,7],[3,3]]/[5,11], [5,11]/[[3,7],[3,3]], [[3,7],[3,3]]/[5,17], [5,17]/[[3,7],[3,3]], [[3,7],[3,3]]/[7,2], [7,2]/[[3,7],[3,3]], [[3,7],[3,3]]/[7,3], [7,3]/[[3,7],[3,3]], [[3,7],[3,3]]/[7,5], [7,5]/[[3,7],[3,3]], [[3,7],[3,3]]/[7,7], [7,7]/[[3,7],[3,3]], [[3,7],[3,3]]/[7,13], [7,13]/[[3,7],[3,3]], [[3,7],[3,3]]/[7,11], [7,11]/[[3,7],[3,3]], [[3,7],[3,3]]/[13,2], [13,2]/[[3,7],[3,3]], [[3,7],[3,3]]/[13,3], [13,3]/[[3,7],[3,3]], [[3,7],[3,3]]/[13,5], [13,5]/[[3,7],[3,3]], [[3,7],[3,3]]/[13,7], [13,7]/[[3,7],[3,3]], [[3,7],[3,3]]/[13,13], [13,13]/[[3,7],[3,3]], [[3,7],[3,3]]/[13,11], [13,11]/[[3,7],[3,3]], [13,17]/[[3,7],[3,3]], [[3,7],[3,3]]/[13,17], [[3,7],[3,3]]/[11,2], [11,2]/[[3,7],[3,3]], [[3,7],[3,3]]/[11,3], [11,3]/[[3,7],[3,3]], [[3,7],[3,3]]/[11,5], [11,5]/[[3,7],[3,3]], [[3,7],[3,3]]/[11,7], [11,7]/[[3,7],[3,3]], [[3,7],[3,3]]/[11,13], [11,13]/[[3,7],[3,3]], [[3,7],[3,3]]/[11,11], [11,11]/[[3,7],[3,3]], [[3,7],[3,3]]/2₀, 2₀/[[3,7],[3,3]], [[3,7],[3,3]]/2₁, 2₁/[[3,7],[3,3]], [[3,7],[3,3]]/3₀, 3₀/[[3,7],[3,3]], [[3,7],[3,3]]/3₁, 3₁/[[3,7],[3,3]], [[3,7],[3,3]]/5₀, 5₀/[[3,7],[3,3]], [[3,7],[3,3]]/5₁, 5₁/[[3,7],[3,3]], [[3,7],[3,3]]/7₀, 7₀/[[3,7],[3,3]], [[3,7],[3,3]]/7₁, 7₁/[[3,7],[3,3]], [[3,7],[3,3]]/13₀, 13₀/[[3,7],[3,3]], [[3,7],[3,3]]/13₁, 13₁/[[3,7],[3,3]], [[3,7],[3,3]]/11₀, 11₀/[[3,7],[3,3]], [[3,7],[3,3]]/11₁, 11₁/[[3,7],[3,3]], [[3,7],[3,3]]/17₁, 17₁/[[3,7],[3,3]], 1/[[3,7],[3,3]], [17,17]/173, 173/[17,17], 173/4, 4/173, 173/[2,3], [2,3]/173, 173/[2,5], [2,5]/173, 173/[2,7], [2,7]/173, 173/[2,13], [2,13]/173, 173/[2,11], [2,11]/173, 173/[2,17], [2,17]/173, 173/[3,2], [3,2]/173, 173/[3,3], [3,3]/173, 173/[3,5], [3,5]/173, 173/[3,7], [3,7]/173, 173/[3,13], [3,13]/173, 173/[3,11], [3,11]/173, 173/[3,17], [3,17]/173, 173/[5,2], [5,2]/173, 173/[5,3], [5,3]/173, 173/[5,5], [5,5]/173, 173/[5,7], [5,7]/173, 173/[5,13], [5,13]/173, 173/[5,11], [5,11]/173, 173/[5,17], [5,17]/173, 173/[7,2], [7,2]/173, 173/[7,3], [7,3]/173, 173/[7,5], [7,5]/173, 173/[7,7], [7,7]/173, 173/[7,11], [7,11]/173, 173/[13,2], [13,2]/173, 173/[13,3], [13,3]/173, 173/[13,5], [13,5]/173, 173/[13,7], [13,7]/173, 173/[13,11], [13,11]/173, [13,17]/173, 173/[13,17], 173/[11,2], [11,2]/173, 173/[11,3], [11,3]/173, 173/[11,5], [11,5]/173, 173/[11,7], [11,7]/173, 173/[11,11], [11,11]/173, 173/2₀, 2₀/173, 173/2₁, 2₁/173, 173/3₀, 3₀/173, 173/3₁, 3₁/173, 173/5₀, 5₀/173, 173/5₁, 5₁/173, 173/7₀, 7₀/173, 173/7₁, 7₁/173, 173/13₀, 13₀/173, 173/13₁, 13₁/173, 173/11₀, 11₀/173, 173/11₁, 11₁/173, 173/17₁, 17₁/173, 1/173, [17,17]/163, 163/[17,17], 163/4, 4/163, 163/[2,3], [2,3]/163, 163/[2,5], [2,5]/163, 163/[2,7], [2,7]/163, 163/[2,13], [2,13]/163, 163/[2,11], [2,11]/163, 163/[2,17], [2,17]/163, 163/[3,2], [3,2]/163, 163/[3,3], [3,3]/163, 163/[3,5], [3,5]/163, 163/[3,7], [3,7]/163, 163/[3,13], [3,13]/163, 163/[3,11], [3,11]/163, 163/[3,17], [3,17]/163, 163/[5,2], [5,2]/163, 163/[5,3], [5,3]/163, 163/[5,5], [5,5]/163, 163/[5,7], [5,7]/163, 163/[5,13], [5,13]/163, 163/[5,11], [5,11]/163, 163/[5,17], [5,17]/163, 163/[7,2], [7,2]/163, 163/[7,3], [7,3]/163, 163/[7,5], [7,5]/163, 163/[7,7], [7,7]/163, 163/[7,13], [7,13]/163, 163/[7,11], [7,11]/163, [13,17]/163, 163/[13,17], 163/[11,2], [11,2]/163, 163/[11,3], [11,3]/163, 163/[11,5], [11,5]/163, 163/[11,7], [11,7]/163, 163/[11,13], [11,13]/163, 163/[11,11], [11,11]/163, [11,17]/163, 163/[11,17], 163/2₀, 2₀/163, 163/2₁, 2₁/163, 163/3₀, 3₀/163, 163/3₁, 3₁/163, 163/5₀, 5₀/163, 163/5₁, 5₁/163, 163/7₀, 7₀/163, 163/7₁, 7₁/163, 163/13₁, 13₁/163, 163/11₀, 11₀/163, 163/11₁, 11₁/163, 163/17₁, 17₁/163, 1/163, [17,17]/[29,5], [29,5]/[17,17], [29,5]/4, 4/[29,5], [29,5]/[2,3], [2,3]/[29,5], [29,5]/[2,5], [2,5]/[29,5], [29,5]/[2,7], [2,7]/[29,5], [29,5]/[2,13], [2,13]/[29,5], [29,5]/[2,11], [2,11]/[29,5], [29,5]/[2,17], [2,17]/[29,5], [29,5]/[3,2], [3,2]/[29,5], [29,5]/[3,3], [3,3]/[29,5], [29,5]/[3,5], [3,5]/[29,5], [29,5]/[3,7], [3,7]/[29,5], [29,5]/[3,13], [3,13]/[29,5], [29,5]/[3,11], [3,11]/[29,5], [29,5]/[3,17], [3,17]/[29,5], [29,5]/[5,2], [5,2]/[29,5], [29,5]/[5,3], [5,3]/[29,5], [29,5]/[5,5], [5,5]/[29,5], [29,5]/[5,7], [5,7]/[29,5], [29,5]/[5,13], [5,13]/[29,5], [29,5]/[5,11], [5,11]/[29,5], [29,5]/[5,17], [5,17]/[29,5], [29,5]/[7,2], [7,2]/[29,5], [29,5]/[7,3], [7,3]/[29,5], [29,5]/[7,5], [7,5]/[29,5], [29,5]/[13,2], [13,2]/[29,5], [29,5]/[13,3], [13,3]/[29,5], [29,5]/[13,5], [13,5]/[29,5], [29,5]/[11,2], [11,2]/[29,5], [29,5]/[11,3], [11,3]/[29,5], [29,5]/[11,5], [11,5]/[29,5], [29,5]/[17,2], [17,2]/[29,5], [29,5]/[17,3], [17,3]/[29,5], [29,5]/[17,5], [17,5]/[29,5], [29,5]/2₀, 2₀/[29,5], [29,5]/2₁, 2₁/[29,5], [29,5]/3₀, 3₀/[29,5], [29,5]/3₁, 3₁/[29,5], [29,5]/5₀, 5₀/[29,5], [29,5]/5₁, 5₁/[29,5], [29,5]/7₀, 7₀/[29,5], [29,5]/7₁, 7₁/[29,5], [29,5]/13₀, 13₀/[29,5], [29,5]/13₁, 13₁/[29,5], [29,5]/11₀, 11₀/[29,5], [29,5]/11₁, 11₁/[29,5], [29,5]/17₀, 17₀/[29,5], [29,5]/17₁, 17₁/[29,5], 1/[29,5], [17,17]/241, 241/[17,17], 241/4, 4/241, 241/[2,3], [2,3]/241, 241/[2,5], [2,5]/241, 241/[2,7], [2,7]/241, 241/[2,13], [2,13]/241, 241/[2,11], [2,11]/241, 241/[2,17], [2,17]/241, 241/[3,2], [3,2]/241, 241/[3,3], [3,3]/241, 241/[3,5], [3,5]/241, 241/[3,7], [3,7]/241, 241/[3,13], [3,13]/241, 241/[3,11], [3,11]/241, 241/[3,17], [3,17]/241, 241/[5,2], [5,2]/241, 241/[5,3], [5,3]/241, 241/[5,5], [5,5]/241, 241/[5,7], [5,7]/241, 241/[5,13], [5,13]/241, 241/[5,11], [5,11]/241, 241/[5,17], [5,17]/241, 241/[7,2], [7,2]/241, 241/[7,3], [7,3]/241, 241/[7,5], [7,5]/241, 241/[7,7], [7,7]/241, 241/[7,13], [7,13]/241, 241/[7,11], [7,11]/241, 241/[13,2], [13,2]/241, 241/[13,3], [13,3]/241, 241/[13,5], [13,5]/241, 241/[13,7], [13,7]/241, 241/[13,13], [13,13]/241, 241/[13,11], [13,11]/241, 241/[11,2], [11,2]/241, 241/[11,3], [11,3]/241, 241/[11,5], [11,5]/241, 241/[11,7], [11,7]/241, 241/[11,13], [11,13]/241, 241/[11,11], [11,11]/241, 241/[17,2], [17,2]/241, 241/[17,3], [17,3]/241, 241/[17,5], [17,5]/241, 241/[17,7], [17,7]/241, 241/[17,13], [17,13]/241, 241/[17,11], [17,11]/241, 241/2₀, 2₀/241, 241/2₁, 2₁/241, 241/3₀, 3₀/241, 241/3₁, 3₁/241, 241/5₀, 5₀/241, 241/5₁, 5₁/241, 241/7₀, 7₀/241, 241/7₁, 7₁/241, 241/13₀, 13₀/241, 241/13₁, 13₁/241, 241/11₀, 11₀/241, 241/11₁, 11₁/241, 241/17₀, 17₀/241, 241/17₁, 17₁/241, 1/241, [17,17]/[31,7], [31,7]/[17,17], [31,7]/4, 4/[31,7], [31,7]/[2,3], [2,3]/[31,7], [31,7]/[2,5], [2,5]/[31,7], [31,7]/[2,7], [2,7]/[31,7], [31,7]/[2,13], [2,13]/[31,7], [31,7]/[2,11], [2,11]/[31,7], [31,7]/[2,17], [2,17]/[31,7], [31,7]/[3,2], [3,2]/[31,7], [31,7]/[3,3], [3,3]/[31,7], [31,7]/[3,5], [3,5]/[31,7], [31,7]/[3,7], [3,7]/[31,7], [31,7]/[3,13], [3,13]/[31,7], [31,7]/[3,11], [3,11]/[31,7], [31,7]/[3,17], [3,17]/[31,7], [31,7]/[5,2], [5,2]/[31,7], [31,7]/[5,3], [5,3]/[31,7], [31,7]/[5,5], [5,5]/[31,7], [31,7]/[5,7], [5,7]/[31,7], [31,7]/[5,13], [5,13]/[31,7], [31,7]/[5,11], [5,11]/[31,7], [31,7]/[5,17], [5,17]/[31,7], [31,7]/[7,2], [7,2]/[31,7], [31,7]/[7,3], [7,3]/[31,7], [31,7]/[7,5], [7,5]/[31,7], [31,7]/[7,7], [7,7]/[31,7], [31,7]/[7,11], [7,11]/[31,7], [31,7]/[13,2], [13,2]/[31,7], [31,7]/[13,3], [13,3]/[31,7], [31,7]/[13,5], [13,5]/[31,7], [31,7]/[13,7], [13,7]/[31,7], [31,7]/[13,11], [13,11]/[31,7], [31,7]/[11,2], [11,2]/[31,7], [31,7]/[11,3], [11,3]/[31,7], [31,7]/[11,5], [11,5]/[31,7], [31,7]/[11,7], [11,7]/[31,7], [31,7]/[11,11], [11,11]/[31,7], [31,7]/[17,2], [17,2]/[31,7], [31,7]/[17,3], [17,3]/[31,7], [31,7]/[17,5], [17,5]/[31,7], [31,7]/[17,7], [17,7]/[31,7], [31,7]/[17,11], [17,11]/[31,7], [31,7]/2₀, 2₀/[31,7], [31,7]/2₁, 2₁/[31,7], [31,7]/3₀, 3₀/[31,7], [31,7]/3₁, 3₁/[31,7], [31,7]/5₀, 5₀/[31,7], [31,7]/5₁, 5₁/[31,7], [31,7]/7₀, 7₀/[31,7], [31,7]/7₁, 7₁/[31,7], [31,7]/13₀, 13₀/[31,7], [31,7]/13₁, 13₁/[31,7], [31,7]/11₀, 11₀/[31,7], [31,7]/11₁, 11₁/[31,7], [31,7]/17₀, 17₀/[31,7], [31,7]/17₁, 17₁/[31,7], 1/[31,7], [17,17]/157, 157/[17,17], 157/4, 4/157, 157/[2,3], [2,3]/157, 157/[2,5], [2,5]/157, 157/[2,7], [2,7]/157, 157/[2,13], [2,13]/157, 157/[2,11], [2,11]/157, 157/[3,2], [3,2]/157, 157/[3,3], [3,3]/157, 157/[3,5], [3,5]/157, 157/[3,7], [3,7]/157, 157/[3,13], [3,13]/157, 157/[3,11], [3,11]/157, 157/[5,2], [5,2]/157, 157/[5,3], [5,3]/157, 157/[5,5], [5,5]/157, 157/[5,7], [5,7]/157, 157/[5,13], [5,13]/157, 157/[5,11], [5,11]/157, 157/[7,2], [7,2]/157, 157/[7,3], [7,3]/157, 157/[7,5], [7,5]/157, 157/[7,7], [7,7]/157, 157/[7,13], [7,13]/157, 157/[7,11], [7,11]/157, 157/[13,2], [13,2]/157, 157/[13,3], [13,3]/157, 157/[13,5], [13,5]/157, 157/[13,7], [13,7]/157, [13,13]/157, 157/[13,13], 157/[13,11], [13,11]/157, [13,17]/157, 157/[13,17], 157/[11,2], [11,2]/157, 157/[11,3], [11,3]/157, 157/[11,5], [11,5]/157, 157/[11,7], [11,7]/157, 157/[11,11], [11,11]/157, [17,13]/157, 157/[17,13], 157/2₀, 2₀/157, 157/2₁, 2₁/157, 157/3₀, 3₀/157, 157/3₁, 3₁/157, 157/5₀, 5₀/157, 157/5₁, 5₁/157, 157/7₀, 7₀/157, 157/7₁, 7₁/157, 157/13₀, 13₀/157, 157/13₁, 13₁/157, 157/11₀, 11₀/157, 157/11₁, 11₁/157, 1/157, [17,17]/[[3,5],[3,3]], [[3,5],[3,3]]/[17,17], [[3,5],[3,3]]/4, 4/[[3,5],[3,3]], [[3,5],[3,3]]/[2,3], [2,3]/[[3,5],[3,3]], [[3,5],[3,3]]/[2,5], [2,5]/[[3,5],[3,3]], [[3,5],[3,3]]/[2,7], [2,7]/[[3,5],[3,3]], [[3,5],[3,3]]/[2,13], [2,13]/[[3,5],[3,3]], [[3,5],[3,3]]/[2,11], [2,11]/[[3,5],[3,3]], [[3,5],[3,3]]/[3,2], [3,2]/[[3,5],[3,3]], [[3,5],[3,3]]/[3,3], [3,3]/[[3,5],[3,3]], [[3,5],[3,3]]/[3,5], [3,5]/[[3,5],[3,3]], [[3,5],[3,3]]/[3,7], [3,7]/[[3,5],[3,3]], [[3,5],[3,3]]/[3,13], [3,13]/[[3,5],[3,3]], [[3,5],[3,3]]/[3,11], [3,11]/[[3,5],[3,3]], [[3,5],[3,3]]/[5,2], [5,2]/[[3,5],[3,3]], [[3,5],[3,3]]/[5,3], [5,3]/[[3,5],[3,3]], [[3,5],[3,3]]/[5,5], [5,5]/[[3,5],[3,3]], [[3,5],[3,3]]/[5,7], [5,7]/[[3,5],[3,3]], [[3,5],[3,3]]/[5,13], [5,13]/[[3,5],[3,3]], [[3,5],[3,3]]/[5,11], [5,11]/[[3,5],[3,3]], [[3,5],[3,3]]/[7,2], [7,2]/[[3,5],[3,3]], [[3,5],[3,3]]/[7,3], [7,3]/[[3,5],[3,3]], [[3,5],[3,3]]/[7,5], [7,5]/[[3,5],[3,3]], [[3,5],[3,3]]/[7,7], [7,7]/[[3,5],[3,3]], [[3,5],[3,3]]/[7,13], [7,13]/[[3,5],[3,3]], [[3,5],[3,3]]/[7,11], [7,11]/[[3,5],[3,3]], [13,13]/[[3,5],[3,3]], [[3,5],[3,3]]/[13,13], [13,17]/[[3,5],[3,3]], [[3,5],[3,3]]/[13,17], [[3,5],[3,3]]/[11,2], [11,2]/[[3,5],[3,3]], [[3,5],[3,3]]/[11,3], [11,3]/[[3,5],[3,3]], [[3,5],[3,3]]/[11,5], [11,5]/[[3,5],[3,3]], [[3,5],[3,3]]/[11,7], [11,7]/[[3,5],[3,3]], [11,13]/[[3,5],[3,3]], [[3,5],[3,3]]/[11,13], [[3,5],[3,3]]/[11,11], [11,11]/[[3,5],[3,3]], [11,17]/[[3,5],[3,3]], [[3,5],[3,3]]/[11,17], [17,13]/[[3,5],[3,3]], [[3,5],[3,3]]/[17,13], [[3,5],[3,3]]/2₀, 2₀/[[3,5],[3,3]], [[3,5],[3,3]]/2₁, 2₁/[[3,5],[3,3]], [[3,5],[3,3]]/3₀, 3₀/[[3,5],[3,3]], [[3,5],[3,3]]/3₁, 3₁/[[3,5],[3,3]], [[3,5],[3,3]]/5₀, 5₀/[[3,5],[3,3]], [[3,5],[3,3]]/5₁, 5₁/[[3,5],[3,3]], [[3,5],[3,3]]/7₀, 7₀/[[3,5],[3,3]], [[3,5],[3,3]]/7₁, 7₁/[[3,5],[3,3]], [[3,5],[3,3]]/13₁, 13₁/[[3,5],[3,3]], [[3,5],[3,3]]/11₀, 11₀/[[3,5],[3,3]], [[3,5],[3,3]]/11₁, 11₁/[[3,5],[3,3]], 1/[[3,5],[3,3]], [17,17]/[67,3], [67,3]/[17,17], [67,3]/4, 4/[67,3], [67,3]/[2,3], [2,3]/[67,3], [67,3]/[2,5], [2,5]/[67,3], [67,3]/[2,7], [2,7]/[67,3], [67,3]/[2,13], [2,13]/[67,3], [67,3]/[2,11], [2,11]/[67,3], [67,3]/[3,2], [3,2]/[67,3], [67,3]/[3,3], [3,3]/[67,3], [67,3]/[3,5], [3,5]/[67,3], [67,3]/[3,7], [3,7]/[67,3], [67,3]/[3,13], [3,13]/[67,3], [67,3]/[3,11], [3,11]/[67,3], [67,3]/[5,2], [5,2]/[67,3], [67,3]/[5,3], [5,3]/[67,3], [67,3]/[5,5], [5,5]/[67,3], [67,3]/[5,7], [5,7]/[67,3], [67,3]/[5,13], [5,13]/[67,3], [67,3]/[5,11], [5,11]/[67,3], [67,3]/[7,2], [7,2]/[67,3], [67,3]/[7,3], [7,3]/[67,3], [67,3]/[7,5], [7,5]/[67,3], [67,3]/[7,7], [7,7]/[67,3], [67,3]/[7,13], [7,13]/[67,3], [67,3]/[7,11], [7,11]/[67,3], [67,3]/[13,2], [13,2]/[67,3], [67,3]/[13,3], [13,3]/[67,3], [67,3]/[13,5], [13,5]/[67,3], [67,3]/[13,7], [13,7]/[67,3], [67,3]/[13,11], [13,11]/[67,3], [67,3]/[11,2], [11,2]/[67,3], [67,3]/[11,3], [11,3]/[67,3], [67,3]/[11,5], [11,5]/[67,3], [67,3]/[11,7], [11,7]/[67,3], [67,3]/[11,11], [11,11]/[67,3], [67,3]/[17,2], [17,2]/[67,3], [67,3]/[17,3], [17,3]/[67,3], [67,3]/[17,5], [17,5]/[67,3], [67,3]/[17,7], [17,7]/[67,3], [17,13]/[67,3], [67,3]/[17,13], [67,3]/[17,11], [17,11]/[67,3], [67,3]/2₀, 2₀/[67,3], [67,3]/2₁, 2₁/[67,3], [67,3]/3₀, 3₀/[67,3], [67,3]/3₁, 3₁/[67,3], [67,3]/5₀, 5₀/[67,3], [67,3]/5₁, 5₁/[67,3], [67,3]/7₀, 7₀/[67,3], [67,3]/7₁, 7₁/[67,3], [67,3]/13₀, 13₀/[67,3], [67,3]/13₁, 13₁/[67,3], [67,3]/11₀, 11₀/[67,3], [67,3]/11₁, 11₁/[67,3], [67,3]/17₀, 17₀/[67,3], 1/[67,3], [17,17]/[37,5], [37,5]/[17,17], [37,5]/4, 4/[37,5], [37,5]/[2,3], [2,3]/[37,5], [37,5]/[2,5], [2,5]/[37,5], [37,5]/[2,7], [2,7]/[37,5], [37,5]/[2,13], [2,13]/[37,5], [37,5]/[2,11], [2,11]/[37,5], [37,5]/[2,17], [2,17]/[37,5], [37,5]/[3,2], [3,2]/[37,5], [37,5]/[3,3], [3,3]/[37,5], [37,5]/[3,5], [3,5]/[37,5], [37,5]/[3,7], [3,7]/[37,5], [37,5]/[3,13], [3,13]/[37,5], [37,5]/[3,11], [3,11]/[37,5], [37,5]/[3,17], [3,17]/[37,5], [37,5]/[5,2], [5,2]/[37,5], [37,5]/[5,3], [5,3]/[37,5], [37,5]/[5,5], [5,5]/[37,5], [37,5]/[5,7], [5,7]/[37,5], [37,5]/[5,13], [5,13]/[37,5], [37,5]/[5,11], [5,11]/[37,5], [37,5]/[5,17], [5,17]/[37,5], [37,5]/[7,2], [7,2]/[37,5], [37,5]/[7,3], [7,3]/[37,5], [37,5]/[7,5], [7,5]/[37,5], [37,5]/[7,7], [7,7]/[37,5], [37,5]/[7,13], [7,13]/[37,5], [37,5]/[7,11], [7,11]/[37,5], [37,5]/[7,17], [7,17]/[37,5], [37,5]/[13,2], [13,2]/[37,5], [37,5]/[13,3], [13,3]/[37,5], [37,5]/[13,5], [13,5]/[37,5], [37,5]/[13,7], [13,7]/[37,5], [37,5]/[13,11], [13,11]/[37,5], [13,17]/[37,5], [37,5]/[13,17], [37,5]/[11,2], [11,2]/[37,5], [37,5]/[11,3], [11,3]/[37,5], [37,5]/[11,5], [11,5]/[37,5], [37,5]/[11,7], [11,7]/[37,5], [37,5]/[11,11], [11,11]/[37,5], [37,5]/2₀, 2₀/[37,5], [37,5]/2₁, 2₁/[37,5], [37,5]/3₀, 3₀/[37,5], [37,5]/3₁, 3₁/[37,5], [37,5]/5₀, 5₀/[37,5], [37,5]/5₁, 5₁/[37,5], [37,5]/7₀, 7₀/[37,5], [37,5]/7₁, 7₁/[37,5], [37,5]/13₀, 13₀/[37,5], [37,5]/13₁, 13₁/[37,5], [37,5]/11₀, 11₀/[37,5], [37,5]/11₁, 11₁/[37,5], [37,5]/17₁, 17₁/[37,5], 1/[37,5], [17,17]/[19,[3,3]], [19,[3,3]]/[17,17], [19,[3,3]]/4, 4/[19,[3,3]], [19,[3,3]]/[2,3], [2,3]/[19,[3,3]], [19,[3,3]]/[2,5], [2,5]/[19,[3,3]], [19,[3,3]]/[2,7], [2,7]/[19,[3,3]], [19,[3,3]]/[2,13], [2,13]/[19,[3,3]], [19,[3,3]]/[2,11], [2,11]/[19,[3,3]], [19,[3,3]]/[2,17], [2,17]/[19,[3,3]], [19,[3,3]]/[3,2], [3,2]/[19,[3,3]], [19,[3,3]]/[3,3], [3,3]/[19,[3,3]], [19,[3,3]]/[3,5], [3,5]/[19,[3,3]], [19,[3,3]]/[3,7], [3,7]/[19,[3,3]], [19,[3,3]]/[3,13], [3,13]/[19,[3,3]], [19,[3,3]]/[3,11], [3,11]/[19,[3,3]], [19,[3,3]]/[3,17], [3,17]/[19,[3,3]], [19,[3,3]]/[5,2], [5,2]/[19,[3,3]], [19,[3,3]]/[5,3], [5,3]/[19,[3,3]], [19,[3,3]]/[5,5], [5,5]/[19,[3,3]], [19,[3,3]]/[5,7], [5,7]/[19,[3,3]], [19,[3,3]]/[5,13], [5,13]/[19,[3,3]], [19,[3,3]]/[5,11], [5,11]/[19,[3,3]], [19,[3,3]]/[5,17], [5,17]/[19,[3,3]], [19,[3,3]]/[7,2], [7,2]/[19,[3,3]], [19,[3,3]]/[7,3], [7,3]/[19,[3,3]], [19,[3,3]]/[7,5], [7,5]/[19,[3,3]], [19,[3,3]]/[7,7], [7,7]/[19,[3,3]], [19,[3,3]]/[7,13], [7,13]/[19,[3,3]], [19,[3,3]]/[7,11], [7,11]/[19,[3,3]], [19,[3,3]]/[7,17], [7,17]/[19,[3,3]], [13,17]/[19,[3,3]], [19,[3,3]]/[13,17], [19,[3,3]]/[11,2], [11,2]/[19,[3,3]], [19,[3,3]]/[11,3], [11,3]/[19,[3,3]], [19,[3,3]]/[11,5], [11,5]/[19,[3,3]], [19,[3,3]]/[11,7], [11,7]/[19,[3,3]], [19,[3,3]]/[11,13], [11,13]/[19,[3,3]], [19,[3,3]]/[11,11], [11,11]/[19,[3,3]], [11,17]/[19,[3,3]], [19,[3,3]]/[11,17], [19,[3,3]]/2₀, 2₀/[19,[3,3]], [19,[3,3]]/2₁, 2₁/[19,[3,3]], [19,[3,3]]/3₀, 3₀/[19,[3,3]], [19,[3,3]]/3₁, 3₁/[19,[3,3]], [19,[3,3]]/5₀, 5₀/[19,[3,3]], [19,[3,3]]/5₁, 5₁/[19,[3,3]], [19,[3,3]]/7₀, 7₀/[19,[3,3]], [19,[3,3]]/7₁, 7₁/[19,[3,3]], [19,[3,3]]/13₁, 13₁/[19,[3,3]], [19,[3,3]]/11₀, 11₀/[19,[3,3]], [19,[3,3]]/11₁, 11₁/[19,[3,3]], [19,[3,3]]/17₁, 17₁/[19,[3,3]], 1/[19,[3,3]], [17,17]/[83,3], [83,3]/[17,17], [83,3]/4, 4/[83,3], [83,3]/[2,3], [2,3]/[83,3], [83,3]/[2,5], [2,5]/[83,3], [83,3]/[2,7], [2,7]/[83,3], [83,3]/[2,13], [2,13]/[83,3], [83,3]/[2,11], [2,11]/[83,3], [83,3]/[2,17], [2,17]/[83,3], [83,3]/[3,2], [3,2]/[83,3], [83,3]/[3,3], [3,3]/[83,3], [83,3]/[3,5], [3,5]/[83,3], [83,3]/[3,7], [3,7]/[83,3], [83,3]/[3,13], [3,13]/[83,3], [83,3]/[3,11], [3,11]/[83,3], [83,3]/[3,17], [3,17]/[83,3], [83,3]/[5,2], [5,2]/[83,3], [83,3]/[5,3], [5,3]/[83,3], [83,3]/[5,5], [5,5]/[83,3], [83,3]/[5,7], [5,7]/[83,3], [83,3]/[5,13], [5,13]/[83,3], [83,3]/[5,11], [5,11]/[83,3], [83,3]/[5,17], [5,17]/[83,3], [83,3]/[7,2], [7,2]/[83,3], [83,3]/[7,3], [7,3]/[83,3], [83,3]/[7,5], [7,5]/[83,3], [83,3]/[7,7], [7,7]/[83,3], [83,3]/[7,13], [7,13]/[83,3], [83,3]/[7,11], [7,11]/[83,3], [83,3]/[7,17], [7,17]/[83,3], [83,3]/[13,2], [13,2]/[83,3], [83,3]/[13,3], [13,3]/[83,3], [83,3]/[13,5], [13,5]/[83,3], [83,3]/[13,7], [13,7]/[83,3], [83,3]/[13,13], [13,13]/[83,3], [83,3]/[13,11], [13,11]/[83,3], [83,3]/[11,2], [11,2]/[83,3], [83,3]/[11,3], [11,3]/[83,3], [83,3]/[11,5], [11,5]/[83,3], [83,3]/[11,7], [11,7]/[83,3], [83,3]/[11,13], [11,13]/[83,3], [83,3]/[11,11], [11,11]/[83,3], [83,3]/[17,2], [17,2]/[83,3], [83,3]/[17,3], [17,3]/[83,3], [83,3]/[17,5], [17,5]/[83,3], [83,3]/[17,7], [17,7]/[83,3], [83,3]/[17,13], [17,13]/[83,3], [83,3]/[17,11], [17,11]/[83,3], [83,3]/2₀, 2₀/[83,3], [83,3]/2₁, 2₁/[83,3], [83,3]/3₀, 3₀/[83,3], [83,3]/3₁, 3₁/[83,3], [83,3]/5₀, 5₀/[83,3], [83,3]/5₁, 5₁/[83,3], [83,3]/7₀, 7₀/[83,3], [83,3]/7₁, 7₁/[83,3], [83,3]/13₀, 13₀/[83,3], [83,3]/13₁, 13₁/[83,3], [83,3]/11₀, 11₀/[83,3], [83,3]/11₁, 11₁/[83,3], [83,3]/17₀, 17₀/[83,3], [83,3]/17₁, 17₁/[83,3], 1/[83,3], [17,17]/[41,3], [41,3]/[17,17], [41,3]/4, 4/[41,3], [41,3]/[2,3], [2,3]/[41,3], [41,3]/[2,5], [2,5]/[41,3], [41,3]/[2,7], [2,7]/[41,3], [41,3]/[2,13], [2,13]/[41,3], [41,3]/[2,11], [2,11]/[41,3], [41,3]/[2,17], [2,17]/[41,3], [41,3]/[3,2], [3,2]/[41,3], [41,3]/[3,3], [3,3]/[41,3], [41,3]/[3,5], [3,5]/[41,3], [41,3]/[3,7], [3,7]/[41,3], [41,3]/[3,13], [3,13]/[41,3], [41,3]/[3,11], [3,11]/[41,3], [41,3]/[3,17], [3,17]/[41,3], [41,3]/[5,2], [5,2]/[41,3], [41,3]/[5,3], [5,3]/[41,3], [41,3]/[5,5], [5,5]/[41,3], [41,3]/[5,7], [5,7]/[41,3], [41,3]/[5,13], [5,13]/[41,3], [41,3]/[5,11], [5,11]/[41,3], [41,3]/[5,17], [5,17]/[41,3], [41,3]/[7,2], [7,2]/[41,3], [41,3]/[7,3], [7,3]/[41,3], [41,3]/[7,5], [7,5]/[41,3], [41,3]/[7,7], [7,7]/[41,3], [41,3]/[7,13], [7,13]/[41,3], [41,3]/[7,11], [7,11]/[41,3], [41,3]/[7,17], [7,17]/[41,3], [13,17]/[41,3], [41,3]/[13,17], [11,17]/[41,3], [41,3]/[11,17], [41,3]/2₀, 2₀/[41,3], [41,3]/2₁, 2₁/[41,3], [41,3]/3₀, 3₀/[41,3], [41,3]/3₁, 3₁/[41,3], [41,3]/5₀, 5₀/[41,3], [41,3]/5₁, 5₁/[41,3], [41,3]/7₀, 7₀/[41,3], [41,3]/7₁, 7₁/[41,3], [41,3]/13₁, 13₁/[41,3], [41,3]/11₀, 11₀/[41,3], [41,3]/11₁, 11₁/[41,3], [41,3]/17₁, 17₁/[41,3], 1/[41,3], [17,17]/[43,3], [43,3]/[17,17], [43,3]/4, 4/[43,3], [43,3]/[2,3], [2,3]/[43,3], [43,3]/[2,5], [2,5]/[43,3], [43,3]/[2,7], [2,7]/[43,3], [43,3]/[2,13], [2,13]/[43,3], [43,3]/[2,11], [2,11]/[43,3], [43,3]/[2,17], [2,17]/[43,3], [43,3]/[3,2], [3,2]/[43,3], [43,3]/[3,3], [3,3]/[43,3], [43,3]/[3,5], [3,5]/[43,3], [43,3]/[3,7], [3,7]/[43,3], [43,3]/[3,13], [3,13]/[43,3], [43,3]/[3,11], [3,11]/[43,3], [43,3]/[3,17], [3,17]/[43,3], [43,3]/[5,2], [5,2]/[43,3], [43,3]/[5,3], [5,3]/[43,3], [43,3]/[5,5], [5,5]/[43,3], [43,3]/[5,7], [5,7]/[43,3], [43,3]/[5,13], [5,13]/[43,3], [43,3]/[5,11], [5,11]/[43,3], [43,3]/[5,17], [5,17]/[43,3], [43,3]/[7,2], [7,2]/[43,3], [43,3]/[7,3], [7,3]/[43,3], [43,3]/[7,5], [7,5]/[43,3], [43,3]/[7,7], [7,7]/[43,3], [43,3]/[7,13], [7,13]/[43,3], [43,3]/[7,11], [7,11]/[43,3], [43,3]/[7,17], [7,17]/[43,3], [43,3]/2₀, 2₀/[43,3], [43,3]/2₁, 2₁/[43,3], [43,3]/3₀, 3₀/[43,3], [43,3]/3₁, 3₁/[43,3], [43,3]/5₀, 5₀/[43,3], [43,3]/5₁, 5₁/[43,3], [43,3]/7₀, 7₀/[43,3], [43,3]/7₁, 7₁/[43,3], [43,3]/13₀, 13₀/[43,3], [43,3]/13₁, 13₁/[43,3], [43,3]/11₀, 11₀/[43,3], [43,3]/11₁, 11₁/[43,3], [43,3]/17₀, 17₀/[43,3], [43,3]/17₁, 17₁/[43,3], 1/[43,3], [17,17]/[71,3], [71,3]/[17,17], [71,3]/4, 4/[71,3], [71,3]/[2,3], [2,3]/[71,3], [71,3]/[2,5], [2,5]/[71,3], [71,3]/[2,7], [2,7]/[71,3], [71,3]/[2,13], [2,13]/[71,3], [71,3]/[2,11], [2,11]/[71,3], [71,3]/[2,17], [2,17]/[71,3], [71,3]/[3,2], [3,2]/[71,3], [71,3]/[3,3], [3,3]/[71,3], [71,3]/[3,5], [3,5]/[71,3], [71,3]/[3,7], [3,7]/[71,3], [71,3]/[3,13], [3,13]/[71,3], [71,3]/[3,11], [3,11]/[71,3], [71,3]/[3,17], [3,17]/[71,3], [71,3]/[5,2], [5,2]/[71,3], [71,3]/[5,3], [5,3]/[71,3], [71,3]/[5,5], [5,5]/[71,3], [71,3]/[5,7], [5,7]/[71,3], [71,3]/[5,13], [5,13]/[71,3], [71,3]/[5,11], [5,11]/[71,3], [71,3]/[5,17], [5,17]/[71,3], [71,3]/[7,2], [7,2]/[71,3], [71,3]/[7,3], [7,3]/[71,3], [71,3]/[7,5], [7,5]/[71,3], [71,3]/[7,7], [7,7]/[71,3], [71,3]/[7,13], [7,13]/[71,3], [71,3]/[7,11], [7,11]/[71,3], [71,3]/[7,17], [7,17]/[71,3], [71,3]/[13,2], [13,2]/[71,3], [71,3]/[13,3], [13,3]/[71,3], [71,3]/[13,5], [13,5]/[71,3], [71,3]/[13,7], [13,7]/[71,3], [71,3]/[13,13], [13,13]/[71,3], [71,3]/[13,11], [13,11]/[71,3], [13,17]/[71,3], [71,3]/[13,17], [71,3]/[11,2], [11,2]/[71,3], [71,3]/[11,3], [11,3]/[71,3], [71,3]/[11,5], [11,5]/[71,3], [71,3]/[11,7], [11,7]/[71,3], [71,3]/[11,13], [11,13]/[71,3], [71,3]/[11,11], [11,11]/[71,3], [71,3]/[11,17], [11,17]/[71,3], [71,3]/2₀, 2₀/[71,3], [71,3]/2₁, 2₁/[71,3], [71,3]/3₀, 3₀/[71,3], [71,3]/3₁, 3₁/[71,3], [71,3]/5₀, 5₀/[71,3], [71,3]/5₁, 5₁/[71,3], [71,3]/7₀, 7₀/[71,3], [71,3]/7₁, 7₁/[71,3], [71,3]/13₀, 13₀/[71,3], [71,3]/13₁, 13₁/[71,3], [71,3]/11₀, 11₀/[71,3], [71,3]/11₁, 11₁/[71,3], [71,3]/17₁, 17₁/[71,3], 1/[71,3], [17,17]/[[3,5],11], [[3,5],11]/[17,17], [[3,5],11]/4, 4/[[3,5],11], [[3,5],11]/[2,3], [2,3]/[[3,5],11], [[3,5],11]/[2,5], [2,5]/[[3,5],11], [[3,5],11]/[2,7], [2,7]/[[3,5],11], [[3,5],11]/[2,13], [2,13]/[[3,5],11], [[3,5],11]/[2,11], [2,11]/[[3,5],11], [[3,5],11]/[3,2], [3,2]/[[3,5],11], [[3,5],11]/[3,3], [3,3]/[[3,5],11], [[3,5],11]/[3,5], [3,5]/[[3,5],11], [[3,5],11]/[3,7], [3,7]/[[3,5],11], [[3,5],11]/[3,13], [3,13]/[[3,5],11], [[3,5],11]/[3,11], [3,11]/[[3,5],11], [[3,5],11]/[5,2], [5,2]/[[3,5],11], [[3,5],11]/[5,3], [5,3]/[[3,5],11], [[3,5],11]/[5,5], [5,5]/[[3,5],11], [[3,5],11]/[5,7], [5,7]/[[3,5],11], [[3,5],11]/[5,13], [5,13]/[[3,5],11], [[3,5],11]/[5,11], [5,11]/[[3,5],11], [[3,5],11]/[7,2], [7,2]/[[3,5],11], [[3,5],11]/[7,3], [7,3]/[[3,5],11], [[3,5],11]/[7,5], [7,5]/[[3,5],11], [[3,5],11]/[7,7], [7,7]/[[3,5],11], [[3,5],11]/[7,13], [7,13]/[[3,5],11], [[3,5],11]/[7,11], [7,11]/[[3,5],11], [[3,5],11]/[13,2], [13,2]/[[3,5],11], [[3,5],11]/[13,3], [13,3]/[[3,5],11], [[3,5],11]/[13,5], [13,5]/[[3,5],11], [[3,5],11]/[13,7], [13,7]/[[3,5],11], [13,13]/[[3,5],11], [[3,5],11]/[13,13], [[3,5],11]/[13,11], [13,11]/[[3,5],11], [13,17]/[[3,5],11], [[3,5],11]/[13,17], [[3,5],11]/[11,2], [11,2]/[[3,5],11], [[3,5],11]/[11,3], [11,3]/[[3,5],11], [[3,5],11]/[11,5], [11,5]/[[3,5],11], [[3,5],11]/[11,7], [11,7]/[[3,5],11], [[3,5],11]/[11,13], [11,13]/[[3,5],11], [[3,5],11]/[11,11], [11,11]/[[3,5],11], [17,13]/[[3,5],11], [[3,5],11]/[17,13], [[3,5],11]/2₀, 2₀/[[3,5],11], [[3,5],11]/2₁, 2₁/[[3,5],11], [[3,5],11]/3₀, 3₀/[[3,5],11], [[3,5],11]/3₁, 3₁/[[3,5],11], [[3,5],11]/5₀, 5₀/[[3,5],11], [[3,5],11]/5₁, 5₁/[[3,5],11], [[3,5],11]/7₀, 7₀/[[3,5],11], [[3,5],11]/7₁, 7₁/[[3,5],11], [[3,5],11]/13₀, 13₀/[[3,5],11], [[3,5],11]/13₁, 13₁/[[3,5],11], [[3,5],11]/11₀, 11₀/[[3,5],11], [[3,5],11]/11₁, 11₁/[[3,5],11], 1/[[3,5],11], [17,17]/[[3,7],13], [[3,7],13]/[17,17], [[3,7],13]/4, 4/[[3,7],13], [[3,7],13]/[2,3], [2,3]/[[3,7],13], [[3,7],13]/[2,5], [2,5]/[[3,7],13], [[3,7],13]/[2,7], [2,7]/[[3,7],13], [[3,7],13]/[2,13], [2,13]/[[3,7],13], [[3,7],13]/[2,11], [2,11]/[[3,7],13], [[3,7],13]/[2,17], [2,17]/[[3,7],13], [[3,7],13]/[3,2], [3,2]/[[3,7],13], [[3,7],13]/[3,3], [3,3]/[[3,7],13], [[3,7],13]/[3,5], [3,5]/[[3,7],13], [[3,7],13]/[3,7], [3,7]/[[3,7],13], [[3,7],13]/[3,13], [3,13]/[[3,7],13], [[3,7],13]/[3,11], [3,11]/[[3,7],13], [[3,7],13]/[3,17], [3,17]/[[3,7],13], [[3,7],13]/[5,2], [5,2]/[[3,7],13], [[3,7],13]/[5,3], [5,3]/[[3,7],13], [[3,7],13]/[5,5], [5,5]/[[3,7],13], [[3,7],13]/[5,7], [5,7]/[[3,7],13], [[3,7],13]/[5,13], [5,13]/[[3,7],13], [[3,7],13]/[5,11], [5,11]/[[3,7],13], [[3,7],13]/[5,17], [5,17]/[[3,7],13], [[3,7],13]/[7,2], [7,2]/[[3,7],13], [[3,7],13]/[7,3], [7,3]/[[3,7],13], [[3,7],13]/[7,5], [7,5]/[[3,7],13], [[3,7],13]/[7,7], [7,7]/[[3,7],13], [[3,7],13]/[7,13], [7,13]/[[3,7],13], [[3,7],13]/[7,11], [7,11]/[[3,7],13], [[3,7],13]/[7,17], [7,17]/[[3,7],13], [[3,7],13]/[13,2], [13,2]/[[3,7],13], [[3,7],13]/[13,3], [13,3]/[[3,7],13], [[3,7],13]/[13,5], [13,5]/[[3,7],13], [[3,7],13]/[13,7], [13,7]/[[3,7],13], [[3,7],13]/[13,13], [13,13]/[[3,7],13], [[3,7],13]/[13,11], [13,11]/[[3,7],13], [[3,7],13]/[13,17], [13,17]/[[3,7],13], [[3,7],13]/[11,2], [11,2]/[[3,7],13], [[3,7],13]/[11,3], [11,3]/[[3,7],13], [[3,7],13]/[11,5], [11,5]/[[3,7],13], [[3,7],13]/[11,7], [11,7]/[[3,7],13], [[3,7],13]/[11,13], [11,13]/[[3,7],13], [[3,7],13]/[11,11], [11,11]/[[3,7],13], [[3,7],13]/[11,17], [11,17]/[[3,7],13], [[3,7],13]/[17,2], [17,2]/[[3,7],13], [[3,7],13]/[17,3], [17,3]/[[3,7],13], [[3,7],13]/[17,5], [17,5]/[[3,7],13], [[3,7],13]/[17,7], [17,7]/[[3,7],13], [[3,7],13]/[17,13], [17,13]/[[3,7],13], [[3,7],13]/[17,11], [17,11]/[[3,7],13], [[3,7],13]/2₀, 2₀/[[3,7],13], [[3,7],13]/2₁, 2₁/[[3,7],13], [[3,7],13]/3₀, 3₀/[[3,7],13], [[3,7],13]/3₁, 3₁/[[3,7],13], [[3,7],13]/5₀, 5₀/[[3,7],13], [[3,7],13]/5₁, 5₁/[[3,7],13], [[3,7],13]/7₀, 7₀/[[3,7],13], [[3,7],13]/7₁, 7₁/[[3,7],13], [[3,7],13]/13₀, 13₀/[[3,7],13], [[3,7],13]/13₁, 13₁/[[3,7],13], [[3,7],13]/11₀, 11₀/[[3,7],13], [[3,7],13]/11₁, 11₁/[[3,7],13], [[3,7],13]/17₀, 17₀/[[3,7],13], [[3,7],13]/17₁, 17₁/[[3,7],13], 1/[[3,7],13], [17,17]/[53,5], [53,5]/[17,17], [53,5]/4, 4/[53,5], [53,5]/[2,3], [2,3]/[53,5], [53,5]/[2,5], [2,5]/[53,5], [53,5]/[2,7], [2,7]/[53,5], [53,5]/[2,13], [2,13]/[53,5], [53,5]/[2,11], [2,11]/[53,5], [53,5]/[2,17], [2,17]/[53,5], [53,5]/[3,2], [3,2]/[53,5], [53,5]/[3,3], [3,3]/[53,5], [53,5]/[3,5], [3,5]/[53,5], [53,5]/[3,7], [3,7]/[53,5], [53,5]/[3,13], [3,13]/[53,5], [53,5]/[3,11], [3,11]/[53,5], [53,5]/[3,17], [3,17]/[53,5], [53,5]/[5,2], [5,2]/[53,5], [53,5]/[5,3], [5,3]/[53,5], [53,5]/[5,5], [5,5]/[53,5], [53,5]/[5,7], [5,7]/[53,5], [53,5]/[5,13], [5,13]/[53,5], [53,5]/[5,11], [5,11]/[53,5], [53,5]/[5,17], [5,17]/[53,5], [53,5]/[7,2], [7,2]/[53,5], [53,5]/[7,3], [7,3]/[53,5], [53,5]/[7,5], [7,5]/[53,5], [53,5]/[7,7], [7,7]/[53,5], [53,5]/[7,13], [7,13]/[53,5], [53,5]/[7,11], [7,11]/[53,5], [53,5]/[7,17], [7,17]/[53,5], [53,5]/[13,2], [13,2]/[53,5], [53,5]/[13,3], [13,3]/[53,5], [53,5]/[13,5], [13,5]/[53,5], [53,5]/[13,7], [13,7]/[53,5], [53,5]/[13,13], [13,13]/[53,5], [53,5]/[13,11], [13,11]/[53,5], [53,5]/[13,17], [13,17]/[53,5], [53,5]/[11,2], [11,2]/[53,5], [53,5]/[11,3], [11,3]/[53,5], [53,5]/[11,5], [11,5]/[53,5], [53,5]/[11,7], [11,7]/[53,5], [53,5]/[11,13], [11,13]/[53,5], [53,5]/[11,11], [11,11]/[53,5], [53,5]/[11,17], [11,17]/[53,5], [53,5]/[17,2], [17,2]/[53,5], [53,5]/[17,3], [17,3]/[53,5], [53,5]/[17,5], [17,5]/[53,5], [53,5]/[17,7], [17,7]/[53,5], [53,5]/[17,11], [17,11]/[53,5], [53,5]/2₀, 2₀/[53,5], [53,5]/2₁, 2₁/[53,5], [53,5]/3₀, 3₀/[53,5], [53,5]/3₁, 3₁/[53,5], [53,5]/5₀, 5₀/[53,5], [53,5]/5₁, 5₁/[53,5], [53,5]/7₀, 7₀/[53,5], [53,5]/7₁, 7₁/[53,5], [53,5]/13₀, 13₀/[53,5], [53,5]/13₁, 13₁/[53,5], [53,5]/11₀, 11₀/[53,5], [53,5]/11₁, 11₁/[53,5], [53,5]/17₀, 17₀/[53,5], [53,5]/17₁, 17₁/[53,5], 1/[53,5], [17,17]/[[5,5],[3,3]], [[5,5],[3,3]]/[17,17], [[5,5],[3,3]]/4, 4/[[5,5],[3,3]], [[5,5],[3,3]]/[2,3], [2,3]/[[5,5],[3,3]], [[5,5],[3,3]]/[2,5], [2,5]/[[5,5],[3,3]], [[5,5],[3,3]]/[2,7], [2,7]/[[5,5],[3,3]], [[5,5],[3,3]]/[2,13], [2,13]/[[5,5],[3,3]], [[5,5],[3,3]]/[2,11], [2,11]/[[5,5],[3,3]], [[5,5],[3,3]]/[2,17], [2,17]/[[5,5],[3,3]], [[5,5],[3,3]]/[3,2], [3,2]/[[5,5],[3,3]], [[5,5],[3,3]]/[3,3], [3,3]/[[5,5],[3,3]], [[5,5],[3,3]]/[3,5], [3,5]/[[5,5],[3,3]], [[5,5],[3,3]]/[3,7], [3,7]/[[5,5],[3,3]], [[5,5],[3,3]]/[3,13], [3,13]/[[5,5],[3,3]], [[5,5],[3,3]]/[3,11], [3,11]/[[5,5],[3,3]], [[5,5],[3,3]]/[3,17], [3,17]/[[5,5],[3,3]], [[5,5],[3,3]]/[5,2], [5,2]/[[5,5],[3,3]], [[5,5],[3,3]]/[5,3], [5,3]/[[5,5],[3,3]], [[5,5],[3,3]]/[5,5], [5,5]/[[5,5],[3,3]], [[5,5],[3,3]]/[5,7], [5,7]/[[5,5],[3,3]], [[5,5],[3,3]]/[5,13], [5,13]/[[5,5],[3,3]], [[5,5],[3,3]]/[5,11], [5,11]/[[5,5],[3,3]], [[5,5],[3,3]]/[5,17], [5,17]/[[5,5],[3,3]], [[5,5],[3,3]]/[7,2], [7,2]/[[5,5],[3,3]], [[5,5],[3,3]]/[7,3], [7,3]/[[5,5],[3,3]], [[5,5],[3,3]]/[7,5], [7,5]/[[5,5],[3,3]], [[5,5],[3,3]]/[7,7], [7,7]/[[5,5],[3,3]], [[5,5],[3,3]]/[7,13], [7,13]/[[5,5],[3,3]], [[5,5],[3,3]]/[7,11], [7,11]/[[5,5],[3,3]], [[5,5],[3,3]]/[7,17], [7,17]/[[5,5],[3,3]], [[5,5],[3,3]]/[13,2], [13,2]/[[5,5],[3,3]], [[5,5],[3,3]]/[13,3], [13,3]/[[5,5],[3,3]], [[5,5],[3,3]]/[13,5], [13,5]/[[5,5],[3,3]], [[5,5],[3,3]]/[13,7], [13,7]/[[5,5],[3,3]], [[5,5],[3,3]]/[13,13], [13,13]/[[5,5],[3,3]], [[5,5],[3,3]]/[13,11], [13,11]/[[5,5],[3,3]], [[5,5],[3,3]]/[13,17], [13,17]/[[5,5],[3,3]], [[5,5],[3,3]]/[11,2], [11,2]/[[5,5],[3,3]], [[5,5],[3,3]]/[11,3], [11,3]/[[5,5],[3,3]], [[5,5],[3,3]]/[11,5], [11,5]/[[5,5],[3,3]], [[5,5],[3,3]]/[11,7], [11,7]/[[5,5],[3,3]], [[5,5],[3,3]]/[11,13], [11,13]/[[5,5],[3,3]], [[5,5],[3,3]]/[11,11], [11,11]/[[5,5],[3,3]], [[5,5],[3,3]]/[11,17], [11,17]/[[5,5],[3,3]], [[5,5],[3,3]]/2₀, 2₀/[[5,5],[3,3]], [[5,5],[3,3]]/2₁, 2₁/[[5,5],[3,3]], [[5,5],[3,3]]/3₀, 3₀/[[5,5],[3,3]], [[5,5],[3,3]]/3₁, 3₁/[[5,5],[3,3]], [[5,5],[3,3]]/5₀, 5₀/[[5,5],[3,3]], [[5,5],[3,3]]/5₁, 5₁/[[5,5],[3,3]], [[5,5],[3,3]]/7₀, 7₀/[[5,5],[3,3]], [[5,5],[3,3]]/7₁, 7₁/[[5,5],[3,3]], [[5,5],[3,3]]/13₀, 13₀/[[5,5],[3,3]], [[5,5],[3,3]]/13₁, 13₁/[[5,5],[3,3]], [[5,5],[3,3]]/11₀, 11₀/[[5,5],[3,3]], [[5,5],[3,3]]/11₁, 11₁/[[5,5],[3,3]], [[5,5],[3,3]]/17₀, 17₀/[[5,5],[3,3]], [[5,5],[3,3]]/17₁, 17₁/[[5,5],[3,3]], 1/[[5,5],[3,3]], [17,17]/[23,11], [23,11]/[17,17], [23,11]/4, 4/[23,11], [23,11]/[2,3], [2,3]/[23,11], [23,11]/[2,5], [2,5]/[23,11], [23,11]/[2,7], [2,7]/[23,11], [23,11]/[2,13], [2,13]/[23,11], [23,11]/[2,11], [2,11]/[23,11], [23,11]/[2,17], [2,17]/[23,11], [23,11]/[3,2], [3,2]/[23,11], [23,11]/[3,3], [3,3]/[23,11], [23,11]/[3,5], [3,5]/[23,11], [23,11]/[3,7], [3,7]/[23,11], [23,11]/[3,13], [3,13]/[23,11], [23,11]/[3,11], [3,11]/[23,11], [23,11]/[3,17], [3,17]/[23,11], [23,11]/[5,2], [5,2]/[23,11], [23,11]/[5,3], [5,3]/[23,11], [23,11]/[5,5], [5,5]/[23,11], [23,11]/[5,7], [5,7]/[23,11], [23,11]/[5,13], [5,13]/[23,11], [23,11]/[5,11], [5,11]/[23,11], [23,11]/[5,17], [5,17]/[23,11], [23,11]/[7,2], [7,2]/[23,11], [23,11]/[7,3], [7,3]/[23,11], [23,11]/[7,5], [7,5]/[23,11], [23,11]/[7,7], [7,7]/[23,11], [23,11]/[7,13], [7,13]/[23,11], [23,11]/[7,11], [7,11]/[23,11], [23,11]/[7,17], [7,17]/[23,11], [23,11]/[13,2], [13,2]/[23,11], [23,11]/[13,3], [13,3]/[23,11], [23,11]/[13,5], [13,5]/[23,11], [23,11]/[13,7], [13,7]/[23,11], [23,11]/[13,11], [13,11]/[23,11], [23,11]/[11,2], [11,2]/[23,11], [23,11]/[11,3], [11,3]/[23,11], [23,11]/[11,5], [11,5]/[23,11], [23,11]/[11,7], [11,7]/[23,11], [23,11]/[11,13], [11,13]/[23,11], [23,11]/[11,11], [11,11]/[23,11], [23,11]/[11,17], [11,17]/[23,11], [23,11]/[17,2], [17,2]/[23,11], [23,11]/[17,3], [17,3]/[23,11], [23,11]/[17,5], [17,5]/[23,11], [23,11]/[17,7], [17,7]/[23,11], [23,11]/[17,11], [17,11]/[23,11], [23,11]/2₀, 2₀/[23,11], [23,11]/2₁, 2₁/[23,11], [23,11]/3₀, 3₀/[23,11], [23,11]/3₁, 3₁/[23,11], [23,11]/5₀, 5₀/[23,11], [23,11]/5₁, 5₁/[23,11], [23,11]/7₀, 7₀/[23,11], [23,11]/7₁, 7₁/[23,11], [23,11]/13₀, 13₀/[23,11], [23,11]/13₁, 13₁/[23,11], [23,11]/11₀, 11₀/[23,11], [23,11]/11₁, 11₁/[23,11], [23,11]/17₀, 17₀/[23,11], [23,11]/17₁, 17₁/[23,11], 1/[23,11])
read one lower:  17{Q*([17,17]/O160, O160/[17,17], O160/4, 4/O160, O160/[2,3], [2,3]/O160, O160/[2,5], [2,5]/O160, O160/[2,7], [2,7]/O160, O160/[2,13], [2,13]/O160, O160/[2,11], [2,11]/O160, O160/[2,17], [2,17]/O160, O160/[3,2], [3,2]/O160, O160/[3,3], [3,3]/O160, O160/[3,5], [3,5]/O160, O160/[3,7], [3,7]/O160, O160/[3,13], [3,13]/O160, O160/[3,11], [3,11]/O160, O160/[3,17], [3,17]/O160, O160/[5,2], [5,2]/O160, O160/[5,3], [5,3]/O160, O160/[5,5], [5,5]/O160, O160/[5,7], [5,7]/O160, O160/[5,13], [5,13]/O160, O160/[5,11], [5,11]/O160, O160/[5,17], [5,17]/O160, O160/[7,2], [7,2]/O160, O160/[7,3], [7,3]/O160, O160/[7,5], [7,5]/O160, O160/[7,7], [7,7]/O160, O160/[7,13], [7,13]/O160, O160/[7,11], [7,11]/O160, O160/[7,17], [7,17]/O160, O160/[13,2], [13,2]/O160, O160/[13,3], [13,3]/O160, O160/[13,5], [13,5]/O160, O160/[13,7], [13,7]/O160, O160/[13,11], [13,11]/O160, [13,17]/O160, O160/[13,17], O160/[11,2], [11,2]/O160, O160/[11,3], [11,3]/O160, O160/[11,5], [11,5]/O160, O160/[11,7], [11,7]/O160, O160/[11,13], [11,13]/O160, O160/[11,11], [11,11]/O160, O160/[11,17], [11,17]/O160, O160/2, 2/O160, O160/3, 3/O160, O160/5, 5/O160, O160/7, 7/O160, O160/13, 13/O160, O160/11, 11/O160, O160/17, 17/O160, 1/O160), Pq([17,17]/4, 4/[17,17], [17,17]/[2,3], [2,3]/[17,17], [17,17]/[2,5], [2,5]/[17,17], [17,17]/[2,7], [2,7]/[17,17], [17,17]/[2,13], [2,13]/[17,17], [17,17]/[2,11], [2,11]/[17,17], [17,17]/[2,17], [2,17]/[17,17], [17,17]/[3,2], [3,2]/[17,17], [17,17]/[3,3], [3,3]/[17,17], [17,17]/[3,5], [3,5]/[17,17], [17,17]/[3,7], [3,7]/[17,17], [17,17]/[3,13], [3,13]/[17,17], [17,17]/[3,11], [3,11]/[17,17], [17,17]/[3,17], [3,17]/[17,17], [17,17]/[5,2], [5,2]/[17,17], [17,17]/[5,3], [5,3]/[17,17], [17,17]/[5,5], [5,5]/[17,17], [17,17]/[5,7], [5,7]/[17,17], [17,17]/[5,13], [5,13]/[17,17], [17,17]/[5,11], [5,11]/[17,17], [17,17]/[5,17], [5,17]/[17,17], [17,17]/[7,2], [7,2]/[17,17], [17,17]/[7,3], [7,3]/[17,17], [17,17]/[7,5], [7,5]/[17,17], [17,17]/[7,7], [7,7]/[17,17], [17,17]/[7,13], [7,13]/[17,17], [17,17]/[7,11], [7,11]/[17,17], [17,17]/[7,17], [7,17]/[17,17], [17,17]/[13,2], [13,2]/[17,17], [17,17]/[13,3], [13,3]/[17,17], [17,17]/[13,5], [13,5]/[17,17], [17,17]/[13,7], [13,7]/[17,17], [17,17]/[13,13], [13,13]/[17,17], [17,17]/[13,11], [13,11]/[17,17], [17,17]/[13,17], [13,17]/[17,17], [17,17]/[11,2], [11,2]/[17,17], [17,17]/[11,3], [11,3]/[17,17], [17,17]/[11,5], [11,5]/[17,17], [17,17]/[11,7], [11,7]/[17,17], [17,17]/[11,13], [11,13]/[17,17], [17,17]/[11,11], [11,11]/[17,17], [17,17]/[11,17], [11,17]/[17,17], [17,17]/[17,2], [17,2]/[17,17], [17,17]/[17,3], [17,3]/[17,17], [17,17]/[17,5], [17,5]/[17,17], [17,17]/[17,7], [17,7]/[17,17], [17,17]/[17,13], [17,13]/[17,17], [17,17]/[17,11], [17,11]/[17,17], [17,17]/2, 2/[17,17], [17,17]/3, 3/[17,17], [17,17]/5, 5/[17,17], [17,17]/7, 7/[17,17], [17,17]/13, 13/[17,17], [17,17]/11, 11/[17,17], [[17,17]/17, [2,17]/2, [3,17]/3, [5,17]/5, [7,17]/7, [13,17]/13, [11,17]/11], [17/[17,17], 2/[2,17], 3/[3,17], 5/[5,17], 7/[7,17], 13/[13,17], 11/[11,17], 1/17], [[17,17]/17, [17,2]/2, [17,3]/3, [17,5]/5, [17,7]/7, [17,13]/13, [17,11]/11], [17/[17,17], 2/[17,2], 3/[17,3], 5/[17,5], 7/[17,7], 13/[17,13], 11/[17,11], 1/17], 1/[17,17], [2,3]/4, 4/[2,3], [2,5]/4, 4/[2,5], [2,7]/4, 4/[2,7], [2,13]/4, 4/[2,13], [2,11]/4, 4/[2,11], [2,17]/4, 4/[2,17], [3,2]/4, 4/[3,2], [3,3]/4, 4/[3,3], [3,5]/4, 4/[3,5], [3,7]/4, 4/[3,7], [3,13]/4, 4/[3,13], [3,11]/4, 4/[3,11], [3,17]/4, 4/[3,17], [5,2]/4, 4/[5,2], [5,3]/4, 4/[5,3], [5,5]/4, 4/[5,5], [5,7]/4, 4/[5,7], [5,13]/4, 4/[5,13], [5,11]/4, 4/[5,11], [5,17]/4, 4/[5,17], [7,2]/4, 4/[7,2], [7,3]/4, 4/[7,3], [7,5]/4, 4/[7,5], [7,7]/4, 4/[7,7], [7,13]/4, 4/[7,13], [7,11]/4, 4/[7,11], [7,17]/4, 4/[7,17], [13,2]/4, 4/[13,2], [13,3]/4, 4/[13,3], [13,5]/4, 4/[13,5], [13,7]/4, 4/[13,7], [13,13]/4, 4/[13,13], [13,11]/4, 4/[13,11], [13,17]/4, 4/[13,17], [11,2]/4, 4/[11,2], [11,3]/4, 4/[11,3], [11,5]/4, 4/[11,5], [11,7]/4, 4/[11,7], [11,13]/4, 4/[11,13], [11,11]/4, 4/[11,11], [11,17]/4, 4/[11,17], [17,2]/4, 4/[17,2], [17,3]/4, 4/[17,3], [17,5]/4, 4/[17,5], [17,7]/4, 4/[17,7], [17,13]/4, 4/[17,13], [17,11]/4, 4/[17,11], [4/2, [3,2]/3, [5,2]/5, [7,2]/7, [13,2]/13, [11,2]/11, [17,2]/17], [2/4, 3/[3,2], 5/[5,2], 7/[7,2], 13/[13,2], 11/[11,2], 17/[17,2], 1/2], [4/2, [2,3]/3, [2,5]/5, [2,7]/7, [2,13]/13, [2,11]/11, [2,17]/17], [2/4, 3/[2,3], 5/[2,5], 7/[2,7], 13/[2,13], 11/[2,11], 17/[2,17], 1/2], 1/4, [2,5]/[2,3], [2,3]/[2,5], [2,7]/[2,3], [2,3]/[2,7], [2,13]/[2,3], [2,3]/[2,13], [2,11]/[2,3], [2,3]/[2,11], [2,17]/[2,3], [2,3]/[2,17], [3,3]/[2,3], [2,3]/[3,3], [3,5]/[2,3], [2,3]/[3,5], [3,7]/[2,3], [2,3]/[3,7], [3,13]/[2,3], [2,3]/[3,13], [3,11]/[2,3], [2,3]/[3,11], [3,17]/[2,3], [2,3]/[3,17], [5,3]/[2,3], [2,3]/[5,3], [5,5]/[2,3], [2,3]/[5,5], [5,7]/[2,3], [2,3]/[5,7], [5,13]/[2,3], [2,3]/[5,13], [5,11]/[2,3], [2,3]/[5,11], [5,17]/[2,3], [2,3]/[5,17], [7,3]/[2,3], [2,3]/[7,3], [7,5]/[2,3], [2,3]/[7,5], [7,7]/[2,3], [2,3]/[7,7], [7,13]/[2,3], [2,3]/[7,13], [7,11]/[2,3], [2,3]/[7,11], [7,17]/[2,3], [2,3]/[7,17], [13,3]/[2,3], [2,3]/[13,3], [13,5]/[2,3], [2,3]/[13,5], [13,7]/[2,3], [2,3]/[13,7], [13,13]/[2,3], [2,3]/[13,13], [13,11]/[2,3], [2,3]/[13,11], [13,17]/[2,3], [2,3]/[13,17], [11,3]/[2,3], [2,3]/[11,3], [11,5]/[2,3], [2,3]/[11,5], [11,7]/[2,3], [2,3]/[11,7], [11,13]/[2,3], [2,3]/[11,13], [11,11]/[2,3], [2,3]/[11,11], [11,17]/[2,3], [2,3]/[11,17], [17,3]/[2,3], [2,3]/[17,3], [17,5]/[2,3], [2,3]/[17,5], [17,7]/[2,3], [2,3]/[17,7], [17,13]/[2,3], [2,3]/[17,13], [17,11]/[2,3], [2,3]/[17,11], [[2,3]/2, [3,3]/3, [5,3]/5, [7,3]/7, [13,3]/13, [11,3]/11, [17,3]/17], [2/[2,3], 3/[3,3], 5/[5,3], 7/[7,3], 13/[13,3], 11/[11,3], 17/[17,3], 1/3], [2,3]/2, 2/[2,3], 1/[2,3], [2,7]/[2,5], [2,5]/[2,7], [2,13]/[2,5], [2,5]/[2,13], [2,11]/[2,5], [2,5]/[2,11], [2,17]/[2,5], [2,5]/[2,17], [3,5]/[2,5], [2,5]/[3,5], [3,7]/[2,5], [2,5]/[3,7], [3,13]/[2,5], [2,5]/[3,13], [3,11]/[2,5], [2,5]/[3,11], [3,17]/[2,5], [2,5]/[3,17], [5,5]/[2,5], [2,5]/[5,5], [5,7]/[2,5], [2,5]/[5,7], [5,13]/[2,5], [2,5]/[5,13], [5,11]/[2,5], [2,5]/[5,11], [5,17]/[2,5], [2,5]/[5,17], [7,5]/[2,5], [2,5]/[7,5], [7,7]/[2,5], [2,5]/[7,7], [7,13]/[2,5], [2,5]/[7,13], [7,11]/[2,5], [2,5]/[7,11], [7,17]/[2,5], [2,5]/[7,17], [13,5]/[2,5], [2,5]/[13,5], [13,7]/[2,5], [2,5]/[13,7], [13,13]/[2,5], [2,5]/[13,13], [13,11]/[2,5], [2,5]/[13,11], [13,17]/[2,5], [2,5]/[13,17], [11,5]/[2,5], [2,5]/[11,5], [11,7]/[2,5], [2,5]/[11,7], [11,13]/[2,5], [2,5]/[11,13], [11,11]/[2,5], [2,5]/[11,11], [11,17]/[2,5], [2,5]/[11,17], [17,5]/[2,5], [2,5]/[17,5], [17,7]/[2,5], [2,5]/[17,7], [17,13]/[2,5], [2,5]/[17,13], [17,11]/[2,5], [2,5]/[17,11], [[2,5]/2, [3,5]/3, [5,5]/5, [7,5]/7, [13,5]/13, [11,5]/11, [17,5]/17], [2/[2,5], 3/[3,5], 5/[5,5], 7/[7,5], 13/[13,5], 11/[11,5], 17/[17,5], 1/5], [2,5]/2, 2/[2,5], [2,5]/3, 3/[2,5], 1/[2,5], [2,13]/[2,7], [2,7]/[2,13], [2,11]/[2,7], [2,7]/[2,11], [2,17]/[2,7], [2,7]/[2,17], [3,7]/[2,7], [2,7]/[3,7], [3,13]/[2,7], [2,7]/[3,13], [3,11]/[2,7], [2,7]/[3,11], [3,17]/[2,7], [2,7]/[3,17], [5,7]/[2,7], [2,7]/[5,7], [5,13]/[2,7], [2,7]/[5,13], [5,11]/[2,7], [2,7]/[5,11], [5,17]/[2,7], [2,7]/[5,17], [7,7]/[2,7], [2,7]/[7,7], [7,13]/[2,7], [2,7]/[7,13], [7,11]/[2,7], [2,7]/[7,11], [7,17]/[2,7], [2,7]/[7,17], [13,7]/[2,7], [2,7]/[13,7], [13,13]/[2,7], [2,7]/[13,13], [13,11]/[2,7], [2,7]/[13,11], [13,17]/[2,7], [2,7]/[13,17], [11,7]/[2,7], [2,7]/[11,7], [11,13]/[2,7], [2,7]/[11,13], [11,11]/[2,7], [2,7]/[11,11], [11,17]/[2,7], [2,7]/[11,17], [17,7]/[2,7], [2,7]/[17,7], [17,13]/[2,7], [2,7]/[17,13], [17,11]/[2,7], [2,7]/[17,11], [[2,7]/2, [3,7]/3, [5,7]/5, [7,7]/7, [13,7]/13, [11,7]/11, [17,7]/17], [2/[2,7], 3/[3,7], 5/[5,7], 7/[7,7], 13/[13,7], 11/[11,7], 17/[17,7], 1/7], [2,7]/2, 2/[2,7], [2,7]/3, 3/[2,7], [2,7]/5, 5/[2,7], 1/[2,7], [2,13]/[2,11], [2,11]/[2,13], [2,17]/[2,13], [2,13]/[2,17], [3,13]/[2,13], [2,13]/[3,13], [3,17]/[2,13], [2,13]/[3,17], [5,13]/[2,13], [2,13]/[5,13], [5,17]/[2,13], [2,13]/[5,17], [7,13]/[2,13], [2,13]/[7,13], [7,17]/[2,13], [2,13]/[7,17], [13,13]/[2,13], [2,13]/[13,13], [13,17]/[2,13], [2,13]/[13,17], [11,13]/[2,13], [2,13]/[11,13], [11,17]/[2,13], [2,13]/[11,17], [17,13]/[2,13], [2,13]/[17,13], [[2,13]/2, [3,13]/3, [5,13]/5, [7,13]/7, [13,13]/13, [11,13]/11, [17,13]/17], [2/[2,13], 3/[3,13], 5/[5,13], 7/[7,13], 13/[13,13], 11/[11,13], 17/[17,13], 1/13], [2,13]/2, 2/[2,13], [2,13]/3, 3/[2,13], [2,13]/5, 5/[2,13], [2,13]/7, 7/[2,13], [2,13]/11, 11/[2,13], 1/[2,13], [2,17]/[2,11], [2,11]/[2,17], [3,13]/[2,11], [2,11]/[3,13], [3,11]/[2,11], [2,11]/[3,11], [3,17]/[2,11], [2,11]/[3,17], [5,13]/[2,11], [2,11]/[5,13], [5,11]/[2,11], [2,11]/[5,11], [5,17]/[2,11], [2,11]/[5,17], [7,13]/[2,11], [2,11]/[7,13], [7,11]/[2,11], [2,11]/[7,11], [7,17]/[2,11], [2,11]/[7,17], [13,13]/[2,11], [2,11]/[13,13], [13,11]/[2,11], [2,11]/[13,11], [13,17]/[2,11], [2,11]/[13,17], [11,13]/[2,11], [2,11]/[11,13], [11,11]/[2,11], [2,11]/[11,11], [11,17]/[2,11], [2,11]/[11,17], [17,13]/[2,11], [2,11]/[17,13], [17,11]/[2,11], [2,11]/[17,11], [[2,11]/2, [3,11]/3, [5,11]/5, [7,11]/7, [13,11]/13, [11,11]/11, [17,11]/17], [2/[2,11], 3/[3,11], 5/[5,11], 7/[7,11], 13/[13,11], 11/[11,11], 17/[17,11], 1/11], [2,11]/2, 2/[2,11], [2,11]/3, 3/[2,11], [2,11]/5, 5/[2,11], [2,11]/7, 7/[2,11], 1/[2,11], [3,17]/[2,17], [2,17]/[3,17], [5,17]/[2,17], [2,17]/[5,17], [7,17]/[2,17], [2,17]/[7,17], [13,17]/[2,17], [2,17]/[13,17], [11,17]/[2,17], [2,17]/[11,17], [2,17]/2, 2/[2,17], [2,17]/3, 3/[2,17], [2,17]/5, 5/[2,17], [2,17]/7, 7/[2,17], [2,17]/13, 13/[2,17], [2,17]/11, 11/[2,17], 1/[2,17], [3,3]/[3,2], [3,2]/[3,3], [3,5]/[3,2], [3,2]/[3,5], [3,7]/[3,2], [3,2]/[3,7], [3,13]/[3,2], [3,2]/[3,13], [3,11]/[3,2], [3,2]/[3,11], [3,17]/[3,2], [3,2]/[3,17], [5,2]/[3,2], [3,2]/[5,2], [5,3]/[3,2], [3,2]/[5,3], [5,5]/[3,2], [3,2]/[5,5], [5,7]/[3,2], [3,2]/[5,7], [5,13]/[3,2], [3,2]/[5,13], [5,11]/[3,2], [3,2]/[5,11], [5,17]/[3,2], [3,2]/[5,17], [7,2]/[3,2], [3,2]/[7,2], [7,3]/[3,2], [3,2]/[7,3], [7,5]/[3,2], [3,2]/[7,5], [7,7]/[3,2], [3,2]/[7,7], [7,13]/[3,2], [3,2]/[7,13], [7,11]/[3,2], [3,2]/[7,11], [7,17]/[3,2], [3,2]/[7,17], [13,2]/[3,2], [3,2]/[13,2], [13,3]/[3,2], [3,2]/[13,3], [13,5]/[3,2], [3,2]/[13,5], [13,7]/[3,2], [3,2]/[13,7], [13,13]/[3,2], [3,2]/[13,13], [13,11]/[3,2], [3,2]/[13,11], [13,17]/[3,2], [3,2]/[13,17], [11,2]/[3,2], [3,2]/[11,2], [11,3]/[3,2], [3,2]/[11,3], [11,5]/[3,2], [3,2]/[11,5], [11,7]/[3,2], [3,2]/[11,7], [11,13]/[3,2], [3,2]/[11,13], [11,11]/[3,2], [3,2]/[11,11], [11,17]/[3,2], [3,2]/[11,17], [17,2]/[3,2], [3,2]/[17,2], [17,3]/[3,2], [3,2]/[17,3], [17,5]/[3,2], [3,2]/[17,5], [17,7]/[3,2], [3,2]/[17,7], [17,13]/[3,2], [3,2]/[17,13], [17,11]/[3,2], [3,2]/[17,11], [3,2]/2, 2/[3,2], [[3,2]/2, [3,3]/3, [3,5]/5, [3,7]/7, [3,13]/13, [3,11]/11, [3,17]/17], [2/[3,2], 3/[3,3], 5/[3,5], 7/[3,7], 13/[3,13], 11/[3,11], 17/[3,17], 1/3], 1/[3,2], [3,5]/[3,3], [3,3]/[3,5], [3,7]/[3,3], [3,3]/[3,7], [3,13]/[3,3], [3,3]/[3,13], [3,11]/[3,3], [3,3]/[3,11], [3,17]/[3,3], [3,3]/[3,17], [5,3]/[3,3], [3,3]/[5,3], [5,5]/[3,3], [3,3]/[5,5], [5,7]/[3,3], [3,3]/[5,7], [5,13]/[3,3], [3,3]/[5,13], [5,11]/[3,3], [3,3]/[5,11], [5,17]/[3,3], [3,3]/[5,17], [7,3]/[3,3], [3,3]/[7,3], [7,5]/[3,3], [3,3]/[7,5], [7,7]/[3,3], [3,3]/[7,7], [7,13]/[3,3], [3,3]/[7,13], [7,11]/[3,3], [3,3]/[7,11], [7,17]/[3,3], [3,3]/[7,17], [13,3]/[3,3], [3,3]/[13,3], [13,5]/[3,3], [3,3]/[13,5], [13,7]/[3,3], [3,3]/[13,7], [13,13]/[3,3], [3,3]/[13,13], [13,11]/[3,3], [3,3]/[13,11], [13,17]/[3,3], [3,3]/[13,17], [11,3]/[3,3], [3,3]/[11,3], [11,5]/[3,3], [3,3]/[11,5], [11,7]/[3,3], [3,3]/[11,7], [11,13]/[3,3], [3,3]/[11,13], [11,11]/[3,3], [3,3]/[11,11], [11,17]/[3,3], [3,3]/[11,17], [17,3]/[3,3], [3,3]/[17,3], [17,5]/[3,3], [3,3]/[17,5], [17,7]/[3,3], [3,3]/[17,7], [17,13]/[3,3], [3,3]/[17,13], [17,11]/[3,3], [3,3]/[17,11], [3,3]/2, 2/[3,3], 1/[3,3], [3,7]/[3,5], [3,5]/[3,7], [3,13]/[3,5], [3,5]/[3,13], [3,11]/[3,5], [3,5]/[3,11], [3,17]/[3,5], [3,5]/[3,17], [5,5]/[3,5], [3,5]/[5,5], [5,7]/[3,5], [3,5]/[5,7], [5,13]/[3,5], [3,5]/[5,13], [5,11]/[3,5], [3,5]/[5,11], [5,17]/[3,5], [3,5]/[5,17], [7,5]/[3,5], [3,5]/[7,5], [7,7]/[3,5], [3,5]/[7,7], [7,13]/[3,5], [3,5]/[7,13], [7,11]/[3,5], [3,5]/[7,11], [7,17]/[3,5], [3,5]/[7,17], [13,5]/[3,5], [3,5]/[13,5], [13,7]/[3,5], [3,5]/[13,7], [13,13]/[3,5], [3,5]/[13,13], [13,11]/[3,5], [3,5]/[13,11], [13,17]/[3,5], [3,5]/[13,17], [11,5]/[3,5], [3,5]/[11,5], [11,7]/[3,5], [3,5]/[11,7], [11,13]/[3,5], [3,5]/[11,13], [11,11]/[3,5], [3,5]/[11,11], [11,17]/[3,5], [3,5]/[11,17], [17,5]/[3,5], [3,5]/[17,5], [17,7]/[3,5], [3,5]/[17,7], [17,13]/[3,5], [3,5]/[17,13], [17,11]/[3,5], [3,5]/[17,11], [3,5]/2, 2/[3,5], [3,5]/3, 3/[3,5], 1/[3,5], [3,13]/[3,7], [3,7]/[3,13], [3,11]/[3,7], [3,7]/[3,11], [3,17]/[3,7], [3,7]/[3,17], [5,7]/[3,7], [3,7]/[5,7], [5,13]/[3,7], [3,7]/[5,13], [5,11]/[3,7], [3,7]/[5,11], [5,17]/[3,7], [3,7]/[5,17], [7,7]/[3,7], [3,7]/[7,7], [7,13]/[3,7], [3,7]/[7,13], [7,11]/[3,7], [3,7]/[7,11], [7,17]/[3,7], [3,7]/[7,17], [13,7]/[3,7], [3,7]/[13,7], [13,13]/[3,7], [3,7]/[13,13], [13,11]/[3,7], [3,7]/[13,11], [13,17]/[3,7], [3,7]/[13,17], [11,7]/[3,7], [3,7]/[11,7], [11,13]/[3,7], [3,7]/[11,13], [11,11]/[3,7], [3,7]/[11,11], [11,17]/[3,7], [3,7]/[11,17], [17,7]/[3,7], [3,7]/[17,7], [17,13]/[3,7], [3,7]/[17,13], [17,11]/[3,7], [3,7]/[17,11], [3,7]/2, 2/[3,7], [3,7]/3, 3/[3,7], [3,7]/5, 5/[3,7], 1/[3,7], [3,13]/[3,11], [3,11]/[3,13], [3,17]/[3,13], [3,13]/[3,17], [5,13]/[3,13], [3,13]/[5,13], [5,17]/[3,13], [3,13]/[5,17], [7,13]/[3,13], [3,13]/[7,13], [7,17]/[3,13], [3,13]/[7,17], [13,13]/[3,13], [3,13]/[13,13], [13,17]/[3,13], [3,13]/[13,17], [11,13]/[3,13], [3,13]/[11,13], [11,17]/[3,13], [3,13]/[11,17], [17,13]/[3,13], [3,13]/[17,13], [3,13]/2, 2/[3,13], [3,13]/3, 3/[3,13], [3,13]/5, 5/[3,13], [3,13]/7, 7/[3,13], [3,13]/11, 11/[3,13], 1/[3,13], [3,17]/[3,11], [3,11]/[3,17], [5,13]/[3,11], [3,11]/[5,13], [5,11]/[3,11], [3,11]/[5,11], [5,17]/[3,11], [3,11]/[5,17], [7,13]/[3,11], [3,11]/[7,13], [7,11]/[3,11], [3,11]/[7,11], [7,17]/[3,11], [3,11]/[7,17], [13,13]/[3,11], [3,11]/[13,13], [13,11]/[3,11], [3,11]/[13,11], [13,17]/[3,11], [3,11]/[13,17], [11,13]/[3,11], [3,11]/[11,13], [11,11]/[3,11], [3,11]/[11,11], [11,17]/[3,11], [3,11]/[11,17], [17,13]/[3,11], [3,11]/[17,13], [17,11]/[3,11], [3,11]/[17,11], [3,11]/2, 2/[3,11], [3,11]/3, 3/[3,11], [3,11]/5, 5/[3,11], [3,11]/7, 7/[3,11], 1/[3,11], [5,17]/[3,17], [3,17]/[5,17], [7,17]/[3,17], [3,17]/[7,17], [13,17]/[3,17], [3,17]/[13,17], [11,17]/[3,17], [3,17]/[11,17], [3,17]/2, 2/[3,17], [3,17]/3, 3/[3,17], [3,17]/5, 5/[3,17], [3,17]/7, 7/[3,17], [3,17]/13, 13/[3,17], [3,17]/11, 11/[3,17], 1/[3,17], [5,3]/[5,2], [5,2]/[5,3], [5,5]/[5,2], [5,2]/[5,5], [5,7]/[5,2], [5,2]/[5,7], [5,13]/[5,2], [5,2]/[5,13], [5,11]/[5,2], [5,2]/[5,11], [5,17]/[5,2], [5,2]/[5,17], [7,2]/[5,2], [5,2]/[7,2], [7,3]/[5,2], [5,2]/[7,3], [7,5]/[5,2], [5,2]/[7,5], [7,7]/[5,2], [5,2]/[7,7], [7,13]/[5,2], [5,2]/[7,13], [7,11]/[5,2], [5,2]/[7,11], [7,17]/[5,2], [5,2]/[7,17], [13,2]/[5,2], [5,2]/[13,2], [13,3]/[5,2], [5,2]/[13,3], [13,5]/[5,2], [5,2]/[13,5], [13,7]/[5,2], [5,2]/[13,7], [13,13]/[5,2], [5,2]/[13,13], [13,11]/[5,2], [5,2]/[13,11], [13,17]/[5,2], [5,2]/[13,17], [11,2]/[5,2], [5,2]/[11,2], [11,3]/[5,2], [5,2]/[11,3], [11,5]/[5,2], [5,2]/[11,5], [11,7]/[5,2], [5,2]/[11,7], [11,13]/[5,2], [5,2]/[11,13], [11,11]/[5,2], [5,2]/[11,11], [11,17]/[5,2], [5,2]/[11,17], [17,2]/[5,2], [5,2]/[17,2], [17,3]/[5,2], [5,2]/[17,3], [17,5]/[5,2], [5,2]/[17,5], [17,7]/[5,2], [5,2]/[17,7], [17,13]/[5,2], [5,2]/[17,13], [17,11]/[5,2], [5,2]/[17,11], [5,2]/2, 2/[5,2], [[5,2]/2, [5,3]/3, [5,5]/5, [5,7]/7, [5,13]/13, [5,11]/11, [5,17]/17], [2/[5,2], 3/[5,3], 5/[5,5], 7/[5,7], 13/[5,13], 11/[5,11], 17/[5,17], 1/5], [5,2]/3, 3/[5,2], 1/[5,2], [5,5]/[5,3], [5,3]/[5,5], [5,7]/[5,3], [5,3]/[5,7], [5,13]/[5,3], [5,3]/[5,13], [5,11]/[5,3], [5,3]/[5,11], [5,17]/[5,3], [5,3]/[5,17], [7,3]/[5,3], [5,3]/[7,3], [7,5]/[5,3], [5,3]/[7,5], [7,7]/[5,3], [5,3]/[7,7], [7,13]/[5,3], [5,3]/[7,13], [7,11]/[5,3], [5,3]/[7,11], [7,17]/[5,3], [5,3]/[7,17], [13,3]/[5,3], [5,3]/[13,3], [13,5]/[5,3], [5,3]/[13,5], [13,7]/[5,3], [5,3]/[13,7], [13,13]/[5,3], [5,3]/[13,13], [13,11]/[5,3], [5,3]/[13,11], [13,17]/[5,3], [5,3]/[13,17], [11,3]/[5,3], [5,3]/[11,3], [11,5]/[5,3], [5,3]/[11,5], [11,7]/[5,3], [5,3]/[11,7], [11,13]/[5,3], [5,3]/[11,13], [11,11]/[5,3], [5,3]/[11,11], [11,17]/[5,3], [5,3]/[11,17], [17,3]/[5,3], [5,3]/[17,3], [17,5]/[5,3], [5,3]/[17,5], [17,7]/[5,3], [5,3]/[17,7], [17,13]/[5,3], [5,3]/[17,13], [17,11]/[5,3], [5,3]/[17,11], [5,3]/2, 2/[5,3], [5,3]/3, 3/[5,3], 1/[5,3], [5,7]/[5,5], [5,5]/[5,7], [5,13]/[5,5], [5,5]/[5,13], [5,11]/[5,5], [5,5]/[5,11], [5,17]/[5,5], [5,5]/[5,17], [7,5]/[5,5], [5,5]/[7,5], [7,7]/[5,5], [5,5]/[7,7], [7,13]/[5,5], [5,5]/[7,13], [7,11]/[5,5], [5,5]/[7,11], [7,17]/[5,5], [5,5]/[7,17], [13,5]/[5,5], [5,5]/[13,5], [13,7]/[5,5], [5,5]/[13,7], [13,13]/[5,5], [5,5]/[13,13], [13,11]/[5,5], [5,5]/[13,11], [13,17]/[5,5], [5,5]/[13,17], [11,5]/[5,5], [5,5]/[11,5], [11,7]/[5,5], [5,5]/[11,7], [11,13]/[5,5], [5,5]/[11,13], [11,11]/[5,5], [5,5]/[11,11], [11,17]/[5,5], [5,5]/[11,17], [17,5]/[5,5], [5,5]/[17,5], [17,7]/[5,5], [5,5]/[17,7], [17,13]/[5,5], [5,5]/[17,13], [17,11]/[5,5], [5,5]/[17,11], [5,5]/2, 2/[5,5], [5,5]/3, 3/[5,5], 1/[5,5], [5,13]/[5,7], [5,7]/[5,13], [5,11]/[5,7], [5,7]/[5,11], [5,17]/[5,7], [5,7]/[5,17], [7,7]/[5,7], [5,7]/[7,7], [7,13]/[5,7], [5,7]/[7,13], [7,11]/[5,7], [5,7]/[7,11], [7,17]/[5,7], [5,7]/[7,17], [13,7]/[5,7], [5,7]/[13,7], [13,13]/[5,7], [5,7]/[13,13], [13,11]/[5,7], [5,7]/[13,11], [13,17]/[5,7], [5,7]/[13,17], [11,7]/[5,7], [5,7]/[11,7], [11,13]/[5,7], [5,7]/[11,13], [11,11]/[5,7], [5,7]/[11,11], [11,17]/[5,7], [5,7]/[11,17], [17,7]/[5,7], [5,7]/[17,7], [17,13]/[5,7], [5,7]/[17,13], [17,11]/[5,7], [5,7]/[17,11], [5,7]/2, 2/[5,7], [5,7]/3, 3/[5,7], [5,7]/5, 5/[5,7], 1/[5,7], [5,13]/[5,11], [5,11]/[5,13], [5,17]/[5,13], [5,13]/[5,17], [7,13]/[5,13], [5,13]/[7,13], [7,17]/[5,13], [5,13]/[7,17], [13,13]/[5,13], [5,13]/[13,13], [13,17]/[5,13], [5,13]/[13,17], [11,13]/[5,13], [5,13]/[11,13], [11,17]/[5,13], [5,13]/[11,17], [17,13]/[5,13], [5,13]/[17,13], [5,13]/2, 2/[5,13], [5,13]/3, 3/[5,13], [5,13]/5, 5/[5,13], [5,13]/7, 7/[5,13], [5,13]/11, 11/[5,13], 1/[5,13], [5,17]/[5,11], [5,11]/[5,17], [7,13]/[5,11], [5,11]/[7,13], [7,11]/[5,11], [5,11]/[7,11], [7,17]/[5,11], [5,11]/[7,17], [13,13]/[5,11], [5,11]/[13,13], [13,11]/[5,11], [5,11]/[13,11], [13,17]/[5,11], [5,11]/[13,17], [11,13]/[5,11], [5,11]/[11,13], [11,11]/[5,11], [5,11]/[11,11], [11,17]/[5,11], [5,11]/[11,17], [17,13]/[5,11], [5,11]/[17,13], [17,11]/[5,11], [5,11]/[17,11], [5,11]/2, 2/[5,11], [5,11]/3, 3/[5,11], [5,11]/5, 5/[5,11], [5,11]/7, 7/[5,11], 1/[5,11], [7,17]/[5,17], [5,17]/[7,17], [13,17]/[5,17], [5,17]/[13,17], [11,17]/[5,17], [5,17]/[11,17], [5,17]/2, 2/[5,17], [5,17]/3, 3/[5,17], [5,17]/5, 5/[5,17], [5,17]/7, 7/[5,17], [5,17]/13, 13/[5,17], [5,17]/11, 11/[5,17], 1/[5,17], [7,3]/[7,2], [7,2]/[7,3], [7,5]/[7,2], [7,2]/[7,5], [7,7]/[7,2], [7,2]/[7,7], [7,13]/[7,2], [7,2]/[7,13], [7,11]/[7,2], [7,2]/[7,11], [7,17]/[7,2], [7,2]/[7,17], [13,2]/[7,2], [7,2]/[13,2], [13,3]/[7,2], [7,2]/[13,3], [13,5]/[7,2], [7,2]/[13,5], [13,7]/[7,2], [7,2]/[13,7], [13,13]/[7,2], [7,2]/[13,13], [13,11]/[7,2], [7,2]/[13,11], [13,17]/[7,2], [7,2]/[13,17], [11,2]/[7,2], [7,2]/[11,2], [11,3]/[7,2], [7,2]/[11,3], [11,5]/[7,2], [7,2]/[11,5], [11,7]/[7,2], [7,2]/[11,7], [11,13]/[7,2], [7,2]/[11,13], [11,11]/[7,2], [7,2]/[11,11], [11,17]/[7,2], [7,2]/[11,17], [17,2]/[7,2], [7,2]/[17,2], [17,3]/[7,2], [7,2]/[17,3], [17,5]/[7,2], [7,2]/[17,5], [17,7]/[7,2], [7,2]/[17,7], [17,13]/[7,2], [7,2]/[17,13], [17,11]/[7,2], [7,2]/[17,11], [7,2]/2, 2/[7,2], [[7,2]/2, [7,3]/3, [7,5]/5, [7,7]/7, [7,13]/13, [7,11]/11, [7,17]/17], [2/[7,2], 3/[7,3], 5/[7,5], 7/[7,7], 13/[7,13], 11/[7,11], 17/[7,17], 1/7], [7,2]/3, 3/[7,2], [7,2]/5, 5/[7,2], 1/[7,2], [7,5]/[7,3], [7,3]/[7,5], [7,7]/[7,3], [7,3]/[7,7], [7,13]/[7,3], [7,3]/[7,13], [7,11]/[7,3], [7,3]/[7,11], [7,17]/[7,3], [7,3]/[7,17], [13,3]/[7,3], [7,3]/[13,3], [13,5]/[7,3], [7,3]/[13,5], [13,7]/[7,3], [7,3]/[13,7], [13,13]/[7,3], [7,3]/[13,13], [13,11]/[7,3], [7,3]/[13,11], [13,17]/[7,3], [7,3]/[13,17], [11,3]/[7,3], [7,3]/[11,3], [11,5]/[7,3], [7,3]/[11,5], [11,7]/[7,3], [7,3]/[11,7], [11,13]/[7,3], [7,3]/[11,13], [11,11]/[7,3], [7,3]/[11,11], [11,17]/[7,3], [7,3]/[11,17], [17,3]/[7,3], [7,3]/[17,3], [17,5]/[7,3], [7,3]/[17,5], [17,7]/[7,3], [7,3]/[17,7], [17,13]/[7,3], [7,3]/[17,13], [17,11]/[7,3], [7,3]/[17,11], [7,3]/2, 2/[7,3], [7,3]/3, 3/[7,3], [7,3]/5, 5/[7,3], 1/[7,3], [7,7]/[7,5], [7,5]/[7,7], [7,13]/[7,5], [7,5]/[7,13], [7,11]/[7,5], [7,5]/[7,11], [7,17]/[7,5], [7,5]/[7,17], [13,5]/[7,5], [7,5]/[13,5], [13,7]/[7,5], [7,5]/[13,7], [13,13]/[7,5], [7,5]/[13,13], [13,11]/[7,5], [7,5]/[13,11], [13,17]/[7,5], [7,5]/[13,17], [11,5]/[7,5], [7,5]/[11,5], [11,7]/[7,5], [7,5]/[11,7], [11,13]/[7,5], [7,5]/[11,13], [11,11]/[7,5], [7,5]/[11,11], [11,17]/[7,5], [7,5]/[11,17], [17,5]/[7,5], [7,5]/[17,5], [17,7]/[7,5], [7,5]/[17,7], [17,13]/[7,5], [7,5]/[17,13], [17,11]/[7,5], [7,5]/[17,11], [7,5]/2, 2/[7,5], [7,5]/3, 3/[7,5], [7,5]/5, 5/[7,5], 1/[7,5], [7,13]/[7,7], [7,7]/[7,13], [7,11]/[7,7], [7,7]/[7,11], [7,17]/[7,7], [7,7]/[7,17], [13,7]/[7,7], [7,7]/[13,7], [13,13]/[7,7], [7,7]/[13,13], [13,11]/[7,7], [7,7]/[13,11], [13,17]/[7,7], [7,7]/[13,17], [11,7]/[7,7], [7,7]/[11,7], [11,13]/[7,7], [7,7]/[11,13], [11,11]/[7,7], [7,7]/[11,11], [11,17]/[7,7], [7,7]/[11,17], [17,7]/[7,7], [7,7]/[17,7], [17,13]/[7,7], [7,7]/[17,13], [17,11]/[7,7], [7,7]/[17,11], [7,7]/2, 2/[7,7], [7,7]/3, 3/[7,7], [7,7]/5, 5/[7,7], 1/[7,7], [7,13]/[7,11], [7,11]/[7,13], [7,17]/[7,13], [7,13]/[7,17], [13,13]/[7,13], [7,13]/[13,13], [13,17]/[7,13], [7,13]/[13,17], [11,13]/[7,13], [7,13]/[11,13], [11,17]/[7,13], [7,13]/[11,17], [17,13]/[7,13], [7,13]/[17,13], [7,13]/2, 2/[7,13], [7,13]/3, 3/[7,13], [7,13]/5, 5/[7,13], [7,13]/7, 7/[7,13], [7,13]/11, 11/[7,13], 1/[7,13], [7,17]/[7,11], [7,11]/[7,17], [13,13]/[7,11], [7,11]/[13,13], [13,11]/[7,11], [7,11]/[13,11], [13,17]/[7,11], [7,11]/[13,17], [11,13]/[7,11], [7,11]/[11,13], [11,11]/[7,11], [7,11]/[11,11], [11,17]/[7,11], [7,11]/[11,17], [17,13]/[7,11], [7,11]/[17,13], [17,11]/[7,11], [7,11]/[17,11], [7,11]/2, 2/[7,11], [7,11]/3, 3/[7,11], [7,11]/5, 5/[7,11], [7,11]/7, 7/[7,11], 1/[7,11], [13,17]/[7,17], [7,17]/[13,17], [11,17]/[7,17], [7,17]/[11,17], [7,17]/2, 2/[7,17], [7,17]/3, 3/[7,17], [7,17]/5, 5/[7,17], [7,17]/7, 7/[7,17], [7,17]/13, 13/[7,17], [7,17]/11, 11/[7,17], 1/[7,17], [13,3]/[13,2], [13,2]/[13,3], [13,5]/[13,2], [13,2]/[13,5], [13,7]/[13,2], [13,2]/[13,7], [13,13]/[13,2], [13,2]/[13,13], [13,11]/[13,2], [13,2]/[13,11], [13,17]/[13,2], [13,2]/[13,17], [13,2]/[11,2], [11,2]/[13,2], [17,2]/[13,2], [13,2]/[17,2], [17,3]/[13,2], [13,2]/[17,3], [17,5]/[13,2], [13,2]/[17,5], [17,7]/[13,2], [13,2]/[17,7], [17,13]/[13,2], [13,2]/[17,13], [17,11]/[13,2], [13,2]/[17,11], [13,2]/2, 2/[13,2], [[13,2]/2, [13,3]/3, [13,5]/5, [13,7]/7, [13,13]/13, [13,11]/11, [13,17]/17], [2/[13,2], 3/[13,3], 5/[13,5], 7/[13,7], 13/[13,13], 11/[13,11], 17/[13,17], 1/13], [13,2]/3, 3/[13,2], [13,2]/5, 5/[13,2], [13,2]/7, 7/[13,2], [13,2]/11, 11/[13,2], 1/[13,2], [13,5]/[13,3], [13,3]/[13,5], [13,7]/[13,3], [13,3]/[13,7], [13,13]/[13,3], [13,3]/[13,13], [13,11]/[13,3], [13,3]/[13,11], [13,17]/[13,3], [13,3]/[13,17], [13,3]/[11,2], [11,2]/[13,3], [13,3]/[11,3], [11,3]/[13,3], [17,3]/[13,3], [13,3]/[17,3], [17,5]/[13,3], [13,3]/[17,5], [17,7]/[13,3], [13,3]/[17,7], [17,13]/[13,3], [13,3]/[17,13], [17,11]/[13,3], [13,3]/[17,11], [13,3]/2, 2/[13,3], [13,3]/3, 3/[13,3], [13,3]/5, 5/[13,3], [13,3]/7, 7/[13,3], [13,3]/11, 11/[13,3], 1/[13,3], [13,7]/[13,5], [13,5]/[13,7], [13,13]/[13,5], [13,5]/[13,13], [13,11]/[13,5], [13,5]/[13,11], [13,17]/[13,5], [13,5]/[13,17], [13,5]/[11,2], [11,2]/[13,5], [13,5]/[11,3], [11,3]/[13,5], [13,5]/[11,5], [11,5]/[13,5], [17,5]/[13,5], [13,5]/[17,5], [17,7]/[13,5], [13,5]/[17,7], [17,13]/[13,5], [13,5]/[17,13], [17,11]/[13,5], [13,5]/[17,11], [13,5]/2, 2/[13,5], [13,5]/3, 3/[13,5], [13,5]/5, 5/[13,5], [13,5]/7, 7/[13,5], [13,5]/11, 11/[13,5], 1/[13,5], [13,13]/[13,7], [13,7]/[13,13], [13,11]/[13,7], [13,7]/[13,11], [13,17]/[13,7], [13,7]/[13,17], [13,7]/[11,2], [11,2]/[13,7], [13,7]/[11,3], [11,3]/[13,7], [13,7]/[11,5], [11,5]/[13,7], [13,7]/[11,7], [11,7]/[13,7], [17,7]/[13,7], [13,7]/[17,7], [17,13]/[13,7], [13,7]/[17,13], [17,11]/[13,7], [13,7]/[17,11], [13,7]/2, 2/[13,7], [13,7]/3, 3/[13,7], [13,7]/5, 5/[13,7], [13,7]/7, 7/[13,7], [13,7]/11, 11/[13,7], 1/[13,7], [13,13]/[13,11], [13,11]/[13,13], [13,17]/[13,13], [13,13]/[13,17], [13,13]/[11,2], [11,2]/[13,13], [13,13]/[11,3], [11,3]/[13,13], [13,13]/[11,5], [11,5]/[13,13], [13,13]/[11,7], [11,7]/[13,13], [13,13]/[11,13], [11,13]/[13,13], [13,13]/[11,11], [11,11]/[13,13], [17,13]/[13,13], [13,13]/[17,13], [13,13]/2, 2/[13,13], [13,13]/3, 3/[13,13], [13,13]/5, 5/[13,13], [13,13]/7, 7/[13,13], [13,13]/11, 11/[13,13], 1/[13,13], [13,17]/[13,11], [13,11]/[13,17], [13,11]/[11,2], [11,2]/[13,11], [13,11]/[11,3], [11,3]/[13,11], [13,11]/[11,5], [11,5]/[13,11], [13,11]/[11,7], [11,7]/[13,11], [13,11]/[11,11], [11,11]/[13,11], [17,13]/[13,11], [13,11]/[17,13], [17,11]/[13,11], [13,11]/[17,11], [13,11]/2, 2/[13,11], [13,11]/3, 3/[13,11], [13,11]/5, 5/[13,11], [13,11]/7, 7/[13,11], [13,11]/11, 11/[13,11], 1/[13,11], [13,17]/[11,2], [11,2]/[13,17], [13,17]/[11,3], [11,3]/[13,17], [13,17]/[11,5], [11,5]/[13,17], [13,17]/[11,7], [11,7]/[13,17], [13,17]/[11,13], [11,13]/[13,17], [13,17]/[11,11], [11,11]/[13,17], [13,17]/[11,17], [11,17]/[13,17], [13,17]/2, 2/[13,17], [13,17]/3, 3/[13,17], [13,17]/5, 5/[13,17], [13,17]/7, 7/[13,17], [13,17]/13, 13/[13,17], [13,17]/11, 11/[13,17], 1/[13,17], [11,3]/[11,2], [11,2]/[11,3], [11,5]/[11,2], [11,2]/[11,5], [11,7]/[11,2], [11,2]/[11,7], [11,13]/[11,2], [11,2]/[11,13], [11,11]/[11,2], [11,2]/[11,11], [11,17]/[11,2], [11,2]/[11,17], [17,2]/[11,2], [11,2]/[17,2], [17,3]/[11,2], [11,2]/[17,3], [17,5]/[11,2], [11,2]/[17,5], [17,7]/[11,2], [11,2]/[17,7], [17,13]/[11,2], [11,2]/[17,13], [17,11]/[11,2], [11,2]/[17,11], [11,2]/2, 2/[11,2], [[11,2]/2, [11,3]/3, [11,5]/5, [11,7]/7, [11,13]/13, [11,11]/11, [11,17]/17], [2/[11,2], 3/[11,3], 5/[11,5], 7/[11,7], 13/[11,13], 11/[11,11], 17/[11,17], 1/11], [11,2]/3, 3/[11,2], [11,2]/5, 5/[11,2], [11,2]/7, 7/[11,2], 1/[11,2], [11,5]/[11,3], [11,3]/[11,5], [11,7]/[11,3], [11,3]/[11,7], [11,13]/[11,3], [11,3]/[11,13], [11,11]/[11,3], [11,3]/[11,11], [11,17]/[11,3], [11,3]/[11,17], [17,3]/[11,3], [11,3]/[17,3], [17,5]/[11,3], [11,3]/[17,5], [17,7]/[11,3], [11,3]/[17,7], [17,13]/[11,3], [11,3]/[17,13], [17,11]/[11,3], [11,3]/[17,11], [11,3]/2, 2/[11,3], [11,3]/3, 3/[11,3], [11,3]/5, 5/[11,3], [11,3]/7, 7/[11,3], 1/[11,3], [11,7]/[11,5], [11,5]/[11,7], [11,13]/[11,5], [11,5]/[11,13], [11,11]/[11,5], [11,5]/[11,11], [11,17]/[11,5], [11,5]/[11,17], [17,5]/[11,5], [11,5]/[17,5], [17,7]/[11,5], [11,5]/[17,7], [17,13]/[11,5], [11,5]/[17,13], [17,11]/[11,5], [11,5]/[17,11], [11,5]/2, 2/[11,5], [11,5]/3, 3/[11,5], [11,5]/5, 5/[11,5], [11,5]/7, 7/[11,5], 1/[11,5], [11,13]/[11,7], [11,7]/[11,13], [11,11]/[11,7], [11,7]/[11,11], [11,17]/[11,7], [11,7]/[11,17], [17,7]/[11,7], [11,7]/[17,7], [17,13]/[11,7], [11,7]/[17,13], [17,11]/[11,7], [11,7]/[17,11], [11,7]/2, 2/[11,7], [11,7]/3, 3/[11,7], [11,7]/5, 5/[11,7], [11,7]/7, 7/[11,7], 1/[11,7], [11,13]/[11,11], [11,11]/[11,13], [11,17]/[11,13], [11,13]/[11,17], [17,13]/[11,13], [11,13]/[17,13], [11,13]/2, 2/[11,13], [11,13]/3, 3/[11,13], [11,13]/5, 5/[11,13], [11,13]/7, 7/[11,13], [11,13]/11, 11/[11,13], 1/[11,13], [11,17]/[11,11], [11,11]/[11,17], [17,13]/[11,11], [11,11]/[17,13], [17,11]/[11,11], [11,11]/[17,11], [11,11]/2, 2/[11,11], [11,11]/3, 3/[11,11], [11,11]/5, 5/[11,11], [11,11]/7, 7/[11,11], 1/[11,11], [11,17]/2, 2/[11,17], [11,17]/3, 3/[11,17], [11,17]/5, 5/[11,17], [11,17]/7, 7/[11,17], [11,17]/13, 13/[11,17], [11,17]/11, 11/[11,17], 1/[11,17], [17,3]/[17,2], [17,2]/[17,3], [17,5]/[17,2], [17,2]/[17,5], [17,7]/[17,2], [17,2]/[17,7], [17,13]/[17,2], [17,2]/[17,13], [17,11]/[17,2], [17,2]/[17,11], [17,2]/2, 2/[17,2], [17,2]/3, 3/[17,2], [17,2]/5, 5/[17,2], [17,2]/7, 7/[17,2], [17,2]/13, 13/[17,2], [17,2]/11, 11/[17,2], 1/[17,2], [17,5]/[17,3], [17,3]/[17,5], [17,7]/[17,3], [17,3]/[17,7], [17,13]/[17,3], [17,3]/[17,13], [17,11]/[17,3], [17,3]/[17,11], [17,3]/2, 2/[17,3], [17,3]/3, 3/[17,3], [17,3]/5, 5/[17,3], [17,3]/7, 7/[17,3], [17,3]/13, 13/[17,3], [17,3]/11, 11/[17,3], 1/[17,3], [17,7]/[17,5], [17,5]/[17,7], [17,13]/[17,5], [17,5]/[17,13], [17,11]/[17,5], [17,5]/[17,11], [17,5]/2, 2/[17,5], [17,5]/3, 3/[17,5], [17,5]/5, 5/[17,5], [17,5]/7, 7/[17,5], [17,5]/13, 13/[17,5], [17,5]/11, 11/[17,5], 1/[17,5], [17,13]/[17,7], [17,7]/[17,13], [17,11]/[17,7], [17,7]/[17,11], [17,7]/2, 2/[17,7], [17,7]/3, 3/[17,7], [17,7]/5, 5/[17,7], [17,7]/7, 7/[17,7], [17,7]/13, 13/[17,7], [17,7]/11, 11/[17,7], 1/[17,7], [17,13]/[17,11], [17,11]/[17,13], [17,13]/2, 2/[17,13], [17,13]/3, 3/[17,13], [17,13]/5, 5/[17,13], [17,13]/7, 7/[17,13], [17,13]/13, 13/[17,13], [17,13]/11, 11/[17,13], 1/[17,13], [17,11]/2, 2/[17,11], [17,11]/3, 3/[17,11], [17,11]/5, 5/[17,11], [17,11]/7, 7/[17,11], [17,11]/13, 13/[17,11], [17,11]/11, 11/[17,11], 1/[17,11], 3/2, 2/3, 5/2, 2/5, 7/2, 2/7, 13/2, 2/13, 11/2, 2/11, 17/2, 2/17, 5/3, 3/5, 7/3, 3/7, 13/3, 3/13, 11/3, 3/11, 17/3, 3/17, 7/5, 5/7, 13/5, 5/13, 11/5, 5/11, 17/5, 5/17, 13/7, 7/13, 11/7, 7/11, 17/7, 7/17, 13/11, 11/13, 17/13, 13/17, 17/11, 11/17), Pn(62)}
limit of the container: [[3,7],13]/[17,17] = MM[[[3,7],13]] (1D) over MM[17,17] (2D)
rail after: 2 3 5 7 13 19 11 17 23 29 31 41 37 43 47 59 61 103 53 71 89 67 83 109 149 79 127 73 107 131 97 157 101 191 181 137 113 233 293 151 139 229 199 193 167 227 239 211 163 197 277 173 179 251 241 223 337 263 313 349 311 O160
seal sha256 966b88f0c1fa25ca98c0ab79b71d6d670487d48b62aae75597da0005b5c85d75
