format=v2.mm.cycle.v4 dimension=2 cycle=9  (order matters; every direction +)
container MM[23,23]
held:
  [23,23]   whole  MM[23,23] (2D)       seats (0,0) (0,1) (0,2) (0,3) (0,4) (0,5) (0,6) (0,7) (0,8) (0,9) (0,10) (0,11) (0,12) (0,13) (0,14) (0,15) (0,16) (0,17) (0,18) (0,19) (0,20) (0,21) (0,22) (1,0) (1,1) (1,2) (1,3) (1,4) (1,5) (1,6) (1,7) (1,8) (1,9) (1,10) (1,11) (1,12) (1,13) (1,14) (1,15) (1,16) (1,17) (1,18) (1,19) (1,20) (1,21) (1,22) (2,0) (2,1) (2,2) (2,3) (2,4) (2,5) (2,6) (2,7) (2,8) (2,9) (2,10) (2,11) (2,12) (2,13) (2,14) (2,15) (2,16) (2,17) (2,18) (2,19) (2,20) (2,21) (2,22) (3,0) (3,1) (3,2) (3,3) (3,4) (3,5) (3,6) (3,7) (3,8) (3,9) (3,10) (3,11) (3,12) (3,13) (3,14) (3,15) (3,16) (3,17) (3,18) (3,19) (3,20) (3,21) (3,22) (4,0) (4,1) (4,2) (4,3) (4,4) (4,5) (4,6) (4,7) (4,8) (4,9) (4,10) (4,11) (4,12) (4,13) (4,14) (4,15) (4,16) (4,17) (4,18) (4,19) (4,20) (4,21) (4,22) (5,0) (5,1) (5,2) (5,3) (5,4) (5,5) (5,6) (5,7) (5,8) (5,9) (5,10) (5,11) (5,12) (5,13) (5,14) (5,15) (5,16) (5,17) (5,18) (5,19) (5,20) (5,21) (5,22) (6,0) (6,1) (6,2) (6,3) (6,4) (6,5) (6,6) (6,7) (6,8) (6,9) (6,10) (6,11) (6,12) (6,13) (6,14) (6,15) (6,16) (6,17) (6,18) (6,19) (6,20) (6,21) (6,22) (7,0) (7,1) (7,2) (7,3) (7,4) (7,5) (7,6) (7,7) (7,8) (7,9) (7,10) (7,11) (7,12) (7,13) (7,14) (7,15) (7,16) (7,17) (7,18) (7,19) (7,20) (7,21) (7,22) (8,0) (8,1) (8,2) (8,3) (8,4) (8,5) (8,6) (8,7) (8,8) (8,9) (8,10) (8,11) (8,12) (8,13) (8,14) (8,15) (8,16) (8,17) (8,18) (8,19) (8,20) (8,21) (8,22) (9,0) (9,1) (9,2) (9,3) (9,4) (9,5) (9,6) (9,7) (9,8) (9,9) (9,10) (9,11) (9,12) (9,13) (9,14) (9,15) (9,16) (9,17) (9,18) (9,19) (9,20) (9,21) (9,22) (10,0) (10,1) (10,2) (10,3) (10,4) (10,5) (10,6) (10,7) (10,8) (10,9) (10,10) (10,11) (10,12) (10,13) (10,14) (10,15) (10,16) (10,17) (10,18) (10,19) (10,20) (10,21) (10,22) (11,0) (11,1) (11,2) (11,3) (11,4) (11,5) (11,6) (11,7) (11,8) (11,9) (11,10) (11,11) (11,12) (11,13) (11,14) (11,15) (11,16) (11,17) (11,18) (11,19) (11,20) (11,21) (11,22) (12,0) (12,1) (12,2) (12,3) (12,4) (12,5) (12,6) (12,7) (12,8) (12,9) (12,10) (12,11) (12,12) (12,13) (12,14) (12,15) (12,16) (12,17) (12,18) (12,19) (12,20) (12,21) (12,22) (13,0) (13,1) (13,2) (13,3) (13,4) (13,5) (13,6) (13,7) (13,8) (13,9) (13,10) (13,11) (13,12) (13,13) (13,14) (13,15) (13,16) (13,17) (13,18) (13,19) (13,20) (13,21) (13,22) (14,0) (14,1) (14,2) (14,3) (14,4) (14,5) (14,6) (14,7) (14,8) (14,9) (14,10) (14,11) (14,12) (14,13) (14,14) (14,15) (14,16) (14,17) (14,18) (14,19) (14,20) (14,21) (14,22) (15,0) (15,1) (15,2) (15,3) (15,4) (15,5) (15,6) (15,7) (15,8) (15,9) (15,10) (15,11) (15,12) (15,13) (15,14) (15,15) (15,16) (15,17) (15,18) (15,19) (15,20) (15,21) (15,22) (16,0) (16,1) (16,2) (16,3) (16,4) (16,5) (16,6) (16,7) (16,8) (16,9) (16,10) (16,11) (16,12) (16,13) (16,14) (16,15) (16,16) (16,17) (16,18) (16,19) (16,20) (16,21) (16,22) (17,0) (17,1) (17,2) (17,3) (17,4) (17,5) (17,6) (17,7) (17,8) (17,9) (17,10) (17,11) (17,12) (17,13) (17,14) (17,15) (17,16) (17,17) (17,18) (17,19) (17,20) (17,21) (17,22) (18,0) (18,1) (18,2) (18,3) (18,4) (18,5) (18,6) (18,7) (18,8) (18,9) (18,10) (18,11) (18,12) (18,13) (18,14) (18,15) (18,16) (18,17) (18,18) (18,19) (18,20) (18,21) (18,22) (19,0) (19,1) (19,2) (19,3) (19,4) (19,5) (19,6) (19,7) (19,8) (19,9) (19,10) (19,11) (19,12) (19,13) (19,14) (19,15) (19,16) (19,17) (19,18) (19,19) (19,20) (19,21) (19,22) (20,0) (20,1) (20,2) (20,3) (20,4) (20,5) (20,6) (20,7) (20,8) (20,9) (20,10) (20,11) (20,12) (20,13) (20,14) (20,15) (20,16) (20,17) (20,18) (20,19) (20,20) (20,21) (20,22) (21,0) (21,1) (21,2) (21,3) (21,4) (21,5) (21,6) (21,7) (21,8) (21,9) (21,10) (21,11) (21,12) (21,13) (21,14) (21,15) (21,16) (21,17) (21,18) (21,19) (21,20) (21,21) (21,22) (22,0) (22,1) (22,2) (22,3) (22,4) (22,5) (22,6) (22,7) (22,8) (22,9) (22,10) (22,11) (22,12) (22,13) (22,14) (22,15) (22,16) (22,17) (22,18) (22,19) (22,20) (22,21) (22,22)
  4         table  MM[2,2] (2D)         seats (0,0) (0,1) (1,0) (1,1)
  [2,3]     table  MM[2,3] (2D)         seats (0,0) (0,1) (0,2) (1,0) (1,1) (1,2)
  [2,5]     table  MM[2,5] (2D)         seats (0,0) (0,1) (0,2) (0,3) (0,4) (1,0) (1,1) (1,2) (1,3) (1,4)
  [2,7]     table  MM[2,7] (2D)         seats (0,0) (0,1) (0,2) (0,3) (0,4) (0,5) (0,6) (1,0) (1,1) (1,2) (1,3) (1,4) (1,5) (1,6)
  [2,13]    table  MM[2,13] (2D)        seats (0,0) (0,1) (0,2) (0,3) (0,4) (0,5) (0,6) (0,7) (0,8) (0,9) (0,10) (0,11) (0,12) (1,0) (1,1) (1,2) (1,3) (1,4) (1,5) (1,6) (1,7) (1,8) (1,9) (1,10) (1,11) (1,12)
  [2,19]    table  MM[2,19] (2D)        seats (0,0) (0,1) (0,2) (0,3) (0,4) (0,5) (0,6) (0,7) (0,8) (0,9) (0,10) (0,11) (0,12) (0,13) (0,14) (0,15) (0,16) (0,17) (0,18) (1,0) (1,1) (1,2) (1,3) (1,4) (1,5) (1,6) (1,7) (1,8) (1,9) (1,10) (1,11) (1,12) (1,13) (1,14) (1,15) (1,16) (1,17) (1,18)
  [2,11]    table  MM[2,11] (2D)        seats (0,0) (0,1) (0,2) (0,3) (0,4) (0,5) (0,6) (0,7) (0,8) (0,9) (0,10) (1,0) (1,1) (1,2) (1,3) (1,4) (1,5) (1,6) (1,7) (1,8) (1,9) (1,10)
  [2,17]    table  MM[2,17] (2D)        seats (0,0) (0,1) (0,2) (0,3) (0,4) (0,5) (0,6) (0,7) (0,8) (0,9) (0,10) (0,11) (0,12) (0,13) (0,14) (0,15) (0,16) (1,0) (1,1) (1,2) (1,3) (1,4) (1,5) (1,6) (1,7) (1,8) (1,9) (1,10) (1,11) (1,12) (1,13) (1,14) (1,15) (1,16)
  [2,23]    table  MM[2,23] (2D)        seats (0,0) (0,1) (0,2) (0,3) (0,4) (0,5) (0,6) (0,7) (0,8) (0,9) (0,10) (0,11) (0,12) (0,13) (0,14) (0,15) (0,16) (0,17) (0,18) (0,19) (0,20) (0,21) (0,22) (1,0) (1,1) (1,2) (1,3) (1,4) (1,5) (1,6) (1,7) (1,8) (1,9) (1,10) (1,11) (1,12) (1,13) (1,14) (1,15) (1,16) (1,17) (1,18) (1,19) (1,20) (1,21) (1,22)
  [3,2]     table  MM[3,2] (2D)         seats (0,0) (0,1) (1,0) (1,1) (2,0) (2,1)
  [3,3]     table  MM[3,3] (2D)         seats (0,0) (0,1) (0,2) (1,0) (1,1) (1,2) (2,0) (2,1) (2,2)
  [3,5]     table  MM[3,5] (2D)         seats (0,0) (0,1) (0,2) (0,3) (0,4) (1,0) (1,1) (1,2) (1,3) (1,4) (2,0) (2,1) (2,2) (2,3) (2,4)
  [3,7]     table  MM[3,7] (2D)         seats (0,0) (0,1) (0,2) (0,3) (0,4) (0,5) (0,6) (1,0) (1,1) (1,2) (1,3) (1,4) (1,5) (1,6) (2,0) (2,1) (2,2) (2,3) (2,4) (2,5) (2,6)
  [3,13]    table  MM[3,13] (2D)        seats (0,0) (0,1) (0,2) (0,3) (0,4) (0,5) (0,6) (0,7) (0,8) (0,9) (0,10) (0,11) (0,12) (1,0) (1,1) (1,2) (1,3) (1,4) (1,5) (1,6) (1,7) (1,8) (1,9) (1,10) (1,11) (1,12) (2,0) (2,1) (2,2) (2,3) (2,4) (2,5) (2,6) (2,7) (2,8) (2,9) (2,10) (2,11) (2,12)
  [3,19]    table  MM[3,19] (2D)        seats (0,0) (0,1) (0,2) (0,3) (0,4) (0,5) (0,6) (0,7) (0,8) (0,9) (0,10) (0,11) (0,12) (0,13) (0,14) (0,15) (0,16) (0,17) (0,18) (1,0) (1,1) (1,2) (1,3) (1,4) (1,5) (1,6) (1,7) (1,8) (1,9) (1,10) (1,11) (1,12) (1,13) (1,14) (1,15) (1,16) (1,17) (1,18) (2,0) (2,1) (2,2) (2,3) (2,4) (2,5) (2,6) (2,7) (2,8) (2,9) (2,10) (2,11) (2,12) (2,13) (2,14) (2,15) (2,16) (2,17) (2,18)
  [3,11]    table  MM[3,11] (2D)        seats (0,0) (0,1) (0,2) (0,3) (0,4) (0,5) (0,6) (0,7) (0,8) (0,9) (0,10) (1,0) (1,1) (1,2) (1,3) (1,4) (1,5) (1,6) (1,7) (1,8) (1,9) (1,10) (2,0) (2,1) (2,2) (2,3) (2,4) (2,5) (2,6) (2,7) (2,8) (2,9) (2,10)
  [3,17]    table  MM[3,17] (2D)        seats (0,0) (0,1) (0,2) (0,3) (0,4) (0,5) (0,6) (0,7) (0,8) (0,9) (0,10) (0,11) (0,12) (0,13) (0,14) (0,15) (0,16) (1,0) (1,1) (1,2) (1,3) (1,4) (1,5) (1,6) (1,7) (1,8) (1,9) (1,10) (1,11) (1,12) (1,13) (1,14) (1,15) (1,16) (2,0) (2,1) (2,2) (2,3) (2,4) (2,5) (2,6) (2,7) (2,8) (2,9) (2,10) (2,11) (2,12) (2,13) (2,14) (2,15) (2,16)
  [3,23]    table  MM[3,23] (2D)        seats (0,0) (0,1) (0,2) (0,3) (0,4) (0,5) (0,6) (0,7) (0,8) (0,9) (0,10) (0,11) (0,12) (0,13) (0,14) (0,15) (0,16) (0,17) (0,18) (0,19) (0,20) (0,21) (0,22) (1,0) (1,1) (1,2) (1,3) (1,4) (1,5) (1,6) (1,7) (1,8) (1,9) (1,10) (1,11) (1,12) (1,13) (1,14) (1,15) (1,16) (1,17) (1,18) (1,19) (1,20) (1,21) (1,22) (2,0) (2,1) (2,2) (2,3) (2,4) (2,5) (2,6) (2,7) (2,8) (2,9) (2,10) (2,11) (2,12) (2,13) (2,14) (2,15) (2,16) (2,17) (2,18) (2,19) (2,20) (2,21) (2,22)
  [5,2]     table  MM[5,2] (2D)         seats (0,0) (0,1) (1,0) (1,1) (2,0) (2,1) (3,0) (3,1) (4,0) (4,1)
  [5,3]     table  MM[5,3] (2D)         seats (0,0) (0,1) (0,2) (1,0) (1,1) (1,2) (2,0) (2,1) (2,2) (3,0) (3,1) (3,2) (4,0) (4,1) (4,2)
  [5,5]     table  MM[5,5] (2D)         seats (0,0) (0,1) (0,2) (0,3) (0,4) (1,0) (1,1) (1,2) (1,3) (1,4) (2,0) (2,1) (2,2) (2,3) (2,4) (3,0) (3,1) (3,2) (3,3) (3,4) (4,0) (4,1) (4,2) (4,3) (4,4)
  [5,7]     table  MM[5,7] (2D)         seats (0,0) (0,1) (0,2) (0,3) (0,4) (0,5) (0,6) (1,0) (1,1) (1,2) (1,3) (1,4) (1,5) (1,6) (2,0) (2,1) (2,2) (2,3) (2,4) (2,5) (2,6) (3,0) (3,1) (3,2) (3,3) (3,4) (3,5) (3,6) (4,0) (4,1) (4,2) (4,3) (4,4) (4,5) (4,6)
  [5,13]    table  MM[5,13] (2D)        seats (0,0) (0,1) (0,2) (0,3) (0,4) (0,5) (0,6) (0,7) (0,8) (0,9) (0,10) (0,11) (0,12) (1,0) (1,1) (1,2) (1,3) (1,4) (1,5) (1,6) (1,7) (1,8) (1,9) (1,10) (1,11) (1,12) (2,0) (2,1) (2,2) (2,3) (2,4) (2,5) (2,6) (2,7) (2,8) (2,9) (2,10) (2,11) (2,12) (3,0) (3,1) (3,2) (3,3) (3,4) (3,5) (3,6) (3,7) (3,8) (3,9) (3,10) (3,11) (3,12) (4,0) (4,1) (4,2) (4,3) (4,4) (4,5) (4,6) (4,7) (4,8) (4,9) (4,10) (4,11) (4,12)
  [5,19]    table  MM[5,19] (2D)        seats (0,0) (0,1) (0,2) (0,3) (0,4) (0,5) (0,6) (0,7) (0,8) (0,9) (0,10) (0,11) (0,12) (0,13) (0,14) (0,15) (0,16) (0,17) (0,18) (1,0) (1,1) (1,2) (1,3) (1,4) (1,5) (1,6) (1,7) (1,8) (1,9) (1,10) (1,11) (1,12) (1,13) (1,14) (1,15) (1,16) (1,17) (1,18) (2,0) (2,1) (2,2) (2,3) (2,4) (2,5) (2,6) (2,7) (2,8) (2,9) (2,10) (2,11) (2,12) (2,13) (2,14) (2,15) (2,16) (2,17) (2,18) (3,0) (3,1) (3,2) (3,3) (3,4) (3,5) (3,6) (3,7) (3,8) (3,9) (3,10) (3,11) (3,12) (3,13) (3,14) (3,15) (3,16) (3,17) (3,18) (4,0) (4,1) (4,2) (4,3) (4,4) (4,5) (4,6) (4,7) (4,8) (4,9) (4,10) (4,11) (4,12) (4,13) (4,14) (4,15) (4,16) (4,17) (4,18)
  [5,11]    table  MM[5,11] (2D)        seats (0,0) (0,1) (0,2) (0,3) (0,4) (0,5) (0,6) (0,7) (0,8) (0,9) (0,10) (1,0) (1,1) (1,2) (1,3) (1,4) (1,5) (1,6) (1,7) (1,8) (1,9) (1,10) (2,0) (2,1) (2,2) (2,3) (2,4) (2,5) (2,6) (2,7) (2,8) (2,9) (2,10) (3,0) (3,1) (3,2) (3,3) (3,4) (3,5) (3,6) (3,7) (3,8) (3,9) (3,10) (4,0) (4,1) (4,2) (4,3) (4,4) (4,5) (4,6) (4,7) (4,8) (4,9) (4,10)
  [5,17]    table  MM[5,17] (2D)        seats (0,0) (0,1) (0,2) (0,3) (0,4) (0,5) (0,6) (0,7) (0,8) (0,9) (0,10) (0,11) (0,12) (0,13) (0,14) (0,15) (0,16) (1,0) (1,1) (1,2) (1,3) (1,4) (1,5) (1,6) (1,7) (1,8) (1,9) (1,10) (1,11) (1,12) (1,13) (1,14) (1,15) (1,16) (2,0) (2,1) (2,2) (2,3) (2,4) (2,5) (2,6) (2,7) (2,8) (2,9) (2,10) (2,11) (2,12) (2,13) (2,14) (2,15) (2,16) (3,0) (3,1) (3,2) (3,3) (3,4) (3,5) (3,6) (3,7) (3,8) (3,9) (3,10) (3,11) (3,12) (3,13) (3,14) (3,15) (3,16) (4,0) (4,1) (4,2) (4,3) (4,4) (4,5) (4,6) (4,7) (4,8) (4,9) (4,10) (4,11) (4,12) (4,13) (4,14) (4,15) (4,16)
  [5,23]    table  MM[5,23] (2D)        seats (0,0) (0,1) (0,2) (0,3) (0,4) (0,5) (0,6) (0,7) (0,8) (0,9) (0,10) (0,11) (0,12) (0,13) (0,14) (0,15) (0,16) (0,17) (0,18) (0,19) (0,20) (0,21) (0,22) (1,0) (1,1) (1,2) (1,3) (1,4) (1,5) (1,6) (1,7) (1,8) (1,9) (1,10) (1,11) (1,12) (1,13) (1,14) (1,15) (1,16) (1,17) (1,18) (1,19) (1,20) (1,21) (1,22) (2,0) (2,1) (2,2) (2,3) (2,4) (2,5) (2,6) (2,7) (2,8) (2,9) (2,10) (2,11) (2,12) (2,13) (2,14) (2,15) (2,16) (2,17) (2,18) (2,19) (2,20) (2,21) (2,22) (3,0) (3,1) (3,2) (3,3) (3,4) (3,5) (3,6) (3,7) (3,8) (3,9) (3,10) (3,11) (3,12) (3,13) (3,14) (3,15) (3,16) (3,17) (3,18) (3,19) (3,20) (3,21) (3,22) (4,0) (4,1) (4,2) (4,3) (4,4) (4,5) (4,6) (4,7) (4,8) (4,9) (4,10) (4,11) (4,12) (4,13) (4,14) (4,15) (4,16) (4,17) (4,18) (4,19) (4,20) (4,21) (4,22)
  [7,2]     table  MM[7,2] (2D)         seats (0,0) (0,1) (1,0) (1,1) (2,0) (2,1) (3,0) (3,1) (4,0) (4,1) (5,0) (5,1) (6,0) (6,1)
  [7,3]     table  MM[7,3] (2D)         seats (0,0) (0,1) (0,2) (1,0) (1,1) (1,2) (2,0) (2,1) (2,2) (3,0) (3,1) (3,2) (4,0) (4,1) (4,2) (5,0) (5,1) (5,2) (6,0) (6,1) (6,2)
  [7,5]     table  MM[7,5] (2D)         seats (0,0) (0,1) (0,2) (0,3) (0,4) (1,0) (1,1) (1,2) (1,3) (1,4) (2,0) (2,1) (2,2) (2,3) (2,4) (3,0) (3,1) (3,2) (3,3) (3,4) (4,0) (4,1) (4,2) (4,3) (4,4) (5,0) (5,1) (5,2) (5,3) (5,4) (6,0) (6,1) (6,2) (6,3) (6,4)
  [7,7]     table  MM[7,7] (2D)         seats (0,0) (0,1) (0,2) (0,3) (0,4) (0,5) (0,6) (1,0) (1,1) (1,2) (1,3) (1,4) (1,5) (1,6) (2,0) (2,1) (2,2) (2,3) (2,4) (2,5) (2,6) (3,0) (3,1) (3,2) (3,3) (3,4) (3,5) (3,6) (4,0) (4,1) (4,2) (4,3) (4,4) (4,5) (4,6) (5,0) (5,1) (5,2) (5,3) (5,4) (5,5) (5,6) (6,0) (6,1) (6,2) (6,3) (6,4) (6,5) (6,6)
  [7,13]    table  MM[7,13] (2D)        seats (0,0) (0,1) (0,2) (0,3) (0,4) (0,5) (0,6) (0,7) (0,8) (0,9) (0,10) (0,11) (0,12) (1,0) (1,1) (1,2) (1,3) (1,4) (1,5) (1,6) (1,7) (1,8) (1,9) (1,10) (1,11) (1,12) (2,0) (2,1) (2,2) (2,3) (2,4) (2,5) (2,6) (2,7) (2,8) (2,9) (2,10) (2,11) (2,12) (3,0) (3,1) (3,2) (3,3) (3,4) (3,5) (3,6) (3,7) (3,8) (3,9) (3,10) (3,11) (3,12) (4,0) (4,1) (4,2) (4,3) (4,4) (4,5) (4,6) (4,7) (4,8) (4,9) (4,10) (4,11) (4,12) (5,0) (5,1) (5,2) (5,3) (5,4) (5,5) (5,6) (5,7) (5,8) (5,9) (5,10) (5,11) (5,12) (6,0) (6,1) (6,2) (6,3) (6,4) (6,5) (6,6) (6,7) (6,8) (6,9) (6,10) (6,11) (6,12)
  [7,19]    table  MM[7,19] (2D)        seats (0,0) (0,1) (0,2) (0,3) (0,4) (0,5) (0,6) (0,7) (0,8) (0,9) (0,10) (0,11) (0,12) (0,13) (0,14) (0,15) (0,16) (0,17) (0,18) (1,0) (1,1) (1,2) (1,3) (1,4) (1,5) (1,6) (1,7) (1,8) (1,9) (1,10) (1,11) (1,12) (1,13) (1,14) (1,15) (1,16) (1,17) (1,18) (2,0) (2,1) (2,2) (2,3) (2,4) (2,5) (2,6) (2,7) (2,8) (2,9) (2,10) (2,11) (2,12) (2,13) (2,14) (2,15) (2,16) (2,17) (2,18) (3,0) (3,1) (3,2) (3,3) (3,4) (3,5) (3,6) (3,7) (3,8) (3,9) (3,10) (3,11) (3,12) (3,13) (3,14) (3,15) (3,16) (3,17) (3,18) (4,0) (4,1) (4,2) (4,3) (4,4) (4,5) (4,6) (4,7) (4,8) (4,9) (4,10) (4,11) (4,12) (4,13) (4,14) (4,15) (4,16) (4,17) (4,18) (5,0) (5,1) (5,2) (5,3) (5,4) (5,5) (5,6) (5,7) (5,8) (5,9) (5,10) (5,11) (5,12) (5,13) (5,14) (5,15) (5,16) (5,17) (5,18) (6,0) (6,1) (6,2) (6,3) (6,4) (6,5) (6,6) (6,7) (6,8) (6,9) (6,10) (6,11) (6,12) (6,13) (6,14) (6,15) (6,16) (6,17) (6,18)
  [7,11]    table  MM[7,11] (2D)        seats (0,0) (0,1) (0,2) (0,3) (0,4) (0,5) (0,6) (0,7) (0,8) (0,9) (0,10) (1,0) (1,1) (1,2) (1,3) (1,4) (1,5) (1,6) (1,7) (1,8) (1,9) (1,10) (2,0) (2,1) (2,2) (2,3) (2,4) (2,5) (2,6) (2,7) (2,8) (2,9) (2,10) (3,0) (3,1) (3,2) (3,3) (3,4) (3,5) (3,6) (3,7) (3,8) (3,9) (3,10) (4,0) (4,1) (4,2) (4,3) (4,4) (4,5) (4,6) (4,7) (4,8) (4,9) (4,10) (5,0) (5,1) (5,2) (5,3) (5,4) (5,5) (5,6) (5,7) (5,8) (5,9) (5,10) (6,0) (6,1) (6,2) (6,3) (6,4) (6,5) (6,6) (6,7) (6,8) (6,9) (6,10)
  [7,17]    table  MM[7,17] (2D)        seats (0,0) (0,1) (0,2) (0,3) (0,4) (0,5) (0,6) (0,7) (0,8) (0,9) (0,10) (0,11) (0,12) (0,13) (0,14) (0,15) (0,16) (1,0) (1,1) (1,2) (1,3) (1,4) (1,5) (1,6) (1,7) (1,8) (1,9) (1,10) (1,11) (1,12) (1,13) (1,14) (1,15) (1,16) (2,0) (2,1) (2,2) (2,3) (2,4) (2,5) (2,6) (2,7) (2,8) (2,9) (2,10) (2,11) (2,12) (2,13) (2,14) (2,15) (2,16) (3,0) (3,1) (3,2) (3,3) (3,4) (3,5) (3,6) (3,7) (3,8) (3,9) (3,10) (3,11) (3,12) (3,13) (3,14) (3,15) (3,16) (4,0) (4,1) (4,2) (4,3) (4,4) (4,5) (4,6) (4,7) (4,8) (4,9) (4,10) (4,11) (4,12) (4,13) (4,14) (4,15) (4,16) (5,0) (5,1) (5,2) (5,3) (5,4) (5,5) (5,6) (5,7) (5,8) (5,9) (5,10) (5,11) (5,12) (5,13) (5,14) (5,15) (5,16) (6,0) (6,1) (6,2) (6,3) (6,4) (6,5) (6,6) (6,7) (6,8) (6,9) (6,10) (6,11) (6,12) (6,13) (6,14) (6,15) (6,16)
  [7,23]    table  MM[7,23] (2D)        seats (0,0) (0,1) (0,2) (0,3) (0,4) (0,5) (0,6) (0,7) (0,8) (0,9) (0,10) (0,11) (0,12) (0,13) (0,14) (0,15) (0,16) (0,17) (0,18) (0,19) (0,20) (0,21) (0,22) (1,0) (1,1) (1,2) (1,3) (1,4) (1,5) (1,6) (1,7) (1,8) (1,9) (1,10) (1,11) (1,12) (1,13) (1,14) (1,15) (1,16) (1,17) (1,18) (1,19) (1,20) (1,21) (1,22) (2,0) (2,1) (2,2) (2,3) (2,4) (2,5) (2,6) (2,7) (2,8) (2,9) (2,10) (2,11) (2,12) (2,13) (2,14) (2,15) (2,16) (2,17) (2,18) (2,19) (2,20) (2,21) (2,22) (3,0) (3,1) (3,2) (3,3) (3,4) (3,5) (3,6) (3,7) (3,8) (3,9) (3,10) (3,11) (3,12) (3,13) (3,14) (3,15) (3,16) (3,17) (3,18) (3,19) (3,20) (3,21) (3,22) (4,0) (4,1) (4,2) (4,3) (4,4) (4,5) (4,6) (4,7) (4,8) (4,9) (4,10) (4,11) (4,12) (4,13) (4,14) (4,15) (4,16) (4,17) (4,18) (4,19) (4,20) (4,21) (4,22) (5,0) (5,1) (5,2) (5,3) (5,4) (5,5) (5,6) (5,7) (5,8) (5,9) (5,10) (5,11) (5,12) (5,13) (5,14) (5,15) (5,16) (5,17) (5,18) (5,19) (5,20) (5,21) (5,22) (6,0) (6,1) (6,2) (6,3) (6,4) (6,5) (6,6) (6,7) (6,8) (6,9) (6,10) (6,11) (6,12) (6,13) (6,14) (6,15) (6,16) (6,17) (6,18) (6,19) (6,20) (6,21) (6,22)
  [13,2]    table  MM[13,2] (2D)        seats (0,0) (0,1) (1,0) (1,1) (2,0) (2,1) (3,0) (3,1) (4,0) (4,1) (5,0) (5,1) (6,0) (6,1) (7,0) (7,1) (8,0) (8,1) (9,0) (9,1) (10,0) (10,1) (11,0) (11,1) (12,0) (12,1)
  [13,3]    table  MM[13,3] (2D)        seats (0,0) (0,1) (0,2) (1,0) (1,1) (1,2) (2,0) (2,1) (2,2) (3,0) (3,1) (3,2) (4,0) (4,1) (4,2) (5,0) (5,1) (5,2) (6,0) (6,1) (6,2) (7,0) (7,1) (7,2) (8,0) (8,1) (8,2) (9,0) (9,1) (9,2) (10,0) (10,1) (10,2) (11,0) (11,1) (11,2) (12,0) (12,1) (12,2)
  [13,5]    table  MM[13,5] (2D)        seats (0,0) (0,1) (0,2) (0,3) (0,4) (1,0) (1,1) (1,2) (1,3) (1,4) (2,0) (2,1) (2,2) (2,3) (2,4) (3,0) (3,1) (3,2) (3,3) (3,4) (4,0) (4,1) (4,2) (4,3) (4,4) (5,0) (5,1) (5,2) (5,3) (5,4) (6,0) (6,1) (6,2) (6,3) (6,4) (7,0) (7,1) (7,2) (7,3) (7,4) (8,0) (8,1) (8,2) (8,3) (8,4) (9,0) (9,1) (9,2) (9,3) (9,4) (10,0) (10,1) (10,2) (10,3) (10,4) (11,0) (11,1) (11,2) (11,3) (11,4) (12,0) (12,1) (12,2) (12,3) (12,4)
  [13,7]    table  MM[13,7] (2D)        seats (0,0) (0,1) (0,2) (0,3) (0,4) (0,5) (0,6) (1,0) (1,1) (1,2) (1,3) (1,4) (1,5) (1,6) (2,0) (2,1) (2,2) (2,3) (2,4) (2,5) (2,6) (3,0) (3,1) (3,2) (3,3) (3,4) (3,5) (3,6) (4,0) (4,1) (4,2) (4,3) (4,4) (4,5) (4,6) (5,0) (5,1) (5,2) (5,3) (5,4) (5,5) (5,6) (6,0) (6,1) (6,2) (6,3) (6,4) (6,5) (6,6) (7,0) (7,1) (7,2) (7,3) (7,4) (7,5) (7,6) (8,0) (8,1) (8,2) (8,3) (8,4) (8,5) (8,6) (9,0) (9,1) (9,2) (9,3) (9,4) (9,5) (9,6) (10,0) (10,1) (10,2) (10,3) (10,4) (10,5) (10,6) (11,0) (11,1) (11,2) (11,3) (11,4) (11,5) (11,6) (12,0) (12,1) (12,2) (12,3) (12,4) (12,5) (12,6)
  [13,13]   table  MM[13,13] (2D)       seats (0,0) (0,1) (0,2) (0,3) (0,4) (0,5) (0,6) (0,7) (0,8) (0,9) (0,10) (0,11) (0,12) (1,0) (1,1) (1,2) (1,3) (1,4) (1,5) (1,6) (1,7) (1,8) (1,9) (1,10) (1,11) (1,12) (2,0) (2,1) (2,2) (2,3) (2,4) (2,5) (2,6) (2,7) (2,8) (2,9) (2,10) (2,11) (2,12) (3,0) (3,1) (3,2) (3,3) (3,4) (3,5) (3,6) (3,7) (3,8) (3,9) (3,10) (3,11) (3,12) (4,0) (4,1) (4,2) (4,3) (4,4) (4,5) (4,6) (4,7) (4,8) (4,9) (4,10) (4,11) (4,12) (5,0) (5,1) (5,2) (5,3) (5,4) (5,5) (5,6) (5,7) (5,8) (5,9) (5,10) (5,11) (5,12) (6,0) (6,1) (6,2) (6,3) (6,4) (6,5) (6,6) (6,7) (6,8) (6,9) (6,10) (6,11) (6,12) (7,0) (7,1) (7,2) (7,3) (7,4) (7,5) (7,6) (7,7) (7,8) (7,9) (7,10) (7,11) (7,12) (8,0) (8,1) (8,2) (8,3) (8,4) (8,5) (8,6) (8,7) (8,8) (8,9) (8,10) (8,11) (8,12) (9,0) (9,1) (9,2) (9,3) (9,4) (9,5) (9,6) (9,7) (9,8) (9,9) (9,10) (9,11) (9,12) (10,0) (10,1) (10,2) (10,3) (10,4) (10,5) (10,6) (10,7) (10,8) (10,9) (10,10) (10,11) (10,12) (11,0) (11,1) (11,2) (11,3) (11,4) (11,5) (11,6) (11,7) (11,8) (11,9) (11,10) (11,11) (11,12) (12,0) (12,1) (12,2) (12,3) (12,4) (12,5) (12,6) (12,7) (12,8) (12,9) (12,10) (12,11) (12,12)
  [13,19]   table  MM[13,19] (2D)       seats (0,0) (0,1) (0,2) (0,3) (0,4) (0,5) (0,6) (0,7) (0,8) (0,9) (0,10) (0,11) (0,12) (0,13) (0,14) (0,15) (0,16) (0,17) (0,18) (1,0) (1,1) (1,2) (1,3) (1,4) (1,5) (1,6) (1,7) (1,8) (1,9) (1,10) (1,11) (1,12) (1,13) (1,14) (1,15) (1,16) (1,17) (1,18) (2,0) (2,1) (2,2) (2,3) (2,4) (2,5) (2,6) (2,7) (2,8) (2,9) (2,10) (2,11) (2,12) (2,13) (2,14) (2,15) (2,16) (2,17) (2,18) (3,0) (3,1) (3,2) (3,3) (3,4) (3,5) (3,6) (3,7) (3,8) (3,9) (3,10) (3,11) (3,12) (3,13) (3,14) (3,15) (3,16) (3,17) (3,18) (4,0) (4,1) (4,2) (4,3) (4,4) (4,5) (4,6) (4,7) (4,8) (4,9) (4,10) (4,11) (4,12) (4,13) (4,14) (4,15) (4,16) (4,17) (4,18) (5,0) (5,1) (5,2) (5,3) (5,4) (5,5) (5,6) (5,7) (5,8) (5,9) (5,10) (5,11) (5,12) (5,13) (5,14) (5,15) (5,16) (5,17) (5,18) (6,0) (6,1) (6,2) (6,3) (6,4) (6,5) (6,6) (6,7) (6,8) (6,9) (6,10) (6,11) (6,12) (6,13) (6,14) (6,15) (6,16) (6,17) (6,18) (7,0) (7,1) (7,2) (7,3) (7,4) (7,5) (7,6) (7,7) (7,8) (7,9) (7,10) (7,11) (7,12) (7,13) (7,14) (7,15) (7,16) (7,17) (7,18) (8,0) (8,1) (8,2) (8,3) (8,4) (8,5) (8,6) (8,7) (8,8) (8,9) (8,10) (8,11) (8,12) (8,13) (8,14) (8,15) (8,16) (8,17) (8,18) (9,0) (9,1) (9,2) (9,3) (9,4) (9,5) (9,6) (9,7) (9,8) (9,9) (9,10) (9,11) (9,12) (9,13) (9,14) (9,15) (9,16) (9,17) (9,18) (10,0) (10,1) (10,2) (10,3) (10,4) (10,5) (10,6) (10,7) (10,8) (10,9) (10,10) (10,11) (10,12) (10,13) (10,14) (10,15) (10,16) (10,17) (10,18) (11,0) (11,1) (11,2) (11,3) (11,4) (11,5) (11,6) (11,7) (11,8) (11,9) (11,10) (11,11) (11,12) (11,13) (11,14) (11,15) (11,16) (11,17) (11,18) (12,0) (12,1) (12,2) (12,3) (12,4) (12,5) (12,6) (12,7) (12,8) (12,9) (12,10) (12,11) (12,12) (12,13) (12,14) (12,15) (12,16) (12,17) (12,18)
  [13,11]   table  MM[13,11] (2D)       seats (0,0) (0,1) (0,2) (0,3) (0,4) (0,5) (0,6) (0,7) (0,8) (0,9) (0,10) (1,0) (1,1) (1,2) (1,3) (1,4) (1,5) (1,6) (1,7) (1,8) (1,9) (1,10) (2,0) (2,1) (2,2) (2,3) (2,4) (2,5) (2,6) (2,7) (2,8) (2,9) (2,10) (3,0) (3,1) (3,2) (3,3) (3,4) (3,5) (3,6) (3,7) (3,8) (3,9) (3,10) (4,0) (4,1) (4,2) (4,3) (4,4) (4,5) (4,6) (4,7) (4,8) (4,9) (4,10) (5,0) (5,1) (5,2) (5,3) (5,4) (5,5) (5,6) (5,7) (5,8) (5,9) (5,10) (6,0) (6,1) (6,2) (6,3) (6,4) (6,5) (6,6) (6,7) (6,8) (6,9) (6,10) (7,0) (7,1) (7,2) (7,3) (7,4) (7,5) (7,6) (7,7) (7,8) (7,9) (7,10) (8,0) (8,1) (8,2) (8,3) (8,4) (8,5) (8,6) (8,7) (8,8) (8,9) (8,10) (9,0) (9,1) (9,2) (9,3) (9,4) (9,5) (9,6) (9,7) (9,8) (9,9) (9,10) (10,0) (10,1) (10,2) (10,3) (10,4) (10,5) (10,6) (10,7) (10,8) (10,9) (10,10) (11,0) (11,1) (11,2) (11,3) (11,4) (11,5) (11,6) (11,7) (11,8) (11,9) (11,10) (12,0) (12,1) (12,2) (12,3) (12,4) (12,5) (12,6) (12,7) (12,8) (12,9) (12,10)
  [13,17]   table  MM[13,17] (2D)       seats (0,0) (0,1) (0,2) (0,3) (0,4) (0,5) (0,6) (0,7) (0,8) (0,9) (0,10) (0,11) (0,12) (0,13) (0,14) (0,15) (0,16) (1,0) (1,1) (1,2) (1,3) (1,4) (1,5) (1,6) (1,7) (1,8) (1,9) (1,10) (1,11) (1,12) (1,13) (1,14) (1,15) (1,16) (2,0) (2,1) (2,2) (2,3) (2,4) (2,5) (2,6) (2,7) (2,8) (2,9) (2,10) (2,11) (2,12) (2,13) (2,14) (2,15) (2,16) (3,0) (3,1) (3,2) (3,3) (3,4) (3,5) (3,6) (3,7) (3,8) (3,9) (3,10) (3,11) (3,12) (3,13) (3,14) (3,15) (3,16) (4,0) (4,1) (4,2) (4,3) (4,4) (4,5) (4,6) (4,7) (4,8) (4,9) (4,10) (4,11) (4,12) (4,13) (4,14) (4,15) (4,16) (5,0) (5,1) (5,2) (5,3) (5,4) (5,5) (5,6) (5,7) (5,8) (5,9) (5,10) (5,11) (5,12) (5,13) (5,14) (5,15) (5,16) (6,0) (6,1) (6,2) (6,3) (6,4) (6,5) (6,6) (6,7) (6,8) (6,9) (6,10) (6,11) (6,12) (6,13) (6,14) (6,15) (6,16) (7,0) (7,1) (7,2) (7,3) (7,4) (7,5) (7,6) (7,7) (7,8) (7,9) (7,10) (7,11) (7,12) (7,13) (7,14) (7,15) (7,16) (8,0) (8,1) (8,2) (8,3) (8,4) (8,5) (8,6) (8,7) (8,8) (8,9) (8,10) (8,11) (8,12) (8,13) (8,14) (8,15) (8,16) (9,0) (9,1) (9,2) (9,3) (9,4) (9,5) (9,6) (9,7) (9,8) (9,9) (9,10) (9,11) (9,12) (9,13) (9,14) (9,15) (9,16) (10,0) (10,1) (10,2) (10,3) (10,4) (10,5) (10,6) (10,7) (10,8) (10,9) (10,10) (10,11) (10,12) (10,13) (10,14) (10,15) (10,16) (11,0) (11,1) (11,2) (11,3) (11,4) (11,5) (11,6) (11,7) (11,8) (11,9) (11,10) (11,11) (11,12) (11,13) (11,14) (11,15) (11,16) (12,0) (12,1) (12,2) (12,3) (12,4) (12,5) (12,6) (12,7) (12,8) (12,9) (12,10) (12,11) (12,12) (12,13) (12,14) (12,15) (12,16)
  [13,23]   table  MM[13,23] (2D)       seats (0,0) (0,1) (0,2) (0,3) (0,4) (0,5) (0,6) (0,7) (0,8) (0,9) (0,10) (0,11) (0,12) (0,13) (0,14) (0,15) (0,16) (0,17) (0,18) (0,19) (0,20) (0,21) (0,22) (1,0) (1,1) (1,2) (1,3) (1,4) (1,5) (1,6) (1,7) (1,8) (1,9) (1,10) (1,11) (1,12) (1,13) (1,14) (1,15) (1,16) (1,17) (1,18) (1,19) (1,20) (1,21) (1,22) (2,0) (2,1) (2,2) (2,3) (2,4) (2,5) (2,6) (2,7) (2,8) (2,9) (2,10) (2,11) (2,12) (2,13) (2,14) (2,15) (2,16) (2,17) (2,18) (2,19) (2,20) (2,21) (2,22) (3,0) (3,1) (3,2) (3,3) (3,4) (3,5) (3,6) (3,7) (3,8) (3,9) (3,10) (3,11) (3,12) (3,13) (3,14) (3,15) (3,16) (3,17) (3,18) (3,19) (3,20) (3,21) (3,22) (4,0) (4,1) (4,2) (4,3) (4,4) (4,5) (4,6) (4,7) (4,8) (4,9) (4,10) (4,11) (4,12) (4,13) (4,14) (4,15) (4,16) (4,17) (4,18) (4,19) (4,20) (4,21) (4,22) (5,0) (5,1) (5,2) (5,3) (5,4) (5,5) (5,6) (5,7) (5,8) (5,9) (5,10) (5,11) (5,12) (5,13) (5,14) (5,15) (5,16) (5,17) (5,18) (5,19) (5,20) (5,21) (5,22) (6,0) (6,1) (6,2) (6,3) (6,4) (6,5) (6,6) (6,7) (6,8) (6,9) (6,10) (6,11) (6,12) (6,13) (6,14) (6,15) (6,16) (6,17) (6,18) (6,19) (6,20) (6,21) (6,22) (7,0) (7,1) (7,2) (7,3) (7,4) (7,5) (7,6) (7,7) (7,8) (7,9) (7,10) (7,11) (7,12) (7,13) (7,14) (7,15) (7,16) (7,17) (7,18) (7,19) (7,20) (7,21) (7,22) (8,0) (8,1) (8,2) (8,3) (8,4) (8,5) (8,6) (8,7) (8,8) (8,9) (8,10) (8,11) (8,12) (8,13) (8,14) (8,15) (8,16) (8,17) (8,18) (8,19) (8,20) (8,21) (8,22) (9,0) (9,1) (9,2) (9,3) (9,4) (9,5) (9,6) (9,7) (9,8) (9,9) (9,10) (9,11) (9,12) (9,13) (9,14) (9,15) (9,16) (9,17) (9,18) (9,19) (9,20) (9,21) (9,22) (10,0) (10,1) (10,2) (10,3) (10,4) (10,5) (10,6) (10,7) (10,8) (10,9) (10,10) (10,11) (10,12) (10,13) (10,14) (10,15) (10,16) (10,17) (10,18) (10,19) (10,20) (10,21) (10,22) (11,0) (11,1) (11,2) (11,3) (11,4) (11,5) (11,6) (11,7) (11,8) (11,9) (11,10) (11,11) (11,12) (11,13) (11,14) (11,15) (11,16) (11,17) (11,18) (11,19) (11,20) (11,21) (11,22) (12,0) (12,1) (12,2) (12,3) (12,4) (12,5) (12,6) (12,7) (12,8) (12,9) (12,10) (12,11) (12,12) (12,13) (12,14) (12,15) (12,16) (12,17) (12,18) (12,19) (12,20) (12,21) (12,22)
  [19,2]    table  MM[19,2] (2D)        seats (0,0) (0,1) (1,0) (1,1) (2,0) (2,1) (3,0) (3,1) (4,0) (4,1) (5,0) (5,1) (6,0) (6,1) (7,0) (7,1) (8,0) (8,1) (9,0) (9,1) (10,0) (10,1) (11,0) (11,1) (12,0) (12,1) (13,0) (13,1) (14,0) (14,1) (15,0) (15,1) (16,0) (16,1) (17,0) (17,1) (18,0) (18,1)
  [19,3]    table  MM[19,3] (2D)        seats (0,0) (0,1) (0,2) (1,0) (1,1) (1,2) (2,0) (2,1) (2,2) (3,0) (3,1) (3,2) (4,0) (4,1) (4,2) (5,0) (5,1) (5,2) (6,0) (6,1) (6,2) (7,0) (7,1) (7,2) (8,0) (8,1) (8,2) (9,0) (9,1) (9,2) (10,0) (10,1) (10,2) (11,0) (11,1) (11,2) (12,0) (12,1) (12,2) (13,0) (13,1) (13,2) (14,0) (14,1) (14,2) (15,0) (15,1) (15,2) (16,0) (16,1) (16,2) (17,0) (17,1) (17,2) (18,0) (18,1) (18,2)
  [19,5]    table  MM[19,5] (2D)        seats (0,0) (0,1) (0,2) (0,3) (0,4) (1,0) (1,1) (1,2) (1,3) (1,4) (2,0) (2,1) (2,2) (2,3) (2,4) (3,0) (3,1) (3,2) (3,3) (3,4) (4,0) (4,1) (4,2) (4,3) (4,4) (5,0) (5,1) (5,2) (5,3) (5,4) (6,0) (6,1) (6,2) (6,3) (6,4) (7,0) (7,1) (7,2) (7,3) (7,4) (8,0) (8,1) (8,2) (8,3) (8,4) (9,0) (9,1) (9,2) (9,3) (9,4) (10,0) (10,1) (10,2) (10,3) (10,4) (11,0) (11,1) (11,2) (11,3) (11,4) (12,0) (12,1) (12,2) (12,3) (12,4) (13,0) (13,1) (13,2) (13,3) (13,4) (14,0) (14,1) (14,2) (14,3) (14,4) (15,0) (15,1) (15,2) (15,3) (15,4) (16,0) (16,1) (16,2) (16,3) (16,4) (17,0) (17,1) (17,2) (17,3) (17,4) (18,0) (18,1) (18,2) (18,3) (18,4)
  [19,7]    table  MM[19,7] (2D)        seats (0,0) (0,1) (0,2) (0,3) (0,4) (0,5) (0,6) (1,0) (1,1) (1,2) (1,3) (1,4) (1,5) (1,6) (2,0) (2,1) (2,2) (2,3) (2,4) (2,5) (2,6) (3,0) (3,1) (3,2) (3,3) (3,4) (3,5) (3,6) (4,0) (4,1) (4,2) (4,3) (4,4) (4,5) (4,6) (5,0) (5,1) (5,2) (5,3) (5,4) (5,5) (5,6) (6,0) (6,1) (6,2) (6,3) (6,4) (6,5) (6,6) (7,0) (7,1) (7,2) (7,3) (7,4) (7,5) (7,6) (8,0) (8,1) (8,2) (8,3) (8,4) (8,5) (8,6) (9,0) (9,1) (9,2) (9,3) (9,4) (9,5) (9,6) (10,0) (10,1) (10,2) (10,3) (10,4) (10,5) (10,6) (11,0) (11,1) (11,2) (11,3) (11,4) (11,5) (11,6) (12,0) (12,1) (12,2) (12,3) (12,4) (12,5) (12,6) (13,0) (13,1) (13,2) (13,3) (13,4) (13,5) (13,6) (14,0) (14,1) (14,2) (14,3) (14,4) (14,5) (14,6) (15,0) (15,1) (15,2) (15,3) (15,4) (15,5) (15,6) (16,0) (16,1) (16,2) (16,3) (16,4) (16,5) (16,6) (17,0) (17,1) (17,2) (17,3) (17,4) (17,5) (17,6) (18,0) (18,1) (18,2) (18,3) (18,4) (18,5) (18,6)
  [19,13]   table  MM[19,13] (2D)       seats (0,0) (0,1) (0,2) (0,3) (0,4) (0,5) (0,6) (0,7) (0,8) (0,9) (0,10) (0,11) (0,12) (1,0) (1,1) (1,2) (1,3) (1,4) (1,5) (1,6) (1,7) (1,8) (1,9) (1,10) (1,11) (1,12) (2,0) (2,1) (2,2) (2,3) (2,4) (2,5) (2,6) (2,7) (2,8) (2,9) (2,10) (2,11) (2,12) (3,0) (3,1) (3,2) (3,3) (3,4) (3,5) (3,6) (3,7) (3,8) (3,9) (3,10) (3,11) (3,12) (4,0) (4,1) (4,2) (4,3) (4,4) (4,5) (4,6) (4,7) (4,8) (4,9) (4,10) (4,11) (4,12) (5,0) (5,1) (5,2) (5,3) (5,4) (5,5) (5,6) (5,7) (5,8) (5,9) (5,10) (5,11) (5,12) (6,0) (6,1) (6,2) (6,3) (6,4) (6,5) (6,6) (6,7) (6,8) (6,9) (6,10) (6,11) (6,12) (7,0) (7,1) (7,2) (7,3) (7,4) (7,5) (7,6) (7,7) (7,8) (7,9) (7,10) (7,11) (7,12) (8,0) (8,1) (8,2) (8,3) (8,4) (8,5) (8,6) (8,7) (8,8) (8,9) (8,10) (8,11) (8,12) (9,0) (9,1) (9,2) (9,3) (9,4) (9,5) (9,6) (9,7) (9,8) (9,9) (9,10) (9,11) (9,12) (10,0) (10,1) (10,2) (10,3) (10,4) (10,5) (10,6) (10,7) (10,8) (10,9) (10,10) (10,11) (10,12) (11,0) (11,1) (11,2) (11,3) (11,4) (11,5) (11,6) (11,7) (11,8) (11,9) (11,10) (11,11) (11,12) (12,0) (12,1) (12,2) (12,3) (12,4) (12,5) (12,6) (12,7) (12,8) (12,9) (12,10) (12,11) (12,12) (13,0) (13,1) (13,2) (13,3) (13,4) (13,5) (13,6) (13,7) (13,8) (13,9) (13,10) (13,11) (13,12) (14,0) (14,1) (14,2) (14,3) (14,4) (14,5) (14,6) (14,7) (14,8) (14,9) (14,10) (14,11) (14,12) (15,0) (15,1) (15,2) (15,3) (15,4) (15,5) (15,6) (15,7) (15,8) (15,9) (15,10) (15,11) (15,12) (16,0) (16,1) (16,2) (16,3) (16,4) (16,5) (16,6) (16,7) (16,8) (16,9) (16,10) (16,11) (16,12) (17,0) (17,1) (17,2) (17,3) (17,4) (17,5) (17,6) (17,7) (17,8) (17,9) (17,10) (17,11) (17,12) (18,0) (18,1) (18,2) (18,3) (18,4) (18,5) (18,6) (18,7) (18,8) (18,9) (18,10) (18,11) (18,12)
  [19,19]   table  MM[19,19] (2D)       seats (0,0) (0,1) (0,2) (0,3) (0,4) (0,5) (0,6) (0,7) (0,8) (0,9) (0,10) (0,11) (0,12) (0,13) (0,14) (0,15) (0,16) (0,17) (0,18) (1,0) (1,1) (1,2) (1,3) (1,4) (1,5) (1,6) (1,7) (1,8) (1,9) (1,10) (1,11) (1,12) (1,13) (1,14) (1,15) (1,16) (1,17) (1,18) (2,0) (2,1) (2,2) (2,3) (2,4) (2,5) (2,6) (2,7) (2,8) (2,9) (2,10) (2,11) (2,12) (2,13) (2,14) (2,15) (2,16) (2,17) (2,18) (3,0) (3,1) (3,2) (3,3) (3,4) (3,5) (3,6) (3,7) (3,8) (3,9) (3,10) (3,11) (3,12) (3,13) (3,14) (3,15) (3,16) (3,17) (3,18) (4,0) (4,1) (4,2) (4,3) (4,4) (4,5) (4,6) (4,7) (4,8) (4,9) (4,10) (4,11) (4,12) (4,13) (4,14) (4,15) (4,16) (4,17) (4,18) (5,0) (5,1) (5,2) (5,3) (5,4) (5,5) (5,6) (5,7) (5,8) (5,9) (5,10) (5,11) (5,12) (5,13) (5,14) (5,15) (5,16) (5,17) (5,18) (6,0) (6,1) (6,2) (6,3) (6,4) (6,5) (6,6) (6,7) (6,8) (6,9) (6,10) (6,11) (6,12) (6,13) (6,14) (6,15) (6,16) (6,17) (6,18) (7,0) (7,1) (7,2) (7,3) (7,4) (7,5) (7,6) (7,7) (7,8) (7,9) (7,10) (7,11) (7,12) (7,13) (7,14) (7,15) (7,16) (7,17) (7,18) (8,0) (8,1) (8,2) (8,3) (8,4) (8,5) (8,6) (8,7) (8,8) (8,9) (8,10) (8,11) (8,12) (8,13) (8,14) (8,15) (8,16) (8,17) (8,18) (9,0) (9,1) (9,2) (9,3) (9,4) (9,5) (9,6) (9,7) (9,8) (9,9) (9,10) (9,11) (9,12) (9,13) (9,14) (9,15) (9,16) (9,17) (9,18) (10,0) (10,1) (10,2) (10,3) (10,4) (10,5) (10,6) (10,7) (10,8) (10,9) (10,10) (10,11) (10,12) (10,13) (10,14) (10,15) (10,16) (10,17) (10,18) (11,0) (11,1) (11,2) (11,3) (11,4) (11,5) (11,6) (11,7) (11,8) (11,9) (11,10) (11,11) (11,12) (11,13) (11,14) (11,15) (11,16) (11,17) (11,18) (12,0) (12,1) (12,2) (12,3) (12,4) (12,5) (12,6) (12,7) (12,8) (12,9) (12,10) (12,11) (12,12) (12,13) (12,14) (12,15) (12,16) (12,17) (12,18) (13,0) (13,1) (13,2) (13,3) (13,4) (13,5) (13,6) (13,7) (13,8) (13,9) (13,10) (13,11) (13,12) (13,13) (13,14) (13,15) (13,16) (13,17) (13,18) (14,0) (14,1) (14,2) (14,3) (14,4) (14,5) (14,6) (14,7) (14,8) (14,9) (14,10) (14,11) (14,12) (14,13) (14,14) (14,15) (14,16) (14,17) (14,18) (15,0) (15,1) (15,2) (15,3) (15,4) (15,5) (15,6) (15,7) (15,8) (15,9) (15,10) (15,11) (15,12) (15,13) (15,14) (15,15) (15,16) (15,17) (15,18) (16,0) (16,1) (16,2) (16,3) (16,4) (16,5) (16,6) (16,7) (16,8) (16,9) (16,10) (16,11) (16,12) (16,13) (16,14) (16,15) (16,16) (16,17) (16,18) (17,0) (17,1) (17,2) (17,3) (17,4) (17,5) (17,6) (17,7) (17,8) (17,9) (17,10) (17,11) (17,12) (17,13) (17,14) (17,15) (17,16) (17,17) (17,18) (18,0) (18,1) (18,2) (18,3) (18,4) (18,5) (18,6) (18,7) (18,8) (18,9) (18,10) (18,11) (18,12) (18,13) (18,14) (18,15) (18,16) (18,17) (18,18)
  [19,11]   table  MM[19,11] (2D)       seats (0,0) (0,1) (0,2) (0,3) (0,4) (0,5) (0,6) (0,7) (0,8) (0,9) (0,10) (1,0) (1,1) (1,2) (1,3) (1,4) (1,5) (1,6) (1,7) (1,8) (1,9) (1,10) (2,0) (2,1) (2,2) (2,3) (2,4) (2,5) (2,6) (2,7) (2,8) (2,9) (2,10) (3,0) (3,1) (3,2) (3,3) (3,4) (3,5) (3,6) (3,7) (3,8) (3,9) (3,10) (4,0) (4,1) (4,2) (4,3) (4,4) (4,5) (4,6) (4,7) (4,8) (4,9) (4,10) (5,0) (5,1) (5,2) (5,3) (5,4) (5,5) (5,6) (5,7) (5,8) (5,9) (5,10) (6,0) (6,1) (6,2) (6,3) (6,4) (6,5) (6,6) (6,7) (6,8) (6,9) (6,10) (7,0) (7,1) (7,2) (7,3) (7,4) (7,5) (7,6) (7,7) (7,8) (7,9) (7,10) (8,0) (8,1) (8,2) (8,3) (8,4) (8,5) (8,6) (8,7) (8,8) (8,9) (8,10) (9,0) (9,1) (9,2) (9,3) (9,4) (9,5) (9,6) (9,7) (9,8) (9,9) (9,10) (10,0) (10,1) (10,2) (10,3) (10,4) (10,5) (10,6) (10,7) (10,8) (10,9) (10,10) (11,0) (11,1) (11,2) (11,3) (11,4) (11,5) (11,6) (11,7) (11,8) (11,9) (11,10) (12,0) (12,1) (12,2) (12,3) (12,4) (12,5) (12,6) (12,7) (12,8) (12,9) (12,10) (13,0) (13,1) (13,2) (13,3) (13,4) (13,5) (13,6) (13,7) (13,8) (13,9) (13,10) (14,0) (14,1) (14,2) (14,3) (14,4) (14,5) (14,6) (14,7) (14,8) (14,9) (14,10) (15,0) (15,1) (15,2) (15,3) (15,4) (15,5) (15,6) (15,7) (15,8) (15,9) (15,10) (16,0) (16,1) (16,2) (16,3) (16,4) (16,5) (16,6) (16,7) (16,8) (16,9) (16,10) (17,0) (17,1) (17,2) (17,3) (17,4) (17,5) (17,6) (17,7) (17,8) (17,9) (17,10) (18,0) (18,1) (18,2) (18,3) (18,4) (18,5) (18,6) (18,7) (18,8) (18,9) (18,10)
  [19,17]   table  MM[19,17] (2D)       seats (0,0) (0,1) (0,2) (0,3) (0,4) (0,5) (0,6) (0,7) (0,8) (0,9) (0,10) (0,11) (0,12) (0,13) (0,14) (0,15) (0,16) (1,0) (1,1) (1,2) (1,3) (1,4) (1,5) (1,6) (1,7) (1,8) (1,9) (1,10) (1,11) (1,12) (1,13) (1,14) (1,15) (1,16) (2,0) (2,1) (2,2) (2,3) (2,4) (2,5) (2,6) (2,7) (2,8) (2,9) (2,10) (2,11) (2,12) (2,13) (2,14) (2,15) (2,16) (3,0) (3,1) (3,2) (3,3) (3,4) (3,5) (3,6) (3,7) (3,8) (3,9) (3,10) (3,11) (3,12) (3,13) (3,14) (3,15) (3,16) (4,0) (4,1) (4,2) (4,3) (4,4) (4,5) (4,6) (4,7) (4,8) (4,9) (4,10) (4,11) (4,12) (4,13) (4,14) (4,15) (4,16) (5,0) (5,1) (5,2) (5,3) (5,4) (5,5) (5,6) (5,7) (5,8) (5,9) (5,10) (5,11) (5,12) (5,13) (5,14) (5,15) (5,16) (6,0) (6,1) (6,2) (6,3) (6,4) (6,5) (6,6) (6,7) (6,8) (6,9) (6,10) (6,11) (6,12) (6,13) (6,14) (6,15) (6,16) (7,0) (7,1) (7,2) (7,3) (7,4) (7,5) (7,6) (7,7) (7,8) (7,9) (7,10) (7,11) (7,12) (7,13) (7,14) (7,15) (7,16) (8,0) (8,1) (8,2) (8,3) (8,4) (8,5) (8,6) (8,7) (8,8) (8,9) (8,10) (8,11) (8,12) (8,13) (8,14) (8,15) (8,16) (9,0) (9,1) (9,2) (9,3) (9,4) (9,5) (9,6) (9,7) (9,8) (9,9) (9,10) (9,11) (9,12) (9,13) (9,14) (9,15) (9,16) (10,0) (10,1) (10,2) (10,3) (10,4) (10,5) (10,6) (10,7) (10,8) (10,9) (10,10) (10,11) (10,12) (10,13) (10,14) (10,15) (10,16) (11,0) (11,1) (11,2) (11,3) (11,4) (11,5) (11,6) (11,7) (11,8) (11,9) (11,10) (11,11) (11,12) (11,13) (11,14) (11,15) (11,16) (12,0) (12,1) (12,2) (12,3) (12,4) (12,5) (12,6) (12,7) (12,8) (12,9) (12,10) (12,11) (12,12) (12,13) (12,14) (12,15) (12,16) (13,0) (13,1) (13,2) (13,3) (13,4) (13,5) (13,6) (13,7) (13,8) (13,9) (13,10) (13,11) (13,12) (13,13) (13,14) (13,15) (13,16) (14,0) (14,1) (14,2) (14,3) (14,4) (14,5) (14,6) (14,7) (14,8) (14,9) (14,10) (14,11) (14,12) (14,13) (14,14) (14,15) (14,16) (15,0) (15,1) (15,2) (15,3) (15,4) (15,5) (15,6) (15,7) (15,8) (15,9) (15,10) (15,11) (15,12) (15,13) (15,14) (15,15) (15,16) (16,0) (16,1) (16,2) (16,3) (16,4) (16,5) (16,6) (16,7) (16,8) (16,9) (16,10) (16,11) (16,12) (16,13) (16,14) (16,15) (16,16) (17,0) (17,1) (17,2) (17,3) (17,4) (17,5) (17,6) (17,7) (17,8) (17,9) (17,10) (17,11) (17,12) (17,13) (17,14) (17,15) (17,16) (18,0) (18,1) (18,2) (18,3) (18,4) (18,5) (18,6) (18,7) (18,8) (18,9) (18,10) (18,11) (18,12) (18,13) (18,14) (18,15) (18,16)
  [19,23]   table  MM[19,23] (2D)       seats (0,0) (0,1) (0,2) (0,3) (0,4) (0,5) (0,6) (0,7) (0,8) (0,9) (0,10) (0,11) (0,12) (0,13) (0,14) (0,15) (0,16) (0,17) (0,18) (0,19) (0,20) (0,21) (0,22) (1,0) (1,1) (1,2) (1,3) (1,4) (1,5) (1,6) (1,7) (1,8) (1,9) (1,10) (1,11) (1,12) (1,13) (1,14) (1,15) (1,16) (1,17) (1,18) (1,19) (1,20) (1,21) (1,22) (2,0) (2,1) (2,2) (2,3) (2,4) (2,5) (2,6) (2,7) (2,8) (2,9) (2,10) (2,11) (2,12) (2,13) (2,14) (2,15) (2,16) (2,17) (2,18) (2,19) (2,20) (2,21) (2,22) (3,0) (3,1) (3,2) (3,3) (3,4) (3,5) (3,6) (3,7) (3,8) (3,9) (3,10) (3,11) (3,12) (3,13) (3,14) (3,15) (3,16) (3,17) (3,18) (3,19) (3,20) (3,21) (3,22) (4,0) (4,1) (4,2) (4,3) (4,4) (4,5) (4,6) (4,7) (4,8) (4,9) (4,10) (4,11) (4,12) (4,13) (4,14) (4,15) (4,16) (4,17) (4,18) (4,19) (4,20) (4,21) (4,22) (5,0) (5,1) (5,2) (5,3) (5,4) (5,5) (5,6) (5,7) (5,8) (5,9) (5,10) (5,11) (5,12) (5,13) (5,14) (5,15) (5,16) (5,17) (5,18) (5,19) (5,20) (5,21) (5,22) (6,0) (6,1) (6,2) (6,3) (6,4) (6,5) (6,6) (6,7) (6,8) (6,9) (6,10) (6,11) (6,12) (6,13) (6,14) (6,15) (6,16) (6,17) (6,18) (6,19) (6,20) (6,21) (6,22) (7,0) (7,1) (7,2) (7,3) (7,4) (7,5) (7,6) (7,7) (7,8) (7,9) (7,10) (7,11) (7,12) (7,13) (7,14) (7,15) (7,16) (7,17) (7,18) (7,19) (7,20) (7,21) (7,22) (8,0) (8,1) (8,2) (8,3) (8,4) (8,5) (8,6) (8,7) (8,8) (8,9) (8,10) (8,11) (8,12) (8,13) (8,14) (8,15) (8,16) (8,17) (8,18) (8,19) (8,20) (8,21) (8,22) (9,0) (9,1) (9,2) (9,3) (9,4) (9,5) (9,6) (9,7) (9,8) (9,9) (9,10) (9,11) (9,12) (9,13) (9,14) (9,15) (9,16) (9,17) (9,18) (9,19) (9,20) (9,21) (9,22) (10,0) (10,1) (10,2) (10,3) (10,4) (10,5) (10,6) (10,7) (10,8) (10,9) (10,10) (10,11) (10,12) (10,13) (10,14) (10,15) (10,16) (10,17) (10,18) (10,19) (10,20) (10,21) (10,22) (11,0) (11,1) (11,2) (11,3) (11,4) (11,5) (11,6) (11,7) (11,8) (11,9) (11,10) (11,11) (11,12) (11,13) (11,14) (11,15) (11,16) (11,17) (11,18) (11,19) (11,20) (11,21) (11,22) (12,0) (12,1) (12,2) (12,3) (12,4) (12,5) (12,6) (12,7) (12,8) (12,9) (12,10) (12,11) (12,12) (12,13) (12,14) (12,15) (12,16) (12,17) (12,18) (12,19) (12,20) (12,21) (12,22) (13,0) (13,1) (13,2) (13,3) (13,4) (13,5) (13,6) (13,7) (13,8) (13,9) (13,10) (13,11) (13,12) (13,13) (13,14) (13,15) (13,16) (13,17) (13,18) (13,19) (13,20) (13,21) (13,22) (14,0) (14,1) (14,2) (14,3) (14,4) (14,5) (14,6) (14,7) (14,8) (14,9) (14,10) (14,11) (14,12) (14,13) (14,14) (14,15) (14,16) (14,17) (14,18) (14,19) (14,20) (14,21) (14,22) (15,0) (15,1) (15,2) (15,3) (15,4) (15,5) (15,6) (15,7) (15,8) (15,9) (15,10) (15,11) (15,12) (15,13) (15,14) (15,15) (15,16) (15,17) (15,18) (15,19) (15,20) (15,21) (15,22) (16,0) (16,1) (16,2) (16,3) (16,4) (16,5) (16,6) (16,7) (16,8) (16,9) (16,10) (16,11) (16,12) (16,13) (16,14) (16,15) (16,16) (16,17) (16,18) (16,19) (16,20) (16,21) (16,22) (17,0) (17,1) (17,2) (17,3) (17,4) (17,5) (17,6) (17,7) (17,8) (17,9) (17,10) (17,11) (17,12) (17,13) (17,14) (17,15) (17,16) (17,17) (17,18) (17,19) (17,20) (17,21) (17,22) (18,0) (18,1) (18,2) (18,3) (18,4) (18,5) (18,6) (18,7) (18,8) (18,9) (18,10) (18,11) (18,12) (18,13) (18,14) (18,15) (18,16) (18,17) (18,18) (18,19) (18,20) (18,21) (18,22)
  [11,2]    table  MM[11,2] (2D)        seats (0,0) (0,1) (1,0) (1,1) (2,0) (2,1) (3,0) (3,1) (4,0) (4,1) (5,0) (5,1) (6,0) (6,1) (7,0) (7,1) (8,0) (8,1) (9,0) (9,1) (10,0) (10,1)
  [11,3]    table  MM[11,3] (2D)        seats (0,0) (0,1) (0,2) (1,0) (1,1) (1,2) (2,0) (2,1) (2,2) (3,0) (3,1) (3,2) (4,0) (4,1) (4,2) (5,0) (5,1) (5,2) (6,0) (6,1) (6,2) (7,0) (7,1) (7,2) (8,0) (8,1) (8,2) (9,0) (9,1) (9,2) (10,0) (10,1) (10,2)
  [11,5]    table  MM[11,5] (2D)        seats (0,0) (0,1) (0,2) (0,3) (0,4) (1,0) (1,1) (1,2) (1,3) (1,4) (2,0) (2,1) (2,2) (2,3) (2,4) (3,0) (3,1) (3,2) (3,3) (3,4) (4,0) (4,1) (4,2) (4,3) (4,4) (5,0) (5,1) (5,2) (5,3) (5,4) (6,0) (6,1) (6,2) (6,3) (6,4) (7,0) (7,1) (7,2) (7,3) (7,4) (8,0) (8,1) (8,2) (8,3) (8,4) (9,0) (9,1) (9,2) (9,3) (9,4) (10,0) (10,1) (10,2) (10,3) (10,4)
  [11,7]    table  MM[11,7] (2D)        seats (0,0) (0,1) (0,2) (0,3) (0,4) (0,5) (0,6) (1,0) (1,1) (1,2) (1,3) (1,4) (1,5) (1,6) (2,0) (2,1) (2,2) (2,3) (2,4) (2,5) (2,6) (3,0) (3,1) (3,2) (3,3) (3,4) (3,5) (3,6) (4,0) (4,1) (4,2) (4,3) (4,4) (4,5) (4,6) (5,0) (5,1) (5,2) (5,3) (5,4) (5,5) (5,6) (6,0) (6,1) (6,2) (6,3) (6,4) (6,5) (6,6) (7,0) (7,1) (7,2) (7,3) (7,4) (7,5) (7,6) (8,0) (8,1) (8,2) (8,3) (8,4) (8,5) (8,6) (9,0) (9,1) (9,2) (9,3) (9,4) (9,5) (9,6) (10,0) (10,1) (10,2) (10,3) (10,4) (10,5) (10,6)
  [11,13]   table  MM[11,13] (2D)       seats (0,0) (0,1) (0,2) (0,3) (0,4) (0,5) (0,6) (0,7) (0,8) (0,9) (0,10) (0,11) (0,12) (1,0) (1,1) (1,2) (1,3) (1,4) (1,5) (1,6) (1,7) (1,8) (1,9) (1,10) (1,11) (1,12) (2,0) (2,1) (2,2) (2,3) (2,4) (2,5) (2,6) (2,7) (2,8) (2,9) (2,10) (2,11) (2,12) (3,0) (3,1) (3,2) (3,3) (3,4) (3,5) (3,6) (3,7) (3,8) (3,9) (3,10) (3,11) (3,12) (4,0) (4,1) (4,2) (4,3) (4,4) (4,5) (4,6) (4,7) (4,8) (4,9) (4,10) (4,11) (4,12) (5,0) (5,1) (5,2) (5,3) (5,4) (5,5) (5,6) (5,7) (5,8) (5,9) (5,10) (5,11) (5,12) (6,0) (6,1) (6,2) (6,3) (6,4) (6,5) (6,6) (6,7) (6,8) (6,9) (6,10) (6,11) (6,12) (7,0) (7,1) (7,2) (7,3) (7,4) (7,5) (7,6) (7,7) (7,8) (7,9) (7,10) (7,11) (7,12) (8,0) (8,1) (8,2) (8,3) (8,4) (8,5) (8,6) (8,7) (8,8) (8,9) (8,10) (8,11) (8,12) (9,0) (9,1) (9,2) (9,3) (9,4) (9,5) (9,6) (9,7) (9,8) (9,9) (9,10) (9,11) (9,12) (10,0) (10,1) (10,2) (10,3) (10,4) (10,5) (10,6) (10,7) (10,8) (10,9) (10,10) (10,11) (10,12)
  [11,19]   table  MM[11,19] (2D)       seats (0,0) (0,1) (0,2) (0,3) (0,4) (0,5) (0,6) (0,7) (0,8) (0,9) (0,10) (0,11) (0,12) (0,13) (0,14) (0,15) (0,16) (0,17) (0,18) (1,0) (1,1) (1,2) (1,3) (1,4) (1,5) (1,6) (1,7) (1,8) (1,9) (1,10) (1,11) (1,12) (1,13) (1,14) (1,15) (1,16) (1,17) (1,18) (2,0) (2,1) (2,2) (2,3) (2,4) (2,5) (2,6) (2,7) (2,8) (2,9) (2,10) (2,11) (2,12) (2,13) (2,14) (2,15) (2,16) (2,17) (2,18) (3,0) (3,1) (3,2) (3,3) (3,4) (3,5) (3,6) (3,7) (3,8) (3,9) (3,10) (3,11) (3,12) (3,13) (3,14) (3,15) (3,16) (3,17) (3,18) (4,0) (4,1) (4,2) (4,3) (4,4) (4,5) (4,6) (4,7) (4,8) (4,9) (4,10) (4,11) (4,12) (4,13) (4,14) (4,15) (4,16) (4,17) (4,18) (5,0) (5,1) (5,2) (5,3) (5,4) (5,5) (5,6) (5,7) (5,8) (5,9) (5,10) (5,11) (5,12) (5,13) (5,14) (5,15) (5,16) (5,17) (5,18) (6,0) (6,1) (6,2) (6,3) (6,4) (6,5) (6,6) (6,7) (6,8) (6,9) (6,10) (6,11) (6,12) (6,13) (6,14) (6,15) (6,16) (6,17) (6,18) (7,0) (7,1) (7,2) (7,3) (7,4) (7,5) (7,6) (7,7) (7,8) (7,9) (7,10) (7,11) (7,12) (7,13) (7,14) (7,15) (7,16) (7,17) (7,18) (8,0) (8,1) (8,2) (8,3) (8,4) (8,5) (8,6) (8,7) (8,8) (8,9) (8,10) (8,11) (8,12) (8,13) (8,14) (8,15) (8,16) (8,17) (8,18) (9,0) (9,1) (9,2) (9,3) (9,4) (9,5) (9,6) (9,7) (9,8) (9,9) (9,10) (9,11) (9,12) (9,13) (9,14) (9,15) (9,16) (9,17) (9,18) (10,0) (10,1) (10,2) (10,3) (10,4) (10,5) (10,6) (10,7) (10,8) (10,9) (10,10) (10,11) (10,12) (10,13) (10,14) (10,15) (10,16) (10,17) (10,18)
  [11,11]   table  MM[11,11] (2D)       seats (0,0) (0,1) (0,2) (0,3) (0,4) (0,5) (0,6) (0,7) (0,8) (0,9) (0,10) (1,0) (1,1) (1,2) (1,3) (1,4) (1,5) (1,6) (1,7) (1,8) (1,9) (1,10) (2,0) (2,1) (2,2) (2,3) (2,4) (2,5) (2,6) (2,7) (2,8) (2,9) (2,10) (3,0) (3,1) (3,2) (3,3) (3,4) (3,5) (3,6) (3,7) (3,8) (3,9) (3,10) (4,0) (4,1) (4,2) (4,3) (4,4) (4,5) (4,6) (4,7) (4,8) (4,9) (4,10) (5,0) (5,1) (5,2) (5,3) (5,4) (5,5) (5,6) (5,7) (5,8) (5,9) (5,10) (6,0) (6,1) (6,2) (6,3) (6,4) (6,5) (6,6) (6,7) (6,8) (6,9) (6,10) (7,0) (7,1) (7,2) (7,3) (7,4) (7,5) (7,6) (7,7) (7,8) (7,9) (7,10) (8,0) (8,1) (8,2) (8,3) (8,4) (8,5) (8,6) (8,7) (8,8) (8,9) (8,10) (9,0) (9,1) (9,2) (9,3) (9,4) (9,5) (9,6) (9,7) (9,8) (9,9) (9,10) (10,0) (10,1) (10,2) (10,3) (10,4) (10,5) (10,6) (10,7) (10,8) (10,9) (10,10)
  [11,17]   table  MM[11,17] (2D)       seats (0,0) (0,1) (0,2) (0,3) (0,4) (0,5) (0,6) (0,7) (0,8) (0,9) (0,10) (0,11) (0,12) (0,13) (0,14) (0,15) (0,16) (1,0) (1,1) (1,2) (1,3) (1,4) (1,5) (1,6) (1,7) (1,8) (1,9) (1,10) (1,11) (1,12) (1,13) (1,14) (1,15) (1,16) (2,0) (2,1) (2,2) (2,3) (2,4) (2,5) (2,6) (2,7) (2,8) (2,9) (2,10) (2,11) (2,12) (2,13) (2,14) (2,15) (2,16) (3,0) (3,1) (3,2) (3,3) (3,4) (3,5) (3,6) (3,7) (3,8) (3,9) (3,10) (3,11) (3,12) (3,13) (3,14) (3,15) (3,16) (4,0) (4,1) (4,2) (4,3) (4,4) (4,5) (4,6) (4,7) (4,8) (4,9) (4,10) (4,11) (4,12) (4,13) (4,14) (4,15) (4,16) (5,0) (5,1) (5,2) (5,3) (5,4) (5,5) (5,6) (5,7) (5,8) (5,9) (5,10) (5,11) (5,12) (5,13) (5,14) (5,15) (5,16) (6,0) (6,1) (6,2) (6,3) (6,4) (6,5) (6,6) (6,7) (6,8) (6,9) (6,10) (6,11) (6,12) (6,13) (6,14) (6,15) (6,16) (7,0) (7,1) (7,2) (7,3) (7,4) (7,5) (7,6) (7,7) (7,8) (7,9) (7,10) (7,11) (7,12) (7,13) (7,14) (7,15) (7,16) (8,0) (8,1) (8,2) (8,3) (8,4) (8,5) (8,6) (8,7) (8,8) (8,9) (8,10) (8,11) (8,12) (8,13) (8,14) (8,15) (8,16) (9,0) (9,1) (9,2) (9,3) (9,4) (9,5) (9,6) (9,7) (9,8) (9,9) (9,10) (9,11) (9,12) (9,13) (9,14) (9,15) (9,16) (10,0) (10,1) (10,2) (10,3) (10,4) (10,5) (10,6) (10,7) (10,8) (10,9) (10,10) (10,11) (10,12) (10,13) (10,14) (10,15) (10,16)
  [11,23]   table  MM[11,23] (2D)       seats (0,0) (0,1) (0,2) (0,3) (0,4) (0,5) (0,6) (0,7) (0,8) (0,9) (0,10) (0,11) (0,12) (0,13) (0,14) (0,15) (0,16) (0,17) (0,18) (0,19) (0,20) (0,21) (0,22) (1,0) (1,1) (1,2) (1,3) (1,4) (1,5) (1,6) (1,7) (1,8) (1,9) (1,10) (1,11) (1,12) (1,13) (1,14) (1,15) (1,16) (1,17) (1,18) (1,19) (1,20) (1,21) (1,22) (2,0) (2,1) (2,2) (2,3) (2,4) (2,5) (2,6) (2,7) (2,8) (2,9) (2,10) (2,11) (2,12) (2,13) (2,14) (2,15) (2,16) (2,17) (2,18) (2,19) (2,20) (2,21) (2,22) (3,0) (3,1) (3,2) (3,3) (3,4) (3,5) (3,6) (3,7) (3,8) (3,9) (3,10) (3,11) (3,12) (3,13) (3,14) (3,15) (3,16) (3,17) (3,18) (3,19) (3,20) (3,21) (3,22) (4,0) (4,1) (4,2) (4,3) (4,4) (4,5) (4,6) (4,7) (4,8) (4,9) (4,10) (4,11) (4,12) (4,13) (4,14) (4,15) (4,16) (4,17) (4,18) (4,19) (4,20) (4,21) (4,22) (5,0) (5,1) (5,2) (5,3) (5,4) (5,5) (5,6) (5,7) (5,8) (5,9) (5,10) (5,11) (5,12) (5,13) (5,14) (5,15) (5,16) (5,17) (5,18) (5,19) (5,20) (5,21) (5,22) (6,0) (6,1) (6,2) (6,3) (6,4) (6,5) (6,6) (6,7) (6,8) (6,9) (6,10) (6,11) (6,12) (6,13) (6,14) (6,15) (6,16) (6,17) (6,18) (6,19) (6,20) (6,21) (6,22) (7,0) (7,1) (7,2) (7,3) (7,4) (7,5) (7,6) (7,7) (7,8) (7,9) (7,10) (7,11) (7,12) (7,13) (7,14) (7,15) (7,16) (7,17) (7,18) (7,19) (7,20) (7,21) (7,22) (8,0) (8,1) (8,2) (8,3) (8,4) (8,5) (8,6) (8,7) (8,8) (8,9) (8,10) (8,11) (8,12) (8,13) (8,14) (8,15) (8,16) (8,17) (8,18) (8,19) (8,20) (8,21) (8,22) (9,0) (9,1) (9,2) (9,3) (9,4) (9,5) (9,6) (9,7) (9,8) (9,9) (9,10) (9,11) (9,12) (9,13) (9,14) (9,15) (9,16) (9,17) (9,18) (9,19) (9,20) (9,21) (9,22) (10,0) (10,1) (10,2) (10,3) (10,4) (10,5) (10,6) (10,7) (10,8) (10,9) (10,10) (10,11) (10,12) (10,13) (10,14) (10,15) (10,16) (10,17) (10,18) (10,19) (10,20) (10,21) (10,22)
  [17,2]    table  MM[17,2] (2D)        seats (0,0) (0,1) (1,0) (1,1) (2,0) (2,1) (3,0) (3,1) (4,0) (4,1) (5,0) (5,1) (6,0) (6,1) (7,0) (7,1) (8,0) (8,1) (9,0) (9,1) (10,0) (10,1) (11,0) (11,1) (12,0) (12,1) (13,0) (13,1) (14,0) (14,1) (15,0) (15,1) (16,0) (16,1)
  [17,3]    table  MM[17,3] (2D)        seats (0,0) (0,1) (0,2) (1,0) (1,1) (1,2) (2,0) (2,1) (2,2) (3,0) (3,1) (3,2) (4,0) (4,1) (4,2) (5,0) (5,1) (5,2) (6,0) (6,1) (6,2) (7,0) (7,1) (7,2) (8,0) (8,1) (8,2) (9,0) (9,1) (9,2) (10,0) (10,1) (10,2) (11,0) (11,1) (11,2) (12,0) (12,1) (12,2) (13,0) (13,1) (13,2) (14,0) (14,1) (14,2) (15,0) (15,1) (15,2) (16,0) (16,1) (16,2)
  [17,5]    table  MM[17,5] (2D)        seats (0,0) (0,1) (0,2) (0,3) (0,4) (1,0) (1,1) (1,2) (1,3) (1,4) (2,0) (2,1) (2,2) (2,3) (2,4) (3,0) (3,1) (3,2) (3,3) (3,4) (4,0) (4,1) (4,2) (4,3) (4,4) (5,0) (5,1) (5,2) (5,3) (5,4) (6,0) (6,1) (6,2) (6,3) (6,4) (7,0) (7,1) (7,2) (7,3) (7,4) (8,0) (8,1) (8,2) (8,3) (8,4) (9,0) (9,1) (9,2) (9,3) (9,4) (10,0) (10,1) (10,2) (10,3) (10,4) (11,0) (11,1) (11,2) (11,3) (11,4) (12,0) (12,1) (12,2) (12,3) (12,4) (13,0) (13,1) (13,2) (13,3) (13,4) (14,0) (14,1) (14,2) (14,3) (14,4) (15,0) (15,1) (15,2) (15,3) (15,4) (16,0) (16,1) (16,2) (16,3) (16,4)
  [17,7]    table  MM[17,7] (2D)        seats (0,0) (0,1) (0,2) (0,3) (0,4) (0,5) (0,6) (1,0) (1,1) (1,2) (1,3) (1,4) (1,5) (1,6) (2,0) (2,1) (2,2) (2,3) (2,4) (2,5) (2,6) (3,0) (3,1) (3,2) (3,3) (3,4) (3,5) (3,6) (4,0) (4,1) (4,2) (4,3) (4,4) (4,5) (4,6) (5,0) (5,1) (5,2) (5,3) (5,4) (5,5) (5,6) (6,0) (6,1) (6,2) (6,3) (6,4) (6,5) (6,6) (7,0) (7,1) (7,2) (7,3) (7,4) (7,5) (7,6) (8,0) (8,1) (8,2) (8,3) (8,4) (8,5) (8,6) (9,0) (9,1) (9,2) (9,3) (9,4) (9,5) (9,6) (10,0) (10,1) (10,2) (10,3) (10,4) (10,5) (10,6) (11,0) (11,1) (11,2) (11,3) (11,4) (11,5) (11,6) (12,0) (12,1) (12,2) (12,3) (12,4) (12,5) (12,6) (13,0) (13,1) (13,2) (13,3) (13,4) (13,5) (13,6) (14,0) (14,1) (14,2) (14,3) (14,4) (14,5) (14,6) (15,0) (15,1) (15,2) (15,3) (15,4) (15,5) (15,6) (16,0) (16,1) (16,2) (16,3) (16,4) (16,5) (16,6)
  [17,13]   table  MM[17,13] (2D)       seats (0,0) (0,1) (0,2) (0,3) (0,4) (0,5) (0,6) (0,7) (0,8) (0,9) (0,10) (0,11) (0,12) (1,0) (1,1) (1,2) (1,3) (1,4) (1,5) (1,6) (1,7) (1,8) (1,9) (1,10) (1,11) (1,12) (2,0) (2,1) (2,2) (2,3) (2,4) (2,5) (2,6) (2,7) (2,8) (2,9) (2,10) (2,11) (2,12) (3,0) (3,1) (3,2) (3,3) (3,4) (3,5) (3,6) (3,7) (3,8) (3,9) (3,10) (3,11) (3,12) (4,0) (4,1) (4,2) (4,3) (4,4) (4,5) (4,6) (4,7) (4,8) (4,9) (4,10) (4,11) (4,12) (5,0) (5,1) (5,2) (5,3) (5,4) (5,5) (5,6) (5,7) (5,8) (5,9) (5,10) (5,11) (5,12) (6,0) (6,1) (6,2) (6,3) (6,4) (6,5) (6,6) (6,7) (6,8) (6,9) (6,10) (6,11) (6,12) (7,0) (7,1) (7,2) (7,3) (7,4) (7,5) (7,6) (7,7) (7,8) (7,9) (7,10) (7,11) (7,12) (8,0) (8,1) (8,2) (8,3) (8,4) (8,5) (8,6) (8,7) (8,8) (8,9) (8,10) (8,11) (8,12) (9,0) (9,1) (9,2) (9,3) (9,4) (9,5) (9,6) (9,7) (9,8) (9,9) (9,10) (9,11) (9,12) (10,0) (10,1) (10,2) (10,3) (10,4) (10,5) (10,6) (10,7) (10,8) (10,9) (10,10) (10,11) (10,12) (11,0) (11,1) (11,2) (11,3) (11,4) (11,5) (11,6) (11,7) (11,8) (11,9) (11,10) (11,11) (11,12) (12,0) (12,1) (12,2) (12,3) (12,4) (12,5) (12,6) (12,7) (12,8) (12,9) (12,10) (12,11) (12,12) (13,0) (13,1) (13,2) (13,3) (13,4) (13,5) (13,6) (13,7) (13,8) (13,9) (13,10) (13,11) (13,12) (14,0) (14,1) (14,2) (14,3) (14,4) (14,5) (14,6) (14,7) (14,8) (14,9) (14,10) (14,11) (14,12) (15,0) (15,1) (15,2) (15,3) (15,4) (15,5) (15,6) (15,7) (15,8) (15,9) (15,10) (15,11) (15,12) (16,0) (16,1) (16,2) (16,3) (16,4) (16,5) (16,6) (16,7) (16,8) (16,9) (16,10) (16,11) (16,12)
  [17,19]   table  MM[17,19] (2D)       seats (0,0) (0,1) (0,2) (0,3) (0,4) (0,5) (0,6) (0,7) (0,8) (0,9) (0,10) (0,11) (0,12) (0,13) (0,14) (0,15) (0,16) (0,17) (0,18) (1,0) (1,1) (1,2) (1,3) (1,4) (1,5) (1,6) (1,7) (1,8) (1,9) (1,10) (1,11) (1,12) (1,13) (1,14) (1,15) (1,16) (1,17) (1,18) (2,0) (2,1) (2,2) (2,3) (2,4) (2,5) (2,6) (2,7) (2,8) (2,9) (2,10) (2,11) (2,12) (2,13) (2,14) (2,15) (2,16) (2,17) (2,18) (3,0) (3,1) (3,2) (3,3) (3,4) (3,5) (3,6) (3,7) (3,8) (3,9) (3,10) (3,11) (3,12) (3,13) (3,14) (3,15) (3,16) (3,17) (3,18) (4,0) (4,1) (4,2) (4,3) (4,4) (4,5) (4,6) (4,7) (4,8) (4,9) (4,10) (4,11) (4,12) (4,13) (4,14) (4,15) (4,16) (4,17) (4,18) (5,0) (5,1) (5,2) (5,3) (5,4) (5,5) (5,6) (5,7) (5,8) (5,9) (5,10) (5,11) (5,12) (5,13) (5,14) (5,15) (5,16) (5,17) (5,18) (6,0) (6,1) (6,2) (6,3) (6,4) (6,5) (6,6) (6,7) (6,8) (6,9) (6,10) (6,11) (6,12) (6,13) (6,14) (6,15) (6,16) (6,17) (6,18) (7,0) (7,1) (7,2) (7,3) (7,4) (7,5) (7,6) (7,7) (7,8) (7,9) (7,10) (7,11) (7,12) (7,13) (7,14) (7,15) (7,16) (7,17) (7,18) (8,0) (8,1) (8,2) (8,3) (8,4) (8,5) (8,6) (8,7) (8,8) (8,9) (8,10) (8,11) (8,12) (8,13) (8,14) (8,15) (8,16) (8,17) (8,18) (9,0) (9,1) (9,2) (9,3) (9,4) (9,5) (9,6) (9,7) (9,8) (9,9) (9,10) (9,11) (9,12) (9,13) (9,14) (9,15) (9,16) (9,17) (9,18) (10,0) (10,1) (10,2) (10,3) (10,4) (10,5) (10,6) (10,7) (10,8) (10,9) (10,10) (10,11) (10,12) (10,13) (10,14) (10,15) (10,16) (10,17) (10,18) (11,0) (11,1) (11,2) (11,3) (11,4) (11,5) (11,6) (11,7) (11,8) (11,9) (11,10) (11,11) (11,12) (11,13) (11,14) (11,15) (11,16) (11,17) (11,18) (12,0) (12,1) (12,2) (12,3) (12,4) (12,5) (12,6) (12,7) (12,8) (12,9) (12,10) (12,11) (12,12) (12,13) (12,14) (12,15) (12,16) (12,17) (12,18) (13,0) (13,1) (13,2) (13,3) (13,4) (13,5) (13,6) (13,7) (13,8) (13,9) (13,10) (13,11) (13,12) (13,13) (13,14) (13,15) (13,16) (13,17) (13,18) (14,0) (14,1) (14,2) (14,3) (14,4) (14,5) (14,6) (14,7) (14,8) (14,9) (14,10) (14,11) (14,12) (14,13) (14,14) (14,15) (14,16) (14,17) (14,18) (15,0) (15,1) (15,2) (15,3) (15,4) (15,5) (15,6) (15,7) (15,8) (15,9) (15,10) (15,11) (15,12) (15,13) (15,14) (15,15) (15,16) (15,17) (15,18) (16,0) (16,1) (16,2) (16,3) (16,4) (16,5) (16,6) (16,7) (16,8) (16,9) (16,10) (16,11) (16,12) (16,13) (16,14) (16,15) (16,16) (16,17) (16,18)
  [17,11]   table  MM[17,11] (2D)       seats (0,0) (0,1) (0,2) (0,3) (0,4) (0,5) (0,6) (0,7) (0,8) (0,9) (0,10) (1,0) (1,1) (1,2) (1,3) (1,4) (1,5) (1,6) (1,7) (1,8) (1,9) (1,10) (2,0) (2,1) (2,2) (2,3) (2,4) (2,5) (2,6) (2,7) (2,8) (2,9) (2,10) (3,0) (3,1) (3,2) (3,3) (3,4) (3,5) (3,6) (3,7) (3,8) (3,9) (3,10) (4,0) (4,1) (4,2) (4,3) (4,4) (4,5) (4,6) (4,7) (4,8) (4,9) (4,10) (5,0) (5,1) (5,2) (5,3) (5,4) (5,5) (5,6) (5,7) (5,8) (5,9) (5,10) (6,0) (6,1) (6,2) (6,3) (6,4) (6,5) (6,6) (6,7) (6,8) (6,9) (6,10) (7,0) (7,1) (7,2) (7,3) (7,4) (7,5) (7,6) (7,7) (7,8) (7,9) (7,10) (8,0) (8,1) (8,2) (8,3) (8,4) (8,5) (8,6) (8,7) (8,8) (8,9) (8,10) (9,0) (9,1) (9,2) (9,3) (9,4) (9,5) (9,6) (9,7) (9,8) (9,9) (9,10) (10,0) (10,1) (10,2) (10,3) (10,4) (10,5) (10,6) (10,7) (10,8) (10,9) (10,10) (11,0) (11,1) (11,2) (11,3) (11,4) (11,5) (11,6) (11,7) (11,8) (11,9) (11,10) (12,0) (12,1) (12,2) (12,3) (12,4) (12,5) (12,6) (12,7) (12,8) (12,9) (12,10) (13,0) (13,1) (13,2) (13,3) (13,4) (13,5) (13,6) (13,7) (13,8) (13,9) (13,10) (14,0) (14,1) (14,2) (14,3) (14,4) (14,5) (14,6) (14,7) (14,8) (14,9) (14,10) (15,0) (15,1) (15,2) (15,3) (15,4) (15,5) (15,6) (15,7) (15,8) (15,9) (15,10) (16,0) (16,1) (16,2) (16,3) (16,4) (16,5) (16,6) (16,7) (16,8) (16,9) (16,10)
  [17,17]   table  MM[17,17] (2D)       seats (0,0) (0,1) (0,2) (0,3) (0,4) (0,5) (0,6) (0,7) (0,8) (0,9) (0,10) (0,11) (0,12) (0,13) (0,14) (0,15) (0,16) (1,0) (1,1) (1,2) (1,3) (1,4) (1,5) (1,6) (1,7) (1,8) (1,9) (1,10) (1,11) (1,12) (1,13) (1,14) (1,15) (1,16) (2,0) (2,1) (2,2) (2,3) (2,4) (2,5) (2,6) (2,7) (2,8) (2,9) (2,10) (2,11) (2,12) (2,13) (2,14) (2,15) (2,16) (3,0) (3,1) (3,2) (3,3) (3,4) (3,5) (3,6) (3,7) (3,8) (3,9) (3,10) (3,11) (3,12) (3,13) (3,14) (3,15) (3,16) (4,0) (4,1) (4,2) (4,3) (4,4) (4,5) (4,6) (4,7) (4,8) (4,9) (4,10) (4,11) (4,12) (4,13) (4,14) (4,15) (4,16) (5,0) (5,1) (5,2) (5,3) (5,4) (5,5) (5,6) (5,7) (5,8) (5,9) (5,10) (5,11) (5,12) (5,13) (5,14) (5,15) (5,16) (6,0) (6,1) (6,2) (6,3) (6,4) (6,5) (6,6) (6,7) (6,8) (6,9) (6,10) (6,11) (6,12) (6,13) (6,14) (6,15) (6,16) (7,0) (7,1) (7,2) (7,3) (7,4) (7,5) (7,6) (7,7) (7,8) (7,9) (7,10) (7,11) (7,12) (7,13) (7,14) (7,15) (7,16) (8,0) (8,1) (8,2) (8,3) (8,4) (8,5) (8,6) (8,7) (8,8) (8,9) (8,10) (8,11) (8,12) (8,13) (8,14) (8,15) (8,16) (9,0) (9,1) (9,2) (9,3) (9,4) (9,5) (9,6) (9,7) (9,8) (9,9) (9,10) (9,11) (9,12) (9,13) (9,14) (9,15) (9,16) (10,0) (10,1) (10,2) (10,3) (10,4) (10,5) (10,6) (10,7) (10,8) (10,9) (10,10) (10,11) (10,12) (10,13) (10,14) (10,15) (10,16) (11,0) (11,1) (11,2) (11,3) (11,4) (11,5) (11,6) (11,7) (11,8) (11,9) (11,10) (11,11) (11,12) (11,13) (11,14) (11,15) (11,16) (12,0) (12,1) (12,2) (12,3) (12,4) (12,5) (12,6) (12,7) (12,8) (12,9) (12,10) (12,11) (12,12) (12,13) (12,14) (12,15) (12,16) (13,0) (13,1) (13,2) (13,3) (13,4) (13,5) (13,6) (13,7) (13,8) (13,9) (13,10) (13,11) (13,12) (13,13) (13,14) (13,15) (13,16) (14,0) (14,1) (14,2) (14,3) (14,4) (14,5) (14,6) (14,7) (14,8) (14,9) (14,10) (14,11) (14,12) (14,13) (14,14) (14,15) (14,16) (15,0) (15,1) (15,2) (15,3) (15,4) (15,5) (15,6) (15,7) (15,8) (15,9) (15,10) (15,11) (15,12) (15,13) (15,14) (15,15) (15,16) (16,0) (16,1) (16,2) (16,3) (16,4) (16,5) (16,6) (16,7) (16,8) (16,9) (16,10) (16,11) (16,12) (16,13) (16,14) (16,15) (16,16)
  [17,23]   table  MM[17,23] (2D)       seats (0,0) (0,1) (0,2) (0,3) (0,4) (0,5) (0,6) (0,7) (0,8) (0,9) (0,10) (0,11) (0,12) (0,13) (0,14) (0,15) (0,16) (0,17) (0,18) (0,19) (0,20) (0,21) (0,22) (1,0) (1,1) (1,2) (1,3) (1,4) (1,5) (1,6) (1,7) (1,8) (1,9) (1,10) (1,11) (1,12) (1,13) (1,14) (1,15) (1,16) (1,17) (1,18) (1,19) (1,20) (1,21) (1,22) (2,0) (2,1) (2,2) (2,3) (2,4) (2,5) (2,6) (2,7) (2,8) (2,9) (2,10) (2,11) (2,12) (2,13) (2,14) (2,15) (2,16) (2,17) (2,18) (2,19) (2,20) (2,21) (2,22) (3,0) (3,1) (3,2) (3,3) (3,4) (3,5) (3,6) (3,7) (3,8) (3,9) (3,10) (3,11) (3,12) (3,13) (3,14) (3,15) (3,16) (3,17) (3,18) (3,19) (3,20) (3,21) (3,22) (4,0) (4,1) (4,2) (4,3) (4,4) (4,5) (4,6) (4,7) (4,8) (4,9) (4,10) (4,11) (4,12) (4,13) (4,14) (4,15) (4,16) (4,17) (4,18) (4,19) (4,20) (4,21) (4,22) (5,0) (5,1) (5,2) (5,3) (5,4) (5,5) (5,6) (5,7) (5,8) (5,9) (5,10) (5,11) (5,12) (5,13) (5,14) (5,15) (5,16) (5,17) (5,18) (5,19) (5,20) (5,21) (5,22) (6,0) (6,1) (6,2) (6,3) (6,4) (6,5) (6,6) (6,7) (6,8) (6,9) (6,10) (6,11) (6,12) (6,13) (6,14) (6,15) (6,16) (6,17) (6,18) (6,19) (6,20) (6,21) (6,22) (7,0) (7,1) (7,2) (7,3) (7,4) (7,5) (7,6) (7,7) (7,8) (7,9) (7,10) (7,11) (7,12) (7,13) (7,14) (7,15) (7,16) (7,17) (7,18) (7,19) (7,20) (7,21) (7,22) (8,0) (8,1) (8,2) (8,3) (8,4) (8,5) (8,6) (8,7) (8,8) (8,9) (8,10) (8,11) (8,12) (8,13) (8,14) (8,15) (8,16) (8,17) (8,18) (8,19) (8,20) (8,21) (8,22) (9,0) (9,1) (9,2) (9,3) (9,4) (9,5) (9,6) (9,7) (9,8) (9,9) (9,10) (9,11) (9,12) (9,13) (9,14) (9,15) (9,16) (9,17) (9,18) (9,19) (9,20) (9,21) (9,22) (10,0) (10,1) (10,2) (10,3) (10,4) (10,5) (10,6) (10,7) (10,8) (10,9) (10,10) (10,11) (10,12) (10,13) (10,14) (10,15) (10,16) (10,17) (10,18) (10,19) (10,20) (10,21) (10,22) (11,0) (11,1) (11,2) (11,3) (11,4) (11,5) (11,6) (11,7) (11,8) (11,9) (11,10) (11,11) (11,12) (11,13) (11,14) (11,15) (11,16) (11,17) (11,18) (11,19) (11,20) (11,21) (11,22) (12,0) (12,1) (12,2) (12,3) (12,4) (12,5) (12,6) (12,7) (12,8) (12,9) (12,10) (12,11) (12,12) (12,13) (12,14) (12,15) (12,16) (12,17) (12,18) (12,19) (12,20) (12,21) (12,22) (13,0) (13,1) (13,2) (13,3) (13,4) (13,5) (13,6) (13,7) (13,8) (13,9) (13,10) (13,11) (13,12) (13,13) (13,14) (13,15) (13,16) (13,17) (13,18) (13,19) (13,20) (13,21) (13,22) (14,0) (14,1) (14,2) (14,3) (14,4) (14,5) (14,6) (14,7) (14,8) (14,9) (14,10) (14,11) (14,12) (14,13) (14,14) (14,15) (14,16) (14,17) (14,18) (14,19) (14,20) (14,21) (14,22) (15,0) (15,1) (15,2) (15,3) (15,4) (15,5) (15,6) (15,7) (15,8) (15,9) (15,10) (15,11) (15,12) (15,13) (15,14) (15,15) (15,16) (15,17) (15,18) (15,19) (15,20) (15,21) (15,22) (16,0) (16,1) (16,2) (16,3) (16,4) (16,5) (16,6) (16,7) (16,8) (16,9) (16,10) (16,11) (16,12) (16,13) (16,14) (16,15) (16,16) (16,17) (16,18) (16,19) (16,20) (16,21) (16,22)
  [23,2]    table  MM[23,2] (2D)        seats (0,0) (0,1) (1,0) (1,1) (2,0) (2,1) (3,0) (3,1) (4,0) (4,1) (5,0) (5,1) (6,0) (6,1) (7,0) (7,1) (8,0) (8,1) (9,0) (9,1) (10,0) (10,1) (11,0) (11,1) (12,0) (12,1) (13,0) (13,1) (14,0) (14,1) (15,0) (15,1) (16,0) (16,1) (17,0) (17,1) (18,0) (18,1) (19,0) (19,1) (20,0) (20,1) (21,0) (21,1) (22,0) (22,1)
  [23,3]    table  MM[23,3] (2D)        seats (0,0) (0,1) (0,2) (1,0) (1,1) (1,2) (2,0) (2,1) (2,2) (3,0) (3,1) (3,2) (4,0) (4,1) (4,2) (5,0) (5,1) (5,2) (6,0) (6,1) (6,2) (7,0) (7,1) (7,2) (8,0) (8,1) (8,2) (9,0) (9,1) (9,2) (10,0) (10,1) (10,2) (11,0) (11,1) (11,2) (12,0) (12,1) (12,2) (13,0) (13,1) (13,2) (14,0) (14,1) (14,2) (15,0) (15,1) (15,2) (16,0) (16,1) (16,2) (17,0) (17,1) (17,2) (18,0) (18,1) (18,2) (19,0) (19,1) (19,2) (20,0) (20,1) (20,2) (21,0) (21,1) (21,2) (22,0) (22,1) (22,2)
  [23,5]    table  MM[23,5] (2D)        seats (0,0) (0,1) (0,2) (0,3) (0,4) (1,0) (1,1) (1,2) (1,3) (1,4) (2,0) (2,1) (2,2) (2,3) (2,4) (3,0) (3,1) (3,2) (3,3) (3,4) (4,0) (4,1) (4,2) (4,3) (4,4) (5,0) (5,1) (5,2) (5,3) (5,4) (6,0) (6,1) (6,2) (6,3) (6,4) (7,0) (7,1) (7,2) (7,3) (7,4) (8,0) (8,1) (8,2) (8,3) (8,4) (9,0) (9,1) (9,2) (9,3) (9,4) (10,0) (10,1) (10,2) (10,3) (10,4) (11,0) (11,1) (11,2) (11,3) (11,4) (12,0) (12,1) (12,2) (12,3) (12,4) (13,0) (13,1) (13,2) (13,3) (13,4) (14,0) (14,1) (14,2) (14,3) (14,4) (15,0) (15,1) (15,2) (15,3) (15,4) (16,0) (16,1) (16,2) (16,3) (16,4) (17,0) (17,1) (17,2) (17,3) (17,4) (18,0) (18,1) (18,2) (18,3) (18,4) (19,0) (19,1) (19,2) (19,3) (19,4) (20,0) (20,1) (20,2) (20,3) (20,4) (21,0) (21,1) (21,2) (21,3) (21,4) (22,0) (22,1) (22,2) (22,3) (22,4)
  [23,7]    table  MM[23,7] (2D)        seats (0,0) (0,1) (0,2) (0,3) (0,4) (0,5) (0,6) (1,0) (1,1) (1,2) (1,3) (1,4) (1,5) (1,6) (2,0) (2,1) (2,2) (2,3) (2,4) (2,5) (2,6) (3,0) (3,1) (3,2) (3,3) (3,4) (3,5) (3,6) (4,0) (4,1) (4,2) (4,3) (4,4) (4,5) (4,6) (5,0) (5,1) (5,2) (5,3) (5,4) (5,5) (5,6) (6,0) (6,1) (6,2) (6,3) (6,4) (6,5) (6,6) (7,0) (7,1) (7,2) (7,3) (7,4) (7,5) (7,6) (8,0) (8,1) (8,2) (8,3) (8,4) (8,5) (8,6) (9,0) (9,1) (9,2) (9,3) (9,4) (9,5) (9,6) (10,0) (10,1) (10,2) (10,3) (10,4) (10,5) (10,6) (11,0) (11,1) (11,2) (11,3) (11,4) (11,5) (11,6) (12,0) (12,1) (12,2) (12,3) (12,4) (12,5) (12,6) (13,0) (13,1) (13,2) (13,3) (13,4) (13,5) (13,6) (14,0) (14,1) (14,2) (14,3) (14,4) (14,5) (14,6) (15,0) (15,1) (15,2) (15,3) (15,4) (15,5) (15,6) (16,0) (16,1) (16,2) (16,3) (16,4) (16,5) (16,6) (17,0) (17,1) (17,2) (17,3) (17,4) (17,5) (17,6) (18,0) (18,1) (18,2) (18,3) (18,4) (18,5) (18,6) (19,0) (19,1) (19,2) (19,3) (19,4) (19,5) (19,6) (20,0) (20,1) (20,2) (20,3) (20,4) (20,5) (20,6) (21,0) (21,1) (21,2) (21,3) (21,4) (21,5) (21,6) (22,0) (22,1) (22,2) (22,3) (22,4) (22,5) (22,6)
  [23,13]   table  MM[23,13] (2D)       seats (0,0) (0,1) (0,2) (0,3) (0,4) (0,5) (0,6) (0,7) (0,8) (0,9) (0,10) (0,11) (0,12) (1,0) (1,1) (1,2) (1,3) (1,4) (1,5) (1,6) (1,7) (1,8) (1,9) (1,10) (1,11) (1,12) (2,0) (2,1) (2,2) (2,3) (2,4) (2,5) (2,6) (2,7) (2,8) (2,9) (2,10) (2,11) (2,12) (3,0) (3,1) (3,2) (3,3) (3,4) (3,5) (3,6) (3,7) (3,8) (3,9) (3,10) (3,11) (3,12) (4,0) (4,1) (4,2) (4,3) (4,4) (4,5) (4,6) (4,7) (4,8) (4,9) (4,10) (4,11) (4,12) (5,0) (5,1) (5,2) (5,3) (5,4) (5,5) (5,6) (5,7) (5,8) (5,9) (5,10) (5,11) (5,12) (6,0) (6,1) (6,2) (6,3) (6,4) (6,5) (6,6) (6,7) (6,8) (6,9) (6,10) (6,11) (6,12) (7,0) (7,1) (7,2) (7,3) (7,4) (7,5) (7,6) (7,7) (7,8) (7,9) (7,10) (7,11) (7,12) (8,0) (8,1) (8,2) (8,3) (8,4) (8,5) (8,6) (8,7) (8,8) (8,9) (8,10) (8,11) (8,12) (9,0) (9,1) (9,2) (9,3) (9,4) (9,5) (9,6) (9,7) (9,8) (9,9) (9,10) (9,11) (9,12) (10,0) (10,1) (10,2) (10,3) (10,4) (10,5) (10,6) (10,7) (10,8) (10,9) (10,10) (10,11) (10,12) (11,0) (11,1) (11,2) (11,3) (11,4) (11,5) (11,6) (11,7) (11,8) (11,9) (11,10) (11,11) (11,12) (12,0) (12,1) (12,2) (12,3) (12,4) (12,5) (12,6) (12,7) (12,8) (12,9) (12,10) (12,11) (12,12) (13,0) (13,1) (13,2) (13,3) (13,4) (13,5) (13,6) (13,7) (13,8) (13,9) (13,10) (13,11) (13,12) (14,0) (14,1) (14,2) (14,3) (14,4) (14,5) (14,6) (14,7) (14,8) (14,9) (14,10) (14,11) (14,12) (15,0) (15,1) (15,2) (15,3) (15,4) (15,5) (15,6) (15,7) (15,8) (15,9) (15,10) (15,11) (15,12) (16,0) (16,1) (16,2) (16,3) (16,4) (16,5) (16,6) (16,7) (16,8) (16,9) (16,10) (16,11) (16,12) (17,0) (17,1) (17,2) (17,3) (17,4) (17,5) (17,6) (17,7) (17,8) (17,9) (17,10) (17,11) (17,12) (18,0) (18,1) (18,2) (18,3) (18,4) (18,5) (18,6) (18,7) (18,8) (18,9) (18,10) (18,11) (18,12) (19,0) (19,1) (19,2) (19,3) (19,4) (19,5) (19,6) (19,7) (19,8) (19,9) (19,10) (19,11) (19,12) (20,0) (20,1) (20,2) (20,3) (20,4) (20,5) (20,6) (20,7) (20,8) (20,9) (20,10) (20,11) (20,12) (21,0) (21,1) (21,2) (21,3) (21,4) (21,5) (21,6) (21,7) (21,8) (21,9) (21,10) (21,11) (21,12) (22,0) (22,1) (22,2) (22,3) (22,4) (22,5) (22,6) (22,7) (22,8) (22,9) (22,10) (22,11) (22,12)
  [23,19]   table  MM[23,19] (2D)       seats (0,0) (0,1) (0,2) (0,3) (0,4) (0,5) (0,6) (0,7) (0,8) (0,9) (0,10) (0,11) (0,12) (0,13) (0,14) (0,15) (0,16) (0,17) (0,18) (1,0) (1,1) (1,2) (1,3) (1,4) (1,5) (1,6) (1,7) (1,8) (1,9) (1,10) (1,11) (1,12) (1,13) (1,14) (1,15) (1,16) (1,17) (1,18) (2,0) (2,1) (2,2) (2,3) (2,4) (2,5) (2,6) (2,7) (2,8) (2,9) (2,10) (2,11) (2,12) (2,13) (2,14) (2,15) (2,16) (2,17) (2,18) (3,0) (3,1) (3,2) (3,3) (3,4) (3,5) (3,6) (3,7) (3,8) (3,9) (3,10) (3,11) (3,12) (3,13) (3,14) (3,15) (3,16) (3,17) (3,18) (4,0) (4,1) (4,2) (4,3) (4,4) (4,5) (4,6) (4,7) (4,8) (4,9) (4,10) (4,11) (4,12) (4,13) (4,14) (4,15) (4,16) (4,17) (4,18) (5,0) (5,1) (5,2) (5,3) (5,4) (5,5) (5,6) (5,7) (5,8) (5,9) (5,10) (5,11) (5,12) (5,13) (5,14) (5,15) (5,16) (5,17) (5,18) (6,0) (6,1) (6,2) (6,3) (6,4) (6,5) (6,6) (6,7) (6,8) (6,9) (6,10) (6,11) (6,12) (6,13) (6,14) (6,15) (6,16) (6,17) (6,18) (7,0) (7,1) (7,2) (7,3) (7,4) (7,5) (7,6) (7,7) (7,8) (7,9) (7,10) (7,11) (7,12) (7,13) (7,14) (7,15) (7,16) (7,17) (7,18) (8,0) (8,1) (8,2) (8,3) (8,4) (8,5) (8,6) (8,7) (8,8) (8,9) (8,10) (8,11) (8,12) (8,13) (8,14) (8,15) (8,16) (8,17) (8,18) (9,0) (9,1) (9,2) (9,3) (9,4) (9,5) (9,6) (9,7) (9,8) (9,9) (9,10) (9,11) (9,12) (9,13) (9,14) (9,15) (9,16) (9,17) (9,18) (10,0) (10,1) (10,2) (10,3) (10,4) (10,5) (10,6) (10,7) (10,8) (10,9) (10,10) (10,11) (10,12) (10,13) (10,14) (10,15) (10,16) (10,17) (10,18) (11,0) (11,1) (11,2) (11,3) (11,4) (11,5) (11,6) (11,7) (11,8) (11,9) (11,10) (11,11) (11,12) (11,13) (11,14) (11,15) (11,16) (11,17) (11,18) (12,0) (12,1) (12,2) (12,3) (12,4) (12,5) (12,6) (12,7) (12,8) (12,9) (12,10) (12,11) (12,12) (12,13) (12,14) (12,15) (12,16) (12,17) (12,18) (13,0) (13,1) (13,2) (13,3) (13,4) (13,5) (13,6) (13,7) (13,8) (13,9) (13,10) (13,11) (13,12) (13,13) (13,14) (13,15) (13,16) (13,17) (13,18) (14,0) (14,1) (14,2) (14,3) (14,4) (14,5) (14,6) (14,7) (14,8) (14,9) (14,10) (14,11) (14,12) (14,13) (14,14) (14,15) (14,16) (14,17) (14,18) (15,0) (15,1) (15,2) (15,3) (15,4) (15,5) (15,6) (15,7) (15,8) (15,9) (15,10) (15,11) (15,12) (15,13) (15,14) (15,15) (15,16) (15,17) (15,18) (16,0) (16,1) (16,2) (16,3) (16,4) (16,5) (16,6) (16,7) (16,8) (16,9) (16,10) (16,11) (16,12) (16,13) (16,14) (16,15) (16,16) (16,17) (16,18) (17,0) (17,1) (17,2) (17,3) (17,4) (17,5) (17,6) (17,7) (17,8) (17,9) (17,10) (17,11) (17,12) (17,13) (17,14) (17,15) (17,16) (17,17) (17,18) (18,0) (18,1) (18,2) (18,3) (18,4) (18,5) (18,6) (18,7) (18,8) (18,9) (18,10) (18,11) (18,12) (18,13) (18,14) (18,15) (18,16) (18,17) (18,18) (19,0) (19,1) (19,2) (19,3) (19,4) (19,5) (19,6) (19,7) (19,8) (19,9) (19,10) (19,11) (19,12) (19,13) (19,14) (19,15) (19,16) (19,17) (19,18) (20,0) (20,1) (20,2) (20,3) (20,4) (20,5) (20,6) (20,7) (20,8) (20,9) (20,10) (20,11) (20,12) (20,13) (20,14) (20,15) (20,16) (20,17) (20,18) (21,0) (21,1) (21,2) (21,3) (21,4) (21,5) (21,6) (21,7) (21,8) (21,9) (21,10) (21,11) (21,12) (21,13) (21,14) (21,15) (21,16) (21,17) (21,18) (22,0) (22,1) (22,2) (22,3) (22,4) (22,5) (22,6) (22,7) (22,8) (22,9) (22,10) (22,11) (22,12) (22,13) (22,14) (22,15) (22,16) (22,17) (22,18)
  [23,11]   table  MM[23,11] (2D)       seats (0,0) (0,1) (0,2) (0,3) (0,4) (0,5) (0,6) (0,7) (0,8) (0,9) (0,10) (1,0) (1,1) (1,2) (1,3) (1,4) (1,5) (1,6) (1,7) (1,8) (1,9) (1,10) (2,0) (2,1) (2,2) (2,3) (2,4) (2,5) (2,6) (2,7) (2,8) (2,9) (2,10) (3,0) (3,1) (3,2) (3,3) (3,4) (3,5) (3,6) (3,7) (3,8) (3,9) (3,10) (4,0) (4,1) (4,2) (4,3) (4,4) (4,5) (4,6) (4,7) (4,8) (4,9) (4,10) (5,0) (5,1) (5,2) (5,3) (5,4) (5,5) (5,6) (5,7) (5,8) (5,9) (5,10) (6,0) (6,1) (6,2) (6,3) (6,4) (6,5) (6,6) (6,7) (6,8) (6,9) (6,10) (7,0) (7,1) (7,2) (7,3) (7,4) (7,5) (7,6) (7,7) (7,8) (7,9) (7,10) (8,0) (8,1) (8,2) (8,3) (8,4) (8,5) (8,6) (8,7) (8,8) (8,9) (8,10) (9,0) (9,1) (9,2) (9,3) (9,4) (9,5) (9,6) (9,7) (9,8) (9,9) (9,10) (10,0) (10,1) (10,2) (10,3) (10,4) (10,5) (10,6) (10,7) (10,8) (10,9) (10,10) (11,0) (11,1) (11,2) (11,3) (11,4) (11,5) (11,6) (11,7) (11,8) (11,9) (11,10) (12,0) (12,1) (12,2) (12,3) (12,4) (12,5) (12,6) (12,7) (12,8) (12,9) (12,10) (13,0) (13,1) (13,2) (13,3) (13,4) (13,5) (13,6) (13,7) (13,8) (13,9) (13,10) (14,0) (14,1) (14,2) (14,3) (14,4) (14,5) (14,6) (14,7) (14,8) (14,9) (14,10) (15,0) (15,1) (15,2) (15,3) (15,4) (15,5) (15,6) (15,7) (15,8) (15,9) (15,10) (16,0) (16,1) (16,2) (16,3) (16,4) (16,5) (16,6) (16,7) (16,8) (16,9) (16,10) (17,0) (17,1) (17,2) (17,3) (17,4) (17,5) (17,6) (17,7) (17,8) (17,9) (17,10) (18,0) (18,1) (18,2) (18,3) (18,4) (18,5) (18,6) (18,7) (18,8) (18,9) (18,10) (19,0) (19,1) (19,2) (19,3) (19,4) (19,5) (19,6) (19,7) (19,8) (19,9) (19,10) (20,0) (20,1) (20,2) (20,3) (20,4) (20,5) (20,6) (20,7) (20,8) (20,9) (20,10) (21,0) (21,1) (21,2) (21,3) (21,4) (21,5) (21,6) (21,7) (21,8) (21,9) (21,10) (22,0) (22,1) (22,2) (22,3) (22,4) (22,5) (22,6) (22,7) (22,8) (22,9) (22,10)
  [23,17]   table  MM[23,17] (2D)       seats (0,0) (0,1) (0,2) (0,3) (0,4) (0,5) (0,6) (0,7) (0,8) (0,9) (0,10) (0,11) (0,12) (0,13) (0,14) (0,15) (0,16) (1,0) (1,1) (1,2) (1,3) (1,4) (1,5) (1,6) (1,7) (1,8) (1,9) (1,10) (1,11) (1,12) (1,13) (1,14) (1,15) (1,16) (2,0) (2,1) (2,2) (2,3) (2,4) (2,5) (2,6) (2,7) (2,8) (2,9) (2,10) (2,11) (2,12) (2,13) (2,14) (2,15) (2,16) (3,0) (3,1) (3,2) (3,3) (3,4) (3,5) (3,6) (3,7) (3,8) (3,9) (3,10) (3,11) (3,12) (3,13) (3,14) (3,15) (3,16) (4,0) (4,1) (4,2) (4,3) (4,4) (4,5) (4,6) (4,7) (4,8) (4,9) (4,10) (4,11) (4,12) (4,13) (4,14) (4,15) (4,16) (5,0) (5,1) (5,2) (5,3) (5,4) (5,5) (5,6) (5,7) (5,8) (5,9) (5,10) (5,11) (5,12) (5,13) (5,14) (5,15) (5,16) (6,0) (6,1) (6,2) (6,3) (6,4) (6,5) (6,6) (6,7) (6,8) (6,9) (6,10) (6,11) (6,12) (6,13) (6,14) (6,15) (6,16) (7,0) (7,1) (7,2) (7,3) (7,4) (7,5) (7,6) (7,7) (7,8) (7,9) (7,10) (7,11) (7,12) (7,13) (7,14) (7,15) (7,16) (8,0) (8,1) (8,2) (8,3) (8,4) (8,5) (8,6) (8,7) (8,8) (8,9) (8,10) (8,11) (8,12) (8,13) (8,14) (8,15) (8,16) (9,0) (9,1) (9,2) (9,3) (9,4) (9,5) (9,6) (9,7) (9,8) (9,9) (9,10) (9,11) (9,12) (9,13) (9,14) (9,15) (9,16) (10,0) (10,1) (10,2) (10,3) (10,4) (10,5) (10,6) (10,7) (10,8) (10,9) (10,10) (10,11) (10,12) (10,13) (10,14) (10,15) (10,16) (11,0) (11,1) (11,2) (11,3) (11,4) (11,5) (11,6) (11,7) (11,8) (11,9) (11,10) (11,11) (11,12) (11,13) (11,14) (11,15) (11,16) (12,0) (12,1) (12,2) (12,3) (12,4) (12,5) (12,6) (12,7) (12,8) (12,9) (12,10) (12,11) (12,12) (12,13) (12,14) (12,15) (12,16) (13,0) (13,1) (13,2) (13,3) (13,4) (13,5) (13,6) (13,7) (13,8) (13,9) (13,10) (13,11) (13,12) (13,13) (13,14) (13,15) (13,16) (14,0) (14,1) (14,2) (14,3) (14,4) (14,5) (14,6) (14,7) (14,8) (14,9) (14,10) (14,11) (14,12) (14,13) (14,14) (14,15) (14,16) (15,0) (15,1) (15,2) (15,3) (15,4) (15,5) (15,6) (15,7) (15,8) (15,9) (15,10) (15,11) (15,12) (15,13) (15,14) (15,15) (15,16) (16,0) (16,1) (16,2) (16,3) (16,4) (16,5) (16,6) (16,7) (16,8) (16,9) (16,10) (16,11) (16,12) (16,13) (16,14) (16,15) (16,16) (17,0) (17,1) (17,2) (17,3) (17,4) (17,5) (17,6) (17,7) (17,8) (17,9) (17,10) (17,11) (17,12) (17,13) (17,14) (17,15) (17,16) (18,0) (18,1) (18,2) (18,3) (18,4) (18,5) (18,6) (18,7) (18,8) (18,9) (18,10) (18,11) (18,12) (18,13) (18,14) (18,15) (18,16) (19,0) (19,1) (19,2) (19,3) (19,4) (19,5) (19,6) (19,7) (19,8) (19,9) (19,10) (19,11) (19,12) (19,13) (19,14) (19,15) (19,16) (20,0) (20,1) (20,2) (20,3) (20,4) (20,5) (20,6) (20,7) (20,8) (20,9) (20,10) (20,11) (20,12) (20,13) (20,14) (20,15) (20,16) (21,0) (21,1) (21,2) (21,3) (21,4) (21,5) (21,6) (21,7) (21,8) (21,9) (21,10) (21,11) (21,12) (21,13) (21,14) (21,15) (21,16) (22,0) (22,1) (22,2) (22,3) (22,4) (22,5) (22,6) (22,7) (22,8) (22,9) (22,10) (22,11) (22,12) (22,13) (22,14) (22,15) (22,16)
  2₀        held   MM[2] (1D)           seats (0,0) (1,0)
  2₁        held   MM[2] (1D)           seats (0,0) (0,1)
  3₀        held   MM[3] (1D)           seats (0,0) (1,0) (2,0)
  3₁        held   MM[3] (1D)           seats (0,0) (0,1) (0,2)
  5₀        held   MM[5] (1D)           seats (0,0) (1,0) (2,0) (3,0) (4,0)
  5₁        held   MM[5] (1D)           seats (0,0) (0,1) (0,2) (0,3) (0,4)
  7₀        held   MM[7] (1D)           seats (0,0) (1,0) (2,0) (3,0) (4,0) (5,0) (6,0)
  7₁        held   MM[7] (1D)           seats (0,0) (0,1) (0,2) (0,3) (0,4) (0,5) (0,6)
  13₀       held   MM[13] (1D)          seats (0,0) (1,0) (2,0) (3,0) (4,0) (5,0) (6,0) (7,0) (8,0) (9,0) (10,0) (11,0) (12,0)
  13₁       held   MM[13] (1D)          seats (0,0) (0,1) (0,2) (0,3) (0,4) (0,5) (0,6) (0,7) (0,8) (0,9) (0,10) (0,11) (0,12)
  19₀       held   MM[19] (1D)          seats (0,0) (1,0) (2,0) (3,0) (4,0) (5,0) (6,0) (7,0) (8,0) (9,0) (10,0) (11,0) (12,0) (13,0) (14,0) (15,0) (16,0) (17,0) (18,0)
  19₁       held   MM[19] (1D)          seats (0,0) (0,1) (0,2) (0,3) (0,4) (0,5) (0,6) (0,7) (0,8) (0,9) (0,10) (0,11) (0,12) (0,13) (0,14) (0,15) (0,16) (0,17) (0,18)
  11₀       held   MM[11] (1D)          seats (0,0) (1,0) (2,0) (3,0) (4,0) (5,0) (6,0) (7,0) (8,0) (9,0) (10,0)
  11₁       held   MM[11] (1D)          seats (0,0) (0,1) (0,2) (0,3) (0,4) (0,5) (0,6) (0,7) (0,8) (0,9) (0,10)
  17₀       held   MM[17] (1D)          seats (0,0) (1,0) (2,0) (3,0) (4,0) (5,0) (6,0) (7,0) (8,0) (9,0) (10,0) (11,0) (12,0) (13,0) (14,0) (15,0) (16,0)
  17₁       held   MM[17] (1D)          seats (0,0) (0,1) (0,2) (0,3) (0,4) (0,5) (0,6) (0,7) (0,8) (0,9) (0,10) (0,11) (0,12) (0,13) (0,14) (0,15) (0,16)
  23₀       held   MM[23] (1D)          seats (0,0) (1,0) (2,0) (3,0) (4,0) (5,0) (6,0) (7,0) (8,0) (9,0) (10,0) (11,0) (12,0) (13,0) (14,0) (15,0) (16,0) (17,0) (18,0) (19,0) (20,0) (21,0) (22,0)
  23₁       held   MM[23] (1D)          seats (0,0) (0,1) (0,2) (0,3) (0,4) (0,5) (0,6) (0,7) (0,8) (0,9) (0,10) (0,11) (0,12) (0,13) (0,14) (0,15) (0,16) (0,17) (0,18) (0,19) (0,20) (0,21) (0,22)
  1         floor  MM[] (floor)         seats (0,0)
arrivals (new rings):
  O161 MM[O161] (1D) seats (0,0) (0,1) (0,2) (0,3) (0,4) (0,5) (0,6) (0,7) (0,8) (0,9) (0,10) (0,11) (0,12) (1,0) (1,1) (1,2) (1,3) (1,4) (1,5) (1,6) (1,7) (1,8) (1,9) (1,10) (1,11) (1,12) (2,0) (2,1) (2,2) (2,3) (2,4) (2,5) (2,6) (2,7) (2,8) (2,9) (2,10) (3,0) (3,1) (3,2) (3,3) (3,4) (3,5) (3,6) (3,7) (3,8) (3,9) (3,10) (4,0) (4,1) (4,2) (4,3) (4,4) (4,5) (4,6) (4,7) (4,8) (4,9) (4,10) (5,0) (5,1) (5,2) (5,3) (5,4) (5,5) (5,6) (5,7) (5,8) (5,9) (5,10) (6,0) (6,1) (6,2) (6,3) (6,4) (6,5) (6,6) (6,7) (6,8) (6,9) (6,10) (7,0) (7,1) (7,2) (7,3) (7,4) (7,5) (7,6) (7,7) (7,8) (7,9) (7,10) (8,0) (8,1) (8,2) (8,3) (8,4) (8,5) (8,6) (8,7) (8,8) (8,9) (8,10) (9,0) (9,1) (9,2) (9,3) (9,4) (9,5) (9,6) (9,7) (9,8) (9,9) (9,10) (10,0) (10,1) (10,2) (10,3) (10,4) (10,5) (10,6) (10,7) (10,8) (10,9) (10,10) (11,0) (11,1) (11,2) (11,3) (11,4) (11,5) (11,6) (11,7) (11,8) (11,9) (11,10) (12,0) (12,1) (12,2) (12,3) (12,4) (12,5) (12,6) (12,7) (12,8) (12,9) (12,10) (13,0) (13,1) (13,2) (13,3) (13,4) (13,5) (13,6) (13,7) (13,8) (13,9) (13,10) (14,0) (14,1) (14,2) (14,3) (14,4) (14,5) (14,6) (14,7) (14,8) (14,9) (14,10) (15,0) (15,1) (15,2) (15,3) (15,4) (15,5) (15,6) (15,7) (15,8) (15,9) (15,10) (16,0) (16,1) (16,2) (16,3) (16,4) (16,5) (16,6) (16,7) (16,8) (16,9) (16,10) (17,0) (17,1) (17,2) (17,3) (17,4) (17,5) (17,6) (17,7) (17,8) (17,9) (17,10) (18,0) (18,1) (18,2) (18,3) (18,4) (18,5) (18,6) (18,7) (18,8) (18,9) (18,10) (19,0) (19,1) (19,2) (19,3) (19,4) (19,5) (19,6) (19,7) (19,8) (19,9) (19,10) (20,0) (20,1) (20,2) (20,3) (20,4) (20,5) (20,6) (20,7) (20,8) (20,9) (20,10) (21,0) (21,1) (21,2) (21,3) (21,4) (21,5) (21,6) (21,7) (21,8) (21,9) (21,10) (22,0) (22,1) (22,2) (22,3) (22,4) (22,5) (22,6) (22,7) (22,8) (22,9) (22,10)   also met at 3 more region(s)
  O162 MM[O162] (1D) seats (0,0) (0,1) (0,2) (0,3) (0,4) (0,5) (0,6) (0,7) (0,8) (0,9) (0,10) (0,11) (0,12) (0,13) (0,14) (0,15) (0,16) (0,17) (0,18) (1,0) (1,1) (1,2) (1,3) (1,4) (1,5) (1,6) (1,7) (1,8) (1,9) (1,10) (1,11) (1,12) (1,13) (1,14) (1,15) (1,16) (1,17) (1,18) (2,0) (2,1) (3,0) (3,1) (4,0) (4,1) (5,0) (5,1) (6,0) (6,1) (7,0) (7,1) (8,0) (8,1) (9,0) (9,1) (10,0) (10,1) (11,0) (11,1) (12,0) (12,1) (13,0) (13,1) (14,0) (14,1) (15,0) (15,1) (16,0) (16,1) (17,0) (17,1) (18,0) (18,1) (19,0) (19,1) (20,0) (20,1) (21,0) (21,1) (22,0) (22,1)   also met at 1 more region(s)
  O163 MM[O163] (1D) seats (0,0) (0,1) (0,2) (0,3) (0,4) (0,5) (0,6) (0,7) (0,8) (0,9) (0,10) (0,11) (0,12) (0,13) (0,14) (0,15) (0,16) (0,17) (0,18) (1,0) (1,1) (1,2) (1,3) (1,4) (1,5) (1,6) (1,7) (1,8) (1,9) (1,10) (1,11) (1,12) (1,13) (1,14) (1,15) (1,16) (1,17) (1,18) (2,0) (2,1) (2,2) (2,3) (2,4) (2,5) (2,6) (2,7) (2,8) (2,9) (2,10) (3,0) (3,1) (3,2) (3,3) (3,4) (3,5) (3,6) (3,7) (3,8) (3,9) (3,10) (4,0) (4,1) (4,2) (4,3) (4,4) (4,5) (4,6) (4,7) (4,8) (4,9) (4,10) (5,0) (5,1) (5,2) (5,3) (5,4) (5,5) (5,6) (5,7) (5,8) (5,9) (5,10) (6,0) (6,1) (6,2) (6,3) (6,4) (6,5) (6,6) (6,7) (6,8) (6,9) (6,10) (7,0) (7,1) (7,2) (7,3) (7,4) (7,5) (7,6) (7,7) (7,8) (7,9) (7,10) (8,0) (8,1) (8,2) (8,3) (8,4) (8,5) (8,6) (8,7) (8,8) (8,9) (8,10) (9,0) (9,1) (9,2) (9,3) (9,4) (9,5) (9,6) (9,7) (9,8) (9,9) (9,10) (10,0) (10,1) (10,2) (10,3) (10,4) (10,5) (10,6) (10,7) (10,8) (10,9) (10,10) (11,0) (11,1) (11,2) (11,3) (11,4) (11,5) (11,6) (11,7) (11,8) (11,9) (11,10) (12,0) (12,1) (12,2) (12,3) (12,4) (12,5) (12,6) (12,7) (12,8) (12,9) (12,10) (13,0) (13,1) (13,2) (13,3) (13,4) (13,5) (13,6) (13,7) (13,8) (13,9) (13,10) (14,0) (14,1) (14,2) (14,3) (14,4) (14,5) (14,6) (14,7) (14,8) (14,9) (14,10) (15,0) (15,1) (15,2) (15,3) (15,4) (15,5) (15,6) (15,7) (15,8) (15,9) (15,10) (16,0) (16,1) (16,2) (16,3) (16,4) (16,5) (16,6) (16,7) (16,8) (16,9) (16,10) (17,0) (17,1) (17,2) (17,3) (17,4) (17,5) (17,6) (17,7) (17,8) (17,9) (17,10) (18,0) (18,1) (18,2) (18,3) (18,4) (18,5) (18,6) (18,7) (18,8) (18,9) (18,10) (19,0) (19,1) (19,2) (19,3) (19,4) (19,5) (19,6) (19,7) (19,8) (19,9) (19,10) (20,0) (20,1) (20,2) (20,3) (20,4) (20,5) (20,6) (20,7) (20,8) (20,9) (20,10) (21,0) (21,1) (21,2) (21,3) (21,4) (21,5) (21,6) (21,7) (21,8) (21,9) (21,10) (22,0) (22,1) (22,2) (22,3) (22,4) (22,5) (22,6) (22,7) (22,8) (22,9) (22,10)   also met at 3 more region(s)
  O164 MM[O164] (1D) seats (0,0) (0,1) (0,2) (0,3) (0,4) (0,5) (0,6) (0,7) (0,8) (0,9) (0,10) (0,11) (0,12) (0,13) (0,14) (0,15) (0,16) (0,17) (0,18) (1,0) (1,1) (1,2) (1,3) (1,4) (1,5) (1,6) (1,7) (1,8) (1,9) (1,10) (1,11) (1,12) (1,13) (1,14) (1,15) (1,16) (1,17) (1,18) (2,0) (2,1) (2,2) (2,3) (2,4) (2,5) (2,6) (2,7) (2,8) (2,9) (2,10) (2,11) (2,12) (2,13) (2,14) (2,15) (2,16) (3,0) (3,1) (3,2) (3,3) (3,4) (3,5) (3,6) (3,7) (3,8) (3,9) (3,10) (3,11) (3,12) (3,13) (3,14) (3,15) (3,16) (4,0) (4,1) (4,2) (4,3) (4,4) (4,5) (4,6) (4,7) (4,8) (4,9) (4,10) (4,11) (4,12) (4,13) (4,14) (4,15) (4,16) (5,0) (5,1) (5,2) (5,3) (5,4) (5,5) (5,6) (5,7) (5,8) (5,9) (5,10) (5,11) (5,12) (5,13) (5,14) (5,15) (5,16) (6,0) (6,1) (6,2) (6,3) (6,4) (6,5) (6,6) (6,7) (6,8) (6,9) (6,10) (6,11) (6,12) (6,13) (6,14) (6,15) (6,16) (7,0) (7,1) (7,2) (7,3) (7,4) (7,5) (7,6) (7,7) (7,8) (7,9) (7,10) (7,11) (7,12) (7,13) (7,14) (7,15) (7,16) (8,0) (8,1) (8,2) (8,3) (8,4) (8,5) (8,6) (8,7) (8,8) (8,9) (8,10) (8,11) (8,12) (8,13) (8,14) (8,15) (8,16) (9,0) (9,1) (9,2) (9,3) (9,4) (9,5) (9,6) (9,7) (9,8) (9,9) (9,10) (9,11) (9,12) (9,13) (9,14) (9,15) (9,16) (10,0) (10,1) (10,2) (10,3) (10,4) (10,5) (10,6) (10,7) (10,8) (10,9) (10,10) (10,11) (10,12) (10,13) (10,14) (10,15) (10,16) (11,0) (11,1) (11,2) (11,3) (11,4) (11,5) (11,6) (11,7) (11,8) (11,9) (11,10) (11,11) (11,12) (11,13) (11,14) (11,15) (11,16) (12,0) (12,1) (12,2) (12,3) (12,4) (12,5) (12,6) (12,7) (12,8) (12,9) (12,10) (12,11) (12,12) (12,13) (12,14) (12,15) (12,16) (13,0) (13,1) (13,2) (13,3) (13,4) (13,5) (13,6) (13,7) (13,8) (13,9) (13,10) (13,11) (13,12) (13,13) (13,14) (13,15) (13,16) (14,0) (14,1) (14,2) (14,3) (14,4) (14,5) (14,6) (14,7) (14,8) (14,9) (14,10) (14,11) (14,12) (14,13) (14,14) (14,15) (14,16) (15,0) (15,1) (15,2) (15,3) (15,4) (15,5) (15,6) (15,7) (15,8) (15,9) (15,10) (15,11) (15,12) (15,13) (15,14) (15,15) (15,16) (16,0) (16,1) (16,2) (16,3) (16,4) (16,5) (16,6) (16,7) (16,8) (16,9) (16,10) (16,11) (16,12) (16,13) (16,14) (16,15) (16,16) (17,0) (17,1) (17,2) (17,3) (17,4) (17,5) (17,6) (17,7) (17,8) (17,9) (17,10) (17,11) (17,12) (17,13) (17,14) (17,15) (17,16) (18,0) (18,1) (18,2) (18,3) (18,4) (18,5) (18,6) (18,7) (18,8) (18,9) (18,10) (18,11) (18,12) (18,13) (18,14) (18,15) (18,16) (19,0) (19,1) (19,2) (19,3) (19,4) (19,5) (19,6) (19,7) (19,8) (19,9) (19,10) (19,11) (19,12) (19,13) (19,14) (19,15) (19,16) (20,0) (20,1) (20,2) (20,3) (20,4) (20,5) (20,6) (20,7) (20,8) (20,9) (20,10) (20,11) (20,12) (20,13) (20,14) (20,15) (20,16) (21,0) (21,1) (21,2) (21,3) (21,4) (21,5) (21,6) (21,7) (21,8) (21,9) (21,10) (21,11) (21,12) (21,13) (21,14) (21,15) (21,16) (22,0) (22,1) (22,2) (22,3) (22,4) (22,5) (22,6) (22,7) (22,8) (22,9) (22,10) (22,11) (22,12) (22,13) (22,14) (22,15) (22,16)   also met at 1 more region(s)
  O165 MM[O165] (1D) seats (0,0) (0,1) (0,2) (0,3) (0,4) (0,5) (0,6) (0,7) (0,8) (0,9) (0,10) (0,11) (0,12) (0,13) (0,14) (0,15) (0,16) (0,17) (0,18) (1,0) (1,1) (1,2) (1,3) (1,4) (1,5) (1,6) (1,7) (1,8) (1,9) (1,10) (1,11) (1,12) (1,13) (1,14) (1,15) (1,16) (1,17) (1,18) (0,19) (0,20) (0,21) (0,22)   also met at 1 more region(s)
  O166 MM[O166] (1D) seats (0,0) (0,1) (0,2) (0,3) (0,4) (0,5) (0,6) (0,7) (0,8) (0,9) (0,10) (0,11) (0,12) (0,13) (0,14) (0,15) (0,16) (1,0) (1,1) (1,2) (1,3) (1,4) (1,5) (1,6) (1,7) (1,8) (1,9) (1,10) (1,11) (1,12) (1,13) (1,14) (1,15) (1,16) (2,0) (2,1) (3,0) (3,1) (4,0) (4,1) (5,0) (5,1) (6,0) (6,1) (7,0) (7,1) (8,0) (8,1) (9,0) (9,1) (10,0) (10,1) (11,0) (11,1) (12,0) (12,1) (13,0) (13,1) (14,0) (14,1) (15,0) (15,1) (16,0) (16,1) (17,0) (17,1) (18,0) (18,1) (19,0) (19,1) (20,0) (20,1) (21,0) (21,1) (22,0) (22,1)   also met at 1 more region(s)
  O167 MM[O167] (1D) seats (0,0) (0,1) (0,2) (0,3) (0,4) (0,5) (0,6) (0,7) (0,8) (0,9) (0,10) (0,11) (0,12) (0,13) (0,14) (0,15) (0,16) (1,0) (1,1) (1,2) (1,3) (1,4) (1,5) (1,6) (1,7) (1,8) (1,9) (1,10) (1,11) (1,12) (1,13) (1,14) (1,15) (1,16) (2,0) (2,1) (2,2) (2,3) (2,4) (2,5) (2,6) (2,7) (2,8) (2,9) (2,10) (2,11) (2,12) (3,0) (3,1) (3,2) (3,3) (3,4) (3,5) (3,6) (3,7) (3,8) (3,9) (3,10) (3,11) (3,12) (4,0) (4,1) (4,2) (4,3) (4,4) (4,5) (4,6) (4,7) (4,8) (4,9) (4,10) (4,11) (4,12) (5,0) (5,1) (5,2) (5,3) (5,4) (5,5) (5,6) (5,7) (5,8) (5,9) (5,10) (5,11) (5,12) (6,0) (6,1) (6,2) (6,3) (6,4) (6,5) (6,6) (6,7) (6,8) (6,9) (6,10) (6,11) (6,12) (7,0) (7,1) (7,2) (7,3) (7,4) (7,5) (7,6) (7,7) (7,8) (7,9) (7,10) (7,11) (7,12) (8,0) (8,1) (8,2) (8,3) (8,4) (8,5) (8,6) (8,7) (8,8) (8,9) (8,10) (8,11) (8,12) (9,0) (9,1) (9,2) (9,3) (9,4) (9,5) (9,6) (9,7) (9,8) (9,9) (9,10) (9,11) (9,12) (10,0) (10,1) (10,2) (10,3) (10,4) (10,5) (10,6) (10,7) (10,8) (10,9) (10,10) (10,11) (10,12) (11,0) (11,1) (11,2) (11,3) (11,4) (11,5) (11,6) (11,7) (11,8) (11,9) (11,10) (11,11) (11,12) (12,0) (12,1) (12,2) (12,3) (12,4) (12,5) (12,6) (12,7) (12,8) (12,9) (12,10) (12,11) (12,12) (13,0) (13,1) (13,2) (13,3) (13,4) (13,5) (13,6) (13,7) (13,8) (13,9) (13,10) (13,11) (13,12) (14,0) (14,1) (14,2) (14,3) (14,4) (14,5) (14,6) (14,7) (14,8) (14,9) (14,10) (14,11) (14,12) (15,0) (15,1) (15,2) (15,3) (15,4) (15,5) (15,6) (15,7) (15,8) (15,9) (15,10) (15,11) (15,12) (16,0) (16,1) (16,2) (16,3) (16,4) (16,5) (16,6) (16,7) (16,8) (16,9) (16,10) (16,11) (16,12) (17,0) (17,1) (17,2) (17,3) (17,4) (17,5) (17,6) (17,7) (17,8) (17,9) (17,10) (17,11) (17,12) (18,0) (18,1) (18,2) (18,3) (18,4) (18,5) (18,6) (18,7) (18,8) (18,9) (18,10) (18,11) (18,12) (19,0) (19,1) (19,2) (19,3) (19,4) (19,5) (19,6) (19,7) (19,8) (19,9) (19,10) (19,11) (19,12) (20,0) (20,1) (20,2) (20,3) (20,4) (20,5) (20,6) (20,7) (20,8) (20,9) (20,10) (20,11) (20,12) (21,0) (21,1) (21,2) (21,3) (21,4) (21,5) (21,6) (21,7) (21,8) (21,9) (21,10) (21,11) (21,12) (22,0) (22,1) (22,2) (22,3) (22,4) (22,5) (22,6) (22,7) (22,8) (22,9) (22,10) (22,11) (22,12)   also met at 3 more region(s)
  O168 MM[O168] (1D) seats (0,0) (0,1) (0,2) (0,3) (0,4) (0,5) (0,6) (0,7) (0,8) (0,9) (0,10) (0,11) (0,12) (0,13) (0,14) (0,15) (0,16) (0,17) (0,18) (0,19) (0,20) (0,21) (0,22) (1,0) (1,1) (1,2) (1,3) (1,4) (1,5) (1,6) (1,7) (1,8) (1,9) (1,10) (1,11) (1,12) (1,13) (1,14) (1,15) (1,16) (1,17) (1,18) (1,19) (1,20) (1,21) (1,22) (2,0) (2,1) (2,2) (2,3) (2,4) (2,5) (2,6) (2,7) (2,8) (2,9) (2,10) (2,11) (2,12) (2,13) (2,14) (2,15) (2,16) (2,17) (2,18) (3,0) (3,1) (3,2) (3,3) (3,4) (3,5) (3,6) (3,7) (3,8) (3,9) (3,10) (3,11) (3,12) (3,13) (3,14) (3,15) (3,16) (3,17) (3,18) (4,0) (4,1) (4,2) (4,3) (4,4) (4,5) (4,6) (4,7) (4,8) (4,9) (4,10) (4,11) (4,12) (4,13) (4,14) (4,15) (4,16) (4,17) (4,18) (5,0) (5,1) (5,2) (5,3) (5,4) (5,5) (5,6) (5,7) (5,8) (5,9) (5,10) (5,11) (5,12) (5,13) (5,14) (5,15) (5,16) (5,17) (5,18) (6,0) (6,1) (6,2) (6,3) (6,4) (6,5) (6,6) (6,7) (6,8) (6,9) (6,10) (6,11) (6,12) (6,13) (6,14) (6,15) (6,16) (6,17) (6,18) (7,0) (7,1) (7,2) (7,3) (7,4) (7,5) (7,6) (7,7) (7,8) (7,9) (7,10) (7,11) (7,12) (7,13) (7,14) (7,15) (7,16) (7,17) (7,18) (8,0) (8,1) (8,2) (8,3) (8,4) (8,5) (8,6) (8,7) (8,8) (8,9) (8,10) (8,11) (8,12) (8,13) (8,14) (8,15) (8,16) (8,17) (8,18) (9,0) (9,1) (9,2) (9,3) (9,4) (9,5) (9,6) (9,7) (9,8) (9,9) (9,10) (9,11) (9,12) (9,13) (9,14) (9,15) (9,16) (9,17) (9,18) (10,0) (10,1) (10,2) (10,3) (10,4) (10,5) (10,6) (10,7) (10,8) (10,9) (10,10) (10,11) (10,12) (10,13) (10,14) (10,15) (10,16) (10,17) (10,18) (11,0) (11,1) (11,2) (11,3) (11,4) (11,5) (11,6) (11,7) (11,8) (11,9) (11,10) (11,11) (11,12) (11,13) (11,14) (11,15) (11,16) (11,17) (11,18) (12,0) (12,1) (12,2) (12,3) (12,4) (12,5) (12,6) (12,7) (12,8) (12,9) (12,10) (12,11) (12,12) (12,13) (12,14) (12,15) (12,16) (12,17) (12,18) (13,0) (13,1) (13,2) (13,3) (13,4) (13,5) (13,6) (13,7) (13,8) (13,9) (13,10) (13,11) (13,12) (13,13) (13,14) (13,15) (13,16) (13,17) (13,18) (14,0) (14,1) (14,2) (14,3) (14,4) (14,5) (14,6) (14,7) (14,8) (14,9) (14,10) (14,11) (14,12) (14,13) (14,14) (14,15) (14,16) (14,17) (14,18) (15,0) (15,1) (15,2) (15,3) (15,4) (15,5) (15,6) (15,7) (15,8) (15,9) (15,10) (15,11) (15,12) (15,13) (15,14) (15,15) (15,16) (15,17) (15,18) (16,0) (16,1) (16,2) (16,3) (16,4) (16,5) (16,6) (16,7) (16,8) (16,9) (16,10) (16,11) (16,12) (16,13) (16,14) (16,15) (16,16) (16,17) (16,18) (17,0) (17,1) (17,2) (17,3) (17,4) (17,5) (17,6) (17,7) (17,8) (17,9) (17,10) (17,11) (17,12) (17,13) (17,14) (17,15) (17,16) (17,17) (17,18) (18,0) (18,1) (18,2) (18,3) (18,4) (18,5) (18,6) (18,7) (18,8) (18,9) (18,10) (18,11) (18,12) (18,13) (18,14) (18,15) (18,16) (18,17) (18,18)   also met at 3 more region(s)
  O169 MM[O169] (1D) seats (0,0) (0,1) (0,2) (0,3) (0,4) (0,5) (0,6) (0,7) (0,8) (0,9) (0,10) (0,11) (0,12) (0,13) (0,14) (0,15) (0,16) (0,17) (0,18) (0,19) (0,20) (0,21) (0,22) (1,0) (1,1) (1,2) (1,3) (1,4) (1,5) (1,6) (1,7) (1,8) (1,9) (1,10) (1,11) (1,12) (1,13) (1,14) (1,15) (1,16) (1,17) (1,18) (1,19) (1,20) (1,21) (1,22) (2,0) (2,1) (2,2) (2,3) (2,4) (2,5) (2,6) (2,7) (2,8) (2,9) (2,10) (2,11) (2,12) (2,13) (2,14) (2,15) (2,16) (3,0) (3,1) (3,2) (3,3) (3,4) (3,5) (3,6) (3,7) (3,8) (3,9) (3,10) (3,11) (3,12) (3,13) (3,14) (3,15) (3,16) (4,0) (4,1) (4,2) (4,3) (4,4) (4,5) (4,6) (4,7) (4,8) (4,9) (4,10) (4,11) (4,12) (4,13) (4,14) (4,15) (4,16) (5,0) (5,1) (5,2) (5,3) (5,4) (5,5) (5,6) (5,7) (5,8) (5,9) (5,10) (5,11) (5,12) (5,13) (5,14) (5,15) (5,16) (6,0) (6,1) (6,2) (6,3) (6,4) (6,5) (6,6) (6,7) (6,8) (6,9) (6,10) (6,11) (6,12) (6,13) (6,14) (6,15) (6,16) (7,0) (7,1) (7,2) (7,3) (7,4) (7,5) (7,6) (7,7) (7,8) (7,9) (7,10) (7,11) (7,12) (7,13) (7,14) (7,15) (7,16) (8,0) (8,1) (8,2) (8,3) (8,4) (8,5) (8,6) (8,7) (8,8) (8,9) (8,10) (8,11) (8,12) (8,13) (8,14) (8,15) (8,16) (9,0) (9,1) (9,2) (9,3) (9,4) (9,5) (9,6) (9,7) (9,8) (9,9) (9,10) (9,11) (9,12) (9,13) (9,14) (9,15) (9,16) (10,0) (10,1) (10,2) (10,3) (10,4) (10,5) (10,6) (10,7) (10,8) (10,9) (10,10) (10,11) (10,12) (10,13) (10,14) (10,15) (10,16) (11,0) (11,1) (11,2) (11,3) (11,4) (11,5) (11,6) (11,7) (11,8) (11,9) (11,10) (11,11) (11,12) (11,13) (11,14) (11,15) (11,16) (12,0) (12,1) (12,2) (12,3) (12,4) (12,5) (12,6) (12,7) (12,8) (12,9) (12,10) (12,11) (12,12) (12,13) (12,14) (12,15) (12,16) (13,0) (13,1) (13,2) (13,3) (13,4) (13,5) (13,6) (13,7) (13,8) (13,9) (13,10) (13,11) (13,12) (13,13) (13,14) (13,15) (13,16) (14,0) (14,1) (14,2) (14,3) (14,4) (14,5) (14,6) (14,7) (14,8) (14,9) (14,10) (14,11) (14,12) (14,13) (14,14) (14,15) (14,16) (15,0) (15,1) (15,2) (15,3) (15,4) (15,5) (15,6) (15,7) (15,8) (15,9) (15,10) (15,11) (15,12) (15,13) (15,14) (15,15) (15,16) (16,0) (16,1) (16,2) (16,3) (16,4) (16,5) (16,6) (16,7) (16,8) (16,9) (16,10) (16,11) (16,12) (16,13) (16,14) (16,15) (16,16) (17,0) (17,1) (17,2) (17,3) (17,4) (17,5) (17,6) (17,7) (17,8) (17,9) (17,10) (17,11) (17,12) (17,13) (17,14) (17,15) (17,16) (18,0) (18,1) (18,2) (18,3) (18,4) (18,5) (18,6) (18,7) (18,8) (18,9) (18,10) (18,11) (18,12) (18,13) (18,14) (18,15) (18,16)   also met at 3 more region(s)
  O170 MM[O170] (1D) seats (0,0) (0,1) (0,2) (0,3) (0,4) (0,5) (0,6) (0,7) (0,8) (0,9) (0,10) (0,11) (0,12) (0,13) (0,14) (0,15) (0,16) (0,17) (0,18) (0,19) (0,20) (0,21) (0,22) (1,0) (1,1) (1,2) (1,3) (1,4) (1,5) (1,6) (1,7) (1,8) (1,9) (1,10) (1,11) (1,12) (1,13) (1,14) (1,15) (1,16) (1,17) (1,18) (1,19) (1,20) (1,21) (1,22) (2,0) (2,1) (2,2) (2,3) (2,4) (2,5) (2,6) (2,7) (2,8) (2,9) (2,10) (2,11) (2,12) (2,13) (2,14) (2,15) (2,16) (2,17) (2,18) (3,0) (3,1) (3,2) (3,3) (3,4) (3,5) (3,6) (3,7) (3,8) (3,9) (3,10) (3,11) (3,12) (3,13) (3,14) (3,15) (3,16) (3,17) (3,18) (4,0) (4,1) (4,2) (4,3) (4,4) (4,5) (4,6) (4,7) (4,8) (4,9) (4,10) (4,11) (4,12) (4,13) (4,14) (4,15) (4,16) (4,17) (4,18) (5,0) (5,1) (5,2) (5,3) (5,4) (5,5) (5,6) (5,7) (5,8) (5,9) (5,10) (5,11) (5,12) (5,13) (5,14) (5,15) (5,16) (5,17) (5,18) (6,0) (6,1) (6,2) (6,3) (6,4) (6,5) (6,6) (6,7) (6,8) (6,9) (6,10) (6,11) (6,12) (6,13) (6,14) (6,15) (6,16) (6,17) (6,18) (7,0) (7,1) (7,2) (7,3) (7,4) (7,5) (7,6) (7,7) (7,8) (7,9) (7,10) (7,11) (7,12) (7,13) (7,14) (7,15) (7,16) (7,17) (7,18) (8,0) (8,1) (8,2) (8,3) (8,4) (8,5) (8,6) (8,7) (8,8) (8,9) (8,10) (8,11) (8,12) (8,13) (8,14) (8,15) (8,16) (8,17) (8,18) (9,0) (9,1) (9,2) (9,3) (9,4) (9,5) (9,6) (9,7) (9,8) (9,9) (9,10) (9,11) (9,12) (9,13) (9,14) (9,15) (9,16) (9,17) (9,18) (10,0) (10,1) (10,2) (10,3) (10,4) (10,5) (10,6) (10,7) (10,8) (10,9) (10,10) (10,11) (10,12) (10,13) (10,14) (10,15) (10,16) (10,17) (10,18) (11,0) (11,1) (11,2) (11,3) (11,4) (11,5) (11,6) (11,7) (11,8) (11,9) (11,10) (11,11) (11,12) (11,13) (11,14) (11,15) (11,16) (11,17) (11,18) (12,0) (12,1) (12,2) (12,3) (12,4) (12,5) (12,6) (12,7) (12,8) (12,9) (12,10) (12,11) (12,12) (12,13) (12,14) (12,15) (12,16) (12,17) (12,18) (13,0) (13,1) (13,2) (13,3) (13,4) (13,5) (13,6) (13,7) (13,8) (13,9) (13,10) (13,11) (13,12) (13,13) (13,14) (13,15) (13,16) (13,17) (13,18) (14,0) (14,1) (14,2) (14,3) (14,4) (14,5) (14,6) (14,7) (14,8) (14,9) (14,10) (14,11) (14,12) (14,13) (14,14) (14,15) (14,16) (14,17) (14,18) (15,0) (15,1) (15,2) (15,3) (15,4) (15,5) (15,6) (15,7) (15,8) (15,9) (15,10) (15,11) (15,12) (15,13) (15,14) (15,15) (15,16) (15,17) (15,18) (16,0) (16,1) (16,2) (16,3) (16,4) (16,5) (16,6) (16,7) (16,8) (16,9) (16,10) (16,11) (16,12) (16,13) (16,14) (16,15) (16,16) (16,17) (16,18)   also met at 5 more region(s)
  O171 MM[O171] (1D) seats (0,0) (0,1) (0,2) (0,3) (0,4) (0,5) (0,6) (0,7) (0,8) (0,9) (0,10) (0,11) (0,12) (0,13) (0,14) (0,15) (0,16) (0,17) (0,18) (0,19) (0,20) (0,21) (0,22) (1,0) (1,1) (1,2) (1,3) (1,4) (1,5) (1,6) (1,7) (1,8) (1,9) (1,10) (1,11) (1,12) (1,13) (1,14) (1,15) (1,16) (1,17) (1,18) (1,19) (1,20) (1,21) (1,22) (2,0) (2,1) (2,2) (2,3) (2,4) (2,5) (2,6) (2,7) (2,8) (2,9) (2,10) (2,11) (2,12) (2,13) (2,14) (2,15) (2,16) (3,0) (3,1) (3,2) (3,3) (3,4) (3,5) (3,6) (3,7) (3,8) (3,9) (3,10) (3,11) (3,12) (3,13) (3,14) (3,15) (3,16) (4,0) (4,1) (4,2) (4,3) (4,4) (4,5) (4,6) (4,7) (4,8) (4,9) (4,10) (4,11) (4,12) (4,13) (4,14) (4,15) (4,16) (5,0) (5,1) (5,2) (5,3) (5,4) (5,5) (5,6) (5,7) (5,8) (5,9) (5,10) (5,11) (5,12) (5,13) (5,14) (5,15) (5,16) (6,0) (6,1) (6,2) (6,3) (6,4) (6,5) (6,6) (6,7) (6,8) (6,9) (6,10) (6,11) (6,12) (6,13) (6,14) (6,15) (6,16) (7,0) (7,1) (7,2) (7,3) (7,4) (7,5) (7,6) (7,7) (7,8) (7,9) (7,10) (7,11) (7,12) (7,13) (7,14) (7,15) (7,16) (8,0) (8,1) (8,2) (8,3) (8,4) (8,5) (8,6) (8,7) (8,8) (8,9) (8,10) (8,11) (8,12) (8,13) (8,14) (8,15) (8,16) (9,0) (9,1) (9,2) (9,3) (9,4) (9,5) (9,6) (9,7) (9,8) (9,9) (9,10) (9,11) (9,12) (9,13) (9,14) (9,15) (9,16) (10,0) (10,1) (10,2) (10,3) (10,4) (10,5) (10,6) (10,7) (10,8) (10,9) (10,10) (10,11) (10,12) (10,13) (10,14) (10,15) (10,16) (11,0) (11,1) (11,2) (11,3) (11,4) (11,5) (11,6) (11,7) (11,8) (11,9) (11,10) (11,11) (11,12) (11,13) (11,14) (11,15) (11,16) (12,0) (12,1) (12,2) (12,3) (12,4) (12,5) (12,6) (12,7) (12,8) (12,9) (12,10) (12,11) (12,12) (12,13) (12,14) (12,15) (12,16) (13,0) (13,1) (13,2) (13,3) (13,4) (13,5) (13,6) (13,7) (13,8) (13,9) (13,10) (13,11) (13,12) (13,13) (13,14) (13,15) (13,16) (14,0) (14,1) (14,2) (14,3) (14,4) (14,5) (14,6) (14,7) (14,8) (14,9) (14,10) (14,11) (14,12) (14,13) (14,14) (14,15) (14,16) (15,0) (15,1) (15,2) (15,3) (15,4) (15,5) (15,6) (15,7) (15,8) (15,9) (15,10) (15,11) (15,12) (15,13) (15,14) (15,15) (15,16) (16,0) (16,1) (16,2) (16,3) (16,4) (16,5) (16,6) (16,7) (16,8) (16,9) (16,10) (16,11) (16,12) (16,13) (16,14) (16,15) (16,16)   also met at 1 more region(s)
  O172 MM[O172] (1D) seats (0,0) (0,1) (0,2) (0,3) (0,4) (0,5) (0,6) (0,7) (0,8) (0,9) (0,10) (0,11) (0,12) (0,13) (0,14) (0,15) (0,16) (0,17) (0,18) (0,19) (0,20) (0,21) (0,22) (1,0) (1,1) (1,2) (1,3) (1,4) (1,5) (1,6) (1,7) (1,8) (1,9) (1,10) (1,11) (1,12) (1,13) (1,14) (1,15) (1,16) (1,17) (1,18) (1,19) (1,20) (1,21) (1,22) (2,0) (2,1) (3,0) (3,1) (4,0) (4,1) (5,0) (5,1) (6,0) (6,1) (7,0) (7,1) (8,0) (8,1) (9,0) (9,1) (10,0) (10,1) (11,0) (11,1) (12,0) (12,1) (13,0) (13,1) (14,0) (14,1) (15,0) (15,1) (16,0) (16,1) (17,0) (17,1) (18,0) (18,1) (19,0) (19,1) (20,0) (20,1) (21,0) (21,1) (22,0) (22,1)
  O173 MM[O173] (1D) seats (0,0) (0,1) (0,2) (0,3) (0,4) (0,5) (0,6) (0,7) (0,8) (0,9) (0,10) (0,11) (0,12) (0,13) (0,14) (0,15) (0,16) (0,17) (0,18) (0,19) (0,20) (0,21) (0,22) (1,0) (1,1) (1,2) (1,3) (1,4) (1,5) (1,6) (1,7) (1,8) (1,9) (1,10) (1,11) (1,12) (1,13) (1,14) (1,15) (1,16) (1,17) (1,18) (1,19) (1,20) (1,21) (1,22) (2,0) (2,1) (2,2) (2,3) (2,4) (2,5) (2,6) (2,7) (2,8) (2,9) (2,10) (2,11) (2,12) (3,0) (3,1) (3,2) (3,3) (3,4) (3,5) (3,6) (3,7) (3,8) (3,9) (3,10) (3,11) (3,12) (4,0) (4,1) (4,2) (4,3) (4,4) (4,5) (4,6) (4,7) (4,8) (4,9) (4,10) (4,11) (4,12) (5,0) (5,1) (5,2) (5,3) (5,4) (5,5) (5,6) (5,7) (5,8) (5,9) (5,10) (5,11) (5,12) (6,0) (6,1) (6,2) (6,3) (6,4) (6,5) (6,6) (6,7) (6,8) (6,9) (6,10) (6,11) (6,12) (7,0) (7,1) (7,2) (7,3) (7,4) (7,5) (7,6) (7,7) (7,8) (7,9) (7,10) (7,11) (7,12) (8,0) (8,1) (8,2) (8,3) (8,4) (8,5) (8,6) (8,7) (8,8) (8,9) (8,10) (8,11) (8,12) (9,0) (9,1) (9,2) (9,3) (9,4) (9,5) (9,6) (9,7) (9,8) (9,9) (9,10) (9,11) (9,12) (10,0) (10,1) (10,2) (10,3) (10,4) (10,5) (10,6) (10,7) (10,8) (10,9) (10,10) (10,11) (10,12) (11,0) (11,1) (11,2) (11,3) (11,4) (11,5) (11,6) (11,7) (11,8) (11,9) (11,10) (11,11) (11,12) (12,0) (12,1) (12,2) (12,3) (12,4) (12,5) (12,6) (12,7) (12,8) (12,9) (12,10) (12,11) (12,12) (13,0) (13,1) (13,2) (13,3) (13,4) (13,5) (13,6) (13,7) (13,8) (13,9) (13,10) (13,11) (13,12) (14,0) (14,1) (14,2) (14,3) (14,4) (14,5) (14,6) (14,7) (14,8) (14,9) (14,10) (14,11) (14,12) (15,0) (15,1) (15,2) (15,3) (15,4) (15,5) (15,6) (15,7) (15,8) (15,9) (15,10) (15,11) (15,12) (16,0) (16,1) (16,2) (16,3) (16,4) (16,5) (16,6) (16,7) (16,8) (16,9) (16,10) (16,11) (16,12) (17,0) (17,1) (17,2) (17,3) (17,4) (17,5) (17,6) (17,7) (17,8) (17,9) (17,10) (17,11) (17,12) (18,0) (18,1) (18,2) (18,3) (18,4) (18,5) (18,6) (18,7) (18,8) (18,9) (18,10) (18,11) (18,12) (19,0) (19,1) (19,2) (19,3) (19,4) (19,5) (19,6) (19,7) (19,8) (19,9) (19,10) (19,11) (19,12) (20,0) (20,1) (20,2) (20,3) (20,4) (20,5) (20,6) (20,7) (20,8) (20,9) (20,10) (20,11) (20,12) (21,0) (21,1) (21,2) (21,3) (21,4) (21,5) (21,6) (21,7) (21,8) (21,9) (21,10) (21,11) (21,12) (22,0) (22,1) (22,2) (22,3) (22,4) (22,5) (22,6) (22,7) (22,8) (22,9) (22,10) (22,11) (22,12)   also met at 7 more region(s)
  O174 MM[O174] (1D) seats (0,0) (0,1) (0,2) (0,3) (0,4) (0,5) (0,6) (0,7) (0,8) (0,9) (0,10) (0,11) (0,12) (0,13) (0,14) (0,15) (0,16) (0,17) (0,18) (0,19) (0,20) (0,21) (0,22) (1,0) (1,1) (1,2) (1,3) (1,4) (1,5) (1,6) (1,7) (1,8) (1,9) (1,10) (1,11) (1,12) (1,13) (1,14) (1,15) (1,16) (1,17) (1,18) (1,19) (1,20) (1,21) (1,22) (2,0) (2,1) (2,2) (2,3) (2,4) (2,5) (2,6) (2,7) (2,8) (2,9) (2,10) (2,11) (2,12) (2,13) (2,14) (2,15) (2,16) (2,17) (2,18) (3,0) (3,1) (3,2) (3,3) (3,4) (3,5) (3,6) (3,7) (3,8) (3,9) (3,10) (3,11) (3,12) (3,13) (3,14) (3,15) (3,16) (3,17) (3,18) (4,0) (4,1) (4,2) (4,3) (4,4) (4,5) (4,6) (4,7) (4,8) (4,9) (4,10) (4,11) (4,12) (4,13) (4,14) (4,15) (4,16) (4,17) (4,18) (5,0) (5,1) (5,2) (5,3) (5,4) (5,5) (5,6) (5,7) (5,8) (5,9) (5,10) (5,11) (5,12) (5,13) (5,14) (5,15) (5,16) (5,17) (5,18) (6,0) (6,1) (6,2) (6,3) (6,4) (6,5) (6,6) (6,7) (6,8) (6,9) (6,10) (6,11) (6,12) (6,13) (6,14) (6,15) (6,16) (6,17) (6,18) (7,0) (7,1) (7,2) (7,3) (7,4) (7,5) (7,6) (7,7) (7,8) (7,9) (7,10) (7,11) (7,12) (7,13) (7,14) (7,15) (7,16) (7,17) (7,18) (8,0) (8,1) (8,2) (8,3) (8,4) (8,5) (8,6) (8,7) (8,8) (8,9) (8,10) (8,11) (8,12) (8,13) (8,14) (8,15) (8,16) (8,17) (8,18) (9,0) (9,1) (9,2) (9,3) (9,4) (9,5) (9,6) (9,7) (9,8) (9,9) (9,10) (9,11) (9,12) (9,13) (9,14) (9,15) (9,16) (9,17) (9,18) (10,0) (10,1) (10,2) (10,3) (10,4) (10,5) (10,6) (10,7) (10,8) (10,9) (10,10) (10,11) (10,12) (10,13) (10,14) (10,15) (10,16) (10,17) (10,18) (11,0) (11,1) (11,2) (11,3) (11,4) (11,5) (11,6) (11,7) (11,8) (11,9) (11,10) (11,11) (11,12) (11,13) (11,14) (11,15) (11,16) (11,17) (11,18) (12,0) (12,1) (12,2) (12,3) (12,4) (12,5) (12,6) (12,7) (12,8) (12,9) (12,10) (12,11) (12,12) (12,13) (12,14) (12,15) (12,16) (12,17) (12,18) (13,0) (13,1) (13,2) (13,3) (13,4) (13,5) (13,6) (13,7) (13,8) (13,9) (13,10) (13,11) (13,12) (13,13) (13,14) (13,15) (13,16) (13,17) (13,18) (14,0) (14,1) (14,2) (14,3) (14,4) (14,5) (14,6) (14,7) (14,8) (14,9) (14,10) (14,11) (14,12) (14,13) (14,14) (14,15) (14,16) (14,17) (14,18) (15,0) (15,1) (15,2) (15,3) (15,4) (15,5) (15,6) (15,7) (15,8) (15,9) (15,10) (15,11) (15,12) (15,13) (15,14) (15,15) (15,16) (15,17) (15,18) (16,0) (16,1) (16,2) (16,3) (16,4) (16,5) (16,6) (16,7) (16,8) (16,9) (16,10) (16,11) (16,12) (16,13) (16,14) (16,15) (16,16) (16,17) (16,18) (17,0) (17,1) (17,2) (17,3) (17,4) (17,5) (17,6) (17,7) (17,8) (17,9) (17,10) (17,11) (17,12) (17,13) (17,14) (17,15) (17,16) (17,17) (17,18) (18,0) (18,1) (18,2) (18,3) (18,4) (18,5) (18,6) (18,7) (18,8) (18,9) (18,10) (18,11) (18,12) (18,13) (18,14) (18,15) (18,16) (18,17) (18,18) (19,0) (19,1) (19,2) (19,3) (19,4) (19,5) (19,6) (19,7) (19,8) (19,9) (19,10) (19,11) (19,12) (19,13) (19,14) (19,15) (19,16) (19,17) (19,18) (20,0) (20,1) (20,2) (20,3) (20,4) (20,5) (20,6) (20,7) (20,8) (20,9) (20,10) (20,11) (20,12) (20,13) (20,14) (20,15) (20,16) (20,17) (20,18) (21,0) (21,1) (21,2) (21,3) (21,4) (21,5) (21,6) (21,7) (21,8) (21,9) (21,10) (21,11) (21,12) (21,13) (21,14) (21,15) (21,16) (21,17) (21,18) (22,0) (22,1) (22,2) (22,3) (22,4) (22,5) (22,6) (22,7) (22,8) (22,9) (22,10) (22,11) (22,12) (22,13) (22,14) (22,15) (22,16) (22,17) (22,18)   also met at 1 more region(s)
  O175 MM[O175] (1D) seats (0,0) (0,1) (0,2) (0,3) (0,4) (0,5) (0,6) (0,7) (0,8) (0,9) (0,10) (0,11) (0,12) (0,13) (0,14) (0,15) (0,16) (0,17) (0,18) (0,19) (0,20) (0,21) (0,22) (1,0) (1,1) (1,2) (1,3) (1,4) (1,5) (1,6) (1,7) (1,8) (1,9) (1,10) (1,11) (1,12) (1,13) (1,14) (1,15) (1,16) (1,17) (1,18) (1,19) (1,20) (1,21) (1,22) (2,0) (2,1) (2,2) (2,3) (2,4) (2,5) (2,6) (2,7) (2,8) (2,9) (2,10) (2,11) (2,12) (2,13) (2,14) (2,15) (2,16) (3,0) (3,1) (3,2) (3,3) (3,4) (3,5) (3,6) (3,7) (3,8) (3,9) (3,10) (3,11) (3,12) (3,13) (3,14) (3,15) (3,16) (4,0) (4,1) (4,2) (4,3) (4,4) (4,5) (4,6) (4,7) (4,8) (4,9) (4,10) (4,11) (4,12) (4,13) (4,14) (4,15) (4,16) (5,0) (5,1) (5,2) (5,3) (5,4) (5,5) (5,6) (5,7) (5,8) (5,9) (5,10) (5,11) (5,12) (5,13) (5,14) (5,15) (5,16) (6,0) (6,1) (6,2) (6,3) (6,4) (6,5) (6,6) (6,7) (6,8) (6,9) (6,10) (6,11) (6,12) (6,13) (6,14) (6,15) (6,16) (7,0) (7,1) (7,2) (7,3) (7,4) (7,5) (7,6) (7,7) (7,8) (7,9) (7,10) (7,11) (7,12) (7,13) (7,14) (7,15) (7,16) (8,0) (8,1) (8,2) (8,3) (8,4) (8,5) (8,6) (8,7) (8,8) (8,9) (8,10) (8,11) (8,12) (8,13) (8,14) (8,15) (8,16) (9,0) (9,1) (9,2) (9,3) (9,4) (9,5) (9,6) (9,7) (9,8) (9,9) (9,10) (9,11) (9,12) (9,13) (9,14) (9,15) (9,16) (10,0) (10,1) (10,2) (10,3) (10,4) (10,5) (10,6) (10,7) (10,8) (10,9) (10,10) (10,11) (10,12) (10,13) (10,14) (10,15) (10,16) (11,0) (11,1) (11,2) (11,3) (11,4) (11,5) (11,6) (11,7) (11,8) (11,9) (11,10) (11,11) (11,12) (11,13) (11,14) (11,15) (11,16) (12,0) (12,1) (12,2) (12,3) (12,4) (12,5) (12,6) (12,7) (12,8) (12,9) (12,10) (12,11) (12,12) (12,13) (12,14) (12,15) (12,16) (13,0) (13,1) (13,2) (13,3) (13,4) (13,5) (13,6) (13,7) (13,8) (13,9) (13,10) (13,11) (13,12) (13,13) (13,14) (13,15) (13,16) (14,0) (14,1) (14,2) (14,3) (14,4) (14,5) (14,6) (14,7) (14,8) (14,9) (14,10) (14,11) (14,12) (14,13) (14,14) (14,15) (14,16) (15,0) (15,1) (15,2) (15,3) (15,4) (15,5) (15,6) (15,7) (15,8) (15,9) (15,10) (15,11) (15,12) (15,13) (15,14) (15,15) (15,16) (16,0) (16,1) (16,2) (16,3) (16,4) (16,5) (16,6) (16,7) (16,8) (16,9) (16,10) (16,11) (16,12) (16,13) (16,14) (16,15) (16,16) (17,0) (17,1) (17,2) (17,3) (17,4) (17,5) (17,6) (17,7) (17,8) (17,9) (17,10) (17,11) (17,12) (17,13) (17,14) (17,15) (17,16) (18,0) (18,1) (18,2) (18,3) (18,4) (18,5) (18,6) (18,7) (18,8) (18,9) (18,10) (18,11) (18,12) (18,13) (18,14) (18,15) (18,16) (19,0) (19,1) (19,2) (19,3) (19,4) (19,5) (19,6) (19,7) (19,8) (19,9) (19,10) (19,11) (19,12) (19,13) (19,14) (19,15) (19,16) (20,0) (20,1) (20,2) (20,3) (20,4) (20,5) (20,6) (20,7) (20,8) (20,9) (20,10) (20,11) (20,12) (20,13) (20,14) (20,15) (20,16) (21,0) (21,1) (21,2) (21,3) (21,4) (21,5) (21,6) (21,7) (21,8) (21,9) (21,10) (21,11) (21,12) (21,13) (21,14) (21,15) (21,16) (22,0) (22,1) (22,2) (22,3) (22,4) (22,5) (22,6) (22,7) (22,8) (22,9) (22,10) (22,11) (22,12) (22,13) (22,14) (22,15) (22,16)   also met at 1 more region(s)
  O176 MM[O176] (1D) seats (0,0) (0,1) (0,2) (0,3) (0,4) (0,5) (0,6) (0,7) (0,8) (0,9) (0,10) (0,11) (0,12) (0,13) (0,14) (0,15) (0,16) (0,17) (0,18) (1,0) (1,1) (1,2) (1,3) (1,4) (1,5) (1,6) (1,7) (1,8) (1,9) (1,10) (1,11) (1,12) (1,13) (1,14) (1,15) (1,16) (1,17) (1,18) (2,0) (2,1) (2,2) (2,3) (2,4) (2,5) (2,6) (2,7) (2,8) (2,9) (2,10) (2,11) (2,12) (2,13) (2,14) (2,15) (2,16) (2,17) (2,18) (3,0) (3,1) (3,2) (3,3) (3,4) (3,5) (3,6) (3,7) (3,8) (3,9) (3,10) (3,11) (3,12) (4,0) (4,1) (4,2) (4,3) (4,4) (4,5) (4,6) (4,7) (4,8) (4,9) (4,10) (4,11) (4,12) (5,0) (5,1) (5,2) (5,3) (5,4) (5,5) (5,6) (5,7) (5,8) (5,9) (5,10) (5,11) (5,12) (6,0) (6,1) (6,2) (6,3) (6,4) (6,5) (6,6) (6,7) (6,8) (6,9) (6,10) (6,11) (6,12) (7,0) (7,1) (7,2) (7,3) (7,4) (7,5) (7,6) (7,7) (7,8) (7,9) (7,10) (7,11) (7,12) (8,0) (8,1) (8,2) (8,3) (8,4) (8,5) (8,6) (8,7) (8,8) (8,9) (8,10) (8,11) (8,12) (9,0) (9,1) (9,2) (9,3) (9,4) (9,5) (9,6) (9,7) (9,8) (9,9) (9,10) (9,11) (9,12) (10,0) (10,1) (10,2) (10,3) (10,4) (10,5) (10,6) (10,7) (10,8) (10,9) (10,10) (10,11) (10,12) (11,0) (11,1) (11,2) (11,3) (11,4) (11,5) (11,6) (11,7) (11,8) (11,9) (11,10) (11,11) (11,12) (12,0) (12,1) (12,2) (12,3) (12,4) (12,5) (12,6) (12,7) (12,8) (12,9) (12,10) (12,11) (12,12) (13,0) (13,1) (13,2) (13,3) (13,4) (13,5) (13,6) (13,7) (13,8) (13,9) (13,10) (13,11) (13,12) (14,0) (14,1) (14,2) (14,3) (14,4) (14,5) (14,6) (14,7) (14,8) (14,9) (14,10) (14,11) (14,12) (15,0) (15,1) (15,2) (15,3) (15,4) (15,5) (15,6) (15,7) (15,8) (15,9) (15,10) (15,11) (15,12) (16,0) (16,1) (16,2) (16,3) (16,4) (16,5) (16,6) (16,7) (16,8) (16,9) (16,10) (16,11) (16,12) (17,0) (17,1) (17,2) (17,3) (17,4) (17,5) (17,6) (17,7) (17,8) (17,9) (17,10) (17,11) (17,12) (18,0) (18,1) (18,2) (18,3) (18,4) (18,5) (18,6) (18,7) (18,8) (18,9) (18,10) (18,11) (18,12) (19,0) (19,1) (19,2) (19,3) (19,4) (19,5) (19,6) (19,7) (19,8) (19,9) (19,10) (19,11) (19,12) (20,0) (20,1) (20,2) (20,3) (20,4) (20,5) (20,6) (20,7) (20,8) (20,9) (20,10) (20,11) (20,12) (21,0) (21,1) (21,2) (21,3) (21,4) (21,5) (21,6) (21,7) (21,8) (21,9) (21,10) (21,11) (21,12) (22,0) (22,1) (22,2) (22,3) (22,4) (22,5) (22,6) (22,7) (22,8) (22,9) (22,10) (22,11) (22,12)   also met at 3 more region(s)
  O177 MM[O177] (1D) seats (0,0) (0,1) (0,2) (0,3) (0,4) (0,5) (0,6) (0,7) (0,8) (0,9) (0,10) (0,11) (0,12) (0,13) (0,14) (0,15) (0,16) (0,17) (0,18) (1,0) (1,1) (1,2) (1,3) (1,4) (1,5) (1,6) (1,7) (1,8) (1,9) (1,10) (1,11) (1,12) (1,13) (1,14) (1,15) (1,16) (1,17) (1,18) (2,0) (2,1) (2,2) (2,3) (2,4) (2,5) (2,6) (2,7) (2,8) (2,9) (2,10) (2,11) (2,12) (2,13) (2,14) (2,15) (2,16) (2,17) (2,18) (3,0) (3,1) (3,2) (3,3) (3,4) (3,5) (3,6) (3,7) (3,8) (3,9) (3,10) (3,11) (3,12) (3,13) (3,14) (3,15) (3,16) (4,0) (4,1) (4,2) (4,3) (4,4) (4,5) (4,6) (4,7) (4,8) (4,9) (4,10) (4,11) (4,12) (4,13) (4,14) (4,15) (4,16) (5,0) (5,1) (5,2) (5,3) (5,4) (5,5) (5,6) (5,7) (5,8) (5,9) (5,10) (5,11) (5,12) (5,13) (5,14) (5,15) (5,16) (6,0) (6,1) (6,2) (6,3) (6,4) (6,5) (6,6) (6,7) (6,8) (6,9) (6,10) (6,11) (6,12) (6,13) (6,14) (6,15) (6,16) (7,0) (7,1) (7,2) (7,3) (7,4) (7,5) (7,6) (7,7) (7,8) (7,9) (7,10) (7,11) (7,12) (7,13) (7,14) (7,15) (7,16) (8,0) (8,1) (8,2) (8,3) (8,4) (8,5) (8,6) (8,7) (8,8) (8,9) (8,10) (8,11) (8,12) (8,13) (8,14) (8,15) (8,16) (9,0) (9,1) (9,2) (9,3) (9,4) (9,5) (9,6) (9,7) (9,8) (9,9) (9,10) (9,11) (9,12) (9,13) (9,14) (9,15) (9,16) (10,0) (10,1) (10,2) (10,3) (10,4) (10,5) (10,6) (10,7) (10,8) (10,9) (10,10) (10,11) (10,12) (10,13) (10,14) (10,15) (10,16) (11,0) (11,1) (11,2) (11,3) (11,4) (11,5) (11,6) (11,7) (11,8) (11,9) (11,10) (11,11) (11,12) (11,13) (11,14) (11,15) (11,16) (12,0) (12,1) (12,2) (12,3) (12,4) (12,5) (12,6) (12,7) (12,8) (12,9) (12,10) (12,11) (12,12) (12,13) (12,14) (12,15) (12,16) (13,0) (13,1) (13,2) (13,3) (13,4) (13,5) (13,6) (13,7) (13,8) (13,9) (13,10) (13,11) (13,12) (13,13) (13,14) (13,15) (13,16) (14,0) (14,1) (14,2) (14,3) (14,4) (14,5) (14,6) (14,7) (14,8) (14,9) (14,10) (14,11) (14,12) (14,13) (14,14) (14,15) (14,16) (15,0) (15,1) (15,2) (15,3) (15,4) (15,5) (15,6) (15,7) (15,8) (15,9) (15,10) (15,11) (15,12) (15,13) (15,14) (15,15) (15,16) (16,0) (16,1) (16,2) (16,3) (16,4) (16,5) (16,6) (16,7) (16,8) (16,9) (16,10) (16,11) (16,12) (16,13) (16,14) (16,15) (16,16) (17,0) (17,1) (17,2) (17,3) (17,4) (17,5) (17,6) (17,7) (17,8) (17,9) (17,10) (17,11) (17,12) (17,13) (17,14) (17,15) (17,16) (18,0) (18,1) (18,2) (18,3) (18,4) (18,5) (18,6) (18,7) (18,8) (18,9) (18,10) (18,11) (18,12) (18,13) (18,14) (18,15) (18,16) (19,0) (19,1) (19,2) (19,3) (19,4) (19,5) (19,6) (19,7) (19,8) (19,9) (19,10) (19,11) (19,12) (19,13) (19,14) (19,15) (19,16) (20,0) (20,1) (20,2) (20,3) (20,4) (20,5) (20,6) (20,7) (20,8) (20,9) (20,10) (20,11) (20,12) (20,13) (20,14) (20,15) (20,16) (21,0) (21,1) (21,2) (21,3) (21,4) (21,5) (21,6) (21,7) (21,8) (21,9) (21,10) (21,11) (21,12) (21,13) (21,14) (21,15) (21,16) (22,0) (22,1) (22,2) (22,3) (22,4) (22,5) (22,6) (22,7) (22,8) (22,9) (22,10) (22,11) (22,12) (22,13) (22,14) (22,15) (22,16)   also met at 3 more region(s)
  O178 MM[O178] (1D) seats (0,0) (0,1) (0,2) (0,3) (0,4) (0,5) (0,6) (0,7) (0,8) (0,9) (0,10) (0,11) (0,12) (0,13) (0,14) (0,15) (0,16) (1,0) (1,1) (1,2) (1,3) (1,4) (1,5) (1,6) (1,7) (1,8) (1,9) (1,10) (1,11) (1,12) (1,13) (1,14) (1,15) (1,16) (2,0) (2,1) (2,2) (2,3) (2,4) (2,5) (2,6) (2,7) (2,8) (2,9) (2,10) (2,11) (2,12) (2,13) (2,14) (2,15) (2,16) (3,0) (3,1) (3,2) (3,3) (3,4) (3,5) (3,6) (3,7) (3,8) (3,9) (3,10) (4,0) (4,1) (4,2) (4,3) (4,4) (4,5) (4,6) (4,7) (4,8) (4,9) (4,10) (5,0) (5,1) (5,2) (5,3) (5,4) (5,5) (5,6) (5,7) (5,8) (5,9) (5,10) (6,0) (6,1) (6,2) (6,3) (6,4) (6,5) (6,6) (6,7) (6,8) (6,9) (6,10) (7,0) (7,1) (7,2) (7,3) (7,4) (7,5) (7,6) (7,7) (7,8) (7,9) (7,10) (8,0) (8,1) (8,2) (8,3) (8,4) (8,5) (8,6) (8,7) (8,8) (8,9) (8,10) (9,0) (9,1) (9,2) (9,3) (9,4) (9,5) (9,6) (9,7) (9,8) (9,9) (9,10) (10,0) (10,1) (10,2) (10,3) (10,4) (10,5) (10,6) (10,7) (10,8) (10,9) (10,10) (11,0) (11,1) (11,2) (11,3) (11,4) (11,5) (11,6) (11,7) (11,8) (11,9) (11,10) (12,0) (12,1) (12,2) (12,3) (12,4) (12,5) (12,6) (12,7) (12,8) (12,9) (12,10) (13,0) (13,1) (13,2) (13,3) (13,4) (13,5) (13,6) (13,7) (13,8) (13,9) (13,10) (14,0) (14,1) (14,2) (14,3) (14,4) (14,5) (14,6) (14,7) (14,8) (14,9) (14,10) (15,0) (15,1) (15,2) (15,3) (15,4) (15,5) (15,6) (15,7) (15,8) (15,9) (15,10) (16,0) (16,1) (16,2) (16,3) (16,4) (16,5) (16,6) (16,7) (16,8) (16,9) (16,10) (17,0) (17,1) (17,2) (17,3) (17,4) (17,5) (17,6) (17,7) (17,8) (17,9) (17,10) (18,0) (18,1) (18,2) (18,3) (18,4) (18,5) (18,6) (18,7) (18,8) (18,9) (18,10) (19,0) (19,1) (19,2) (19,3) (19,4) (19,5) (19,6) (19,7) (19,8) (19,9) (19,10) (20,0) (20,1) (20,2) (20,3) (20,4) (20,5) (20,6) (20,7) (20,8) (20,9) (20,10) (21,0) (21,1) (21,2) (21,3) (21,4) (21,5) (21,6) (21,7) (21,8) (21,9) (21,10) (22,0) (22,1) (22,2) (22,3) (22,4) (22,5) (22,6) (22,7) (22,8) (22,9) (22,10)   also met at 5 more region(s)
  O179 MM[O179] (1D) seats (0,0) (0,1) (0,2) (0,3) (0,4) (0,5) (0,6) (0,7) (0,8) (0,9) (0,10) (0,11) (0,12) (0,13) (0,14) (0,15) (0,16) (0,17) (0,18) (0,19) (0,20) (0,21) (0,22) (1,0) (1,1) (1,2) (1,3) (1,4) (1,5) (1,6) (1,7) (1,8) (1,9) (1,10) (1,11) (1,12) (1,13) (1,14) (1,15) (1,16) (1,17) (1,18) (1,19) (1,20) (1,21) (1,22) (2,0) (2,1) (2,2) (2,3) (2,4) (2,5) (2,6) (2,7) (2,8) (2,9) (2,10) (2,11) (2,12) (2,13) (2,14) (2,15) (2,16) (2,17) (2,18) (2,19) (2,20) (2,21) (2,22) (3,0) (3,1) (3,2) (3,3) (3,4) (3,5) (3,6) (3,7) (3,8) (3,9) (3,10) (3,11) (3,12) (3,13) (3,14) (3,15) (3,16) (3,17) (3,18) (4,0) (4,1) (4,2) (4,3) (4,4) (4,5) (4,6) (4,7) (4,8) (4,9) (4,10) (4,11) (4,12) (4,13) (4,14) (4,15) (4,16) (4,17) (4,18) (5,0) (5,1) (5,2) (5,3) (5,4) (5,5) (5,6) (5,7) (5,8) (5,9) (5,10) (5,11) (5,12) (5,13) (5,14) (5,15) (5,16) (5,17) (5,18) (6,0) (6,1) (6,2) (6,3) (6,4) (6,5) (6,6) (6,7) (6,8) (6,9) (6,10) (6,11) (6,12) (6,13) (6,14) (6,15) (6,16) (6,17) (6,18) (7,0) (7,1) (7,2) (7,3) (7,4) (7,5) (7,6) (7,7) (7,8) (7,9) (7,10) (7,11) (7,12) (7,13) (7,14) (7,15) (7,16) (7,17) (7,18) (8,0) (8,1) (8,2) (8,3) (8,4) (8,5) (8,6) (8,7) (8,8) (8,9) (8,10) (8,11) (8,12) (8,13) (8,14) (8,15) (8,16) (8,17) (8,18) (9,0) (9,1) (9,2) (9,3) (9,4) (9,5) (9,6) (9,7) (9,8) (9,9) (9,10) (9,11) (9,12) (9,13) (9,14) (9,15) (9,16) (9,17) (9,18) (10,0) (10,1) (10,2) (10,3) (10,4) (10,5) (10,6) (10,7) (10,8) (10,9) (10,10) (10,11) (10,12) (10,13) (10,14) (10,15) (10,16) (10,17) (10,18) (11,0) (11,1) (11,2) (11,3) (11,4) (11,5) (11,6) (11,7) (11,8) (11,9) (11,10) (11,11) (11,12) (11,13) (11,14) (11,15) (11,16) (11,17) (11,18) (12,0) (12,1) (12,2) (12,3) (12,4) (12,5) (12,6) (12,7) (12,8) (12,9) (12,10) (12,11) (12,12) (12,13) (12,14) (12,15) (12,16) (12,17) (12,18) (13,0) (13,1) (13,2) (13,3) (13,4) (13,5) (13,6) (13,7) (13,8) (13,9) (13,10) (13,11) (13,12) (13,13) (13,14) (13,15) (13,16) (13,17) (13,18) (14,0) (14,1) (14,2) (14,3) (14,4) (14,5) (14,6) (14,7) (14,8) (14,9) (14,10) (14,11) (14,12) (14,13) (14,14) (14,15) (14,16) (14,17) (14,18) (15,0) (15,1) (15,2) (15,3) (15,4) (15,5) (15,6) (15,7) (15,8) (15,9) (15,10) (15,11) (15,12) (15,13) (15,14) (15,15) (15,16) (15,17) (15,18) (16,0) (16,1) (16,2) (16,3) (16,4) (16,5) (16,6) (16,7) (16,8) (16,9) (16,10) (16,11) (16,12) (16,13) (16,14) (16,15) (16,16) (16,17) (16,18) (17,0) (17,1) (17,2) (17,3) (17,4) (17,5) (17,6) (17,7) (17,8) (17,9) (17,10) (17,11) (17,12) (17,13) (17,14) (17,15) (17,16) (17,17) (17,18) (18,0) (18,1) (18,2) (18,3) (18,4) (18,5) (18,6) (18,7) (18,8) (18,9) (18,10) (18,11) (18,12) (18,13) (18,14) (18,15) (18,16) (18,17) (18,18)   also met at 1 more region(s)
  O180 MM[O180] (1D) seats (0,0) (0,1) (0,2) (0,3) (0,4) (0,5) (0,6) (0,7) (0,8) (0,9) (0,10) (0,11) (0,12) (0,13) (0,14) (0,15) (0,16) (0,17) (0,18) (0,19) (0,20) (0,21) (0,22) (1,0) (1,1) (1,2) (1,3) (1,4) (1,5) (1,6) (1,7) (1,8) (1,9) (1,10) (1,11) (1,12) (1,13) (1,14) (1,15) (1,16) (1,17) (1,18) (1,19) (1,20) (1,21) (1,22) (2,0) (2,1) (2,2) (2,3) (2,4) (2,5) (2,6) (2,7) (2,8) (2,9) (2,10) (2,11) (2,12) (2,13) (2,14) (2,15) (2,16) (2,17) (2,18) (2,19) (2,20) (2,21) (2,22) (3,0) (3,1) (3,2) (3,3) (3,4) (3,5) (3,6) (3,7) (3,8) (3,9) (3,10) (4,0) (4,1) (4,2) (4,3) (4,4) (4,5) (4,6) (4,7) (4,8) (4,9) (4,10) (5,0) (5,1) (5,2) (5,3) (5,4) (5,5) (5,6) (5,7) (5,8) (5,9) (5,10) (6,0) (6,1) (6,2) (6,3) (6,4) (6,5) (6,6) (6,7) (6,8) (6,9) (6,10) (7,0) (7,1) (7,2) (7,3) (7,4) (7,5) (7,6) (7,7) (7,8) (7,9) (7,10) (8,0) (8,1) (8,2) (8,3) (8,4) (8,5) (8,6) (8,7) (8,8) (8,9) (8,10) (9,0) (9,1) (9,2) (9,3) (9,4) (9,5) (9,6) (9,7) (9,8) (9,9) (9,10) (10,0) (10,1) (10,2) (10,3) (10,4) (10,5) (10,6) (10,7) (10,8) (10,9) (10,10) (11,0) (11,1) (11,2) (11,3) (11,4) (11,5) (11,6) (11,7) (11,8) (11,9) (11,10) (12,0) (12,1) (12,2) (12,3) (12,4) (12,5) (12,6) (12,7) (12,8) (12,9) (12,10) (13,0) (13,1) (13,2) (13,3) (13,4) (13,5) (13,6) (13,7) (13,8) (13,9) (13,10) (14,0) (14,1) (14,2) (14,3) (14,4) (14,5) (14,6) (14,7) (14,8) (14,9) (14,10) (15,0) (15,1) (15,2) (15,3) (15,4) (15,5) (15,6) (15,7) (15,8) (15,9) (15,10) (16,0) (16,1) (16,2) (16,3) (16,4) (16,5) (16,6) (16,7) (16,8) (16,9) (16,10) (17,0) (17,1) (17,2) (17,3) (17,4) (17,5) (17,6) (17,7) (17,8) (17,9) (17,10) (18,0) (18,1) (18,2) (18,3) (18,4) (18,5) (18,6) (18,7) (18,8) (18,9) (18,10)   also met at 3 more region(s)
  O181 MM[O181] (1D) seats (0,0) (0,1) (0,2) (0,3) (0,4) (0,5) (0,6) (0,7) (0,8) (0,9) (0,10) (0,11) (0,12) (0,13) (0,14) (0,15) (0,16) (0,17) (0,18) (0,19) (0,20) (0,21) (0,22) (1,0) (1,1) (1,2) (1,3) (1,4) (1,5) (1,6) (1,7) (1,8) (1,9) (1,10) (1,11) (1,12) (1,13) (1,14) (1,15) (1,16) (1,17) (1,18) (1,19) (1,20) (1,21) (1,22) (2,0) (2,1) (2,2) (2,3) (2,4) (2,5) (2,6) (2,7) (2,8) (2,9) (2,10) (2,11) (2,12) (2,13) (2,14) (2,15) (2,16) (2,17) (2,18) (2,19) (2,20) (2,21) (2,22) (3,0) (3,1) (3,2) (3,3) (3,4) (3,5) (3,6) (3,7) (3,8) (3,9) (3,10) (3,11) (3,12) (3,13) (3,14) (3,15) (3,16) (4,0) (4,1) (4,2) (4,3) (4,4) (4,5) (4,6) (4,7) (4,8) (4,9) (4,10) (4,11) (4,12) (4,13) (4,14) (4,15) (4,16) (5,0) (5,1) (5,2) (5,3) (5,4) (5,5) (5,6) (5,7) (5,8) (5,9) (5,10) (5,11) (5,12) (5,13) (5,14) (5,15) (5,16) (6,0) (6,1) (6,2) (6,3) (6,4) (6,5) (6,6) (6,7) (6,8) (6,9) (6,10) (6,11) (6,12) (6,13) (6,14) (6,15) (6,16) (7,0) (7,1) (7,2) (7,3) (7,4) (7,5) (7,6) (7,7) (7,8) (7,9) (7,10) (7,11) (7,12) (7,13) (7,14) (7,15) (7,16) (8,0) (8,1) (8,2) (8,3) (8,4) (8,5) (8,6) (8,7) (8,8) (8,9) (8,10) (8,11) (8,12) (8,13) (8,14) (8,15) (8,16) (9,0) (9,1) (9,2) (9,3) (9,4) (9,5) (9,6) (9,7) (9,8) (9,9) (9,10) (9,11) (9,12) (9,13) (9,14) (9,15) (9,16) (10,0) (10,1) (10,2) (10,3) (10,4) (10,5) (10,6) (10,7) (10,8) (10,9) (10,10) (10,11) (10,12) (10,13) (10,14) (10,15) (10,16) (11,0) (11,1) (11,2) (11,3) (11,4) (11,5) (11,6) (11,7) (11,8) (11,9) (11,10) (11,11) (11,12) (11,13) (11,14) (11,15) (11,16) (12,0) (12,1) (12,2) (12,3) (12,4) (12,5) (12,6) (12,7) (12,8) (12,9) (12,10) (12,11) (12,12) (12,13) (12,14) (12,15) (12,16) (13,0) (13,1) (13,2) (13,3) (13,4) (13,5) (13,6) (13,7) (13,8) (13,9) (13,10) (13,11) (13,12) (13,13) (13,14) (13,15) (13,16) (14,0) (14,1) (14,2) (14,3) (14,4) (14,5) (14,6) (14,7) (14,8) (14,9) (14,10) (14,11) (14,12) (14,13) (14,14) (14,15) (14,16) (15,0) (15,1) (15,2) (15,3) (15,4) (15,5) (15,6) (15,7) (15,8) (15,9) (15,10) (15,11) (15,12) (15,13) (15,14) (15,15) (15,16) (16,0) (16,1) (16,2) (16,3) (16,4) (16,5) (16,6) (16,7) (16,8) (16,9) (16,10) (16,11) (16,12) (16,13) (16,14) (16,15) (16,16) (17,0) (17,1) (17,2) (17,3) (17,4) (17,5) (17,6) (17,7) (17,8) (17,9) (17,10) (17,11) (17,12) (17,13) (17,14) (17,15) (17,16) (18,0) (18,1) (18,2) (18,3) (18,4) (18,5) (18,6) (18,7) (18,8) (18,9) (18,10) (18,11) (18,12) (18,13) (18,14) (18,15) (18,16)   also met at 5 more region(s)
  O182 MM[O182] (1D) seats (0,0) (0,1) (0,2) (0,3) (0,4) (0,5) (0,6) (0,7) (0,8) (0,9) (0,10) (0,11) (0,12) (0,13) (0,14) (0,15) (0,16) (0,17) (0,18) (0,19) (0,20) (0,21) (0,22) (1,0) (1,1) (1,2) (1,3) (1,4) (1,5) (1,6) (1,7) (1,8) (1,9) (1,10) (1,11) (1,12) (1,13) (1,14) (1,15) (1,16) (1,17) (1,18) (1,19) (1,20) (1,21) (1,22) (2,0) (2,1) (2,2) (2,3) (2,4) (2,5) (2,6) (2,7) (2,8) (2,9) (2,10) (2,11) (2,12) (2,13) (2,14) (2,15) (2,16) (2,17) (2,18) (2,19) (2,20) (2,21) (2,22) (3,0) (3,1) (3,2) (3,3) (3,4) (3,5) (3,6) (3,7) (3,8) (3,9) (3,10) (3,11) (3,12) (3,13) (3,14) (3,15) (3,16) (3,17) (3,18) (4,0) (4,1) (4,2) (4,3) (4,4) (4,5) (4,6) (4,7) (4,8) (4,9) (4,10) (4,11) (4,12) (4,13) (4,14) (4,15) (4,16) (4,17) (4,18) (5,0) (5,1) (5,2) (5,3) (5,4) (5,5) (5,6) (5,7) (5,8) (5,9) (5,10) (5,11) (5,12) (5,13) (5,14) (5,15) (5,16) (5,17) (5,18) (6,0) (6,1) (6,2) (6,3) (6,4) (6,5) (6,6) (6,7) (6,8) (6,9) (6,10) (6,11) (6,12) (6,13) (6,14) (6,15) (6,16) (6,17) (6,18) (7,0) (7,1) (7,2) (7,3) (7,4) (7,5) (7,6) (7,7) (7,8) (7,9) (7,10) (7,11) (7,12) (7,13) (7,14) (7,15) (7,16) (7,17) (7,18) (8,0) (8,1) (8,2) (8,3) (8,4) (8,5) (8,6) (8,7) (8,8) (8,9) (8,10) (8,11) (8,12) (8,13) (8,14) (8,15) (8,16) (8,17) (8,18) (9,0) (9,1) (9,2) (9,3) (9,4) (9,5) (9,6) (9,7) (9,8) (9,9) (9,10) (9,11) (9,12) (9,13) (9,14) (9,15) (9,16) (9,17) (9,18) (10,0) (10,1) (10,2) (10,3) (10,4) (10,5) (10,6) (10,7) (10,8) (10,9) (10,10) (10,11) (10,12) (10,13) (10,14) (10,15) (10,16) (10,17) (10,18) (11,0) (11,1) (11,2) (11,3) (11,4) (11,5) (11,6) (11,7) (11,8) (11,9) (11,10) (11,11) (11,12) (11,13) (11,14) (11,15) (11,16) (11,17) (11,18) (12,0) (12,1) (12,2) (12,3) (12,4) (12,5) (12,6) (12,7) (12,8) (12,9) (12,10) (12,11) (12,12) (12,13) (12,14) (12,15) (12,16) (12,17) (12,18) (13,0) (13,1) (13,2) (13,3) (13,4) (13,5) (13,6) (13,7) (13,8) (13,9) (13,10) (13,11) (13,12) (13,13) (13,14) (13,15) (13,16) (13,17) (13,18) (14,0) (14,1) (14,2) (14,3) (14,4) (14,5) (14,6) (14,7) (14,8) (14,9) (14,10) (14,11) (14,12) (14,13) (14,14) (14,15) (14,16) (14,17) (14,18) (15,0) (15,1) (15,2) (15,3) (15,4) (15,5) (15,6) (15,7) (15,8) (15,9) (15,10) (15,11) (15,12) (15,13) (15,14) (15,15) (15,16) (15,17) (15,18) (16,0) (16,1) (16,2) (16,3) (16,4) (16,5) (16,6) (16,7) (16,8) (16,9) (16,10) (16,11) (16,12) (16,13) (16,14) (16,15) (16,16) (16,17) (16,18) (17,0) (17,1) (17,2) (17,3) (17,4) (17,5) (17,6) (17,7) (17,8) (17,9) (17,10) (17,11) (17,12) (17,13) (17,14) (17,15) (17,16) (17,17) (17,18) (18,0) (18,1) (18,2) (18,3) (18,4) (18,5) (18,6) (18,7) (18,8) (18,9) (18,10) (18,11) (18,12) (18,13) (18,14) (18,15) (18,16) (18,17) (18,18) (19,0) (19,1) (19,2) (19,3) (19,4) (19,5) (19,6) (19,7) (19,8) (19,9) (19,10) (19,11) (19,12) (19,13) (19,14) (19,15) (19,16) (19,17) (19,18) (20,0) (20,1) (20,2) (20,3) (20,4) (20,5) (20,6) (20,7) (20,8) (20,9) (20,10) (20,11) (20,12) (20,13) (20,14) (20,15) (20,16) (20,17) (20,18) (21,0) (21,1) (21,2) (21,3) (21,4) (21,5) (21,6) (21,7) (21,8) (21,9) (21,10) (21,11) (21,12) (21,13) (21,14) (21,15) (21,16) (21,17) (21,18) (22,0) (22,1) (22,2) (22,3) (22,4) (22,5) (22,6) (22,7) (22,8) (22,9) (22,10) (22,11) (22,12) (22,13) (22,14) (22,15) (22,16) (22,17) (22,18)   also met at 1 more region(s)
  O183 MM[O183] (1D) seats (0,0) (0,1) (0,2) (0,3) (0,4) (0,5) (0,6) (0,7) (0,8) (0,9) (0,10) (0,11) (0,12) (0,13) (0,14) (0,15) (0,16) (0,17) (0,18) (0,19) (0,20) (0,21) (0,22) (1,0) (1,1) (1,2) (1,3) (1,4) (1,5) (1,6) (1,7) (1,8) (1,9) (1,10) (1,11) (1,12) (1,13) (1,14) (1,15) (1,16) (1,17) (1,18) (1,19) (1,20) (1,21) (1,22) (2,0) (2,1) (2,2) (2,3) (2,4) (2,5) (2,6) (2,7) (2,8) (2,9) (2,10) (2,11) (2,12) (2,13) (2,14) (2,15) (2,16) (2,17) (2,18) (2,19) (2,20) (2,21) (2,22) (3,0) (3,1) (3,2) (3,3) (3,4) (3,5) (3,6) (3,7) (3,8) (3,9) (3,10) (3,11) (3,12) (3,13) (3,14) (3,15) (3,16) (4,0) (4,1) (4,2) (4,3) (4,4) (4,5) (4,6) (4,7) (4,8) (4,9) (4,10) (4,11) (4,12) (4,13) (4,14) (4,15) (4,16) (5,0) (5,1) (5,2) (5,3) (5,4) (5,5) (5,6) (5,7) (5,8) (5,9) (5,10) (5,11) (5,12) (5,13) (5,14) (5,15) (5,16) (6,0) (6,1) (6,2) (6,3) (6,4) (6,5) (6,6) (6,7) (6,8) (6,9) (6,10) (6,11) (6,12) (6,13) (6,14) (6,15) (6,16) (7,0) (7,1) (7,2) (7,3) (7,4) (7,5) (7,6) (7,7) (7,8) (7,9) (7,10) (7,11) (7,12) (7,13) (7,14) (7,15) (7,16) (8,0) (8,1) (8,2) (8,3) (8,4) (8,5) (8,6) (8,7) (8,8) (8,9) (8,10) (8,11) (8,12) (8,13) (8,14) (8,15) (8,16) (9,0) (9,1) (9,2) (9,3) (9,4) (9,5) (9,6) (9,7) (9,8) (9,9) (9,10) (9,11) (9,12) (9,13) (9,14) (9,15) (9,16) (10,0) (10,1) (10,2) (10,3) (10,4) (10,5) (10,6) (10,7) (10,8) (10,9) (10,10) (10,11) (10,12) (10,13) (10,14) (10,15) (10,16) (11,0) (11,1) (11,2) (11,3) (11,4) (11,5) (11,6) (11,7) (11,8) (11,9) (11,10) (11,11) (11,12) (11,13) (11,14) (11,15) (11,16) (12,0) (12,1) (12,2) (12,3) (12,4) (12,5) (12,6) (12,7) (12,8) (12,9) (12,10) (12,11) (12,12) (12,13) (12,14) (12,15) (12,16) (13,0) (13,1) (13,2) (13,3) (13,4) (13,5) (13,6) (13,7) (13,8) (13,9) (13,10) (13,11) (13,12) (13,13) (13,14) (13,15) (13,16) (14,0) (14,1) (14,2) (14,3) (14,4) (14,5) (14,6) (14,7) (14,8) (14,9) (14,10) (14,11) (14,12) (14,13) (14,14) (14,15) (14,16) (15,0) (15,1) (15,2) (15,3) (15,4) (15,5) (15,6) (15,7) (15,8) (15,9) (15,10) (15,11) (15,12) (15,13) (15,14) (15,15) (15,16) (16,0) (16,1) (16,2) (16,3) (16,4) (16,5) (16,6) (16,7) (16,8) (16,9) (16,10) (16,11) (16,12) (16,13) (16,14) (16,15) (16,16) (17,0) (17,1) (17,2) (17,3) (17,4) (17,5) (17,6) (17,7) (17,8) (17,9) (17,10) (17,11) (17,12) (17,13) (17,14) (17,15) (17,16) (18,0) (18,1) (18,2) (18,3) (18,4) (18,5) (18,6) (18,7) (18,8) (18,9) (18,10) (18,11) (18,12) (18,13) (18,14) (18,15) (18,16) (19,0) (19,1) (19,2) (19,3) (19,4) (19,5) (19,6) (19,7) (19,8) (19,9) (19,10) (19,11) (19,12) (19,13) (19,14) (19,15) (19,16) (20,0) (20,1) (20,2) (20,3) (20,4) (20,5) (20,6) (20,7) (20,8) (20,9) (20,10) (20,11) (20,12) (20,13) (20,14) (20,15) (20,16) (21,0) (21,1) (21,2) (21,3) (21,4) (21,5) (21,6) (21,7) (21,8) (21,9) (21,10) (21,11) (21,12) (21,13) (21,14) (21,15) (21,16) (22,0) (22,1) (22,2) (22,3) (22,4) (22,5) (22,6) (22,7) (22,8) (22,9) (22,10) (22,11) (22,12) (22,13) (22,14) (22,15) (22,16)   also met at 3 more region(s)
  O184 MM[O184] (1D) seats (0,0) (0,1) (0,2) (0,3) (0,4) (0,5) (0,6) (0,7) (0,8) (0,9) (0,10) (0,11) (0,12) (0,13) (0,14) (0,15) (0,16) (0,17) (0,18) (1,0) (1,1) (1,2) (1,3) (1,4) (1,5) (1,6) (1,7) (1,8) (1,9) (1,10) (1,11) (1,12) (1,13) (1,14) (1,15) (1,16) (1,17) (1,18) (2,0) (2,1) (2,2) (2,3) (2,4) (2,5) (2,6) (2,7) (2,8) (2,9) (2,10) (2,11) (2,12) (2,13) (2,14) (2,15) (2,16) (2,17) (2,18) (3,0) (3,1) (3,2) (3,3) (3,4) (3,5) (3,6) (3,7) (3,8) (3,9) (3,10) (3,11) (3,12) (3,13) (3,14) (3,15) (3,16) (3,17) (3,18) (4,0) (4,1) (4,2) (4,3) (4,4) (4,5) (4,6) (4,7) (4,8) (4,9) (4,10) (4,11) (4,12) (4,13) (4,14) (4,15) (4,16) (4,17) (4,18) (5,0) (5,1) (5,2) (5,3) (5,4) (5,5) (5,6) (5,7) (5,8) (5,9) (5,10) (5,11) (5,12) (5,13) (5,14) (5,15) (5,16) (6,0) (6,1) (6,2) (6,3) (6,4) (6,5) (6,6) (6,7) (6,8) (6,9) (6,10) (6,11) (6,12) (6,13) (6,14) (6,15) (6,16) (7,0) (7,1) (7,2) (7,3) (7,4) (7,5) (7,6) (7,7) (7,8) (7,9) (7,10) (7,11) (7,12) (7,13) (7,14) (7,15) (7,16) (8,0) (8,1) (8,2) (8,3) (8,4) (8,5) (8,6) (8,7) (8,8) (8,9) (8,10) (8,11) (8,12) (8,13) (8,14) (8,15) (8,16) (9,0) (9,1) (9,2) (9,3) (9,4) (9,5) (9,6) (9,7) (9,8) (9,9) (9,10) (9,11) (9,12) (9,13) (9,14) (9,15) (9,16) (10,0) (10,1) (10,2) (10,3) (10,4) (10,5) (10,6) (10,7) (10,8) (10,9) (10,10) (10,11) (10,12) (10,13) (10,14) (10,15) (10,16) (11,0) (11,1) (11,2) (11,3) (11,4) (11,5) (11,6) (11,7) (11,8) (11,9) (11,10) (11,11) (11,12) (11,13) (11,14) (11,15) (11,16) (12,0) (12,1) (12,2) (12,3) (12,4) (12,5) (12,6) (12,7) (12,8) (12,9) (12,10) (12,11) (12,12) (12,13) (12,14) (12,15) (12,16) (13,0) (13,1) (13,2) (13,3) (13,4) (13,5) (13,6) (13,7) (13,8) (13,9) (13,10) (13,11) (13,12) (13,13) (13,14) (13,15) (13,16) (14,0) (14,1) (14,2) (14,3) (14,4) (14,5) (14,6) (14,7) (14,8) (14,9) (14,10) (14,11) (14,12) (14,13) (14,14) (14,15) (14,16) (15,0) (15,1) (15,2) (15,3) (15,4) (15,5) (15,6) (15,7) (15,8) (15,9) (15,10) (15,11) (15,12) (15,13) (15,14) (15,15) (15,16) (16,0) (16,1) (16,2) (16,3) (16,4) (16,5) (16,6) (16,7) (16,8) (16,9) (16,10) (16,11) (16,12) (16,13) (16,14) (16,15) (16,16) (17,0) (17,1) (17,2) (17,3) (17,4) (17,5) (17,6) (17,7) (17,8) (17,9) (17,10) (17,11) (17,12) (17,13) (17,14) (17,15) (17,16) (18,0) (18,1) (18,2) (18,3) (18,4) (18,5) (18,6) (18,7) (18,8) (18,9) (18,10) (18,11) (18,12) (18,13) (18,14) (18,15) (18,16) (19,0) (19,1) (19,2) (19,3) (19,4) (19,5) (19,6) (19,7) (19,8) (19,9) (19,10) (19,11) (19,12) (19,13) (19,14) (19,15) (19,16) (20,0) (20,1) (20,2) (20,3) (20,4) (20,5) (20,6) (20,7) (20,8) (20,9) (20,10) (20,11) (20,12) (20,13) (20,14) (20,15) (20,16) (21,0) (21,1) (21,2) (21,3) (21,4) (21,5) (21,6) (21,7) (21,8) (21,9) (21,10) (21,11) (21,12) (21,13) (21,14) (21,15) (21,16) (22,0) (22,1) (22,2) (22,3) (22,4) (22,5) (22,6) (22,7) (22,8) (22,9) (22,10) (22,11) (22,12) (22,13) (22,14) (22,15) (22,16)   also met at 3 more region(s)
  O185 MM[O185] (1D) seats (0,0) (0,1) (0,2) (0,3) (0,4) (0,5) (0,6) (0,7) (0,8) (0,9) (0,10) (0,11) (0,12) (0,13) (0,14) (0,15) (0,16) (1,0) (1,1) (1,2) (1,3) (1,4) (1,5) (1,6) (1,7) (1,8) (1,9) (1,10) (1,11) (1,12) (1,13) (1,14) (1,15) (1,16) (2,0) (2,1) (2,2) (2,3) (2,4) (2,5) (2,6) (2,7) (2,8) (2,9) (2,10) (2,11) (2,12) (2,13) (2,14) (2,15) (2,16) (3,0) (3,1) (3,2) (3,3) (3,4) (3,5) (3,6) (3,7) (3,8) (3,9) (3,10) (3,11) (3,12) (3,13) (3,14) (3,15) (3,16) (4,0) (4,1) (4,2) (4,3) (4,4) (4,5) (4,6) (4,7) (4,8) (4,9) (4,10) (4,11) (4,12) (4,13) (4,14) (4,15) (4,16) (5,0) (5,1) (5,2) (5,3) (5,4) (5,5) (5,6) (5,7) (5,8) (5,9) (5,10) (6,0) (6,1) (6,2) (6,3) (6,4) (6,5) (6,6) (6,7) (6,8) (6,9) (6,10) (7,0) (7,1) (7,2) (7,3) (7,4) (7,5) (7,6) (7,7) (7,8) (7,9) (7,10) (8,0) (8,1) (8,2) (8,3) (8,4) (8,5) (8,6) (8,7) (8,8) (8,9) (8,10) (9,0) (9,1) (9,2) (9,3) (9,4) (9,5) (9,6) (9,7) (9,8) (9,9) (9,10) (10,0) (10,1) (10,2) (10,3) (10,4) (10,5) (10,6) (10,7) (10,8) (10,9) (10,10) (11,0) (11,1) (11,2) (11,3) (11,4) (11,5) (11,6) (11,7) (11,8) (11,9) (11,10) (12,0) (12,1) (12,2) (12,3) (12,4) (12,5) (12,6) (12,7) (12,8) (12,9) (12,10) (13,0) (13,1) (13,2) (13,3) (13,4) (13,5) (13,6) (13,7) (13,8) (13,9) (13,10) (14,0) (14,1) (14,2) (14,3) (14,4) (14,5) (14,6) (14,7) (14,8) (14,9) (14,10) (15,0) (15,1) (15,2) (15,3) (15,4) (15,5) (15,6) (15,7) (15,8) (15,9) (15,10) (16,0) (16,1) (16,2) (16,3) (16,4) (16,5) (16,6) (16,7) (16,8) (16,9) (16,10) (17,0) (17,1) (17,2) (17,3) (17,4) (17,5) (17,6) (17,7) (17,8) (17,9) (17,10) (18,0) (18,1) (18,2) (18,3) (18,4) (18,5) (18,6) (18,7) (18,8) (18,9) (18,10) (19,0) (19,1) (19,2) (19,3) (19,4) (19,5) (19,6) (19,7) (19,8) (19,9) (19,10) (20,0) (20,1) (20,2) (20,3) (20,4) (20,5) (20,6) (20,7) (20,8) (20,9) (20,10) (21,0) (21,1) (21,2) (21,3) (21,4) (21,5) (21,6) (21,7) (21,8) (21,9) (21,10) (22,0) (22,1) (22,2) (22,3) (22,4) (22,5) (22,6) (22,7) (22,8) (22,9) (22,10)   also met at 1 more region(s)
  O186 MM[O186] (1D) seats (0,0) (0,1) (0,2) (0,3) (0,4) (0,5) (0,6) (0,7) (0,8) (0,9) (0,10) (0,11) (0,12) (0,13) (0,14) (0,15) (0,16) (0,17) (0,18) (0,19) (0,20) (0,21) (0,22) (1,0) (1,1) (1,2) (1,3) (1,4) (1,5) (1,6) (1,7) (1,8) (1,9) (1,10) (1,11) (1,12) (1,13) (1,14) (1,15) (1,16) (1,17) (1,18) (1,19) (1,20) (1,21) (1,22) (2,0) (2,1) (2,2) (2,3) (2,4) (2,5) (2,6) (2,7) (2,8) (2,9) (2,10) (2,11) (2,12) (2,13) (2,14) (2,15) (2,16) (2,17) (2,18) (2,19) (2,20) (2,21) (2,22) (3,0) (3,1) (3,2) (3,3) (3,4) (3,5) (3,6) (3,7) (3,8) (3,9) (3,10) (3,11) (3,12) (3,13) (3,14) (3,15) (3,16) (3,17) (3,18) (3,19) (3,20) (3,21) (3,22) (4,0) (4,1) (4,2) (4,3) (4,4) (4,5) (4,6) (4,7) (4,8) (4,9) (4,10) (4,11) (4,12) (4,13) (4,14) (4,15) (4,16) (4,17) (4,18) (4,19) (4,20) (4,21) (4,22) (5,0) (5,1) (5,2) (5,3) (5,4) (5,5) (5,6) (5,7) (5,8) (5,9) (5,10) (5,11) (5,12) (5,13) (5,14) (5,15) (5,16) (5,17) (5,18) (6,0) (6,1) (6,2) (6,3) (6,4) (6,5) (6,6) (6,7) (6,8) (6,9) (6,10) (6,11) (6,12) (6,13) (6,14) (6,15) (6,16) (6,17) (6,18) (7,0) (7,1) (7,2) (7,3) (7,4) (7,5) (7,6) (7,7) (7,8) (7,9) (7,10) (7,11) (7,12) (7,13) (7,14) (7,15) (7,16) (7,17) (7,18) (8,0) (8,1) (8,2) (8,3) (8,4) (8,5) (8,6) (8,7) (8,8) (8,9) (8,10) (8,11) (8,12) (8,13) (8,14) (8,15) (8,16) (8,17) (8,18) (9,0) (9,1) (9,2) (9,3) (9,4) (9,5) (9,6) (9,7) (9,8) (9,9) (9,10) (9,11) (9,12) (9,13) (9,14) (9,15) (9,16) (9,17) (9,18) (10,0) (10,1) (10,2) (10,3) (10,4) (10,5) (10,6) (10,7) (10,8) (10,9) (10,10) (10,11) (10,12) (10,13) (10,14) (10,15) (10,16) (10,17) (10,18) (11,0) (11,1) (11,2) (11,3) (11,4) (11,5) (11,6) (11,7) (11,8) (11,9) (11,10) (11,11) (11,12) (11,13) (11,14) (11,15) (11,16) (11,17) (11,18) (12,0) (12,1) (12,2) (12,3) (12,4) (12,5) (12,6) (12,7) (12,8) (12,9) (12,10) (12,11) (12,12) (12,13) (12,14) (12,15) (12,16) (12,17) (12,18) (13,0) (13,1) (13,2) (13,3) (13,4) (13,5) (13,6) (13,7) (13,8) (13,9) (13,10) (13,11) (13,12) (13,13) (13,14) (13,15) (13,16) (13,17) (13,18) (14,0) (14,1) (14,2) (14,3) (14,4) (14,5) (14,6) (14,7) (14,8) (14,9) (14,10) (14,11) (14,12) (14,13) (14,14) (14,15) (14,16) (14,17) (14,18) (15,0) (15,1) (15,2) (15,3) (15,4) (15,5) (15,6) (15,7) (15,8) (15,9) (15,10) (15,11) (15,12) (15,13) (15,14) (15,15) (15,16) (15,17) (15,18) (16,0) (16,1) (16,2) (16,3) (16,4) (16,5) (16,6) (16,7) (16,8) (16,9) (16,10) (16,11) (16,12) (16,13) (16,14) (16,15) (16,16) (16,17) (16,18) (17,0) (17,1) (17,2) (17,3) (17,4) (17,5) (17,6) (17,7) (17,8) (17,9) (17,10) (17,11) (17,12) (17,13) (17,14) (17,15) (17,16) (17,17) (17,18) (18,0) (18,1) (18,2) (18,3) (18,4) (18,5) (18,6) (18,7) (18,8) (18,9) (18,10) (18,11) (18,12) (18,13) (18,14) (18,15) (18,16) (18,17) (18,18)   also met at 1 more region(s)
  O187 MM[O187] (1D) seats (0,0) (0,1) (0,2) (0,3) (0,4) (0,5) (0,6) (0,7) (0,8) (0,9) (0,10) (0,11) (0,12) (0,13) (0,14) (0,15) (0,16) (0,17) (0,18) (0,19) (0,20) (0,21) (0,22) (1,0) (1,1) (1,2) (1,3) (1,4) (1,5) (1,6) (1,7) (1,8) (1,9) (1,10) (1,11) (1,12) (1,13) (1,14) (1,15) (1,16) (1,17) (1,18) (1,19) (1,20) (1,21) (1,22) (2,0) (2,1) (2,2) (2,3) (2,4) (2,5) (2,6) (2,7) (2,8) (2,9) (2,10) (2,11) (2,12) (2,13) (2,14) (2,15) (2,16) (2,17) (2,18) (2,19) (2,20) (2,21) (2,22) (3,0) (3,1) (3,2) (3,3) (3,4) (3,5) (3,6) (3,7) (3,8) (3,9) (3,10) (3,11) (3,12) (3,13) (3,14) (3,15) (3,16) (3,17) (3,18) (3,19) (3,20) (3,21) (3,22) (4,0) (4,1) (4,2) (4,3) (4,4) (4,5) (4,6) (4,7) (4,8) (4,9) (4,10) (4,11) (4,12) (4,13) (4,14) (4,15) (4,16) (4,17) (4,18) (4,19) (4,20) (4,21) (4,22) (5,0) (5,1) (5,2) (5,3) (5,4) (5,5) (5,6) (5,7) (5,8) (5,9) (5,10) (5,11) (5,12) (5,13) (5,14) (5,15) (5,16) (6,0) (6,1) (6,2) (6,3) (6,4) (6,5) (6,6) (6,7) (6,8) (6,9) (6,10) (6,11) (6,12) (6,13) (6,14) (6,15) (6,16) (7,0) (7,1) (7,2) (7,3) (7,4) (7,5) (7,6) (7,7) (7,8) (7,9) (7,10) (7,11) (7,12) (7,13) (7,14) (7,15) (7,16) (8,0) (8,1) (8,2) (8,3) (8,4) (8,5) (8,6) (8,7) (8,8) (8,9) (8,10) (8,11) (8,12) (8,13) (8,14) (8,15) (8,16) (9,0) (9,1) (9,2) (9,3) (9,4) (9,5) (9,6) (9,7) (9,8) (9,9) (9,10) (9,11) (9,12) (9,13) (9,14) (9,15) (9,16) (10,0) (10,1) (10,2) (10,3) (10,4) (10,5) (10,6) (10,7) (10,8) (10,9) (10,10) (10,11) (10,12) (10,13) (10,14) (10,15) (10,16) (11,0) (11,1) (11,2) (11,3) (11,4) (11,5) (11,6) (11,7) (11,8) (11,9) (11,10) (11,11) (11,12) (11,13) (11,14) (11,15) (11,16) (12,0) (12,1) (12,2) (12,3) (12,4) (12,5) (12,6) (12,7) (12,8) (12,9) (12,10) (12,11) (12,12) (12,13) (12,14) (12,15) (12,16) (13,0) (13,1) (13,2) (13,3) (13,4) (13,5) (13,6) (13,7) (13,8) (13,9) (13,10) (13,11) (13,12) (13,13) (13,14) (13,15) (13,16) (14,0) (14,1) (14,2) (14,3) (14,4) (14,5) (14,6) (14,7) (14,8) (14,9) (14,10) (14,11) (14,12) (14,13) (14,14) (14,15) (14,16) (15,0) (15,1) (15,2) (15,3) (15,4) (15,5) (15,6) (15,7) (15,8) (15,9) (15,10) (15,11) (15,12) (15,13) (15,14) (15,15) (15,16) (16,0) (16,1) (16,2) (16,3) (16,4) (16,5) (16,6) (16,7) (16,8) (16,9) (16,10) (16,11) (16,12) (16,13) (16,14) (16,15) (16,16) (17,0) (17,1) (17,2) (17,3) (17,4) (17,5) (17,6) (17,7) (17,8) (17,9) (17,10) (17,11) (17,12) (17,13) (17,14) (17,15) (17,16) (18,0) (18,1) (18,2) (18,3) (18,4) (18,5) (18,6) (18,7) (18,8) (18,9) (18,10) (18,11) (18,12) (18,13) (18,14) (18,15) (18,16)   also met at 1 more region(s)
  O188 MM[O188] (1D) seats (0,0) (0,1) (0,2) (0,3) (0,4) (0,5) (0,6) (0,7) (0,8) (0,9) (0,10) (0,11) (0,12) (0,13) (0,14) (0,15) (0,16) (0,17) (0,18) (0,19) (0,20) (0,21) (0,22) (1,0) (1,1) (1,2) (1,3) (1,4) (1,5) (1,6) (1,7) (1,8) (1,9) (1,10) (1,11) (1,12) (1,13) (1,14) (1,15) (1,16) (1,17) (1,18) (1,19) (1,20) (1,21) (1,22) (2,0) (2,1) (2,2) (2,3) (2,4) (2,5) (2,6) (2,7) (2,8) (2,9) (2,10) (2,11) (2,12) (2,13) (2,14) (2,15) (2,16) (2,17) (2,18) (2,19) (2,20) (2,21) (2,22) (3,0) (3,1) (3,2) (3,3) (3,4) (3,5) (3,6) (3,7) (3,8) (3,9) (3,10) (3,11) (3,12) (3,13) (3,14) (3,15) (3,16) (3,17) (3,18) (3,19) (3,20) (3,21) (3,22) (4,0) (4,1) (4,2) (4,3) (4,4) (4,5) (4,6) (4,7) (4,8) (4,9) (4,10) (4,11) (4,12) (4,13) (4,14) (4,15) (4,16) (4,17) (4,18) (4,19) (4,20) (4,21) (4,22) (5,0) (5,1) (5,2) (5,3) (5,4) (5,5) (5,6) (5,7) (5,8) (5,9) (5,10) (5,11) (5,12) (5,13) (5,14) (5,15) (5,16) (5,17) (5,18) (6,0) (6,1) (6,2) (6,3) (6,4) (6,5) (6,6) (6,7) (6,8) (6,9) (6,10) (6,11) (6,12) (6,13) (6,14) (6,15) (6,16) (6,17) (6,18) (7,0) (7,1) (7,2) (7,3) (7,4) (7,5) (7,6) (7,7) (7,8) (7,9) (7,10) (7,11) (7,12) (7,13) (7,14) (7,15) (7,16) (7,17) (7,18) (8,0) (8,1) (8,2) (8,3) (8,4) (8,5) (8,6) (8,7) (8,8) (8,9) (8,10) (8,11) (8,12) (8,13) (8,14) (8,15) (8,16) (8,17) (8,18) (9,0) (9,1) (9,2) (9,3) (9,4) (9,5) (9,6) (9,7) (9,8) (9,9) (9,10) (9,11) (9,12) (9,13) (9,14) (9,15) (9,16) (9,17) (9,18) (10,0) (10,1) (10,2) (10,3) (10,4) (10,5) (10,6) (10,7) (10,8) (10,9) (10,10) (10,11) (10,12) (10,13) (10,14) (10,15) (10,16) (10,17) (10,18) (11,0) (11,1) (11,2) (11,3) (11,4) (11,5) (11,6) (11,7) (11,8) (11,9) (11,10) (11,11) (11,12) (11,13) (11,14) (11,15) (11,16) (11,17) (11,18) (12,0) (12,1) (12,2) (12,3) (12,4) (12,5) (12,6) (12,7) (12,8) (12,9) (12,10) (12,11) (12,12) (12,13) (12,14) (12,15) (12,16) (12,17) (12,18) (13,0) (13,1) (13,2) (13,3) (13,4) (13,5) (13,6) (13,7) (13,8) (13,9) (13,10) (13,11) (13,12) (13,13) (13,14) (13,15) (13,16) (13,17) (13,18) (14,0) (14,1) (14,2) (14,3) (14,4) (14,5) (14,6) (14,7) (14,8) (14,9) (14,10) (14,11) (14,12) (14,13) (14,14) (14,15) (14,16) (14,17) (14,18) (15,0) (15,1) (15,2) (15,3) (15,4) (15,5) (15,6) (15,7) (15,8) (15,9) (15,10) (15,11) (15,12) (15,13) (15,14) (15,15) (15,16) (15,17) (15,18) (16,0) (16,1) (16,2) (16,3) (16,4) (16,5) (16,6) (16,7) (16,8) (16,9) (16,10) (16,11) (16,12) (16,13) (16,14) (16,15) (16,16) (16,17) (16,18)   also met at 3 more region(s)
  O189 MM[O189] (1D) seats (0,0) (0,1) (0,2) (0,3) (0,4) (0,5) (0,6) (0,7) (0,8) (0,9) (0,10) (0,11) (0,12) (0,13) (0,14) (0,15) (0,16) (0,17) (0,18) (0,19) (0,20) (0,21) (0,22) (1,0) (1,1) (1,2) (1,3) (1,4) (1,5) (1,6) (1,7) (1,8) (1,9) (1,10) (1,11) (1,12) (1,13) (1,14) (1,15) (1,16) (1,17) (1,18) (1,19) (1,20) (1,21) (1,22) (2,0) (2,1) (2,2) (2,3) (2,4) (2,5) (2,6) (2,7) (2,8) (2,9) (2,10) (2,11) (2,12) (2,13) (2,14) (2,15) (2,16) (2,17) (2,18) (2,19) (2,20) (2,21) (2,22) (3,0) (3,1) (3,2) (3,3) (3,4) (3,5) (3,6) (3,7) (3,8) (3,9) (3,10) (3,11) (3,12) (3,13) (3,14) (3,15) (3,16) (3,17) (3,18) (3,19) (3,20) (3,21) (3,22) (4,0) (4,1) (4,2) (4,3) (4,4) (4,5) (4,6) (4,7) (4,8) (4,9) (4,10) (4,11) (4,12) (4,13) (4,14) (4,15) (4,16) (4,17) (4,18) (4,19) (4,20) (4,21) (4,22) (5,0) (5,1) (5,2) (5,3) (5,4) (5,5) (5,6) (5,7) (5,8) (5,9) (5,10) (5,11) (5,12) (5,13) (5,14) (5,15) (5,16) (5,17) (5,18) (6,0) (6,1) (6,2) (6,3) (6,4) (6,5) (6,6) (6,7) (6,8) (6,9) (6,10) (6,11) (6,12) (6,13) (6,14) (6,15) (6,16) (6,17) (6,18) (7,0) (7,1) (7,2) (7,3) (7,4) (7,5) (7,6) (7,7) (7,8) (7,9) (7,10) (7,11) (7,12) (7,13) (7,14) (7,15) (7,16) (7,17) (7,18) (8,0) (8,1) (8,2) (8,3) (8,4) (8,5) (8,6) (8,7) (8,8) (8,9) (8,10) (8,11) (8,12) (8,13) (8,14) (8,15) (8,16) (8,17) (8,18) (9,0) (9,1) (9,2) (9,3) (9,4) (9,5) (9,6) (9,7) (9,8) (9,9) (9,10) (9,11) (9,12) (9,13) (9,14) (9,15) (9,16) (9,17) (9,18) (10,0) (10,1) (10,2) (10,3) (10,4) (10,5) (10,6) (10,7) (10,8) (10,9) (10,10) (10,11) (10,12) (10,13) (10,14) (10,15) (10,16) (10,17) (10,18) (11,0) (11,1) (11,2) (11,3) (11,4) (11,5) (11,6) (11,7) (11,8) (11,9) (11,10) (11,11) (11,12) (11,13) (11,14) (11,15) (11,16) (11,17) (11,18) (12,0) (12,1) (12,2) (12,3) (12,4) (12,5) (12,6) (12,7) (12,8) (12,9) (12,10) (12,11) (12,12) (12,13) (12,14) (12,15) (12,16) (12,17) (12,18) (13,0) (13,1) (13,2) (13,3) (13,4) (13,5) (13,6) (13,7) (13,8) (13,9) (13,10) (13,11) (13,12) (13,13) (13,14) (13,15) (13,16) (13,17) (13,18) (14,0) (14,1) (14,2) (14,3) (14,4) (14,5) (14,6) (14,7) (14,8) (14,9) (14,10) (14,11) (14,12) (14,13) (14,14) (14,15) (14,16) (14,17) (14,18) (15,0) (15,1) (15,2) (15,3) (15,4) (15,5) (15,6) (15,7) (15,8) (15,9) (15,10) (15,11) (15,12) (15,13) (15,14) (15,15) (15,16) (15,17) (15,18) (16,0) (16,1) (16,2) (16,3) (16,4) (16,5) (16,6) (16,7) (16,8) (16,9) (16,10) (16,11) (16,12) (16,13) (16,14) (16,15) (16,16) (16,17) (16,18) (17,0) (17,1) (17,2) (17,3) (17,4) (17,5) (17,6) (17,7) (17,8) (17,9) (17,10) (17,11) (17,12) (17,13) (17,14) (17,15) (17,16) (17,17) (17,18) (18,0) (18,1) (18,2) (18,3) (18,4) (18,5) (18,6) (18,7) (18,8) (18,9) (18,10) (18,11) (18,12) (18,13) (18,14) (18,15) (18,16) (18,17) (18,18) (19,0) (19,1) (19,2) (19,3) (19,4) (19,5) (19,6) (19,7) (19,8) (19,9) (19,10) (19,11) (19,12) (19,13) (19,14) (19,15) (19,16) (19,17) (19,18) (20,0) (20,1) (20,2) (20,3) (20,4) (20,5) (20,6) (20,7) (20,8) (20,9) (20,10) (20,11) (20,12) (20,13) (20,14) (20,15) (20,16) (20,17) (20,18) (21,0) (21,1) (21,2) (21,3) (21,4) (21,5) (21,6) (21,7) (21,8) (21,9) (21,10) (21,11) (21,12) (21,13) (21,14) (21,15) (21,16) (21,17) (21,18) (22,0) (22,1) (22,2) (22,3) (22,4) (22,5) (22,6) (22,7) (22,8) (22,9) (22,10) (22,11) (22,12) (22,13) (22,14) (22,15) (22,16) (22,17) (22,18)   also met at 3 more region(s)
  O190 MM[O190] (1D) seats (0,0) (0,1) (0,2) (0,3) (0,4) (0,5) (0,6) (0,7) (0,8) (0,9) (0,10) (0,11) (0,12) (0,13) (0,14) (0,15) (0,16) (0,17) (0,18) (0,19) (0,20) (0,21) (0,22) (1,0) (1,1) (1,2) (1,3) (1,4) (1,5) (1,6) (1,7) (1,8) (1,9) (1,10) (1,11) (1,12) (1,13) (1,14) (1,15) (1,16) (1,17) (1,18) (1,19) (1,20) (1,21) (1,22) (2,0) (2,1) (2,2) (2,3) (2,4) (2,5) (2,6) (2,7) (2,8) (2,9) (2,10) (2,11) (2,12) (2,13) (2,14) (2,15) (2,16) (2,17) (2,18) (2,19) (2,20) (2,21) (2,22) (3,0) (3,1) (3,2) (3,3) (3,4) (3,5) (3,6) (3,7) (3,8) (3,9) (3,10) (3,11) (3,12) (3,13) (3,14) (3,15) (3,16) (3,17) (3,18) (3,19) (3,20) (3,21) (3,22) (4,0) (4,1) (4,2) (4,3) (4,4) (4,5) (4,6) (4,7) (4,8) (4,9) (4,10) (4,11) (4,12) (4,13) (4,14) (4,15) (4,16) (4,17) (4,18) (4,19) (4,20) (4,21) (4,22) (5,0) (5,1) (5,2) (5,3) (5,4) (5,5) (5,6) (5,7) (5,8) (5,9) (5,10) (5,11) (5,12) (5,13) (5,14) (5,15) (5,16) (6,0) (6,1) (6,2) (6,3) (6,4) (6,5) (6,6) (6,7) (6,8) (6,9) (6,10) (6,11) (6,12) (6,13) (6,14) (6,15) (6,16) (7,0) (7,1) (7,2) (7,3) (7,4) (7,5) (7,6) (7,7) (7,8) (7,9) (7,10) (7,11) (7,12) (7,13) (7,14) (7,15) (7,16) (8,0) (8,1) (8,2) (8,3) (8,4) (8,5) (8,6) (8,7) (8,8) (8,9) (8,10) (8,11) (8,12) (8,13) (8,14) (8,15) (8,16) (9,0) (9,1) (9,2) (9,3) (9,4) (9,5) (9,6) (9,7) (9,8) (9,9) (9,10) (9,11) (9,12) (9,13) (9,14) (9,15) (9,16) (10,0) (10,1) (10,2) (10,3) (10,4) (10,5) (10,6) (10,7) (10,8) (10,9) (10,10) (10,11) (10,12) (10,13) (10,14) (10,15) (10,16) (11,0) (11,1) (11,2) (11,3) (11,4) (11,5) (11,6) (11,7) (11,8) (11,9) (11,10) (11,11) (11,12) (11,13) (11,14) (11,15) (11,16) (12,0) (12,1) (12,2) (12,3) (12,4) (12,5) (12,6) (12,7) (12,8) (12,9) (12,10) (12,11) (12,12) (12,13) (12,14) (12,15) (12,16) (13,0) (13,1) (13,2) (13,3) (13,4) (13,5) (13,6) (13,7) (13,8) (13,9) (13,10) (13,11) (13,12) (13,13) (13,14) (13,15) (13,16) (14,0) (14,1) (14,2) (14,3) (14,4) (14,5) (14,6) (14,7) (14,8) (14,9) (14,10) (14,11) (14,12) (14,13) (14,14) (14,15) (14,16) (15,0) (15,1) (15,2) (15,3) (15,4) (15,5) (15,6) (15,7) (15,8) (15,9) (15,10) (15,11) (15,12) (15,13) (15,14) (15,15) (15,16) (16,0) (16,1) (16,2) (16,3) (16,4) (16,5) (16,6) (16,7) (16,8) (16,9) (16,10) (16,11) (16,12) (16,13) (16,14) (16,15) (16,16) (17,0) (17,1) (17,2) (17,3) (17,4) (17,5) (17,6) (17,7) (17,8) (17,9) (17,10) (17,11) (17,12) (17,13) (17,14) (17,15) (17,16) (18,0) (18,1) (18,2) (18,3) (18,4) (18,5) (18,6) (18,7) (18,8) (18,9) (18,10) (18,11) (18,12) (18,13) (18,14) (18,15) (18,16) (19,0) (19,1) (19,2) (19,3) (19,4) (19,5) (19,6) (19,7) (19,8) (19,9) (19,10) (19,11) (19,12) (19,13) (19,14) (19,15) (19,16) (20,0) (20,1) (20,2) (20,3) (20,4) (20,5) (20,6) (20,7) (20,8) (20,9) (20,10) (20,11) (20,12) (20,13) (20,14) (20,15) (20,16) (21,0) (21,1) (21,2) (21,3) (21,4) (21,5) (21,6) (21,7) (21,8) (21,9) (21,10) (21,11) (21,12) (21,13) (21,14) (21,15) (21,16) (22,0) (22,1) (22,2) (22,3) (22,4) (22,5) (22,6) (22,7) (22,8) (22,9) (22,10) (22,11) (22,12) (22,13) (22,14) (22,15) (22,16)   also met at 1 more region(s)
  O191 MM[O191] (1D) seats (0,0) (0,1) (0,2) (0,3) (0,4) (0,5) (0,6) (0,7) (0,8) (0,9) (0,10) (0,11) (0,12) (0,13) (0,14) (0,15) (0,16) (0,17) (0,18) (1,0) (1,1) (1,2) (1,3) (1,4) (1,5) (1,6) (1,7) (1,8) (1,9) (1,10) (1,11) (1,12) (1,13) (1,14) (1,15) (1,16) (1,17) (1,18) (2,0) (2,1) (2,2) (2,3) (2,4) (2,5) (2,6) (2,7) (2,8) (2,9) (2,10) (2,11) (2,12) (2,13) (2,14) (2,15) (2,16) (2,17) (2,18) (3,0) (3,1) (3,2) (3,3) (3,4) (3,5) (3,6) (3,7) (3,8) (3,9) (3,10) (3,11) (3,12) (3,13) (3,14) (3,15) (3,16) (3,17) (3,18) (4,0) (4,1) (4,2) (4,3) (4,4) (4,5) (4,6) (4,7) (4,8) (4,9) (4,10) (4,11) (4,12) (4,13) (4,14) (4,15) (4,16) (4,17) (4,18) (5,0) (5,1) (5,2) (5,3) (5,4) (5,5) (5,6) (5,7) (5,8) (5,9) (5,10) (5,11) (5,12) (5,13) (5,14) (5,15) (5,16) (5,17) (5,18) (6,0) (6,1) (6,2) (6,3) (6,4) (6,5) (6,6) (6,7) (6,8) (6,9) (6,10) (6,11) (6,12) (6,13) (6,14) (6,15) (6,16) (6,17) (6,18) (7,0) (7,1) (7,2) (7,3) (7,4) (7,5) (7,6) (7,7) (7,8) (7,9) (7,10) (8,0) (8,1) (8,2) (8,3) (8,4) (8,5) (8,6) (8,7) (8,8) (8,9) (8,10) (9,0) (9,1) (9,2) (9,3) (9,4) (9,5) (9,6) (9,7) (9,8) (9,9) (9,10) (10,0) (10,1) (10,2) (10,3) (10,4) (10,5) (10,6) (10,7) (10,8) (10,9) (10,10) (11,0) (11,1) (11,2) (11,3) (11,4) (11,5) (11,6) (11,7) (11,8) (11,9) (11,10) (12,0) (12,1) (12,2) (12,3) (12,4) (12,5) (12,6) (12,7) (12,8) (12,9) (12,10) (13,0) (13,1) (13,2) (13,3) (13,4) (13,5) (13,6) (13,7) (13,8) (13,9) (13,10) (14,0) (14,1) (14,2) (14,3) (14,4) (14,5) (14,6) (14,7) (14,8) (14,9) (14,10) (15,0) (15,1) (15,2) (15,3) (15,4) (15,5) (15,6) (15,7) (15,8) (15,9) (15,10) (16,0) (16,1) (16,2) (16,3) (16,4) (16,5) (16,6) (16,7) (16,8) (16,9) (16,10) (17,0) (17,1) (17,2) (17,3) (17,4) (17,5) (17,6) (17,7) (17,8) (17,9) (17,10) (18,0) (18,1) (18,2) (18,3) (18,4) (18,5) (18,6) (18,7) (18,8) (18,9) (18,10) (19,0) (19,1) (19,2) (19,3) (19,4) (19,5) (19,6) (19,7) (19,8) (19,9) (19,10) (20,0) (20,1) (20,2) (20,3) (20,4) (20,5) (20,6) (20,7) (20,8) (20,9) (20,10) (21,0) (21,1) (21,2) (21,3) (21,4) (21,5) (21,6) (21,7) (21,8) (21,9) (21,10) (22,0) (22,1) (22,2) (22,3) (22,4) (22,5) (22,6) (22,7) (22,8) (22,9) (22,10)   also met at 3 more region(s)
  O192 MM[O192] (1D) seats (0,0) (0,1) (0,2) (0,3) (0,4) (0,5) (0,6) (0,7) (0,8) (0,9) (0,10) (0,11) (0,12) (0,13) (0,14) (0,15) (0,16) (0,17) (0,18) (1,0) (1,1) (1,2) (1,3) (1,4) (1,5) (1,6) (1,7) (1,8) (1,9) (1,10) (1,11) (1,12) (1,13) (1,14) (1,15) (1,16) (1,17) (1,18) (2,0) (2,1) (2,2) (2,3) (2,4) (2,5) (2,6) (2,7) (2,8) (2,9) (2,10) (2,11) (2,12) (2,13) (2,14) (2,15) (2,16) (2,17) (2,18) (3,0) (3,1) (3,2) (3,3) (3,4) (3,5) (3,6) (3,7) (3,8) (3,9) (3,10) (3,11) (3,12) (3,13) (3,14) (3,15) (3,16) (3,17) (3,18) (4,0) (4,1) (4,2) (4,3) (4,4) (4,5) (4,6) (4,7) (4,8) (4,9) (4,10) (4,11) (4,12) (4,13) (4,14) (4,15) (4,16) (4,17) (4,18) (5,0) (5,1) (5,2) (5,3) (5,4) (5,5) (5,6) (5,7) (5,8) (5,9) (5,10) (5,11) (5,12) (5,13) (5,14) (5,15) (5,16) (5,17) (5,18) (6,0) (6,1) (6,2) (6,3) (6,4) (6,5) (6,6) (6,7) (6,8) (6,9) (6,10) (6,11) (6,12) (6,13) (6,14) (6,15) (6,16) (6,17) (6,18) (7,0) (7,1) (7,2) (7,3) (7,4) (7,5) (7,6) (7,7) (7,8) (7,9) (7,10) (7,11) (7,12) (7,13) (7,14) (7,15) (7,16) (8,0) (8,1) (8,2) (8,3) (8,4) (8,5) (8,6) (8,7) (8,8) (8,9) (8,10) (8,11) (8,12) (8,13) (8,14) (8,15) (8,16) (9,0) (9,1) (9,2) (9,3) (9,4) (9,5) (9,6) (9,7) (9,8) (9,9) (9,10) (9,11) (9,12) (9,13) (9,14) (9,15) (9,16) (10,0) (10,1) (10,2) (10,3) (10,4) (10,5) (10,6) (10,7) (10,8) (10,9) (10,10) (10,11) (10,12) (10,13) (10,14) (10,15) (10,16) (11,0) (11,1) (11,2) (11,3) (11,4) (11,5) (11,6) (11,7) (11,8) (11,9) (11,10) (11,11) (11,12) (11,13) (11,14) (11,15) (11,16) (12,0) (12,1) (12,2) (12,3) (12,4) (12,5) (12,6) (12,7) (12,8) (12,9) (12,10) (12,11) (12,12) (12,13) (12,14) (12,15) (12,16) (13,0) (13,1) (13,2) (13,3) (13,4) (13,5) (13,6) (13,7) (13,8) (13,9) (13,10) (13,11) (13,12) (13,13) (13,14) (13,15) (13,16) (14,0) (14,1) (14,2) (14,3) (14,4) (14,5) (14,6) (14,7) (14,8) (14,9) (14,10) (14,11) (14,12) (14,13) (14,14) (14,15) (14,16) (15,0) (15,1) (15,2) (15,3) (15,4) (15,5) (15,6) (15,7) (15,8) (15,9) (15,10) (15,11) (15,12) (15,13) (15,14) (15,15) (15,16) (16,0) (16,1) (16,2) (16,3) (16,4) (16,5) (16,6) (16,7) (16,8) (16,9) (16,10) (16,11) (16,12) (16,13) (16,14) (16,15) (16,16) (17,0) (17,1) (17,2) (17,3) (17,4) (17,5) (17,6) (17,7) (17,8) (17,9) (17,10) (17,11) (17,12) (17,13) (17,14) (17,15) (17,16) (18,0) (18,1) (18,2) (18,3) (18,4) (18,5) (18,6) (18,7) (18,8) (18,9) (18,10) (18,11) (18,12) (18,13) (18,14) (18,15) (18,16) (19,0) (19,1) (19,2) (19,3) (19,4) (19,5) (19,6) (19,7) (19,8) (19,9) (19,10) (19,11) (19,12) (19,13) (19,14) (19,15) (19,16) (20,0) (20,1) (20,2) (20,3) (20,4) (20,5) (20,6) (20,7) (20,8) (20,9) (20,10) (20,11) (20,12) (20,13) (20,14) (20,15) (20,16) (21,0) (21,1) (21,2) (21,3) (21,4) (21,5) (21,6) (21,7) (21,8) (21,9) (21,10) (21,11) (21,12) (21,13) (21,14) (21,15) (21,16) (22,0) (22,1) (22,2) (22,3) (22,4) (22,5) (22,6) (22,7) (22,8) (22,9) (22,10) (22,11) (22,12) (22,13) (22,14) (22,15) (22,16)   also met at 3 more region(s)
  O193 MM[O193] (1D) seats (0,0) (0,1) (0,2) (0,3) (0,4) (0,5) (0,6) (0,7) (0,8) (0,9) (0,10) (0,11) (0,12) (0,13) (0,14) (0,15) (0,16) (0,17) (0,18) (0,19) (0,20) (0,21) (0,22) (1,0) (1,1) (1,2) (1,3) (1,4) (1,5) (1,6) (1,7) (1,8) (1,9) (1,10) (1,11) (1,12) (1,13) (1,14) (1,15) (1,16) (1,17) (1,18) (1,19) (1,20) (1,21) (1,22) (2,0) (2,1) (2,2) (2,3) (2,4) (2,5) (2,6) (2,7) (2,8) (2,9) (2,10) (2,11) (2,12) (2,13) (2,14) (2,15) (2,16) (2,17) (2,18) (2,19) (2,20) (2,21) (2,22) (3,0) (3,1) (3,2) (3,3) (3,4) (3,5) (3,6) (3,7) (3,8) (3,9) (3,10) (3,11) (3,12) (3,13) (3,14) (3,15) (3,16) (3,17) (3,18) (3,19) (3,20) (3,21) (3,22) (4,0) (4,1) (4,2) (4,3) (4,4) (4,5) (4,6) (4,7) (4,8) (4,9) (4,10) (4,11) (4,12) (4,13) (4,14) (4,15) (4,16) (4,17) (4,18) (4,19) (4,20) (4,21) (4,22) (5,0) (5,1) (5,2) (5,3) (5,4) (5,5) (5,6) (5,7) (5,8) (5,9) (5,10) (5,11) (5,12) (5,13) (5,14) (5,15) (5,16) (5,17) (5,18) (5,19) (5,20) (5,21) (5,22) (6,0) (6,1) (6,2) (6,3) (6,4) (6,5) (6,6) (6,7) (6,8) (6,9) (6,10) (6,11) (6,12) (6,13) (6,14) (6,15) (6,16) (6,17) (6,18) (6,19) (6,20) (6,21) (6,22) (7,0) (7,1) (7,2) (7,3) (7,4) (7,5) (7,6) (7,7) (7,8) (7,9) (7,10) (7,11) (7,12) (7,13) (7,14) (7,15) (7,16) (7,17) (7,18) (8,0) (8,1) (8,2) (8,3) (8,4) (8,5) (8,6) (8,7) (8,8) (8,9) (8,10) (8,11) (8,12) (8,13) (8,14) (8,15) (8,16) (8,17) (8,18) (9,0) (9,1) (9,2) (9,3) (9,4) (9,5) (9,6) (9,7) (9,8) (9,9) (9,10) (9,11) (9,12) (9,13) (9,14) (9,15) (9,16) (9,17) (9,18) (10,0) (10,1) (10,2) (10,3) (10,4) (10,5) (10,6) (10,7) (10,8) (10,9) (10,10) (10,11) (10,12) (10,13) (10,14) (10,15) (10,16) (10,17) (10,18) (11,0) (11,1) (11,2) (11,3) (11,4) (11,5) (11,6) (11,7) (11,8) (11,9) (11,10) (11,11) (11,12) (11,13) (11,14) (11,15) (11,16) (11,17) (11,18) (12,0) (12,1) (12,2) (12,3) (12,4) (12,5) (12,6) (12,7) (12,8) (12,9) (12,10) (12,11) (12,12) (12,13) (12,14) (12,15) (12,16) (12,17) (12,18) (13,0) (13,1) (13,2) (13,3) (13,4) (13,5) (13,6) (13,7) (13,8) (13,9) (13,10) (13,11) (13,12) (13,13) (13,14) (13,15) (13,16) (13,17) (13,18) (14,0) (14,1) (14,2) (14,3) (14,4) (14,5) (14,6) (14,7) (14,8) (14,9) (14,10) (14,11) (14,12) (14,13) (14,14) (14,15) (14,16) (14,17) (14,18) (15,0) (15,1) (15,2) (15,3) (15,4) (15,5) (15,6) (15,7) (15,8) (15,9) (15,10) (15,11) (15,12) (15,13) (15,14) (15,15) (15,16) (15,17) (15,18) (16,0) (16,1) (16,2) (16,3) (16,4) (16,5) (16,6) (16,7) (16,8) (16,9) (16,10) (16,11) (16,12) (16,13) (16,14) (16,15) (16,16) (16,17) (16,18) (17,0) (17,1) (17,2) (17,3) (17,4) (17,5) (17,6) (17,7) (17,8) (17,9) (17,10) (17,11) (17,12) (17,13) (17,14) (17,15) (17,16) (17,17) (17,18) (18,0) (18,1) (18,2) (18,3) (18,4) (18,5) (18,6) (18,7) (18,8) (18,9) (18,10) (18,11) (18,12) (18,13) (18,14) (18,15) (18,16) (18,17) (18,18)   also met at 3 more region(s)
  O194 MM[O194] (1D) seats (0,0) (0,1) (0,2) (0,3) (0,4) (0,5) (0,6) (0,7) (0,8) (0,9) (0,10) (0,11) (0,12) (0,13) (0,14) (0,15) (0,16) (0,17) (0,18) (0,19) (0,20) (0,21) (0,22) (1,0) (1,1) (1,2) (1,3) (1,4) (1,5) (1,6) (1,7) (1,8) (1,9) (1,10) (1,11) (1,12) (1,13) (1,14) (1,15) (1,16) (1,17) (1,18) (1,19) (1,20) (1,21) (1,22) (2,0) (2,1) (2,2) (2,3) (2,4) (2,5) (2,6) (2,7) (2,8) (2,9) (2,10) (2,11) (2,12) (2,13) (2,14) (2,15) (2,16) (2,17) (2,18) (2,19) (2,20) (2,21) (2,22) (3,0) (3,1) (3,2) (3,3) (3,4) (3,5) (3,6) (3,7) (3,8) (3,9) (3,10) (3,11) (3,12) (3,13) (3,14) (3,15) (3,16) (3,17) (3,18) (3,19) (3,20) (3,21) (3,22) (4,0) (4,1) (4,2) (4,3) (4,4) (4,5) (4,6) (4,7) (4,8) (4,9) (4,10) (4,11) (4,12) (4,13) (4,14) (4,15) (4,16) (4,17) (4,18) (4,19) (4,20) (4,21) (4,22) (5,0) (5,1) (5,2) (5,3) (5,4) (5,5) (5,6) (5,7) (5,8) (5,9) (5,10) (5,11) (5,12) (5,13) (5,14) (5,15) (5,16) (5,17) (5,18) (5,19) (5,20) (5,21) (5,22) (6,0) (6,1) (6,2) (6,3) (6,4) (6,5) (6,6) (6,7) (6,8) (6,9) (6,10) (6,11) (6,12) (6,13) (6,14) (6,15) (6,16) (6,17) (6,18) (6,19) (6,20) (6,21) (6,22) (7,0) (7,1) (7,2) (7,3) (7,4) (7,5) (7,6) (7,7) (7,8) (7,9) (7,10) (7,11) (7,12) (7,13) (7,14) (7,15) (7,16) (8,0) (8,1) (8,2) (8,3) (8,4) (8,5) (8,6) (8,7) (8,8) (8,9) (8,10) (8,11) (8,12) (8,13) (8,14) (8,15) (8,16) (9,0) (9,1) (9,2) (9,3) (9,4) (9,5) (9,6) (9,7) (9,8) (9,9) (9,10) (9,11) (9,12) (9,13) (9,14) (9,15) (9,16) (10,0) (10,1) (10,2) (10,3) (10,4) (10,5) (10,6) (10,7) (10,8) (10,9) (10,10) (10,11) (10,12) (10,13) (10,14) (10,15) (10,16) (11,0) (11,1) (11,2) (11,3) (11,4) (11,5) (11,6) (11,7) (11,8) (11,9) (11,10) (11,11) (11,12) (11,13) (11,14) (11,15) (11,16) (12,0) (12,1) (12,2) (12,3) (12,4) (12,5) (12,6) (12,7) (12,8) (12,9) (12,10) (12,11) (12,12) (12,13) (12,14) (12,15) (12,16) (13,0) (13,1) (13,2) (13,3) (13,4) (13,5) (13,6) (13,7) (13,8) (13,9) (13,10) (13,11) (13,12) (13,13) (13,14) (13,15) (13,16) (14,0) (14,1) (14,2) (14,3) (14,4) (14,5) (14,6) (14,7) (14,8) (14,9) (14,10) (14,11) (14,12) (14,13) (14,14) (14,15) (14,16) (15,0) (15,1) (15,2) (15,3) (15,4) (15,5) (15,6) (15,7) (15,8) (15,9) (15,10) (15,11) (15,12) (15,13) (15,14) (15,15) (15,16) (16,0) (16,1) (16,2) (16,3) (16,4) (16,5) (16,6) (16,7) (16,8) (16,9) (16,10) (16,11) (16,12) (16,13) (16,14) (16,15) (16,16) (17,0) (17,1) (17,2) (17,3) (17,4) (17,5) (17,6) (17,7) (17,8) (17,9) (17,10) (17,11) (17,12) (17,13) (17,14) (17,15) (17,16) (18,0) (18,1) (18,2) (18,3) (18,4) (18,5) (18,6) (18,7) (18,8) (18,9) (18,10) (18,11) (18,12) (18,13) (18,14) (18,15) (18,16)   also met at 5 more region(s)
  O195 MM[O195] (1D) seats (0,0) (0,1) (0,2) (0,3) (0,4) (0,5) (0,6) (0,7) (0,8) (0,9) (0,10) (0,11) (0,12) (0,13) (0,14) (0,15) (0,16) (0,17) (0,18) (0,19) (0,20) (0,21) (0,22) (1,0) (1,1) (1,2) (1,3) (1,4) (1,5) (1,6) (1,7) (1,8) (1,9) (1,10) (1,11) (1,12) (1,13) (1,14) (1,15) (1,16) (1,17) (1,18) (1,19) (1,20) (1,21) (1,22) (2,0) (2,1) (2,2) (2,3) (2,4) (2,5) (2,6) (2,7) (2,8) (2,9) (2,10) (2,11) (2,12) (2,13) (2,14) (2,15) (2,16) (2,17) (2,18) (2,19) (2,20) (2,21) (2,22) (3,0) (3,1) (3,2) (3,3) (3,4) (3,5) (3,6) (3,7) (3,8) (3,9) (3,10) (3,11) (3,12) (3,13) (3,14) (3,15) (3,16) (3,17) (3,18) (3,19) (3,20) (3,21) (3,22) (4,0) (4,1) (4,2) (4,3) (4,4) (4,5) (4,6) (4,7) (4,8) (4,9) (4,10) (4,11) (4,12) (4,13) (4,14) (4,15) (4,16) (4,17) (4,18) (4,19) (4,20) (4,21) (4,22) (5,0) (5,1) (5,2) (5,3) (5,4) (5,5) (5,6) (5,7) (5,8) (5,9) (5,10) (5,11) (5,12) (5,13) (5,14) (5,15) (5,16) (5,17) (5,18) (5,19) (5,20) (5,21) (5,22) (6,0) (6,1) (6,2) (6,3) (6,4) (6,5) (6,6) (6,7) (6,8) (6,9) (6,10) (6,11) (6,12) (6,13) (6,14) (6,15) (6,16) (6,17) (6,18) (6,19) (6,20) (6,21) (6,22) (7,0) (7,1) (7,2) (7,3) (7,4) (7,5) (7,6) (7,7) (7,8) (7,9) (7,10) (7,11) (7,12) (7,13) (7,14) (7,15) (7,16) (7,17) (7,18) (8,0) (8,1) (8,2) (8,3) (8,4) (8,5) (8,6) (8,7) (8,8) (8,9) (8,10) (8,11) (8,12) (8,13) (8,14) (8,15) (8,16) (8,17) (8,18) (9,0) (9,1) (9,2) (9,3) (9,4) (9,5) (9,6) (9,7) (9,8) (9,9) (9,10) (9,11) (9,12) (9,13) (9,14) (9,15) (9,16) (9,17) (9,18) (10,0) (10,1) (10,2) (10,3) (10,4) (10,5) (10,6) (10,7) (10,8) (10,9) (10,10) (10,11) (10,12) (10,13) (10,14) (10,15) (10,16) (10,17) (10,18)   also met at 1 more region(s)
  O196 MM[O196] (1D) seats (0,0) (0,1) (0,2) (0,3) (0,4) (0,5) (0,6) (0,7) (0,8) (0,9) (0,10) (0,11) (0,12) (0,13) (0,14) (0,15) (0,16) (0,17) (0,18) (0,19) (0,20) (0,21) (0,22) (1,0) (1,1) (1,2) (1,3) (1,4) (1,5) (1,6) (1,7) (1,8) (1,9) (1,10) (1,11) (1,12) (1,13) (1,14) (1,15) (1,16) (1,17) (1,18) (1,19) (1,20) (1,21) (1,22) (2,0) (2,1) (2,2) (2,3) (2,4) (2,5) (2,6) (2,7) (2,8) (2,9) (2,10) (2,11) (2,12) (2,13) (2,14) (2,15) (2,16) (2,17) (2,18) (2,19) (2,20) (2,21) (2,22) (3,0) (3,1) (3,2) (3,3) (3,4) (3,5) (3,6) (3,7) (3,8) (3,9) (3,10) (3,11) (3,12) (3,13) (3,14) (3,15) (3,16) (3,17) (3,18) (3,19) (3,20) (3,21) (3,22) (4,0) (4,1) (4,2) (4,3) (4,4) (4,5) (4,6) (4,7) (4,8) (4,9) (4,10) (4,11) (4,12) (4,13) (4,14) (4,15) (4,16) (4,17) (4,18) (4,19) (4,20) (4,21) (4,22) (5,0) (5,1) (5,2) (5,3) (5,4) (5,5) (5,6) (5,7) (5,8) (5,9) (5,10) (5,11) (5,12) (5,13) (5,14) (5,15) (5,16) (5,17) (5,18) (5,19) (5,20) (5,21) (5,22) (6,0) (6,1) (6,2) (6,3) (6,4) (6,5) (6,6) (6,7) (6,8) (6,9) (6,10) (6,11) (6,12) (6,13) (6,14) (6,15) (6,16) (6,17) (6,18) (6,19) (6,20) (6,21) (6,22) (7,0) (7,1) (7,2) (7,3) (7,4) (7,5) (7,6) (7,7) (7,8) (7,9) (7,10) (7,11) (7,12) (7,13) (7,14) (7,15) (7,16) (7,17) (7,18) (8,0) (8,1) (8,2) (8,3) (8,4) (8,5) (8,6) (8,7) (8,8) (8,9) (8,10) (8,11) (8,12) (8,13) (8,14) (8,15) (8,16) (8,17) (8,18) (9,0) (9,1) (9,2) (9,3) (9,4) (9,5) (9,6) (9,7) (9,8) (9,9) (9,10) (9,11) (9,12) (9,13) (9,14) (9,15) (9,16) (9,17) (9,18) (10,0) (10,1) (10,2) (10,3) (10,4) (10,5) (10,6) (10,7) (10,8) (10,9) (10,10) (10,11) (10,12) (10,13) (10,14) (10,15) (10,16) (10,17) (10,18) (11,0) (11,1) (11,2) (11,3) (11,4) (11,5) (11,6) (11,7) (11,8) (11,9) (11,10) (11,11) (11,12) (11,13) (11,14) (11,15) (11,16) (11,17) (11,18) (12,0) (12,1) (12,2) (12,3) (12,4) (12,5) (12,6) (12,7) (12,8) (12,9) (12,10) (12,11) (12,12) (12,13) (12,14) (12,15) (12,16) (12,17) (12,18) (13,0) (13,1) (13,2) (13,3) (13,4) (13,5) (13,6) (13,7) (13,8) (13,9) (13,10) (13,11) (13,12) (13,13) (13,14) (13,15) (13,16) (13,17) (13,18) (14,0) (14,1) (14,2) (14,3) (14,4) (14,5) (14,6) (14,7) (14,8) (14,9) (14,10) (14,11) (14,12) (14,13) (14,14) (14,15) (14,16) (14,17) (14,18) (15,0) (15,1) (15,2) (15,3) (15,4) (15,5) (15,6) (15,7) (15,8) (15,9) (15,10) (15,11) (15,12) (15,13) (15,14) (15,15) (15,16) (15,17) (15,18) (16,0) (16,1) (16,2) (16,3) (16,4) (16,5) (16,6) (16,7) (16,8) (16,9) (16,10) (16,11) (16,12) (16,13) (16,14) (16,15) (16,16) (16,17) (16,18)   also met at 3 more region(s)
  O197 MM[O197] (1D) seats (0,0) (0,1) (0,2) (0,3) (0,4) (0,5) (0,6) (0,7) (0,8) (0,9) (0,10) (0,11) (0,12) (0,13) (0,14) (0,15) (0,16) (0,17) (0,18) (0,19) (0,20) (0,21) (0,22) (1,0) (1,1) (1,2) (1,3) (1,4) (1,5) (1,6) (1,7) (1,8) (1,9) (1,10) (1,11) (1,12) (1,13) (1,14) (1,15) (1,16) (1,17) (1,18) (1,19) (1,20) (1,21) (1,22) (2,0) (2,1) (2,2) (2,3) (2,4) (2,5) (2,6) (2,7) (2,8) (2,9) (2,10) (2,11) (2,12) (2,13) (2,14) (2,15) (2,16) (2,17) (2,18) (2,19) (2,20) (2,21) (2,22) (3,0) (3,1) (3,2) (3,3) (3,4) (3,5) (3,6) (3,7) (3,8) (3,9) (3,10) (3,11) (3,12) (3,13) (3,14) (3,15) (3,16) (3,17) (3,18) (3,19) (3,20) (3,21) (3,22) (4,0) (4,1) (4,2) (4,3) (4,4) (4,5) (4,6) (4,7) (4,8) (4,9) (4,10) (4,11) (4,12) (4,13) (4,14) (4,15) (4,16) (4,17) (4,18) (4,19) (4,20) (4,21) (4,22) (5,0) (5,1) (5,2) (5,3) (5,4) (5,5) (5,6) (5,7) (5,8) (5,9) (5,10) (5,11) (5,12) (5,13) (5,14) (5,15) (5,16) (5,17) (5,18) (5,19) (5,20) (5,21) (5,22) (6,0) (6,1) (6,2) (6,3) (6,4) (6,5) (6,6) (6,7) (6,8) (6,9) (6,10) (6,11) (6,12) (6,13) (6,14) (6,15) (6,16) (6,17) (6,18) (6,19) (6,20) (6,21) (6,22) (7,0) (7,1) (7,2) (7,3) (7,4) (7,5) (7,6) (7,7) (7,8) (7,9) (7,10) (7,11) (7,12) (7,13) (7,14) (7,15) (7,16) (7,17) (7,18) (8,0) (8,1) (8,2) (8,3) (8,4) (8,5) (8,6) (8,7) (8,8) (8,9) (8,10) (8,11) (8,12) (8,13) (8,14) (8,15) (8,16) (8,17) (8,18) (9,0) (9,1) (9,2) (9,3) (9,4) (9,5) (9,6) (9,7) (9,8) (9,9) (9,10) (9,11) (9,12) (9,13) (9,14) (9,15) (9,16) (9,17) (9,18) (10,0) (10,1) (10,2) (10,3) (10,4) (10,5) (10,6) (10,7) (10,8) (10,9) (10,10) (10,11) (10,12) (10,13) (10,14) (10,15) (10,16) (10,17) (10,18) (11,0) (11,1) (11,2) (11,3) (11,4) (11,5) (11,6) (11,7) (11,8) (11,9) (11,10) (11,11) (11,12) (11,13) (11,14) (11,15) (11,16) (11,17) (11,18) (12,0) (12,1) (12,2) (12,3) (12,4) (12,5) (12,6) (12,7) (12,8) (12,9) (12,10) (12,11) (12,12) (12,13) (12,14) (12,15) (12,16) (12,17) (12,18) (13,0) (13,1) (13,2) (13,3) (13,4) (13,5) (13,6) (13,7) (13,8) (13,9) (13,10) (13,11) (13,12) (13,13) (13,14) (13,15) (13,16) (13,17) (13,18) (14,0) (14,1) (14,2) (14,3) (14,4) (14,5) (14,6) (14,7) (14,8) (14,9) (14,10) (14,11) (14,12) (14,13) (14,14) (14,15) (14,16) (14,17) (14,18) (15,0) (15,1) (15,2) (15,3) (15,4) (15,5) (15,6) (15,7) (15,8) (15,9) (15,10) (15,11) (15,12) (15,13) (15,14) (15,15) (15,16) (15,17) (15,18) (16,0) (16,1) (16,2) (16,3) (16,4) (16,5) (16,6) (16,7) (16,8) (16,9) (16,10) (16,11) (16,12) (16,13) (16,14) (16,15) (16,16) (16,17) (16,18) (17,0) (17,1) (17,2) (17,3) (17,4) (17,5) (17,6) (17,7) (17,8) (17,9) (17,10) (17,11) (17,12) (17,13) (17,14) (17,15) (17,16) (17,17) (17,18) (18,0) (18,1) (18,2) (18,3) (18,4) (18,5) (18,6) (18,7) (18,8) (18,9) (18,10) (18,11) (18,12) (18,13) (18,14) (18,15) (18,16) (18,17) (18,18) (19,0) (19,1) (19,2) (19,3) (19,4) (19,5) (19,6) (19,7) (19,8) (19,9) (19,10) (19,11) (19,12) (19,13) (19,14) (19,15) (19,16) (19,17) (19,18) (20,0) (20,1) (20,2) (20,3) (20,4) (20,5) (20,6) (20,7) (20,8) (20,9) (20,10) (20,11) (20,12) (20,13) (20,14) (20,15) (20,16) (20,17) (20,18) (21,0) (21,1) (21,2) (21,3) (21,4) (21,5) (21,6) (21,7) (21,8) (21,9) (21,10) (21,11) (21,12) (21,13) (21,14) (21,15) (21,16) (21,17) (21,18) (22,0) (22,1) (22,2) (22,3) (22,4) (22,5) (22,6) (22,7) (22,8) (22,9) (22,10) (22,11) (22,12) (22,13) (22,14) (22,15) (22,16) (22,17) (22,18)   also met at 1 more region(s)
  O198 MM[O198] (1D) seats (0,0) (0,1) (0,2) (0,3) (0,4) (0,5) (0,6) (0,7) (0,8) (0,9) (0,10) (0,11) (0,12) (0,13) (0,14) (0,15) (0,16) (0,17) (0,18) (0,19) (0,20) (0,21) (0,22) (1,0) (1,1) (1,2) (1,3) (1,4) (1,5) (1,6) (1,7) (1,8) (1,9) (1,10) (1,11) (1,12) (1,13) (1,14) (1,15) (1,16) (1,17) (1,18) (1,19) (1,20) (1,21) (1,22) (2,0) (2,1) (2,2) (2,3) (2,4) (2,5) (2,6) (2,7) (2,8) (2,9) (2,10) (2,11) (2,12) (2,13) (2,14) (2,15) (2,16) (2,17) (2,18) (2,19) (2,20) (2,21) (2,22) (3,0) (3,1) (3,2) (3,3) (3,4) (3,5) (3,6) (3,7) (3,8) (3,9) (3,10) (3,11) (3,12) (3,13) (3,14) (3,15) (3,16) (3,17) (3,18) (3,19) (3,20) (3,21) (3,22) (4,0) (4,1) (4,2) (4,3) (4,4) (4,5) (4,6) (4,7) (4,8) (4,9) (4,10) (4,11) (4,12) (4,13) (4,14) (4,15) (4,16) (4,17) (4,18) (4,19) (4,20) (4,21) (4,22) (5,0) (5,1) (5,2) (5,3) (5,4) (5,5) (5,6) (5,7) (5,8) (5,9) (5,10) (5,11) (5,12) (5,13) (5,14) (5,15) (5,16) (5,17) (5,18) (5,19) (5,20) (5,21) (5,22) (6,0) (6,1) (6,2) (6,3) (6,4) (6,5) (6,6) (6,7) (6,8) (6,9) (6,10) (6,11) (6,12) (6,13) (6,14) (6,15) (6,16) (6,17) (6,18) (6,19) (6,20) (6,21) (6,22) (7,0) (7,1) (7,2) (7,3) (7,4) (7,5) (7,6) (7,7) (7,8) (7,9) (7,10) (7,11) (7,12) (7,13) (7,14) (7,15) (7,16) (8,0) (8,1) (8,2) (8,3) (8,4) (8,5) (8,6) (8,7) (8,8) (8,9) (8,10) (8,11) (8,12) (8,13) (8,14) (8,15) (8,16) (9,0) (9,1) (9,2) (9,3) (9,4) (9,5) (9,6) (9,7) (9,8) (9,9) (9,10) (9,11) (9,12) (9,13) (9,14) (9,15) (9,16) (10,0) (10,1) (10,2) (10,3) (10,4) (10,5) (10,6) (10,7) (10,8) (10,9) (10,10) (10,11) (10,12) (10,13) (10,14) (10,15) (10,16) (11,0) (11,1) (11,2) (11,3) (11,4) (11,5) (11,6) (11,7) (11,8) (11,9) (11,10) (11,11) (11,12) (11,13) (11,14) (11,15) (11,16) (12,0) (12,1) (12,2) (12,3) (12,4) (12,5) (12,6) (12,7) (12,8) (12,9) (12,10) (12,11) (12,12) (12,13) (12,14) (12,15) (12,16) (13,0) (13,1) (13,2) (13,3) (13,4) (13,5) (13,6) (13,7) (13,8) (13,9) (13,10) (13,11) (13,12) (13,13) (13,14) (13,15) (13,16) (14,0) (14,1) (14,2) (14,3) (14,4) (14,5) (14,6) (14,7) (14,8) (14,9) (14,10) (14,11) (14,12) (14,13) (14,14) (14,15) (14,16) (15,0) (15,1) (15,2) (15,3) (15,4) (15,5) (15,6) (15,7) (15,8) (15,9) (15,10) (15,11) (15,12) (15,13) (15,14) (15,15) (15,16) (16,0) (16,1) (16,2) (16,3) (16,4) (16,5) (16,6) (16,7) (16,8) (16,9) (16,10) (16,11) (16,12) (16,13) (16,14) (16,15) (16,16) (17,0) (17,1) (17,2) (17,3) (17,4) (17,5) (17,6) (17,7) (17,8) (17,9) (17,10) (17,11) (17,12) (17,13) (17,14) (17,15) (17,16) (18,0) (18,1) (18,2) (18,3) (18,4) (18,5) (18,6) (18,7) (18,8) (18,9) (18,10) (18,11) (18,12) (18,13) (18,14) (18,15) (18,16) (19,0) (19,1) (19,2) (19,3) (19,4) (19,5) (19,6) (19,7) (19,8) (19,9) (19,10) (19,11) (19,12) (19,13) (19,14) (19,15) (19,16) (20,0) (20,1) (20,2) (20,3) (20,4) (20,5) (20,6) (20,7) (20,8) (20,9) (20,10) (20,11) (20,12) (20,13) (20,14) (20,15) (20,16) (21,0) (21,1) (21,2) (21,3) (21,4) (21,5) (21,6) (21,7) (21,8) (21,9) (21,10) (21,11) (21,12) (21,13) (21,14) (21,15) (21,16) (22,0) (22,1) (22,2) (22,3) (22,4) (22,5) (22,6) (22,7) (22,8) (22,9) (22,10) (22,11) (22,12) (22,13) (22,14) (22,15) (22,16)   also met at 1 more region(s)
  O199 MM[O199] (1D) seats (0,0) (0,1) (0,2) (0,3) (0,4) (0,5) (0,6) (0,7) (0,8) (0,9) (0,10) (0,11) (0,12) (1,0) (1,1) (1,2) (1,3) (1,4) (1,5) (1,6) (1,7) (1,8) (1,9) (1,10) (1,11) (1,12) (2,0) (2,1) (2,2) (2,3) (2,4) (2,5) (2,6) (2,7) (2,8) (2,9) (2,10) (2,11) (2,12) (3,0) (3,1) (3,2) (3,3) (3,4) (3,5) (3,6) (3,7) (3,8) (3,9) (3,10) (3,11) (3,12) (4,0) (4,1) (4,2) (4,3) (4,4) (4,5) (4,6) (4,7) (4,8) (4,9) (4,10) (4,11) (4,12) (5,0) (5,1) (5,2) (5,3) (5,4) (5,5) (5,6) (5,7) (5,8) (5,9) (5,10) (5,11) (5,12) (6,0) (6,1) (6,2) (6,3) (6,4) (6,5) (6,6) (6,7) (6,8) (6,9) (6,10) (6,11) (6,12) (7,0) (7,1) (7,2) (7,3) (7,4) (7,5) (7,6) (7,7) (7,8) (7,9) (7,10) (7,11) (7,12) (8,0) (8,1) (8,2) (8,3) (8,4) (8,5) (8,6) (8,7) (8,8) (8,9) (8,10) (8,11) (8,12) (9,0) (9,1) (9,2) (9,3) (9,4) (9,5) (9,6) (9,7) (9,8) (9,9) (9,10) (9,11) (9,12) (10,0) (10,1) (10,2) (10,3) (10,4) (10,5) (10,6) (10,7) (10,8) (10,9) (10,10) (10,11) (10,12) (11,0) (11,1) (11,2) (11,3) (11,4) (11,5) (11,6) (11,7) (11,8) (11,9) (11,10) (11,11) (11,12) (12,0) (12,1) (12,2) (12,3) (12,4) (12,5) (12,6) (12,7) (12,8) (12,9) (12,10) (12,11) (12,12) (0,13) (0,14) (0,15) (0,16) (0,17) (0,18) (0,19) (0,20) (0,21) (0,22) (1,13) (1,14) (1,15) (1,16) (1,17) (1,18) (1,19) (1,20) (1,21) (1,22) (2,13) (2,14) (2,15) (2,16) (2,17) (2,18) (2,19) (2,20) (2,21) (2,22) (3,13) (3,14) (3,15) (3,16) (3,17) (3,18) (3,19) (3,20) (3,21) (3,22) (4,13) (4,14) (4,15) (4,16) (4,17) (4,18) (4,19) (4,20) (4,21) (4,22) (5,13) (5,14) (5,15) (5,16) (5,17) (5,18) (5,19) (5,20) (5,21) (5,22) (6,13) (6,14) (6,15) (6,16) (6,17) (6,18) (6,19) (6,20) (6,21) (6,22) (7,13) (7,14) (7,15) (7,16) (7,17) (7,18) (7,19) (7,20) (7,21) (7,22) (8,13) (8,14) (8,15) (8,16) (8,17) (8,18) (8,19) (8,20) (8,21) (8,22) (9,13) (9,14) (9,15) (9,16) (9,17) (9,18) (9,19) (9,20) (9,21) (9,22) (10,13) (10,14) (10,15) (10,16) (10,17) (10,18) (10,19) (10,20) (10,21) (10,22)   also met at 1 more region(s)
  O200 MM[O200] (1D) seats (0,0) (0,1) (0,2) (0,3) (0,4) (0,5) (0,6) (0,7) (0,8) (0,9) (0,10) (0,11) (0,12) (0,13) (0,14) (0,15) (0,16) (0,17) (0,18) (1,0) (1,1) (1,2) (1,3) (1,4) (1,5) (1,6) (1,7) (1,8) (1,9) (1,10) (1,11) (1,12) (1,13) (1,14) (1,15) (1,16) (1,17) (1,18) (2,0) (2,1) (2,2) (2,3) (2,4) (2,5) (2,6) (2,7) (2,8) (2,9) (2,10) (2,11) (2,12) (2,13) (2,14) (2,15) (2,16) (2,17) (2,18) (3,0) (3,1) (3,2) (3,3) (3,4) (3,5) (3,6) (3,7) (3,8) (3,9) (3,10) (3,11) (3,12) (3,13) (3,14) (3,15) (3,16) (3,17) (3,18) (4,0) (4,1) (4,2) (4,3) (4,4) (4,5) (4,6) (4,7) (4,8) (4,9) (4,10) (4,11) (4,12) (4,13) (4,14) (4,15) (4,16) (4,17) (4,18) (5,0) (5,1) (5,2) (5,3) (5,4) (5,5) (5,6) (5,7) (5,8) (5,9) (5,10) (5,11) (5,12) (5,13) (5,14) (5,15) (5,16) (5,17) (5,18) (6,0) (6,1) (6,2) (6,3) (6,4) (6,5) (6,6) (6,7) (6,8) (6,9) (6,10) (6,11) (6,12) (6,13) (6,14) (6,15) (6,16) (6,17) (6,18) (7,0) (7,1) (7,2) (7,3) (7,4) (7,5) (7,6) (7,7) (7,8) (7,9) (7,10) (7,11) (7,12) (7,13) (7,14) (7,15) (7,16) (7,17) (7,18) (8,0) (8,1) (8,2) (8,3) (8,4) (8,5) (8,6) (8,7) (8,8) (8,9) (8,10) (8,11) (8,12) (8,13) (8,14) (8,15) (8,16) (8,17) (8,18) (9,0) (9,1) (9,2) (9,3) (9,4) (9,5) (9,6) (9,7) (9,8) (9,9) (9,10) (9,11) (9,12) (9,13) (9,14) (9,15) (9,16) (9,17) (9,18) (10,0) (10,1) (10,2) (10,3) (10,4) (10,5) (10,6) (10,7) (10,8) (10,9) (10,10) (10,11) (10,12) (10,13) (10,14) (10,15) (10,16) (10,17) (10,18) (11,0) (11,1) (11,2) (11,3) (11,4) (11,5) (11,6) (11,7) (11,8) (11,9) (11,10) (11,11) (11,12) (11,13) (11,14) (11,15) (11,16) (11,17) (11,18) (12,0) (12,1) (12,2) (12,3) (12,4) (12,5) (12,6) (12,7) (12,8) (12,9) (12,10) (12,11) (12,12) (12,13) (12,14) (12,15) (12,16) (12,17) (12,18) (13,0) (13,1) (13,2) (13,3) (13,4) (13,5) (13,6) (13,7) (13,8) (13,9) (13,10) (13,11) (13,12) (14,0) (14,1) (14,2) (14,3) (14,4) (14,5) (14,6) (14,7) (14,8) (14,9) (14,10) (14,11) (14,12) (15,0) (15,1) (15,2) (15,3) (15,4) (15,5) (15,6) (15,7) (15,8) (15,9) (15,10) (15,11) (15,12) (16,0) (16,1) (16,2) (16,3) (16,4) (16,5) (16,6) (16,7) (16,8) (16,9) (16,10) (16,11) (16,12) (17,0) (17,1) (17,2) (17,3) (17,4) (17,5) (17,6) (17,7) (17,8) (17,9) (17,10) (17,11) (17,12) (18,0) (18,1) (18,2) (18,3) (18,4) (18,5) (18,6) (18,7) (18,8) (18,9) (18,10) (18,11) (18,12) (19,0) (19,1) (19,2) (19,3) (19,4) (19,5) (19,6) (19,7) (19,8) (19,9) (19,10) (19,11) (19,12) (20,0) (20,1) (20,2) (20,3) (20,4) (20,5) (20,6) (20,7) (20,8) (20,9) (20,10) (20,11) (20,12) (21,0) (21,1) (21,2) (21,3) (21,4) (21,5) (21,6) (21,7) (21,8) (21,9) (21,10) (21,11) (21,12) (22,0) (22,1) (22,2) (22,3) (22,4) (22,5) (22,6) (22,7) (22,8) (22,9) (22,10) (22,11) (22,12)   also met at 1 more region(s)
  O201 MM[O201] (1D) seats (0,0) (0,1) (0,2) (0,3) (0,4) (0,5) (0,6) (0,7) (0,8) (0,9) (0,10) (0,11) (0,12) (0,13) (0,14) (0,15) (0,16) (0,17) (0,18) (1,0) (1,1) (1,2) (1,3) (1,4) (1,5) (1,6) (1,7) (1,8) (1,9) (1,10) (1,11) (1,12) (1,13) (1,14) (1,15) (1,16) (1,17) (1,18) (2,0) (2,1) (2,2) (2,3) (2,4) (2,5) (2,6) (2,7) (2,8) (2,9) (2,10) (2,11) (2,12) (2,13) (2,14) (2,15) (2,16) (2,17) (2,18) (3,0) (3,1) (3,2) (3,3) (3,4) (3,5) (3,6) (3,7) (3,8) (3,9) (3,10) (3,11) (3,12) (3,13) (3,14) (3,15) (3,16) (3,17) (3,18) (4,0) (4,1) (4,2) (4,3) (4,4) (4,5) (4,6) (4,7) (4,8) (4,9) (4,10) (4,11) (4,12) (4,13) (4,14) (4,15) (4,16) (4,17) (4,18) (5,0) (5,1) (5,2) (5,3) (5,4) (5,5) (5,6) (5,7) (5,8) (5,9) (5,10) (5,11) (5,12) (5,13) (5,14) (5,15) (5,16) (5,17) (5,18) (6,0) (6,1) (6,2) (6,3) (6,4) (6,5) (6,6) (6,7) (6,8) (6,9) (6,10) (6,11) (6,12) (6,13) (6,14) (6,15) (6,16) (6,17) (6,18) (7,0) (7,1) (7,2) (7,3) (7,4) (7,5) (7,6) (7,7) (7,8) (7,9) (7,10) (7,11) (7,12) (7,13) (7,14) (7,15) (7,16) (7,17) (7,18) (8,0) (8,1) (8,2) (8,3) (8,4) (8,5) (8,6) (8,7) (8,8) (8,9) (8,10) (8,11) (8,12) (8,13) (8,14) (8,15) (8,16) (8,17) (8,18) (9,0) (9,1) (9,2) (9,3) (9,4) (9,5) (9,6) (9,7) (9,8) (9,9) (9,10) (9,11) (9,12) (9,13) (9,14) (9,15) (9,16) (9,17) (9,18) (10,0) (10,1) (10,2) (10,3) (10,4) (10,5) (10,6) (10,7) (10,8) (10,9) (10,10) (10,11) (10,12) (10,13) (10,14) (10,15) (10,16) (10,17) (10,18) (11,0) (11,1) (11,2) (11,3) (11,4) (11,5) (11,6) (11,7) (11,8) (11,9) (11,10) (11,11) (11,12) (11,13) (11,14) (11,15) (11,16) (11,17) (11,18) (12,0) (12,1) (12,2) (12,3) (12,4) (12,5) (12,6) (12,7) (12,8) (12,9) (12,10) (12,11) (12,12) (12,13) (12,14) (12,15) (12,16) (12,17) (12,18) (13,0) (13,1) (13,2) (13,3) (13,4) (13,5) (13,6) (13,7) (13,8) (13,9) (13,10) (13,11) (13,12) (13,13) (13,14) (13,15) (13,16) (14,0) (14,1) (14,2) (14,3) (14,4) (14,5) (14,6) (14,7) (14,8) (14,9) (14,10) (14,11) (14,12) (14,13) (14,14) (14,15) (14,16) (15,0) (15,1) (15,2) (15,3) (15,4) (15,5) (15,6) (15,7) (15,8) (15,9) (15,10) (15,11) (15,12) (15,13) (15,14) (15,15) (15,16) (16,0) (16,1) (16,2) (16,3) (16,4) (16,5) (16,6) (16,7) (16,8) (16,9) (16,10) (16,11) (16,12) (16,13) (16,14) (16,15) (16,16) (17,0) (17,1) (17,2) (17,3) (17,4) (17,5) (17,6) (17,7) (17,8) (17,9) (17,10) (17,11) (17,12) (17,13) (17,14) (17,15) (17,16) (18,0) (18,1) (18,2) (18,3) (18,4) (18,5) (18,6) (18,7) (18,8) (18,9) (18,10) (18,11) (18,12) (18,13) (18,14) (18,15) (18,16) (19,0) (19,1) (19,2) (19,3) (19,4) (19,5) (19,6) (19,7) (19,8) (19,9) (19,10) (19,11) (19,12) (19,13) (19,14) (19,15) (19,16) (20,0) (20,1) (20,2) (20,3) (20,4) (20,5) (20,6) (20,7) (20,8) (20,9) (20,10) (20,11) (20,12) (20,13) (20,14) (20,15) (20,16) (21,0) (21,1) (21,2) (21,3) (21,4) (21,5) (21,6) (21,7) (21,8) (21,9) (21,10) (21,11) (21,12) (21,13) (21,14) (21,15) (21,16) (22,0) (22,1) (22,2) (22,3) (22,4) (22,5) (22,6) (22,7) (22,8) (22,9) (22,10) (22,11) (22,12) (22,13) (22,14) (22,15) (22,16)   also met at 1 more region(s)
  O202 MM[O202] (1D) seats (0,0) (0,1) (0,2) (0,3) (0,4) (0,5) (0,6) (0,7) (0,8) (0,9) (0,10) (0,11) (0,12) (0,13) (0,14) (0,15) (0,16) (0,17) (0,18) (0,19) (0,20) (0,21) (0,22) (1,0) (1,1) (1,2) (1,3) (1,4) (1,5) (1,6) (1,7) (1,8) (1,9) (1,10) (1,11) (1,12) (1,13) (1,14) (1,15) (1,16) (1,17) (1,18) (1,19) (1,20) (1,21) (1,22) (2,0) (2,1) (2,2) (2,3) (2,4) (2,5) (2,6) (2,7) (2,8) (2,9) (2,10) (2,11) (2,12) (2,13) (2,14) (2,15) (2,16) (2,17) (2,18) (2,19) (2,20) (2,21) (2,22) (3,0) (3,1) (3,2) (3,3) (3,4) (3,5) (3,6) (3,7) (3,8) (3,9) (3,10) (3,11) (3,12) (3,13) (3,14) (3,15) (3,16) (3,17) (3,18) (3,19) (3,20) (3,21) (3,22) (4,0) (4,1) (4,2) (4,3) (4,4) (4,5) (4,6) (4,7) (4,8) (4,9) (4,10) (4,11) (4,12) (4,13) (4,14) (4,15) (4,16) (4,17) (4,18) (4,19) (4,20) (4,21) (4,22) (5,0) (5,1) (5,2) (5,3) (5,4) (5,5) (5,6) (5,7) (5,8) (5,9) (5,10) (5,11) (5,12) (5,13) (5,14) (5,15) (5,16) (5,17) (5,18) (5,19) (5,20) (5,21) (5,22) (6,0) (6,1) (6,2) (6,3) (6,4) (6,5) (6,6) (6,7) (6,8) (6,9) (6,10) (6,11) (6,12) (6,13) (6,14) (6,15) (6,16) (6,17) (6,18) (6,19) (6,20) (6,21) (6,22) (7,0) (7,1) (7,2) (7,3) (7,4) (7,5) (7,6) (7,7) (7,8) (7,9) (7,10) (7,11) (7,12) (7,13) (7,14) (7,15) (7,16) (7,17) (7,18) (7,19) (7,20) (7,21) (7,22) (8,0) (8,1) (8,2) (8,3) (8,4) (8,5) (8,6) (8,7) (8,8) (8,9) (8,10) (8,11) (8,12) (8,13) (8,14) (8,15) (8,16) (8,17) (8,18) (8,19) (8,20) (8,21) (8,22) (9,0) (9,1) (9,2) (9,3) (9,4) (9,5) (9,6) (9,7) (9,8) (9,9) (9,10) (9,11) (9,12) (9,13) (9,14) (9,15) (9,16) (9,17) (9,18) (9,19) (9,20) (9,21) (9,22) (10,0) (10,1) (10,2) (10,3) (10,4) (10,5) (10,6) (10,7) (10,8) (10,9) (10,10) (10,11) (10,12) (10,13) (10,14) (10,15) (10,16) (10,17) (10,18) (10,19) (10,20) (10,21) (10,22) (11,0) (11,1) (11,2) (11,3) (11,4) (11,5) (11,6) (11,7) (11,8) (11,9) (11,10) (11,11) (11,12) (11,13) (11,14) (11,15) (11,16) (11,17) (11,18) (11,19) (11,20) (11,21) (11,22) (12,0) (12,1) (12,2) (12,3) (12,4) (12,5) (12,6) (12,7) (12,8) (12,9) (12,10) (12,11) (12,12) (12,13) (12,14) (12,15) (12,16) (12,17) (12,18) (12,19) (12,20) (12,21) (12,22) (13,0) (13,1) (13,2) (13,3) (13,4) (13,5) (13,6) (13,7) (13,8) (13,9) (13,10) (13,11) (13,12) (13,13) (13,14) (13,15) (13,16) (13,17) (13,18) (14,0) (14,1) (14,2) (14,3) (14,4) (14,5) (14,6) (14,7) (14,8) (14,9) (14,10) (14,11) (14,12) (14,13) (14,14) (14,15) (14,16) (14,17) (14,18) (15,0) (15,1) (15,2) (15,3) (15,4) (15,5) (15,6) (15,7) (15,8) (15,9) (15,10) (15,11) (15,12) (15,13) (15,14) (15,15) (15,16) (15,17) (15,18) (16,0) (16,1) (16,2) (16,3) (16,4) (16,5) (16,6) (16,7) (16,8) (16,9) (16,10) (16,11) (16,12) (16,13) (16,14) (16,15) (16,16) (16,17) (16,18) (17,0) (17,1) (17,2) (17,3) (17,4) (17,5) (17,6) (17,7) (17,8) (17,9) (17,10) (17,11) (17,12) (17,13) (17,14) (17,15) (17,16) (17,17) (17,18) (18,0) (18,1) (18,2) (18,3) (18,4) (18,5) (18,6) (18,7) (18,8) (18,9) (18,10) (18,11) (18,12) (18,13) (18,14) (18,15) (18,16) (18,17) (18,18)   also met at 3 more region(s)
  O203 MM[O203] (1D) seats (0,0) (0,1) (0,2) (0,3) (0,4) (0,5) (0,6) (0,7) (0,8) (0,9) (0,10) (0,11) (0,12) (0,13) (0,14) (0,15) (0,16) (0,17) (0,18) (0,19) (0,20) (0,21) (0,22) (1,0) (1,1) (1,2) (1,3) (1,4) (1,5) (1,6) (1,7) (1,8) (1,9) (1,10) (1,11) (1,12) (1,13) (1,14) (1,15) (1,16) (1,17) (1,18) (1,19) (1,20) (1,21) (1,22) (2,0) (2,1) (2,2) (2,3) (2,4) (2,5) (2,6) (2,7) (2,8) (2,9) (2,10) (2,11) (2,12) (2,13) (2,14) (2,15) (2,16) (2,17) (2,18) (2,19) (2,20) (2,21) (2,22) (3,0) (3,1) (3,2) (3,3) (3,4) (3,5) (3,6) (3,7) (3,8) (3,9) (3,10) (3,11) (3,12) (3,13) (3,14) (3,15) (3,16) (3,17) (3,18) (3,19) (3,20) (3,21) (3,22) (4,0) (4,1) (4,2) (4,3) (4,4) (4,5) (4,6) (4,7) (4,8) (4,9) (4,10) (4,11) (4,12) (4,13) (4,14) (4,15) (4,16) (4,17) (4,18) (4,19) (4,20) (4,21) (4,22) (5,0) (5,1) (5,2) (5,3) (5,4) (5,5) (5,6) (5,7) (5,8) (5,9) (5,10) (5,11) (5,12) (5,13) (5,14) (5,15) (5,16) (5,17) (5,18) (5,19) (5,20) (5,21) (5,22) (6,0) (6,1) (6,2) (6,3) (6,4) (6,5) (6,6) (6,7) (6,8) (6,9) (6,10) (6,11) (6,12) (6,13) (6,14) (6,15) (6,16) (6,17) (6,18) (6,19) (6,20) (6,21) (6,22) (7,0) (7,1) (7,2) (7,3) (7,4) (7,5) (7,6) (7,7) (7,8) (7,9) (7,10) (7,11) (7,12) (7,13) (7,14) (7,15) (7,16) (7,17) (7,18) (7,19) (7,20) (7,21) (7,22) (8,0) (8,1) (8,2) (8,3) (8,4) (8,5) (8,6) (8,7) (8,8) (8,9) (8,10) (8,11) (8,12) (8,13) (8,14) (8,15) (8,16) (8,17) (8,18) (8,19) (8,20) (8,21) (8,22) (9,0) (9,1) (9,2) (9,3) (9,4) (9,5) (9,6) (9,7) (9,8) (9,9) (9,10) (9,11) (9,12) (9,13) (9,14) (9,15) (9,16) (9,17) (9,18) (9,19) (9,20) (9,21) (9,22) (10,0) (10,1) (10,2) (10,3) (10,4) (10,5) (10,6) (10,7) (10,8) (10,9) (10,10) (10,11) (10,12) (10,13) (10,14) (10,15) (10,16) (10,17) (10,18) (10,19) (10,20) (10,21) (10,22) (11,0) (11,1) (11,2) (11,3) (11,4) (11,5) (11,6) (11,7) (11,8) (11,9) (11,10) (11,11) (11,12) (11,13) (11,14) (11,15) (11,16) (11,17) (11,18) (11,19) (11,20) (11,21) (11,22) (12,0) (12,1) (12,2) (12,3) (12,4) (12,5) (12,6) (12,7) (12,8) (12,9) (12,10) (12,11) (12,12) (12,13) (12,14) (12,15) (12,16) (12,17) (12,18) (12,19) (12,20) (12,21) (12,22) (13,0) (13,1) (13,2) (13,3) (13,4) (13,5) (13,6) (13,7) (13,8) (13,9) (13,10) (13,11) (13,12) (13,13) (13,14) (13,15) (13,16) (13,17) (13,18) (14,0) (14,1) (14,2) (14,3) (14,4) (14,5) (14,6) (14,7) (14,8) (14,9) (14,10) (14,11) (14,12) (14,13) (14,14) (14,15) (14,16) (14,17) (14,18) (15,0) (15,1) (15,2) (15,3) (15,4) (15,5) (15,6) (15,7) (15,8) (15,9) (15,10) (15,11) (15,12) (15,13) (15,14) (15,15) (15,16) (15,17) (15,18) (16,0) (16,1) (16,2) (16,3) (16,4) (16,5) (16,6) (16,7) (16,8) (16,9) (16,10) (16,11) (16,12) (16,13) (16,14) (16,15) (16,16) (16,17) (16,18)   also met at 1 more region(s)
  O204 MM[O204] (1D) seats (0,0) (0,1) (0,2) (0,3) (0,4) (0,5) (0,6) (0,7) (0,8) (0,9) (0,10) (0,11) (0,12) (0,13) (0,14) (0,15) (0,16) (0,17) (0,18) (0,19) (0,20) (0,21) (0,22) (1,0) (1,1) (1,2) (1,3) (1,4) (1,5) (1,6) (1,7) (1,8) (1,9) (1,10) (1,11) (1,12) (1,13) (1,14) (1,15) (1,16) (1,17) (1,18) (1,19) (1,20) (1,21) (1,22) (2,0) (2,1) (2,2) (2,3) (2,4) (2,5) (2,6) (2,7) (2,8) (2,9) (2,10) (2,11) (2,12) (2,13) (2,14) (2,15) (2,16) (2,17) (2,18) (2,19) (2,20) (2,21) (2,22) (3,0) (3,1) (3,2) (3,3) (3,4) (3,5) (3,6) (3,7) (3,8) (3,9) (3,10) (3,11) (3,12) (3,13) (3,14) (3,15) (3,16) (3,17) (3,18) (3,19) (3,20) (3,21) (3,22) (4,0) (4,1) (4,2) (4,3) (4,4) (4,5) (4,6) (4,7) (4,8) (4,9) (4,10) (4,11) (4,12) (4,13) (4,14) (4,15) (4,16) (4,17) (4,18) (4,19) (4,20) (4,21) (4,22) (5,0) (5,1) (5,2) (5,3) (5,4) (5,5) (5,6) (5,7) (5,8) (5,9) (5,10) (5,11) (5,12) (5,13) (5,14) (5,15) (5,16) (5,17) (5,18) (5,19) (5,20) (5,21) (5,22) (6,0) (6,1) (6,2) (6,3) (6,4) (6,5) (6,6) (6,7) (6,8) (6,9) (6,10) (6,11) (6,12) (6,13) (6,14) (6,15) (6,16) (6,17) (6,18) (6,19) (6,20) (6,21) (6,22) (7,0) (7,1) (7,2) (7,3) (7,4) (7,5) (7,6) (7,7) (7,8) (7,9) (7,10) (7,11) (7,12) (7,13) (7,14) (7,15) (7,16) (7,17) (7,18) (7,19) (7,20) (7,21) (7,22) (8,0) (8,1) (8,2) (8,3) (8,4) (8,5) (8,6) (8,7) (8,8) (8,9) (8,10) (8,11) (8,12) (8,13) (8,14) (8,15) (8,16) (8,17) (8,18) (8,19) (8,20) (8,21) (8,22) (9,0) (9,1) (9,2) (9,3) (9,4) (9,5) (9,6) (9,7) (9,8) (9,9) (9,10) (9,11) (9,12) (9,13) (9,14) (9,15) (9,16) (9,17) (9,18) (9,19) (9,20) (9,21) (9,22) (10,0) (10,1) (10,2) (10,3) (10,4) (10,5) (10,6) (10,7) (10,8) (10,9) (10,10) (10,11) (10,12) (10,13) (10,14) (10,15) (10,16) (10,17) (10,18) (10,19) (10,20) (10,21) (10,22) (11,0) (11,1) (11,2) (11,3) (11,4) (11,5) (11,6) (11,7) (11,8) (11,9) (11,10) (11,11) (11,12) (11,13) (11,14) (11,15) (11,16) (11,17) (11,18) (11,19) (11,20) (11,21) (11,22) (12,0) (12,1) (12,2) (12,3) (12,4) (12,5) (12,6) (12,7) (12,8) (12,9) (12,10) (12,11) (12,12) (12,13) (12,14) (12,15) (12,16) (12,17) (12,18) (12,19) (12,20) (12,21) (12,22) (13,0) (13,1) (13,2) (13,3) (13,4) (13,5) (13,6) (13,7) (13,8) (13,9) (13,10) (13,11) (13,12) (13,13) (13,14) (13,15) (13,16) (14,0) (14,1) (14,2) (14,3) (14,4) (14,5) (14,6) (14,7) (14,8) (14,9) (14,10) (14,11) (14,12) (14,13) (14,14) (14,15) (14,16) (15,0) (15,1) (15,2) (15,3) (15,4) (15,5) (15,6) (15,7) (15,8) (15,9) (15,10) (15,11) (15,12) (15,13) (15,14) (15,15) (15,16) (16,0) (16,1) (16,2) (16,3) (16,4) (16,5) (16,6) (16,7) (16,8) (16,9) (16,10) (16,11) (16,12) (16,13) (16,14) (16,15) (16,16)   also met at 3 more region(s)
  O205 MM[O205] (1D) seats (0,0) (0,1) (0,2) (0,3) (0,4) (0,5) (0,6) (0,7) (0,8) (0,9) (0,10) (0,11) (0,12) (0,13) (0,14) (0,15) (0,16) (0,17) (0,18) (0,19) (0,20) (0,21) (0,22) (1,0) (1,1) (1,2) (1,3) (1,4) (1,5) (1,6) (1,7) (1,8) (1,9) (1,10) (1,11) (1,12) (1,13) (1,14) (1,15) (1,16) (1,17) (1,18) (1,19) (1,20) (1,21) (1,22) (2,0) (2,1) (2,2) (2,3) (2,4) (2,5) (2,6) (2,7) (2,8) (2,9) (2,10) (2,11) (2,12) (2,13) (2,14) (2,15) (2,16) (2,17) (2,18) (2,19) (2,20) (2,21) (2,22) (3,0) (3,1) (3,2) (3,3) (3,4) (3,5) (3,6) (3,7) (3,8) (3,9) (3,10) (3,11) (3,12) (3,13) (3,14) (3,15) (3,16) (3,17) (3,18) (3,19) (3,20) (3,21) (3,22) (4,0) (4,1) (4,2) (4,3) (4,4) (4,5) (4,6) (4,7) (4,8) (4,9) (4,10) (4,11) (4,12) (4,13) (4,14) (4,15) (4,16) (4,17) (4,18) (4,19) (4,20) (4,21) (4,22) (5,0) (5,1) (5,2) (5,3) (5,4) (5,5) (5,6) (5,7) (5,8) (5,9) (5,10) (5,11) (5,12) (5,13) (5,14) (5,15) (5,16) (5,17) (5,18) (5,19) (5,20) (5,21) (5,22) (6,0) (6,1) (6,2) (6,3) (6,4) (6,5) (6,6) (6,7) (6,8) (6,9) (6,10) (6,11) (6,12) (6,13) (6,14) (6,15) (6,16) (6,17) (6,18) (6,19) (6,20) (6,21) (6,22) (7,0) (7,1) (7,2) (7,3) (7,4) (7,5) (7,6) (7,7) (7,8) (7,9) (7,10) (7,11) (7,12) (7,13) (7,14) (7,15) (7,16) (7,17) (7,18) (7,19) (7,20) (7,21) (7,22) (8,0) (8,1) (8,2) (8,3) (8,4) (8,5) (8,6) (8,7) (8,8) (8,9) (8,10) (8,11) (8,12) (8,13) (8,14) (8,15) (8,16) (8,17) (8,18) (8,19) (8,20) (8,21) (8,22) (9,0) (9,1) (9,2) (9,3) (9,4) (9,5) (9,6) (9,7) (9,8) (9,9) (9,10) (9,11) (9,12) (9,13) (9,14) (9,15) (9,16) (9,17) (9,18) (9,19) (9,20) (9,21) (9,22) (10,0) (10,1) (10,2) (10,3) (10,4) (10,5) (10,6) (10,7) (10,8) (10,9) (10,10) (10,11) (10,12) (10,13) (10,14) (10,15) (10,16) (10,17) (10,18) (10,19) (10,20) (10,21) (10,22) (11,0) (11,1) (11,2) (11,3) (11,4) (11,5) (11,6) (11,7) (11,8) (11,9) (11,10) (11,11) (11,12) (11,13) (11,14) (11,15) (11,16) (11,17) (11,18) (11,19) (11,20) (11,21) (11,22) (12,0) (12,1) (12,2) (12,3) (12,4) (12,5) (12,6) (12,7) (12,8) (12,9) (12,10) (12,11) (12,12) (12,13) (12,14) (12,15) (12,16) (12,17) (12,18) (12,19) (12,20) (12,21) (12,22) (13,0) (13,1) (13,2) (13,3) (13,4) (13,5) (13,6) (13,7) (13,8) (13,9) (13,10) (13,11) (13,12) (14,0) (14,1) (14,2) (14,3) (14,4) (14,5) (14,6) (14,7) (14,8) (14,9) (14,10) (14,11) (14,12) (15,0) (15,1) (15,2) (15,3) (15,4) (15,5) (15,6) (15,7) (15,8) (15,9) (15,10) (15,11) (15,12) (16,0) (16,1) (16,2) (16,3) (16,4) (16,5) (16,6) (16,7) (16,8) (16,9) (16,10) (16,11) (16,12) (17,0) (17,1) (17,2) (17,3) (17,4) (17,5) (17,6) (17,7) (17,8) (17,9) (17,10) (17,11) (17,12) (18,0) (18,1) (18,2) (18,3) (18,4) (18,5) (18,6) (18,7) (18,8) (18,9) (18,10) (18,11) (18,12) (19,0) (19,1) (19,2) (19,3) (19,4) (19,5) (19,6) (19,7) (19,8) (19,9) (19,10) (19,11) (19,12) (20,0) (20,1) (20,2) (20,3) (20,4) (20,5) (20,6) (20,7) (20,8) (20,9) (20,10) (20,11) (20,12) (21,0) (21,1) (21,2) (21,3) (21,4) (21,5) (21,6) (21,7) (21,8) (21,9) (21,10) (21,11) (21,12) (22,0) (22,1) (22,2) (22,3) (22,4) (22,5) (22,6) (22,7) (22,8) (22,9) (22,10) (22,11) (22,12)   also met at 2 more region(s)
  O206 MM[O206] (1D) seats (0,0) (0,1) (0,2) (0,3) (0,4) (0,5) (0,6) (0,7) (0,8) (0,9) (0,10) (0,11) (0,12) (0,13) (0,14) (0,15) (0,16) (0,17) (0,18) (0,19) (0,20) (0,21) (0,22) (1,0) (1,1) (1,2) (1,3) (1,4) (1,5) (1,6) (1,7) (1,8) (1,9) (1,10) (1,11) (1,12) (1,13) (1,14) (1,15) (1,16) (1,17) (1,18) (1,19) (1,20) (1,21) (1,22) (2,0) (2,1) (2,2) (2,3) (2,4) (2,5) (2,6) (2,7) (2,8) (2,9) (2,10) (2,11) (2,12) (2,13) (2,14) (2,15) (2,16) (2,17) (2,18) (2,19) (2,20) (2,21) (2,22) (3,0) (3,1) (3,2) (3,3) (3,4) (3,5) (3,6) (3,7) (3,8) (3,9) (3,10) (3,11) (3,12) (3,13) (3,14) (3,15) (3,16) (3,17) (3,18) (3,19) (3,20) (3,21) (3,22) (4,0) (4,1) (4,2) (4,3) (4,4) (4,5) (4,6) (4,7) (4,8) (4,9) (4,10) (4,11) (4,12) (4,13) (4,14) (4,15) (4,16) (4,17) (4,18) (4,19) (4,20) (4,21) (4,22) (5,0) (5,1) (5,2) (5,3) (5,4) (5,5) (5,6) (5,7) (5,8) (5,9) (5,10) (5,11) (5,12) (5,13) (5,14) (5,15) (5,16) (5,17) (5,18) (5,19) (5,20) (5,21) (5,22) (6,0) (6,1) (6,2) (6,3) (6,4) (6,5) (6,6) (6,7) (6,8) (6,9) (6,10) (6,11) (6,12) (6,13) (6,14) (6,15) (6,16) (6,17) (6,18) (6,19) (6,20) (6,21) (6,22) (7,0) (7,1) (7,2) (7,3) (7,4) (7,5) (7,6) (7,7) (7,8) (7,9) (7,10) (7,11) (7,12) (7,13) (7,14) (7,15) (7,16) (7,17) (7,18) (7,19) (7,20) (7,21) (7,22) (8,0) (8,1) (8,2) (8,3) (8,4) (8,5) (8,6) (8,7) (8,8) (8,9) (8,10) (8,11) (8,12) (8,13) (8,14) (8,15) (8,16) (8,17) (8,18) (8,19) (8,20) (8,21) (8,22) (9,0) (9,1) (9,2) (9,3) (9,4) (9,5) (9,6) (9,7) (9,8) (9,9) (9,10) (9,11) (9,12) (9,13) (9,14) (9,15) (9,16) (9,17) (9,18) (9,19) (9,20) (9,21) (9,22) (10,0) (10,1) (10,2) (10,3) (10,4) (10,5) (10,6) (10,7) (10,8) (10,9) (10,10) (10,11) (10,12) (10,13) (10,14) (10,15) (10,16) (10,17) (10,18) (10,19) (10,20) (10,21) (10,22) (11,0) (11,1) (11,2) (11,3) (11,4) (11,5) (11,6) (11,7) (11,8) (11,9) (11,10) (11,11) (11,12) (11,13) (11,14) (11,15) (11,16) (11,17) (11,18) (11,19) (11,20) (11,21) (11,22) (12,0) (12,1) (12,2) (12,3) (12,4) (12,5) (12,6) (12,7) (12,8) (12,9) (12,10) (12,11) (12,12) (12,13) (12,14) (12,15) (12,16) (12,17) (12,18) (12,19) (12,20) (12,21) (12,22) (13,0) (13,1) (13,2) (13,3) (13,4) (13,5) (13,6) (13,7) (13,8) (13,9) (13,10) (13,11) (13,12) (13,13) (13,14) (13,15) (13,16) (13,17) (13,18) (14,0) (14,1) (14,2) (14,3) (14,4) (14,5) (14,6) (14,7) (14,8) (14,9) (14,10) (14,11) (14,12) (14,13) (14,14) (14,15) (14,16) (14,17) (14,18) (15,0) (15,1) (15,2) (15,3) (15,4) (15,5) (15,6) (15,7) (15,8) (15,9) (15,10) (15,11) (15,12) (15,13) (15,14) (15,15) (15,16) (15,17) (15,18) (16,0) (16,1) (16,2) (16,3) (16,4) (16,5) (16,6) (16,7) (16,8) (16,9) (16,10) (16,11) (16,12) (16,13) (16,14) (16,15) (16,16) (16,17) (16,18) (17,0) (17,1) (17,2) (17,3) (17,4) (17,5) (17,6) (17,7) (17,8) (17,9) (17,10) (17,11) (17,12) (17,13) (17,14) (17,15) (17,16) (17,17) (17,18) (18,0) (18,1) (18,2) (18,3) (18,4) (18,5) (18,6) (18,7) (18,8) (18,9) (18,10) (18,11) (18,12) (18,13) (18,14) (18,15) (18,16) (18,17) (18,18) (19,0) (19,1) (19,2) (19,3) (19,4) (19,5) (19,6) (19,7) (19,8) (19,9) (19,10) (19,11) (19,12) (19,13) (19,14) (19,15) (19,16) (19,17) (19,18) (20,0) (20,1) (20,2) (20,3) (20,4) (20,5) (20,6) (20,7) (20,8) (20,9) (20,10) (20,11) (20,12) (20,13) (20,14) (20,15) (20,16) (20,17) (20,18) (21,0) (21,1) (21,2) (21,3) (21,4) (21,5) (21,6) (21,7) (21,8) (21,9) (21,10) (21,11) (21,12) (21,13) (21,14) (21,15) (21,16) (21,17) (21,18) (22,0) (22,1) (22,2) (22,3) (22,4) (22,5) (22,6) (22,7) (22,8) (22,9) (22,10) (22,11) (22,12) (22,13) (22,14) (22,15) (22,16) (22,17) (22,18)   also met at 1 more region(s)
  O207 MM[O207] (1D) seats (0,0) (0,1) (0,2) (0,3) (0,4) (0,5) (0,6) (0,7) (0,8) (0,9) (0,10) (0,11) (0,12) (0,13) (0,14) (0,15) (0,16) (0,17) (0,18) (0,19) (0,20) (0,21) (0,22) (1,0) (1,1) (1,2) (1,3) (1,4) (1,5) (1,6) (1,7) (1,8) (1,9) (1,10) (1,11) (1,12) (1,13) (1,14) (1,15) (1,16) (1,17) (1,18) (1,19) (1,20) (1,21) (1,22) (2,0) (2,1) (2,2) (2,3) (2,4) (2,5) (2,6) (2,7) (2,8) (2,9) (2,10) (2,11) (2,12) (2,13) (2,14) (2,15) (2,16) (2,17) (2,18) (2,19) (2,20) (2,21) (2,22) (3,0) (3,1) (3,2) (3,3) (3,4) (3,5) (3,6) (3,7) (3,8) (3,9) (3,10) (3,11) (3,12) (3,13) (3,14) (3,15) (3,16) (3,17) (3,18) (3,19) (3,20) (3,21) (3,22) (4,0) (4,1) (4,2) (4,3) (4,4) (4,5) (4,6) (4,7) (4,8) (4,9) (4,10) (4,11) (4,12) (4,13) (4,14) (4,15) (4,16) (4,17) (4,18) (4,19) (4,20) (4,21) (4,22) (5,0) (5,1) (5,2) (5,3) (5,4) (5,5) (5,6) (5,7) (5,8) (5,9) (5,10) (5,11) (5,12) (5,13) (5,14) (5,15) (5,16) (5,17) (5,18) (5,19) (5,20) (5,21) (5,22) (6,0) (6,1) (6,2) (6,3) (6,4) (6,5) (6,6) (6,7) (6,8) (6,9) (6,10) (6,11) (6,12) (6,13) (6,14) (6,15) (6,16) (6,17) (6,18) (6,19) (6,20) (6,21) (6,22) (7,0) (7,1) (7,2) (7,3) (7,4) (7,5) (7,6) (7,7) (7,8) (7,9) (7,10) (7,11) (7,12) (7,13) (7,14) (7,15) (7,16) (7,17) (7,18) (7,19) (7,20) (7,21) (7,22) (8,0) (8,1) (8,2) (8,3) (8,4) (8,5) (8,6) (8,7) (8,8) (8,9) (8,10) (8,11) (8,12) (8,13) (8,14) (8,15) (8,16) (8,17) (8,18) (8,19) (8,20) (8,21) (8,22) (9,0) (9,1) (9,2) (9,3) (9,4) (9,5) (9,6) (9,7) (9,8) (9,9) (9,10) (9,11) (9,12) (9,13) (9,14) (9,15) (9,16) (9,17) (9,18) (9,19) (9,20) (9,21) (9,22) (10,0) (10,1) (10,2) (10,3) (10,4) (10,5) (10,6) (10,7) (10,8) (10,9) (10,10) (10,11) (10,12) (10,13) (10,14) (10,15) (10,16) (10,17) (10,18) (10,19) (10,20) (10,21) (10,22) (11,0) (11,1) (11,2) (11,3) (11,4) (11,5) (11,6) (11,7) (11,8) (11,9) (11,10) (11,11) (11,12) (11,13) (11,14) (11,15) (11,16) (11,17) (11,18) (11,19) (11,20) (11,21) (11,22) (12,0) (12,1) (12,2) (12,3) (12,4) (12,5) (12,6) (12,7) (12,8) (12,9) (12,10) (12,11) (12,12) (12,13) (12,14) (12,15) (12,16) (12,17) (12,18) (12,19) (12,20) (12,21) (12,22) (13,0) (13,1) (13,2) (13,3) (13,4) (13,5) (13,6) (13,7) (13,8) (13,9) (13,10) (13,11) (13,12) (13,13) (13,14) (13,15) (13,16) (14,0) (14,1) (14,2) (14,3) (14,4) (14,5) (14,6) (14,7) (14,8) (14,9) (14,10) (14,11) (14,12) (14,13) (14,14) (14,15) (14,16) (15,0) (15,1) (15,2) (15,3) (15,4) (15,5) (15,6) (15,7) (15,8) (15,9) (15,10) (15,11) (15,12) (15,13) (15,14) (15,15) (15,16) (16,0) (16,1) (16,2) (16,3) (16,4) (16,5) (16,6) (16,7) (16,8) (16,9) (16,10) (16,11) (16,12) (16,13) (16,14) (16,15) (16,16) (17,0) (17,1) (17,2) (17,3) (17,4) (17,5) (17,6) (17,7) (17,8) (17,9) (17,10) (17,11) (17,12) (17,13) (17,14) (17,15) (17,16) (18,0) (18,1) (18,2) (18,3) (18,4) (18,5) (18,6) (18,7) (18,8) (18,9) (18,10) (18,11) (18,12) (18,13) (18,14) (18,15) (18,16) (19,0) (19,1) (19,2) (19,3) (19,4) (19,5) (19,6) (19,7) (19,8) (19,9) (19,10) (19,11) (19,12) (19,13) (19,14) (19,15) (19,16) (20,0) (20,1) (20,2) (20,3) (20,4) (20,5) (20,6) (20,7) (20,8) (20,9) (20,10) (20,11) (20,12) (20,13) (20,14) (20,15) (20,16) (21,0) (21,1) (21,2) (21,3) (21,4) (21,5) (21,6) (21,7) (21,8) (21,9) (21,10) (21,11) (21,12) (21,13) (21,14) (21,15) (21,16) (22,0) (22,1) (22,2) (22,3) (22,4) (22,5) (22,6) (22,7) (22,8) (22,9) (22,10) (22,11) (22,12) (22,13) (22,14) (22,15) (22,16)   also met at 1 more region(s)
  O208 MM[O208] (1D) seats (0,0) (0,1) (0,2) (0,3) (0,4) (0,5) (0,6) (0,7) (0,8) (0,9) (0,10) (0,11) (0,12) (0,13) (0,14) (0,15) (0,16) (0,17) (0,18) (0,19) (0,20) (0,21) (0,22) (1,0) (1,1) (1,2) (1,3) (1,4) (1,5) (1,6) (1,7) (1,8) (1,9) (1,10) (1,11) (1,12) (1,13) (1,14) (1,15) (1,16) (1,17) (1,18) (1,19) (1,20) (1,21) (1,22) (2,0) (2,1) (2,2) (2,3) (2,4) (2,5) (2,6) (2,7) (2,8) (2,9) (2,10) (2,11) (2,12) (2,13) (2,14) (2,15) (2,16) (2,17) (2,18) (2,19) (2,20) (2,21) (2,22) (3,0) (3,1) (3,2) (3,3) (3,4) (3,5) (3,6) (3,7) (3,8) (3,9) (3,10) (3,11) (3,12) (3,13) (3,14) (3,15) (3,16) (3,17) (3,18) (3,19) (3,20) (3,21) (3,22) (4,0) (4,1) (4,2) (4,3) (4,4) (4,5) (4,6) (4,7) (4,8) (4,9) (4,10) (4,11) (4,12) (4,13) (4,14) (4,15) (4,16) (4,17) (4,18) (4,19) (4,20) (4,21) (4,22) (5,0) (5,1) (5,2) (5,3) (5,4) (5,5) (5,6) (5,7) (5,8) (5,9) (5,10) (5,11) (5,12) (5,13) (5,14) (5,15) (5,16) (5,17) (5,18) (5,19) (5,20) (5,21) (5,22) (6,0) (6,1) (6,2) (6,3) (6,4) (6,5) (6,6) (6,7) (6,8) (6,9) (6,10) (6,11) (6,12) (6,13) (6,14) (6,15) (6,16) (6,17) (6,18) (6,19) (6,20) (6,21) (6,22) (7,0) (7,1) (7,2) (7,3) (7,4) (7,5) (7,6) (7,7) (7,8) (7,9) (7,10) (7,11) (7,12) (7,13) (7,14) (7,15) (7,16) (7,17) (7,18) (7,19) (7,20) (7,21) (7,22) (8,0) (8,1) (8,2) (8,3) (8,4) (8,5) (8,6) (8,7) (8,8) (8,9) (8,10) (8,11) (8,12) (8,13) (8,14) (8,15) (8,16) (8,17) (8,18) (8,19) (8,20) (8,21) (8,22) (9,0) (9,1) (9,2) (9,3) (9,4) (9,5) (9,6) (9,7) (9,8) (9,9) (9,10) (9,11) (9,12) (9,13) (9,14) (9,15) (9,16) (9,17) (9,18) (9,19) (9,20) (9,21) (9,22) (10,0) (10,1) (10,2) (10,3) (10,4) (10,5) (10,6) (10,7) (10,8) (10,9) (10,10) (10,11) (10,12) (10,13) (10,14) (10,15) (10,16) (10,17) (10,18) (10,19) (10,20) (10,21) (10,22) (11,0) (11,1) (11,2) (11,3) (11,4) (11,5) (11,6) (11,7) (11,8) (11,9) (11,10) (11,11) (11,12) (11,13) (11,14) (11,15) (11,16) (11,17) (11,18) (11,19) (11,20) (11,21) (11,22) (12,0) (12,1) (12,2) (12,3) (12,4) (12,5) (12,6) (12,7) (12,8) (12,9) (12,10) (12,11) (12,12) (12,13) (12,14) (12,15) (12,16) (12,17) (12,18) (12,19) (12,20) (12,21) (12,22) (13,0) (14,0) (15,0) (16,0) (17,0) (18,0)   also met at 1 more region(s)
  O209 MM[O209] (1D) seats (0,0) (0,1) (0,2) (0,3) (0,4) (0,5) (0,6) (0,7) (0,8) (0,9) (0,10) (0,11) (0,12) (0,13) (0,14) (0,15) (0,16) (1,0) (1,1) (1,2) (1,3) (1,4) (1,5) (1,6) (1,7) (1,8) (1,9) (1,10) (1,11) (1,12) (1,13) (1,14) (1,15) (1,16) (2,0) (2,1) (2,2) (2,3) (2,4) (2,5) (2,6) (2,7) (2,8) (2,9) (2,10) (2,11) (2,12) (2,13) (2,14) (2,15) (2,16) (3,0) (3,1) (3,2) (3,3) (3,4) (3,5) (3,6) (3,7) (3,8) (3,9) (3,10) (3,11) (3,12) (3,13) (3,14) (3,15) (3,16) (4,0) (4,1) (4,2) (4,3) (4,4) (4,5) (4,6) (4,7) (4,8) (4,9) (4,10) (4,11) (4,12) (4,13) (4,14) (4,15) (4,16) (5,0) (5,1) (5,2) (5,3) (5,4) (5,5) (5,6) (5,7) (5,8) (5,9) (5,10) (5,11) (5,12) (5,13) (5,14) (5,15) (5,16) (6,0) (6,1) (6,2) (6,3) (6,4) (6,5) (6,6) (6,7) (6,8) (6,9) (6,10) (6,11) (6,12) (6,13) (6,14) (6,15) (6,16) (7,0) (7,1) (7,2) (7,3) (7,4) (7,5) (7,6) (7,7) (7,8) (7,9) (7,10) (7,11) (7,12) (7,13) (7,14) (7,15) (7,16) (8,0) (8,1) (8,2) (8,3) (8,4) (8,5) (8,6) (8,7) (8,8) (8,9) (8,10) (8,11) (8,12) (8,13) (8,14) (8,15) (8,16) (9,0) (9,1) (9,2) (9,3) (9,4) (9,5) (9,6) (9,7) (9,8) (9,9) (9,10) (9,11) (9,12) (9,13) (9,14) (9,15) (9,16) (10,0) (10,1) (10,2) (10,3) (10,4) (10,5) (10,6) (10,7) (10,8) (10,9) (10,10) (10,11) (10,12) (10,13) (10,14) (10,15) (10,16) (11,0) (11,1) (11,2) (11,3) (11,4) (11,5) (11,6) (11,7) (11,8) (11,9) (11,10) (11,11) (11,12) (11,13) (11,14) (11,15) (11,16) (12,0) (12,1) (12,2) (12,3) (12,4) (12,5) (12,6) (12,7) (12,8) (12,9) (12,10) (12,11) (12,12) (12,13) (12,14) (12,15) (12,16) (13,0) (13,1) (13,2) (13,3) (13,4) (13,5) (13,6) (13,7) (13,8) (13,9) (13,10) (13,11) (13,12) (13,13) (13,14) (13,15) (13,16) (14,0) (14,1) (14,2) (14,3) (14,4) (14,5) (14,6) (14,7) (14,8) (14,9) (14,10) (14,11) (14,12) (14,13) (14,14) (14,15) (14,16) (15,0) (15,1) (15,2) (15,3) (15,4) (15,5) (15,6) (15,7) (15,8) (15,9) (15,10) (15,11) (15,12) (15,13) (15,14) (15,15) (15,16) (16,0) (16,1) (16,2) (16,3) (16,4) (16,5) (16,6) (16,7) (16,8) (16,9) (16,10) (16,11) (16,12) (16,13) (16,14) (16,15) (16,16) (17,0) (17,1) (17,2) (17,3) (17,4) (17,5) (17,6) (17,7) (17,8) (17,9) (17,10) (17,11) (17,12) (17,13) (17,14) (17,15) (17,16) (18,0) (18,1) (18,2) (18,3) (18,4) (18,5) (18,6) (18,7) (18,8) (18,9) (18,10) (18,11) (18,12) (18,13) (18,14) (18,15) (18,16) (0,17) (0,18) (0,19) (0,20) (0,21) (0,22) (1,17) (1,18) (1,19) (1,20) (1,21) (1,22) (2,17) (2,18) (2,19) (2,20) (2,21) (2,22) (3,17) (3,18) (3,19) (3,20) (3,21) (3,22) (4,17) (4,18) (4,19) (4,20) (4,21) (4,22) (5,17) (5,18) (5,19) (5,20) (5,21) (5,22) (6,17) (6,18) (6,19) (6,20) (6,21) (6,22) (7,17) (7,18) (7,19) (7,20) (7,21) (7,22) (8,17) (8,18) (8,19) (8,20) (8,21) (8,22) (9,17) (9,18) (9,19) (9,20) (9,21) (9,22) (10,17) (10,18) (10,19) (10,20) (10,21) (10,22) (11,17) (11,18) (11,19) (11,20) (11,21) (11,22) (12,17) (12,18) (12,19) (12,20) (12,21) (12,22) (13,17) (13,18) (13,19) (13,20) (13,21) (13,22) (14,17) (14,18) (14,19) (14,20) (14,21) (14,22) (15,17) (15,18) (15,19) (15,20) (15,21) (15,22) (16,17) (16,18) (16,19) (16,20) (16,21) (16,22)   also met at 1 more region(s)
  O210 MM[O210] (1D) seats (0,0) (0,1) (0,2) (0,3) (0,4) (0,5) (0,6) (0,7) (0,8) (0,9) (0,10) (0,11) (0,12) (0,13) (0,14) (0,15) (0,16) (0,17) (0,18) (0,19) (0,20) (0,21) (0,22) (1,0) (1,1) (1,2) (1,3) (1,4) (1,5) (1,6) (1,7) (1,8) (1,9) (1,10) (1,11) (1,12) (1,13) (1,14) (1,15) (1,16) (1,17) (1,18) (1,19) (1,20) (1,21) (1,22) (2,0) (2,1) (2,2) (2,3) (2,4) (2,5) (2,6) (2,7) (2,8) (2,9) (2,10) (2,11) (2,12) (2,13) (2,14) (2,15) (2,16) (2,17) (2,18) (2,19) (2,20) (2,21) (2,22) (3,0) (3,1) (3,2) (3,3) (3,4) (3,5) (3,6) (3,7) (3,8) (3,9) (3,10) (3,11) (3,12) (3,13) (3,14) (3,15) (3,16) (3,17) (3,18) (3,19) (3,20) (3,21) (3,22) (4,0) (4,1) (4,2) (4,3) (4,4) (4,5) (4,6) (4,7) (4,8) (4,9) (4,10) (4,11) (4,12) (4,13) (4,14) (4,15) (4,16) (4,17) (4,18) (4,19) (4,20) (4,21) (4,22) (5,0) (5,1) (5,2) (5,3) (5,4) (5,5) (5,6) (5,7) (5,8) (5,9) (5,10) (5,11) (5,12) (5,13) (5,14) (5,15) (5,16) (5,17) (5,18) (5,19) (5,20) (5,21) (5,22) (6,0) (6,1) (6,2) (6,3) (6,4) (6,5) (6,6) (6,7) (6,8) (6,9) (6,10) (6,11) (6,12) (6,13) (6,14) (6,15) (6,16) (6,17) (6,18) (6,19) (6,20) (6,21) (6,22) (7,0) (7,1) (7,2) (7,3) (7,4) (7,5) (7,6) (7,7) (7,8) (7,9) (7,10) (7,11) (7,12) (7,13) (7,14) (7,15) (7,16) (7,17) (7,18) (7,19) (7,20) (7,21) (7,22) (8,0) (8,1) (8,2) (8,3) (8,4) (8,5) (8,6) (8,7) (8,8) (8,9) (8,10) (8,11) (8,12) (8,13) (8,14) (8,15) (8,16) (8,17) (8,18) (8,19) (8,20) (8,21) (8,22) (9,0) (9,1) (9,2) (9,3) (9,4) (9,5) (9,6) (9,7) (9,8) (9,9) (9,10) (9,11) (9,12) (9,13) (9,14) (9,15) (9,16) (9,17) (9,18) (9,19) (9,20) (9,21) (9,22) (10,0) (10,1) (10,2) (10,3) (10,4) (10,5) (10,6) (10,7) (10,8) (10,9) (10,10) (10,11) (10,12) (10,13) (10,14) (10,15) (10,16) (10,17) (10,18) (10,19) (10,20) (10,21) (10,22) (11,0) (11,1) (11,2) (11,3) (11,4) (11,5) (11,6) (11,7) (11,8) (11,9) (11,10) (11,11) (11,12) (11,13) (11,14) (11,15) (11,16) (11,17) (11,18) (11,19) (11,20) (11,21) (11,22) (12,0) (12,1) (12,2) (12,3) (12,4) (12,5) (12,6) (12,7) (12,8) (12,9) (12,10) (12,11) (12,12) (12,13) (12,14) (12,15) (12,16) (12,17) (12,18) (12,19) (12,20) (12,21) (12,22) (13,0) (13,1) (13,2) (13,3) (13,4) (13,5) (13,6) (13,7) (13,8) (13,9) (13,10) (13,11) (13,12) (13,13) (13,14) (13,15) (13,16) (13,17) (13,18) (13,19) (13,20) (13,21) (13,22) (14,0) (14,1) (14,2) (14,3) (14,4) (14,5) (14,6) (14,7) (14,8) (14,9) (14,10) (14,11) (14,12) (14,13) (14,14) (14,15) (14,16) (14,17) (14,18) (14,19) (14,20) (14,21) (14,22) (15,0) (15,1) (15,2) (15,3) (15,4) (15,5) (15,6) (15,7) (15,8) (15,9) (15,10) (15,11) (15,12) (15,13) (15,14) (15,15) (15,16) (15,17) (15,18) (15,19) (15,20) (15,21) (15,22) (16,0) (16,1) (16,2) (16,3) (16,4) (16,5) (16,6) (16,7) (16,8) (16,9) (16,10) (16,11) (16,12) (16,13) (16,14) (16,15) (16,16) (16,17) (16,18) (16,19) (16,20) (16,21) (16,22) (17,0) (17,1) (17,2) (17,3) (17,4) (17,5) (17,6) (17,7) (17,8) (17,9) (17,10) (17,11) (17,12) (17,13) (17,14) (17,15) (17,16) (17,17) (17,18) (17,19) (17,20) (17,21) (17,22) (18,0) (18,1) (18,2) (18,3) (18,4) (18,5) (18,6) (18,7) (18,8) (18,9) (18,10) (18,11) (18,12) (18,13) (18,14) (18,15) (18,16) (18,17) (18,18) (18,19) (18,20) (18,21) (18,22) (19,0) (19,1) (19,2) (19,3) (19,4) (19,5) (19,6) (19,7) (19,8) (19,9) (19,10) (19,11) (19,12) (19,13) (19,14) (19,15) (19,16) (19,17) (19,18) (20,0) (20,1) (20,2) (20,3) (20,4) (20,5) (20,6) (20,7) (20,8) (20,9) (20,10) (20,11) (20,12) (20,13) (20,14) (20,15) (20,16) (20,17) (20,18) (21,0) (21,1) (21,2) (21,3) (21,4) (21,5) (21,6) (21,7) (21,8) (21,9) (21,10) (21,11) (21,12) (21,13) (21,14) (21,15) (21,16) (21,17) (21,18) (22,0) (22,1) (22,2) (22,3) (22,4) (22,5) (22,6) (22,7) (22,8) (22,9) (22,10) (22,11) (22,12) (22,13) (22,14) (22,15) (22,16) (22,17) (22,18)
  O211 MM[O211] (1D) seats (0,0) (0,1) (0,2) (0,3) (0,4) (0,5) (0,6) (0,7) (0,8) (0,9) (0,10) (0,11) (0,12) (0,13) (0,14) (0,15) (0,16) (0,17) (0,18) (0,19) (0,20) (0,21) (0,22) (1,0) (1,1) (1,2) (1,3) (1,4) (1,5) (1,6) (1,7) (1,8) (1,9) (1,10) (1,11) (1,12) (1,13) (1,14) (1,15) (1,16) (1,17) (1,18) (1,19) (1,20) (1,21) (1,22) (2,0) (2,1) (2,2) (2,3) (2,4) (2,5) (2,6) (2,7) (2,8) (2,9) (2,10) (2,11) (2,12) (2,13) (2,14) (2,15) (2,16) (2,17) (2,18) (2,19) (2,20) (2,21) (2,22) (3,0) (3,1) (3,2) (3,3) (3,4) (3,5) (3,6) (3,7) (3,8) (3,9) (3,10) (3,11) (3,12) (3,13) (3,14) (3,15) (3,16) (3,17) (3,18) (3,19) (3,20) (3,21) (3,22) (4,0) (4,1) (4,2) (4,3) (4,4) (4,5) (4,6) (4,7) (4,8) (4,9) (4,10) (4,11) (4,12) (4,13) (4,14) (4,15) (4,16) (4,17) (4,18) (4,19) (4,20) (4,21) (4,22) (5,0) (5,1) (5,2) (5,3) (5,4) (5,5) (5,6) (5,7) (5,8) (5,9) (5,10) (5,11) (5,12) (5,13) (5,14) (5,15) (5,16) (5,17) (5,18) (5,19) (5,20) (5,21) (5,22) (6,0) (6,1) (6,2) (6,3) (6,4) (6,5) (6,6) (6,7) (6,8) (6,9) (6,10) (6,11) (6,12) (6,13) (6,14) (6,15) (6,16) (6,17) (6,18) (6,19) (6,20) (6,21) (6,22) (7,0) (7,1) (7,2) (7,3) (7,4) (7,5) (7,6) (7,7) (7,8) (7,9) (7,10) (7,11) (7,12) (7,13) (7,14) (7,15) (7,16) (7,17) (7,18) (7,19) (7,20) (7,21) (7,22) (8,0) (8,1) (8,2) (8,3) (8,4) (8,5) (8,6) (8,7) (8,8) (8,9) (8,10) (8,11) (8,12) (8,13) (8,14) (8,15) (8,16) (8,17) (8,18) (8,19) (8,20) (8,21) (8,22) (9,0) (9,1) (9,2) (9,3) (9,4) (9,5) (9,6) (9,7) (9,8) (9,9) (9,10) (9,11) (9,12) (9,13) (9,14) (9,15) (9,16) (9,17) (9,18) (9,19) (9,20) (9,21) (9,22) (10,0) (10,1) (10,2) (10,3) (10,4) (10,5) (10,6) (10,7) (10,8) (10,9) (10,10) (10,11) (10,12) (10,13) (10,14) (10,15) (10,16) (10,17) (10,18) (10,19) (10,20) (10,21) (10,22) (11,0) (11,1) (11,2) (11,3) (11,4) (11,5) (11,6) (11,7) (11,8) (11,9) (11,10) (11,11) (11,12) (11,13) (11,14) (11,15) (11,16) (11,17) (11,18) (11,19) (11,20) (11,21) (11,22) (12,0) (12,1) (12,2) (12,3) (12,4) (12,5) (12,6) (12,7) (12,8) (12,9) (12,10) (12,11) (12,12) (12,13) (12,14) (12,15) (12,16) (12,17) (12,18) (12,19) (12,20) (12,21) (12,22) (13,0) (13,1) (13,2) (13,3) (13,4) (13,5) (13,6) (13,7) (13,8) (13,9) (13,10) (13,11) (13,12) (13,13) (13,14) (13,15) (13,16) (13,17) (13,18) (13,19) (13,20) (13,21) (13,22) (14,0) (14,1) (14,2) (14,3) (14,4) (14,5) (14,6) (14,7) (14,8) (14,9) (14,10) (14,11) (14,12) (14,13) (14,14) (14,15) (14,16) (14,17) (14,18) (14,19) (14,20) (14,21) (14,22) (15,0) (15,1) (15,2) (15,3) (15,4) (15,5) (15,6) (15,7) (15,8) (15,9) (15,10) (15,11) (15,12) (15,13) (15,14) (15,15) (15,16) (15,17) (15,18) (15,19) (15,20) (15,21) (15,22) (16,0) (16,1) (16,2) (16,3) (16,4) (16,5) (16,6) (16,7) (16,8) (16,9) (16,10) (16,11) (16,12) (16,13) (16,14) (16,15) (16,16) (16,17) (16,18) (16,19) (16,20) (16,21) (16,22) (17,0) (17,1) (17,2) (17,3) (17,4) (17,5) (17,6) (17,7) (17,8) (17,9) (17,10) (17,11) (17,12) (17,13) (17,14) (17,15) (17,16) (17,17) (17,18) (17,19) (17,20) (17,21) (17,22) (18,0) (18,1) (18,2) (18,3) (18,4) (18,5) (18,6) (18,7) (18,8) (18,9) (18,10) (18,11) (18,12) (18,13) (18,14) (18,15) (18,16) (18,17) (18,18) (18,19) (18,20) (18,21) (18,22) (19,0) (19,1) (19,2) (19,3) (19,4) (19,5) (19,6) (19,7) (19,8) (19,9) (19,10) (20,0) (20,1) (20,2) (20,3) (20,4) (20,5) (20,6) (20,7) (20,8) (20,9) (20,10) (21,0) (21,1) (21,2) (21,3) (21,4) (21,5) (21,6) (21,7) (21,8) (21,9) (21,10) (22,0) (22,1) (22,2) (22,3) (22,4) (22,5) (22,6) (22,7) (22,8) (22,9) (22,10)   also met at 1 more region(s)
  O212 MM[O212] (1D) seats (0,0) (0,1) (0,2) (0,3) (0,4) (0,5) (0,6) (0,7) (0,8) (0,9) (0,10) (0,11) (0,12) (0,13) (0,14) (0,15) (0,16) (0,17) (0,18) (0,19) (0,20) (0,21) (0,22) (1,0) (1,1) (1,2) (1,3) (1,4) (1,5) (1,6) (1,7) (1,8) (1,9) (1,10) (1,11) (1,12) (1,13) (1,14) (1,15) (1,16) (1,17) (1,18) (1,19) (1,20) (1,21) (1,22) (2,0) (2,1) (2,2) (2,3) (2,4) (2,5) (2,6) (2,7) (2,8) (2,9) (2,10) (2,11) (2,12) (2,13) (2,14) (2,15) (2,16) (2,17) (2,18) (2,19) (2,20) (2,21) (2,22) (3,0) (3,1) (3,2) (3,3) (3,4) (3,5) (3,6) (3,7) (3,8) (3,9) (3,10) (3,11) (3,12) (3,13) (3,14) (3,15) (3,16) (3,17) (3,18) (3,19) (3,20) (3,21) (3,22) (4,0) (4,1) (4,2) (4,3) (4,4) (4,5) (4,6) (4,7) (4,8) (4,9) (4,10) (4,11) (4,12) (4,13) (4,14) (4,15) (4,16) (4,17) (4,18) (4,19) (4,20) (4,21) (4,22) (5,0) (5,1) (5,2) (5,3) (5,4) (5,5) (5,6) (5,7) (5,8) (5,9) (5,10) (5,11) (5,12) (5,13) (5,14) (5,15) (5,16) (5,17) (5,18) (5,19) (5,20) (5,21) (5,22) (6,0) (6,1) (6,2) (6,3) (6,4) (6,5) (6,6) (6,7) (6,8) (6,9) (6,10) (6,11) (6,12) (6,13) (6,14) (6,15) (6,16) (6,17) (6,18) (6,19) (6,20) (6,21) (6,22) (7,0) (7,1) (7,2) (7,3) (7,4) (7,5) (7,6) (7,7) (7,8) (7,9) (7,10) (7,11) (7,12) (7,13) (7,14) (7,15) (7,16) (7,17) (7,18) (7,19) (7,20) (7,21) (7,22) (8,0) (8,1) (8,2) (8,3) (8,4) (8,5) (8,6) (8,7) (8,8) (8,9) (8,10) (8,11) (8,12) (8,13) (8,14) (8,15) (8,16) (8,17) (8,18) (8,19) (8,20) (8,21) (8,22) (9,0) (9,1) (9,2) (9,3) (9,4) (9,5) (9,6) (9,7) (9,8) (9,9) (9,10) (9,11) (9,12) (9,13) (9,14) (9,15) (9,16) (9,17) (9,18) (9,19) (9,20) (9,21) (9,22) (10,0) (10,1) (10,2) (10,3) (10,4) (10,5) (10,6) (10,7) (10,8) (10,9) (10,10) (10,11) (10,12) (10,13) (10,14) (10,15) (10,16) (10,17) (10,18) (10,19) (10,20) (10,21) (10,22) (11,0) (11,1) (11,2) (11,3) (11,4) (11,5) (11,6) (11,7) (11,8) (11,9) (11,10) (11,11) (11,12) (11,13) (11,14) (11,15) (11,16) (11,17) (11,18) (11,19) (11,20) (11,21) (11,22) (12,0) (12,1) (12,2) (12,3) (12,4) (12,5) (12,6) (12,7) (12,8) (12,9) (12,10) (12,11) (12,12) (12,13) (12,14) (12,15) (12,16) (12,17) (12,18) (12,19) (12,20) (12,21) (12,22) (13,0) (13,1) (13,2) (13,3) (13,4) (13,5) (13,6) (13,7) (13,8) (13,9) (13,10) (13,11) (13,12) (13,13) (13,14) (13,15) (13,16) (13,17) (13,18) (13,19) (13,20) (13,21) (13,22) (14,0) (14,1) (14,2) (14,3) (14,4) (14,5) (14,6) (14,7) (14,8) (14,9) (14,10) (14,11) (14,12) (14,13) (14,14) (14,15) (14,16) (14,17) (14,18) (14,19) (14,20) (14,21) (14,22) (15,0) (15,1) (15,2) (15,3) (15,4) (15,5) (15,6) (15,7) (15,8) (15,9) (15,10) (15,11) (15,12) (15,13) (15,14) (15,15) (15,16) (15,17) (15,18) (15,19) (15,20) (15,21) (15,22) (16,0) (16,1) (16,2) (16,3) (16,4) (16,5) (16,6) (16,7) (16,8) (16,9) (16,10) (16,11) (16,12) (16,13) (16,14) (16,15) (16,16) (16,17) (16,18) (16,19) (16,20) (16,21) (16,22) (17,0) (17,1) (17,2) (17,3) (17,4) (17,5) (17,6) (17,7) (17,8) (17,9) (17,10) (17,11) (17,12) (17,13) (17,14) (17,15) (17,16) (17,17) (17,18) (17,19) (17,20) (17,21) (17,22) (18,0) (18,1) (18,2) (18,3) (18,4) (18,5) (18,6) (18,7) (18,8) (18,9) (18,10) (18,11) (18,12) (18,13) (18,14) (18,15) (18,16) (18,17) (18,18) (18,19) (18,20) (18,21) (18,22) (19,0) (19,1) (19,2) (19,3) (19,4) (19,5) (19,6) (19,7) (19,8) (19,9) (19,10) (19,11) (19,12) (19,13) (19,14) (19,15) (19,16) (20,0) (20,1) (20,2) (20,3) (20,4) (20,5) (20,6) (20,7) (20,8) (20,9) (20,10) (20,11) (20,12) (20,13) (20,14) (20,15) (20,16) (21,0) (21,1) (21,2) (21,3) (21,4) (21,5) (21,6) (21,7) (21,8) (21,9) (21,10) (21,11) (21,12) (21,13) (21,14) (21,15) (21,16) (22,0) (22,1) (22,2) (22,3) (22,4) (22,5) (22,6) (22,7) (22,8) (22,9) (22,10) (22,11) (22,12) (22,13) (22,14) (22,15) (22,16)   also met at 1 more region(s)
  O213 MM[O213] (1D) seats (0,0) (0,1) (0,2) (0,3) (0,4) (0,5) (0,6) (0,7) (0,8) (0,9) (0,10) (0,11) (0,12) (0,13) (0,14) (0,15) (0,16) (0,17) (0,18) (0,19) (0,20) (0,21) (0,22) (1,0) (1,1) (1,2) (1,3) (1,4) (1,5) (1,6) (1,7) (1,8) (1,9) (1,10) (1,11) (1,12) (1,13) (1,14) (1,15) (1,16) (1,17) (1,18) (1,19) (1,20) (1,21) (1,22) (2,0) (2,1) (2,2) (2,3) (2,4) (2,5) (2,6) (2,7) (2,8) (2,9) (2,10) (2,11) (2,12) (2,13) (2,14) (2,15) (2,16) (2,17) (2,18) (2,19) (2,20) (2,21) (2,22) (3,0) (3,1) (3,2) (3,3) (3,4) (3,5) (3,6) (3,7) (3,8) (3,9) (3,10) (3,11) (3,12) (3,13) (3,14) (3,15) (3,16) (3,17) (3,18) (3,19) (3,20) (3,21) (3,22) (4,0) (4,1) (4,2) (4,3) (4,4) (4,5) (4,6) (4,7) (4,8) (4,9) (4,10) (4,11) (4,12) (4,13) (4,14) (4,15) (4,16) (4,17) (4,18) (4,19) (4,20) (4,21) (4,22) (5,0) (5,1) (5,2) (5,3) (5,4) (5,5) (5,6) (5,7) (5,8) (5,9) (5,10) (5,11) (5,12) (5,13) (5,14) (5,15) (5,16) (5,17) (5,18) (5,19) (5,20) (5,21) (5,22) (6,0) (6,1) (6,2) (6,3) (6,4) (6,5) (6,6) (6,7) (6,8) (6,9) (6,10) (6,11) (6,12) (6,13) (6,14) (6,15) (6,16) (6,17) (6,18) (6,19) (6,20) (6,21) (6,22) (7,0) (7,1) (7,2) (7,3) (7,4) (7,5) (7,6) (7,7) (7,8) (7,9) (7,10) (7,11) (7,12) (7,13) (7,14) (7,15) (7,16) (7,17) (7,18) (7,19) (7,20) (7,21) (7,22) (8,0) (8,1) (8,2) (8,3) (8,4) (8,5) (8,6) (8,7) (8,8) (8,9) (8,10) (8,11) (8,12) (8,13) (8,14) (8,15) (8,16) (8,17) (8,18) (8,19) (8,20) (8,21) (8,22) (9,0) (9,1) (9,2) (9,3) (9,4) (9,5) (9,6) (9,7) (9,8) (9,9) (9,10) (9,11) (9,12) (9,13) (9,14) (9,15) (9,16) (9,17) (9,18) (9,19) (9,20) (9,21) (9,22) (10,0) (10,1) (10,2) (10,3) (10,4) (10,5) (10,6) (10,7) (10,8) (10,9) (10,10) (10,11) (10,12) (10,13) (10,14) (10,15) (10,16) (10,17) (10,18) (10,19) (10,20) (10,21) (10,22) (11,0) (11,1) (11,2) (11,3) (11,4) (11,5) (11,6) (11,7) (11,8) (11,9) (11,10) (11,11) (11,12) (11,13) (11,14) (11,15) (11,16) (11,17) (11,18) (11,19) (11,20) (11,21) (11,22) (12,0) (12,1) (12,2) (12,3) (12,4) (12,5) (12,6) (12,7) (12,8) (12,9) (12,10) (12,11) (12,12) (12,13) (12,14) (12,15) (12,16) (12,17) (12,18) (12,19) (12,20) (12,21) (12,22) (13,0) (13,1) (13,2) (13,3) (13,4) (13,5) (13,6) (13,7) (13,8) (13,9) (13,10) (13,11) (13,12) (13,13) (13,14) (13,15) (13,16) (13,17) (13,18) (13,19) (13,20) (13,21) (13,22) (14,0) (14,1) (14,2) (14,3) (14,4) (14,5) (14,6) (14,7) (14,8) (14,9) (14,10) (14,11) (14,12) (14,13) (14,14) (14,15) (14,16) (14,17) (14,18) (14,19) (14,20) (14,21) (14,22) (15,0) (15,1) (15,2) (15,3) (15,4) (15,5) (15,6) (15,7) (15,8) (15,9) (15,10) (15,11) (15,12) (15,13) (15,14) (15,15) (15,16) (15,17) (15,18) (15,19) (15,20) (15,21) (15,22) (16,0) (16,1) (16,2) (16,3) (16,4) (16,5) (16,6) (16,7) (16,8) (16,9) (16,10) (16,11) (16,12) (16,13) (16,14) (16,15) (16,16) (16,17) (16,18) (16,19) (16,20) (16,21) (16,22) (17,0) (17,1) (17,2) (17,3) (17,4) (17,5) (17,6) (17,7) (17,8) (17,9) (17,10) (17,11) (17,12) (17,13) (17,14) (17,15) (17,16) (17,17) (17,18) (17,19) (17,20) (17,21) (17,22) (18,0) (18,1) (18,2) (18,3) (18,4) (18,5) (18,6) (18,7) (18,8) (18,9) (18,10) (18,11) (18,12) (18,13) (18,14) (18,15) (18,16) (18,17) (18,18) (18,19) (18,20) (18,21) (18,22) (19,0) (20,0) (21,0) (22,0)   also met at 1 more region(s)
  O214 MM[O214] (1D) seats (0,0) (0,1) (0,2) (0,3) (0,4) (0,5) (0,6) (0,7) (0,8) (0,9) (0,10) (0,11) (0,12) (0,13) (0,14) (0,15) (0,16) (0,17) (0,18) (0,19) (0,20) (0,21) (0,22) (1,0) (1,1) (1,2) (1,3) (1,4) (1,5) (1,6) (1,7) (1,8) (1,9) (1,10) (1,11) (1,12) (1,13) (1,14) (1,15) (1,16) (1,17) (1,18) (1,19) (1,20) (1,21) (1,22) (2,0) (2,1) (2,2) (2,3) (2,4) (2,5) (2,6) (2,7) (2,8) (2,9) (2,10) (2,11) (2,12) (2,13) (2,14) (2,15) (2,16) (2,17) (2,18) (2,19) (2,20) (2,21) (2,22) (3,0) (3,1) (3,2) (3,3) (3,4) (3,5) (3,6) (3,7) (3,8) (3,9) (3,10) (3,11) (3,12) (3,13) (3,14) (3,15) (3,16) (3,17) (3,18) (3,19) (3,20) (3,21) (3,22) (4,0) (4,1) (4,2) (4,3) (4,4) (4,5) (4,6) (4,7) (4,8) (4,9) (4,10) (4,11) (4,12) (4,13) (4,14) (4,15) (4,16) (4,17) (4,18) (4,19) (4,20) (4,21) (4,22) (5,0) (5,1) (5,2) (5,3) (5,4) (5,5) (5,6) (5,7) (5,8) (5,9) (5,10) (5,11) (5,12) (5,13) (5,14) (5,15) (5,16) (5,17) (5,18) (5,19) (5,20) (5,21) (5,22) (6,0) (6,1) (6,2) (6,3) (6,4) (6,5) (6,6) (6,7) (6,8) (6,9) (6,10) (6,11) (6,12) (6,13) (6,14) (6,15) (6,16) (6,17) (6,18) (6,19) (6,20) (6,21) (6,22) (7,0) (7,1) (7,2) (7,3) (7,4) (7,5) (7,6) (7,7) (7,8) (7,9) (7,10) (7,11) (7,12) (7,13) (7,14) (7,15) (7,16) (7,17) (7,18) (7,19) (7,20) (7,21) (7,22) (8,0) (8,1) (8,2) (8,3) (8,4) (8,5) (8,6) (8,7) (8,8) (8,9) (8,10) (8,11) (8,12) (8,13) (8,14) (8,15) (8,16) (8,17) (8,18) (8,19) (8,20) (8,21) (8,22) (9,0) (9,1) (9,2) (9,3) (9,4) (9,5) (9,6) (9,7) (9,8) (9,9) (9,10) (9,11) (9,12) (9,13) (9,14) (9,15) (9,16) (9,17) (9,18) (9,19) (9,20) (9,21) (9,22) (10,0) (10,1) (10,2) (10,3) (10,4) (10,5) (10,6) (10,7) (10,8) (10,9) (10,10) (10,11) (10,12) (10,13) (10,14) (10,15) (10,16) (10,17) (10,18) (10,19) (10,20) (10,21) (10,22) (11,0) (11,1) (11,2) (11,3) (11,4) (11,5) (11,6) (11,7) (11,8) (11,9) (11,10) (11,11) (11,12) (11,13) (11,14) (11,15) (11,16) (12,0) (12,1) (12,2) (12,3) (12,4) (12,5) (12,6) (12,7) (12,8) (12,9) (12,10) (12,11) (12,12) (12,13) (12,14) (12,15) (12,16) (13,0) (13,1) (13,2) (13,3) (13,4) (13,5) (13,6) (13,7) (13,8) (13,9) (13,10) (13,11) (13,12) (13,13) (13,14) (13,15) (13,16) (14,0) (14,1) (14,2) (14,3) (14,4) (14,5) (14,6) (14,7) (14,8) (14,9) (14,10) (14,11) (14,12) (14,13) (14,14) (14,15) (14,16) (15,0) (15,1) (15,2) (15,3) (15,4) (15,5) (15,6) (15,7) (15,8) (15,9) (15,10) (15,11) (15,12) (15,13) (15,14) (15,15) (15,16) (16,0) (16,1) (16,2) (16,3) (16,4) (16,5) (16,6) (16,7) (16,8) (16,9) (16,10) (16,11) (16,12) (16,13) (16,14) (16,15) (16,16)   also met at 1 more region(s)
  O215 MM[O215] (1D) seats (0,0) (0,1) (0,2) (0,3) (0,4) (0,5) (0,6) (0,7) (0,8) (0,9) (0,10) (0,11) (0,12) (0,13) (0,14) (0,15) (0,16) (0,17) (0,18) (0,19) (0,20) (0,21) (0,22) (1,0) (1,1) (1,2) (1,3) (1,4) (1,5) (1,6) (1,7) (1,8) (1,9) (1,10) (1,11) (1,12) (1,13) (1,14) (1,15) (1,16) (1,17) (1,18) (1,19) (1,20) (1,21) (1,22) (2,0) (2,1) (2,2) (2,3) (2,4) (2,5) (2,6) (2,7) (2,8) (2,9) (2,10) (2,11) (2,12) (2,13) (2,14) (2,15) (2,16) (2,17) (2,18) (2,19) (2,20) (2,21) (2,22) (3,0) (3,1) (3,2) (3,3) (3,4) (3,5) (3,6) (3,7) (3,8) (3,9) (3,10) (3,11) (3,12) (3,13) (3,14) (3,15) (3,16) (3,17) (3,18) (3,19) (3,20) (3,21) (3,22) (4,0) (4,1) (4,2) (4,3) (4,4) (4,5) (4,6) (4,7) (4,8) (4,9) (4,10) (4,11) (4,12) (4,13) (4,14) (4,15) (4,16) (4,17) (4,18) (4,19) (4,20) (4,21) (4,22) (5,0) (5,1) (5,2) (5,3) (5,4) (5,5) (5,6) (5,7) (5,8) (5,9) (5,10) (5,11) (5,12) (5,13) (5,14) (5,15) (5,16) (5,17) (5,18) (5,19) (5,20) (5,21) (5,22) (6,0) (6,1) (6,2) (6,3) (6,4) (6,5) (6,6) (6,7) (6,8) (6,9) (6,10) (6,11) (6,12) (6,13) (6,14) (6,15) (6,16) (6,17) (6,18) (6,19) (6,20) (6,21) (6,22) (7,0) (7,1) (7,2) (7,3) (7,4) (7,5) (7,6) (7,7) (7,8) (7,9) (7,10) (7,11) (7,12) (7,13) (7,14) (7,15) (7,16) (7,17) (7,18) (7,19) (7,20) (7,21) (7,22) (8,0) (8,1) (8,2) (8,3) (8,4) (8,5) (8,6) (8,7) (8,8) (8,9) (8,10) (8,11) (8,12) (8,13) (8,14) (8,15) (8,16) (8,17) (8,18) (8,19) (8,20) (8,21) (8,22) (9,0) (9,1) (9,2) (9,3) (9,4) (9,5) (9,6) (9,7) (9,8) (9,9) (9,10) (9,11) (9,12) (9,13) (9,14) (9,15) (9,16) (9,17) (9,18) (9,19) (9,20) (9,21) (9,22) (10,0) (10,1) (10,2) (10,3) (10,4) (10,5) (10,6) (10,7) (10,8) (10,9) (10,10) (10,11) (10,12) (10,13) (10,14) (10,15) (10,16) (10,17) (10,18) (10,19) (10,20) (10,21) (10,22) (11,0) (11,1) (11,2) (11,3) (11,4) (11,5) (11,6) (11,7) (11,8) (11,9) (11,10) (12,0) (12,1) (12,2) (12,3) (12,4) (12,5) (12,6) (12,7) (12,8) (12,9) (12,10) (13,0) (13,1) (13,2) (13,3) (13,4) (13,5) (13,6) (13,7) (13,8) (13,9) (13,10) (14,0) (14,1) (14,2) (14,3) (14,4) (14,5) (14,6) (14,7) (14,8) (14,9) (14,10) (15,0) (15,1) (15,2) (15,3) (15,4) (15,5) (15,6) (15,7) (15,8) (15,9) (15,10) (16,0) (16,1) (16,2) (16,3) (16,4) (16,5) (16,6) (16,7) (16,8) (16,9) (16,10) (17,0) (17,1) (17,2) (17,3) (17,4) (17,5) (17,6) (17,7) (17,8) (17,9) (17,10) (18,0) (18,1) (18,2) (18,3) (18,4) (18,5) (18,6) (18,7) (18,8) (18,9) (18,10) (19,0) (19,1) (19,2) (19,3) (19,4) (19,5) (19,6) (19,7) (19,8) (19,9) (19,10) (20,0) (20,1) (20,2) (20,3) (20,4) (20,5) (20,6) (20,7) (20,8) (20,9) (20,10) (21,0) (21,1) (21,2) (21,3) (21,4) (21,5) (21,6) (21,7) (21,8) (21,9) (21,10) (22,0) (22,1) (22,2) (22,3) (22,4) (22,5) (22,6) (22,7) (22,8) (22,9) (22,10)
  O216 MM[O216] (1D) seats (0,0) (0,1) (0,2) (0,3) (0,4) (0,5) (0,6) (0,7) (0,8) (0,9) (0,10) (0,11) (0,12) (0,13) (0,14) (0,15) (0,16) (0,17) (0,18) (0,19) (0,20) (0,21) (0,22) (1,0) (1,1) (1,2) (1,3) (1,4) (1,5) (1,6) (1,7) (1,8) (1,9) (1,10) (1,11) (1,12) (1,13) (1,14) (1,15) (1,16) (1,17) (1,18) (1,19) (1,20) (1,21) (1,22) (2,0) (2,1) (2,2) (2,3) (2,4) (2,5) (2,6) (2,7) (2,8) (2,9) (2,10) (2,11) (2,12) (2,13) (2,14) (2,15) (2,16) (2,17) (2,18) (2,19) (2,20) (2,21) (2,22) (3,0) (3,1) (3,2) (3,3) (3,4) (3,5) (3,6) (3,7) (3,8) (3,9) (3,10) (3,11) (3,12) (3,13) (3,14) (3,15) (3,16) (3,17) (3,18) (3,19) (3,20) (3,21) (3,22) (4,0) (4,1) (4,2) (4,3) (4,4) (4,5) (4,6) (4,7) (4,8) (4,9) (4,10) (4,11) (4,12) (4,13) (4,14) (4,15) (4,16) (4,17) (4,18) (4,19) (4,20) (4,21) (4,22) (5,0) (5,1) (5,2) (5,3) (5,4) (5,5) (5,6) (5,7) (5,8) (5,9) (5,10) (5,11) (5,12) (5,13) (5,14) (5,15) (5,16) (5,17) (5,18) (5,19) (5,20) (5,21) (5,22) (6,0) (6,1) (6,2) (6,3) (6,4) (6,5) (6,6) (6,7) (6,8) (6,9) (6,10) (6,11) (6,12) (6,13) (6,14) (6,15) (6,16) (6,17) (6,18) (6,19) (6,20) (6,21) (6,22) (7,0) (7,1) (7,2) (7,3) (7,4) (7,5) (7,6) (7,7) (7,8) (7,9) (7,10) (7,11) (7,12) (7,13) (7,14) (7,15) (7,16) (7,17) (7,18) (7,19) (7,20) (7,21) (7,22) (8,0) (8,1) (8,2) (8,3) (8,4) (8,5) (8,6) (8,7) (8,8) (8,9) (8,10) (8,11) (8,12) (8,13) (8,14) (8,15) (8,16) (8,17) (8,18) (8,19) (8,20) (8,21) (8,22) (9,0) (9,1) (9,2) (9,3) (9,4) (9,5) (9,6) (9,7) (9,8) (9,9) (9,10) (9,11) (9,12) (9,13) (9,14) (9,15) (9,16) (9,17) (9,18) (9,19) (9,20) (9,21) (9,22) (10,0) (10,1) (10,2) (10,3) (10,4) (10,5) (10,6) (10,7) (10,8) (10,9) (10,10) (10,11) (10,12) (10,13) (10,14) (10,15) (10,16) (10,17) (10,18) (10,19) (10,20) (10,21) (10,22) (11,0) (12,0) (13,0) (14,0) (15,0) (16,0) (17,0) (18,0)   also met at 1 more region(s)
  O217 MM[O217] (1D) seats (0,0) (0,1) (0,2) (0,3) (0,4) (0,5) (0,6) (0,7) (0,8) (0,9) (0,10) (0,11) (0,12) (0,13) (0,14) (0,15) (0,16) (0,17) (0,18) (0,19) (0,20) (0,21) (0,22) (1,0) (1,1) (1,2) (1,3) (1,4) (1,5) (1,6) (1,7) (1,8) (1,9) (1,10) (1,11) (1,12) (1,13) (1,14) (1,15) (1,16) (1,17) (1,18) (1,19) (1,20) (1,21) (1,22) (2,0) (2,1) (2,2) (2,3) (2,4) (2,5) (2,6) (2,7) (2,8) (2,9) (2,10) (2,11) (2,12) (2,13) (2,14) (2,15) (2,16) (2,17) (2,18) (2,19) (2,20) (2,21) (2,22) (3,0) (3,1) (3,2) (3,3) (3,4) (3,5) (3,6) (3,7) (3,8) (3,9) (3,10) (3,11) (3,12) (3,13) (3,14) (3,15) (3,16) (3,17) (3,18) (3,19) (3,20) (3,21) (3,22) (4,0) (4,1) (4,2) (4,3) (4,4) (4,5) (4,6) (4,7) (4,8) (4,9) (4,10) (4,11) (4,12) (4,13) (4,14) (4,15) (4,16) (4,17) (4,18) (4,19) (4,20) (4,21) (4,22) (5,0) (5,1) (5,2) (5,3) (5,4) (5,5) (5,6) (5,7) (5,8) (5,9) (5,10) (5,11) (5,12) (5,13) (5,14) (5,15) (5,16) (5,17) (5,18) (5,19) (5,20) (5,21) (5,22) (6,0) (6,1) (6,2) (6,3) (6,4) (6,5) (6,6) (6,7) (6,8) (6,9) (6,10) (6,11) (6,12) (6,13) (6,14) (6,15) (6,16) (6,17) (6,18) (6,19) (6,20) (6,21) (6,22) (7,0) (7,1) (7,2) (7,3) (7,4) (7,5) (7,6) (7,7) (7,8) (7,9) (7,10) (7,11) (7,12) (7,13) (7,14) (7,15) (7,16) (7,17) (7,18) (7,19) (7,20) (7,21) (7,22) (8,0) (8,1) (8,2) (8,3) (8,4) (8,5) (8,6) (8,7) (8,8) (8,9) (8,10) (8,11) (8,12) (8,13) (8,14) (8,15) (8,16) (8,17) (8,18) (8,19) (8,20) (8,21) (8,22) (9,0) (9,1) (9,2) (9,3) (9,4) (9,5) (9,6) (9,7) (9,8) (9,9) (9,10) (9,11) (9,12) (9,13) (9,14) (9,15) (9,16) (9,17) (9,18) (9,19) (9,20) (9,21) (9,22) (10,0) (10,1) (10,2) (10,3) (10,4) (10,5) (10,6) (10,7) (10,8) (10,9) (10,10) (10,11) (10,12) (10,13) (10,14) (10,15) (10,16) (10,17) (10,18) (10,19) (10,20) (10,21) (10,22) (11,0) (11,1) (11,2) (11,3) (11,4) (11,5) (11,6) (11,7) (11,8) (11,9) (11,10) (11,11) (11,12) (11,13) (11,14) (11,15) (11,16) (11,17) (11,18) (11,19) (11,20) (11,21) (11,22) (12,0) (12,1) (12,2) (12,3) (12,4) (12,5) (12,6) (12,7) (12,8) (12,9) (12,10) (12,11) (12,12) (12,13) (12,14) (12,15) (12,16) (12,17) (12,18) (12,19) (12,20) (12,21) (12,22) (13,0) (13,1) (13,2) (13,3) (13,4) (13,5) (13,6) (13,7) (13,8) (13,9) (13,10) (13,11) (13,12) (13,13) (13,14) (13,15) (13,16) (13,17) (13,18) (13,19) (13,20) (13,21) (13,22) (14,0) (14,1) (14,2) (14,3) (14,4) (14,5) (14,6) (14,7) (14,8) (14,9) (14,10) (14,11) (14,12) (14,13) (14,14) (14,15) (14,16) (14,17) (14,18) (14,19) (14,20) (14,21) (14,22) (15,0) (15,1) (15,2) (15,3) (15,4) (15,5) (15,6) (15,7) (15,8) (15,9) (15,10) (15,11) (15,12) (15,13) (15,14) (15,15) (15,16) (15,17) (15,18) (15,19) (15,20) (15,21) (15,22) (16,0) (16,1) (16,2) (16,3) (16,4) (16,5) (16,6) (16,7) (16,8) (16,9) (16,10) (16,11) (16,12) (16,13) (16,14) (16,15) (16,16) (16,17) (16,18) (16,19) (16,20) (16,21) (16,22) (17,0) (17,1) (17,2) (17,3) (17,4) (17,5) (17,6) (17,7) (17,8) (17,9) (17,10) (17,11) (17,12) (17,13) (17,14) (17,15) (17,16) (18,0) (18,1) (18,2) (18,3) (18,4) (18,5) (18,6) (18,7) (18,8) (18,9) (18,10) (18,11) (18,12) (18,13) (18,14) (18,15) (18,16) (19,0) (19,1) (19,2) (19,3) (19,4) (19,5) (19,6) (19,7) (19,8) (19,9) (19,10) (19,11) (19,12) (19,13) (19,14) (19,15) (19,16) (20,0) (20,1) (20,2) (20,3) (20,4) (20,5) (20,6) (20,7) (20,8) (20,9) (20,10) (20,11) (20,12) (20,13) (20,14) (20,15) (20,16) (21,0) (21,1) (21,2) (21,3) (21,4) (21,5) (21,6) (21,7) (21,8) (21,9) (21,10) (21,11) (21,12) (21,13) (21,14) (21,15) (21,16) (22,0) (22,1) (22,2) (22,3) (22,4) (22,5) (22,6) (22,7) (22,8) (22,9) (22,10) (22,11) (22,12) (22,13) (22,14) (22,15) (22,16)
  O218 MM[O218] (1D) seats (0,0) (0,1) (0,2) (0,3) (0,4) (0,5) (0,6) (0,7) (0,8) (0,9) (0,10) (0,11) (0,12) (0,13) (0,14) (0,15) (0,16) (0,17) (0,18) (0,19) (0,20) (0,21) (0,22) (1,0) (1,1) (1,2) (1,3) (1,4) (1,5) (1,6) (1,7) (1,8) (1,9) (1,10) (1,11) (1,12) (1,13) (1,14) (1,15) (1,16) (1,17) (1,18) (1,19) (1,20) (1,21) (1,22) (2,0) (2,1) (2,2) (2,3) (2,4) (2,5) (2,6) (2,7) (2,8) (2,9) (2,10) (2,11) (2,12) (2,13) (2,14) (2,15) (2,16) (2,17) (2,18) (2,19) (2,20) (2,21) (2,22) (3,0) (3,1) (3,2) (3,3) (3,4) (3,5) (3,6) (3,7) (3,8) (3,9) (3,10) (3,11) (3,12) (3,13) (3,14) (3,15) (3,16) (3,17) (3,18) (3,19) (3,20) (3,21) (3,22) (4,0) (4,1) (4,2) (4,3) (4,4) (4,5) (4,6) (4,7) (4,8) (4,9) (4,10) (4,11) (4,12) (4,13) (4,14) (4,15) (4,16) (4,17) (4,18) (4,19) (4,20) (4,21) (4,22) (5,0) (5,1) (5,2) (5,3) (5,4) (5,5) (5,6) (5,7) (5,8) (5,9) (5,10) (5,11) (5,12) (5,13) (5,14) (5,15) (5,16) (5,17) (5,18) (5,19) (5,20) (5,21) (5,22) (6,0) (6,1) (6,2) (6,3) (6,4) (6,5) (6,6) (6,7) (6,8) (6,9) (6,10) (6,11) (6,12) (6,13) (6,14) (6,15) (6,16) (6,17) (6,18) (6,19) (6,20) (6,21) (6,22) (7,0) (7,1) (7,2) (7,3) (7,4) (7,5) (7,6) (7,7) (7,8) (7,9) (7,10) (7,11) (7,12) (7,13) (7,14) (7,15) (7,16) (7,17) (7,18) (7,19) (7,20) (7,21) (7,22) (8,0) (8,1) (8,2) (8,3) (8,4) (8,5) (8,6) (8,7) (8,8) (8,9) (8,10) (8,11) (8,12) (8,13) (8,14) (8,15) (8,16) (8,17) (8,18) (8,19) (8,20) (8,21) (8,22) (9,0) (9,1) (9,2) (9,3) (9,4) (9,5) (9,6) (9,7) (9,8) (9,9) (9,10) (9,11) (9,12) (9,13) (9,14) (9,15) (9,16) (9,17) (9,18) (9,19) (9,20) (9,21) (9,22) (10,0) (10,1) (10,2) (10,3) (10,4) (10,5) (10,6) (10,7) (10,8) (10,9) (10,10) (10,11) (10,12) (10,13) (10,14) (10,15) (10,16) (10,17) (10,18) (10,19) (10,20) (10,21) (10,22) (11,0) (11,1) (11,2) (11,3) (11,4) (11,5) (11,6) (11,7) (11,8) (11,9) (11,10) (11,11) (11,12) (11,13) (11,14) (11,15) (11,16) (11,17) (11,18) (11,19) (11,20) (11,21) (11,22) (12,0) (12,1) (12,2) (12,3) (12,4) (12,5) (12,6) (12,7) (12,8) (12,9) (12,10) (12,11) (12,12) (12,13) (12,14) (12,15) (12,16) (12,17) (12,18) (12,19) (12,20) (12,21) (12,22) (13,0) (13,1) (13,2) (13,3) (13,4) (13,5) (13,6) (13,7) (13,8) (13,9) (13,10) (13,11) (13,12) (13,13) (13,14) (13,15) (13,16) (13,17) (13,18) (13,19) (13,20) (13,21) (13,22) (14,0) (14,1) (14,2) (14,3) (14,4) (14,5) (14,6) (14,7) (14,8) (14,9) (14,10) (14,11) (14,12) (14,13) (14,14) (14,15) (14,16) (14,17) (14,18) (14,19) (14,20) (14,21) (14,22) (15,0) (15,1) (15,2) (15,3) (15,4) (15,5) (15,6) (15,7) (15,8) (15,9) (15,10) (15,11) (15,12) (15,13) (15,14) (15,15) (15,16) (15,17) (15,18) (15,19) (15,20) (15,21) (15,22) (16,0) (16,1) (16,2) (16,3) (16,4) (16,5) (16,6) (16,7) (16,8) (16,9) (16,10) (16,11) (16,12) (16,13) (16,14) (16,15) (16,16) (16,17) (16,18) (16,19) (16,20) (16,21) (16,22) (17,0) (18,0)   also met at 1 more region(s)
re-met (rings already on the rail, met here):
  8    MM[8] (1D)   seats (0,0) (0,1) (0,2) (1,0) (1,1) (1,2) (2,0) (2,1)   also met at 4 more region(s)
  [2,2,3] MM[[2,2,3]] (1D) seats (0,0) (0,1) (0,2) (1,0) (1,1) (1,2) (2,0) (2,1) (3,0) (3,1) (4,0) (4,1)   also met at 5 more region(s)
  [8,2] MM[[8,2]] (1D) seats (0,0) (0,1) (0,2) (1,0) (1,1) (1,2) (2,0) (2,1) (3,0) (3,1) (4,0) (4,1) (5,0) (5,1) (6,0) (6,1)   also met at 6 more region(s)
  [7,4] MM[[7,4]] (1D) seats (0,0) (0,1) (0,2) (1,0) (1,1) (1,2) (2,0) (2,1) (3,0) (3,1) (4,0) (4,1) (5,0) (5,1) (6,0) (6,1) (7,0) (7,1) (8,0) (8,1) (9,0) (9,1) (10,0) (10,1) (11,0) (11,1) (12,0) (12,1)   also met at 7 more region(s)
  [8,5] MM[[8,5]] (1D) seats (0,0) (0,1) (0,2) (1,0) (1,1) (1,2) (2,0) (2,1) (3,0) (3,1) (4,0) (4,1) (5,0) (5,1) (6,0) (6,1) (7,0) (7,1) (8,0) (8,1) (9,0) (9,1) (10,0) (10,1) (11,0) (11,1) (12,0) (12,1) (13,0) (13,1) (14,0) (14,1) (15,0) (15,1) (16,0) (16,1) (17,0) (17,1) (18,0) (18,1)   also met at 6 more region(s)
  [[2,3],4] MM[[[2,3],4]] (1D) seats (0,0) (0,1) (0,2) (1,0) (1,1) (1,2) (2,0) (2,1) (3,0) (3,1) (4,0) (4,1) (5,0) (5,1) (6,0) (6,1) (7,0) (7,1) (8,0) (8,1) (9,0) (9,1) (10,0) (10,1)   also met at 10 more region(s)
  [[3,3],4] MM[[[3,3],4]] (1D) seats (0,0) (0,1) (0,2) (1,0) (1,1) (1,2) (2,0) (2,1) (3,0) (3,1) (4,0) (4,1) (5,0) (5,1) (6,0) (6,1) (7,0) (7,1) (8,0) (8,1) (9,0) (9,1) (10,0) (10,1) (11,0) (11,1) (12,0) (12,1) (13,0) (13,1) (14,0) (14,1) (15,0) (15,1) (16,0) (16,1)   also met at 7 more region(s)
  [8,[2,3]] MM[[8,[2,3]]] (1D) seats (0,0) (0,1) (0,2) (1,0) (1,1) (1,2) (2,0) (2,1) (3,0) (3,1) (4,0) (4,1) (5,0) (5,1) (6,0) (6,1) (7,0) (7,1) (8,0) (8,1) (9,0) (9,1) (10,0) (10,1) (11,0) (11,1) (12,0) (12,1) (13,0) (13,1) (14,0) (14,1) (15,0) (15,1) (16,0) (16,1) (17,0) (17,1) (18,0) (18,1) (19,0) (19,1) (20,0) (20,1) (21,0) (21,1) (22,0) (22,1)   also met at 4 more region(s)
  [5,4] MM[[5,4]] (1D) seats (0,0) (0,1) (0,2) (1,0) (1,1) (1,2) (0,3) (0,4) (0,5) (0,6) (0,7) (0,8) (0,9) (0,10) (0,11) (0,12) (0,13) (0,14) (0,15) (0,16)   also met at 7 more region(s)
  [3,3,3] MM[[3,3,3]] (1D) seats (0,0) (0,1) (0,2) (1,0) (1,1) (1,2) (2,0) (3,0) (4,0) (5,0) (6,0) (7,0) (8,0) (9,0) (10,0) (11,0) (12,0) (13,0) (14,0) (15,0) (16,0) (17,0) (18,0) (19,0) (20,0) (21,0) (22,0)   also met at 21 more region(s)
  [8,4] MM[[8,4]] (1D) seats (0,0) (0,1) (0,2) (0,3) (0,4) (1,0) (1,1) (1,2) (1,3) (1,4) (2,0) (2,1) (3,0) (3,1) (4,0) (4,1) (5,0) (5,1) (6,0) (6,1) (7,0) (7,1) (8,0) (8,1) (9,0) (9,1) (10,0) (10,1) (11,0) (11,1) (12,0) (12,1)   also met at 5 more region(s)
  43   MM[43] (1D)  seats (0,0) (0,1) (0,2) (0,3) (0,4) (1,0) (1,1) (1,2) (1,3) (1,4) (2,0) (2,1) (2,2) (3,0) (3,1) (3,2) (4,0) (4,1) (4,2) (5,0) (5,1) (5,2) (6,0) (6,1) (6,2) (7,0) (7,1) (7,2) (8,0) (8,1) (8,2) (9,0) (9,1) (9,2) (10,0) (10,1) (10,2) (11,0) (11,1) (11,2) (12,0) (12,1) (12,2)   also met at 27 more region(s)
  [11,4] MM[[11,4]] (1D) seats (0,0) (0,1) (0,2) (0,3) (0,4) (1,0) (1,1) (1,2) (1,3) (1,4) (2,0) (2,1) (3,0) (3,1) (4,0) (4,1) (5,0) (5,1) (6,0) (6,1) (7,0) (7,1) (8,0) (8,1) (9,0) (9,1) (10,0) (10,1) (11,0) (11,1) (12,0) (12,1) (13,0) (13,1) (14,0) (14,1) (15,0) (15,1) (16,0) (16,1) (17,0) (17,1) (18,0) (18,1)   also met at 5 more region(s)
  61   MM[61] (1D)  seats (0,0) (0,1) (0,2) (0,3) (0,4) (1,0) (1,1) (1,2) (1,3) (1,4) (2,0) (2,1) (2,2) (3,0) (3,1) (3,2) (4,0) (4,1) (4,2) (5,0) (5,1) (5,2) (6,0) (6,1) (6,2) (7,0) (7,1) (7,2) (8,0) (8,1) (8,2) (9,0) (9,1) (9,2) (10,0) (10,1) (10,2) (11,0) (11,1) (11,2) (12,0) (12,1) (12,2) (13,0) (13,1) (13,2) (14,0) (14,1) (14,2) (15,0) (15,1) (15,2) (16,0) (16,1) (16,2) (17,0) (17,1) (17,2) (18,0) (18,1) (18,2)   also met at 31 more region(s)
  37   MM[37] (1D)  seats (0,0) (0,1) (0,2) (0,3) (0,4) (1,0) (1,1) (1,2) (1,3) (1,4) (2,0) (2,1) (2,2) (3,0) (3,1) (3,2) (4,0) (4,1) (4,2) (5,0) (5,1) (5,2) (6,0) (6,1) (6,2) (7,0) (7,1) (7,2) (8,0) (8,1) (8,2) (9,0) (9,1) (9,2) (10,0) (10,1) (10,2)   also met at 26 more region(s)
  [13,4] MM[[13,4]] (1D) seats (0,0) (0,1) (0,2) (0,3) (0,4) (1,0) (1,1) (1,2) (1,3) (1,4) (2,0) (2,1) (3,0) (3,1) (4,0) (4,1) (5,0) (5,1) (6,0) (6,1) (7,0) (7,1) (8,0) (8,1) (9,0) (9,1) (10,0) (10,1) (11,0) (11,1) (12,0) (12,1) (13,0) (13,1) (14,0) (14,1) (15,0) (15,1) (16,0) (16,1) (17,0) (17,1) (18,0) (18,1) (19,0) (19,1) (20,0) (20,1) (21,0) (21,1) (22,0) (22,1)   also met at 3 more region(s)
  73   MM[73] (1D)  seats (0,0) (0,1) (0,2) (0,3) (0,4) (1,0) (1,1) (1,2) (1,3) (1,4) (2,0) (2,1) (2,2) (3,0) (3,1) (3,2) (4,0) (4,1) (4,2) (5,0) (5,1) (5,2) (6,0) (6,1) (6,2) (7,0) (7,1) (7,2) (8,0) (8,1) (8,2) (9,0) (9,1) (9,2) (10,0) (10,1) (10,2) (11,0) (11,1) (11,2) (12,0) (12,1) (12,2) (13,0) (13,1) (13,2) (14,0) (14,1) (14,2) (15,0) (15,1) (15,2) (16,0) (16,1) (16,2) (17,0) (17,1) (17,2) (18,0) (18,1) (18,2) (19,0) (19,1) (19,2) (20,0) (20,1) (20,2) (21,0) (21,1) (21,2) (22,0) (22,1) (22,2)   also met at 21 more region(s)
  [2,3,3] MM[[2,3,3]] (1D) seats (0,0) (0,1) (0,2) (0,3) (0,4) (1,0) (1,1) (1,2) (1,3) (1,4) (0,5) (0,6) (0,7) (0,8) (0,9) (0,10) (0,11) (0,12)   also met at 5 more region(s)
  31   MM[31] (1D)  seats (0,0) (0,1) (0,2) (0,3) (0,4) (1,0) (1,1) (1,2) (1,3) (1,4) (2,0) (3,0) (4,0) (5,0) (6,0) (7,0) (8,0) (9,0) (10,0) (11,0) (12,0) (13,0) (14,0) (15,0) (16,0) (17,0) (18,0) (19,0) (20,0) (21,0) (22,0)   also met at 23 more region(s)
  29   MM[29] (1D)  seats (0,0) (0,1) (0,2) (0,3) (0,4) (0,5) (0,6) (1,0) (1,1) (1,2) (1,3) (1,4) (1,5) (1,6) (2,0) (2,1) (2,2) (2,3) (2,4) (3,0) (3,1) (3,2) (3,3) (3,4) (4,0) (4,1) (4,2) (4,3) (4,4)   also met at 25 more region(s)
  47   MM[47] (1D)  seats (0,0) (0,1) (0,2) (0,3) (0,4) (0,5) (0,6) (1,0) (1,1) (1,2) (1,3) (1,4) (1,5) (1,6) (2,0) (2,1) (2,2) (3,0) (3,1) (3,2) (4,0) (4,1) (4,2) (5,0) (5,1) (5,2) (6,0) (6,1) (6,2) (7,0) (7,1) (7,2) (8,0) (8,1) (8,2) (9,0) (9,1) (9,2) (10,0) (10,1) (10,2) (11,0) (11,1) (11,2) (12,0) (12,1) (12,2)   also met at 25 more region(s)
  [11,[3,3]] MM[[11,[3,3]]] (1D) seats (0,0) (0,1) (0,2) (0,3) (0,4) (0,5) (0,6) (1,0) (1,1) (1,2) (1,3) (1,4) (1,5) (1,6) (2,0) (2,1) (2,2) (2,3) (2,4) (3,0) (3,1) (3,2) (3,3) (3,4) (4,0) (4,1) (4,2) (4,3) (4,4) (5,0) (5,1) (5,2) (5,3) (5,4) (6,0) (6,1) (6,2) (6,3) (6,4) (7,0) (7,1) (7,2) (7,3) (7,4) (8,0) (8,1) (8,2) (8,3) (8,4) (9,0) (9,1) (9,2) (9,3) (9,4) (10,0) (10,1) (10,2) (10,3) (10,4) (11,0) (11,1) (11,2) (11,3) (11,4) (12,0) (12,1) (12,2) (12,3) (12,4) (13,0) (13,1) (13,2) (13,3) (13,4) (14,0) (14,1) (14,2) (14,3) (14,4) (15,0) (15,1) (15,2) (15,3) (15,4) (16,0) (16,1) (16,2) (16,3) (16,4) (17,0) (17,1) (17,2) (17,3) (17,4) (18,0) (18,1) (18,2) (18,3) (18,4)   also met at 15 more region(s)
  41   MM[41] (1D)  seats (0,0) (0,1) (0,2) (0,3) (0,4) (0,5) (0,6) (1,0) (1,1) (1,2) (1,3) (1,4) (1,5) (1,6) (2,0) (2,1) (2,2) (3,0) (3,1) (3,2) (4,0) (4,1) (4,2) (5,0) (5,1) (5,2) (6,0) (6,1) (6,2) (7,0) (7,1) (7,2) (8,0) (8,1) (8,2) (9,0) (9,1) (9,2) (10,0) (10,1) (10,2)   also met at 29 more region(s)
  59   MM[59] (1D)  seats (0,0) (0,1) (0,2) (0,3) (0,4) (0,5) (0,6) (1,0) (1,1) (1,2) (1,3) (1,4) (1,5) (1,6) (2,0) (2,1) (2,2) (2,3) (2,4) (3,0) (3,1) (3,2) (3,3) (3,4) (4,0) (4,1) (4,2) (4,3) (4,4) (5,0) (5,1) (5,2) (5,3) (5,4) (6,0) (6,1) (6,2) (6,3) (6,4) (7,0) (7,1) (7,2) (7,3) (7,4) (8,0) (8,1) (8,2) (8,3) (8,4) (9,0) (9,1) (9,2) (9,3) (9,4) (10,0) (10,1) (10,2) (10,3) (10,4)   also met at 25 more region(s)
  89   MM[89] (1D)  seats (0,0) (0,1) (0,2) (0,3) (0,4) (0,5) (0,6) (1,0) (1,1) (1,2) (1,3) (1,4) (1,5) (1,6) (2,0) (2,1) (2,2) (2,3) (2,4) (3,0) (3,1) (3,2) (3,3) (3,4) (4,0) (4,1) (4,2) (4,3) (4,4) (5,0) (5,1) (5,2) (5,3) (5,4) (6,0) (6,1) (6,2) (6,3) (6,4) (7,0) (7,1) (7,2) (7,3) (7,4) (8,0) (8,1) (8,2) (8,3) (8,4) (9,0) (9,1) (9,2) (9,3) (9,4) (10,0) (10,1) (10,2) (10,3) (10,4) (11,0) (11,1) (11,2) (11,3) (11,4) (12,0) (12,1) (12,2) (12,3) (12,4) (13,0) (13,1) (13,2) (13,3) (13,4) (14,0) (14,1) (14,2) (14,3) (14,4) (15,0) (15,1) (15,2) (15,3) (15,4) (16,0) (16,1) (16,2) (16,3) (16,4)   also met at 25 more region(s)
  [8,7] MM[[8,7]] (1D) seats (0,0) (0,1) (0,2) (0,3) (0,4) (0,5) (0,6) (1,0) (1,1) (1,2) (1,3) (1,4) (1,5) (1,6) (2,0) (2,1) (3,0) (3,1) (4,0) (4,1) (5,0) (5,1) (6,0) (6,1) (7,0) (7,1) (8,0) (8,1) (9,0) (9,1) (10,0) (10,1) (11,0) (11,1) (12,0) (12,1) (13,0) (13,1) (14,0) (14,1) (15,0) (15,1) (16,0) (16,1) (17,0) (17,1) (18,0) (18,1) (19,0) (19,1) (20,0) (20,1) (21,0) (21,1) (22,0) (22,1)   also met at 5 more region(s)
  [[2,3],5] MM[[[2,3],5]] (1D) seats (0,0) (0,1) (0,2) (0,3) (0,4) (0,5) (0,6) (1,0) (1,1) (1,2) (1,3) (1,4) (1,5) (1,6) (0,7) (0,8) (0,9) (0,10) (0,11) (0,12) (0,13) (0,14) (0,15) (0,16) (0,17) (0,18) (0,19) (0,20) (0,21) (0,22)   also met at 5 more region(s)
  [[3,3,3],3] MM[[[3,3,3],3]] (1D) seats (0,0) (0,1) (0,2) (0,3) (0,4) (0,5) (0,6) (0,7) (0,8) (0,9) (0,10) (0,11) (0,12) (1,0) (1,1) (1,2) (1,3) (1,4) (1,5) (1,6) (1,7) (1,8) (1,9) (1,10) (1,11) (1,12) (2,0) (2,1) (2,2) (2,3) (2,4) (2,5) (2,6) (2,7) (2,8) (2,9) (2,10) (3,0) (3,1) (3,2) (3,3) (3,4) (3,5) (3,6) (3,7) (3,8) (3,9) (3,10) (4,0) (4,1) (4,2) (4,3) (4,4) (4,5) (4,6) (4,7) (4,8) (4,9) (4,10) (5,0) (5,1) (5,2) (5,3) (5,4) (5,5) (5,6) (5,7) (5,8) (5,9) (5,10) (6,0) (6,1) (6,2) (6,3) (6,4) (6,5) (6,6) (6,7) (6,8) (6,9) (6,10)   also met at 13 more region(s)
  103  MM[103] (1D) seats (0,0) (0,1) (0,2) (0,3) (0,4) (0,5) (0,6) (0,7) (0,8) (0,9) (0,10) (0,11) (0,12) (1,0) (1,1) (1,2) (1,3) (1,4) (1,5) (1,6) (1,7) (1,8) (1,9) (1,10) (1,11) (1,12) (2,0) (2,1) (2,2) (2,3) (2,4) (2,5) (2,6) (3,0) (3,1) (3,2) (3,3) (3,4) (3,5) (3,6) (4,0) (4,1) (4,2) (4,3) (4,4) (4,5) (4,6) (5,0) (5,1) (5,2) (5,3) (5,4) (5,5) (5,6) (6,0) (6,1) (6,2) (6,3) (6,4) (6,5) (6,6) (7,0) (7,1) (7,2) (7,3) (7,4) (7,5) (7,6) (8,0) (8,1) (8,2) (8,3) (8,4) (8,5) (8,6) (9,0) (9,1) (9,2) (9,3) (9,4) (9,5) (9,6) (10,0) (10,1) (10,2) (10,3) (10,4) (10,5) (10,6) (11,0) (11,1) (11,2) (11,3) (11,4) (11,5) (11,6) (12,0) (12,1) (12,2) (12,3) (12,4) (12,5) (12,6)   also met at 19 more region(s)
  [[3,7],7] MM[[[3,7],7]] (1D) seats (0,0) (0,1) (0,2) (0,3) (0,4) (0,5) (0,6) (0,7) (0,8) (0,9) (0,10) (0,11) (0,12) (1,0) (1,1) (1,2) (1,3) (1,4) (1,5) (1,6) (1,7) (1,8) (1,9) (1,10) (1,11) (1,12) (2,0) (2,1) (2,2) (2,3) (2,4) (2,5) (2,6) (2,7) (2,8) (2,9) (2,10) (3,0) (3,1) (3,2) (3,3) (3,4) (3,5) (3,6) (3,7) (3,8) (3,9) (3,10) (4,0) (4,1) (4,2) (4,3) (4,4) (4,5) (4,6) (4,7) (4,8) (4,9) (4,10) (5,0) (5,1) (5,2) (5,3) (5,4) (5,5) (5,6) (5,7) (5,8) (5,9) (5,10) (6,0) (6,1) (6,2) (6,3) (6,4) (6,5) (6,6) (6,7) (6,8) (6,9) (6,10) (7,0) (7,1) (7,2) (7,3) (7,4) (7,5) (7,6) (7,7) (7,8) (7,9) (7,10) (8,0) (8,1) (8,2) (8,3) (8,4) (8,5) (8,6) (8,7) (8,8) (8,9) (8,10) (9,0) (9,1) (9,2) (9,3) (9,4) (9,5) (9,6) (9,7) (9,8) (9,9) (9,10) (10,0) (10,1) (10,2) (10,3) (10,4) (10,5) (10,6) (10,7) (10,8) (10,9) (10,10) (11,0) (11,1) (11,2) (11,3) (11,4) (11,5) (11,6) (11,7) (11,8) (11,9) (11,10) (12,0) (12,1) (12,2) (12,3) (12,4) (12,5) (12,6) (12,7) (12,8) (12,9) (12,10)   also met at 5 more region(s)
  [[2,5],[2,3]] MM[[[2,5],[2,3]]] (1D) seats (0,0) (0,1) (0,2) (0,3) (0,4) (0,5) (0,6) (0,7) (0,8) (0,9) (0,10) (0,11) (0,12) (1,0) (1,1) (1,2) (1,3) (1,4) (1,5) (1,6) (1,7) (1,8) (1,9) (1,10) (1,11) (1,12) (2,0) (2,1) (3,0) (3,1) (4,0) (4,1) (5,0) (5,1) (6,0) (6,1) (7,0) (7,1) (8,0) (8,1) (9,0) (9,1) (10,0) (10,1) (11,0) (11,1) (12,0) (12,1) (13,0) (13,1) (14,0) (14,1) (15,0) (15,1) (16,0) (16,1) (17,0) (17,1) (18,0) (18,1)   also met at 1 more region(s)
  [37,3] MM[[37,3]] (1D) seats (0,0) (0,1) (0,2) (0,3) (0,4) (0,5) (0,6) (0,7) (0,8) (0,9) (0,10) (0,11) (0,12) (1,0) (1,1) (1,2) (1,3) (1,4) (1,5) (1,6) (1,7) (1,8) (1,9) (1,10) (1,11) (1,12) (2,0) (2,1) (2,2) (2,3) (2,4) (3,0) (3,1) (3,2) (3,3) (3,4) (4,0) (4,1) (4,2) (4,3) (4,4) (5,0) (5,1) (5,2) (5,3) (5,4) (6,0) (6,1) (6,2) (6,3) (6,4) (7,0) (7,1) (7,2) (7,3) (7,4) (8,0) (8,1) (8,2) (8,3) (8,4) (9,0) (9,1) (9,2) (9,3) (9,4) (10,0) (10,1) (10,2) (10,3) (10,4) (11,0) (11,1) (11,2) (11,3) (11,4) (12,0) (12,1) (12,2) (12,3) (12,4) (13,0) (13,1) (13,2) (13,3) (13,4) (14,0) (14,1) (14,2) (14,3) (14,4) (15,0) (15,1) (15,2) (15,3) (15,4) (16,0) (16,1) (16,2) (16,3) (16,4) (17,0) (17,1) (17,2) (17,3) (17,4) (18,0) (18,1) (18,2) (18,3) (18,4)   also met at 11 more region(s)
  [29,5] MM[[29,5]] (1D) seats (0,0) (0,1) (0,2) (0,3) (0,4) (0,5) (0,6) (0,7) (0,8) (0,9) (0,10) (0,11) (0,12) (1,0) (1,1) (1,2) (1,3) (1,4) (1,5) (1,6) (1,7) (1,8) (1,9) (1,10) (1,11) (1,12) (2,0) (2,1) (2,2) (2,3) (2,4) (2,5) (2,6) (3,0) (3,1) (3,2) (3,3) (3,4) (3,5) (3,6) (4,0) (4,1) (4,2) (4,3) (4,4) (4,5) (4,6) (5,0) (5,1) (5,2) (5,3) (5,4) (5,5) (5,6) (6,0) (6,1) (6,2) (6,3) (6,4) (6,5) (6,6) (7,0) (7,1) (7,2) (7,3) (7,4) (7,5) (7,6) (8,0) (8,1) (8,2) (8,3) (8,4) (8,5) (8,6) (9,0) (9,1) (9,2) (9,3) (9,4) (9,5) (9,6) (10,0) (10,1) (10,2) (10,3) (10,4) (10,5) (10,6) (11,0) (11,1) (11,2) (11,3) (11,4) (11,5) (11,6) (12,0) (12,1) (12,2) (12,3) (12,4) (12,5) (12,6) (13,0) (13,1) (13,2) (13,3) (13,4) (13,5) (13,6) (14,0) (14,1) (14,2) (14,3) (14,4) (14,5) (14,6) (15,0) (15,1) (15,2) (15,3) (15,4) (15,5) (15,6) (16,0) (16,1) (16,2) (16,3) (16,4) (16,5) (16,6) (17,0) (17,1) (17,2) (17,3) (17,4) (17,5) (17,6) (18,0) (18,1) (18,2) (18,3) (18,4) (18,5) (18,6)   also met at 16 more region(s)
  [71,3] MM[[71,3]] (1D) seats (0,0) (0,1) (0,2) (0,3) (0,4) (0,5) (0,6) (0,7) (0,8) (0,9) (0,10) (0,11) (0,12) (1,0) (1,1) (1,2) (1,3) (1,4) (1,5) (1,6) (1,7) (1,8) (1,9) (1,10) (1,11) (1,12) (2,0) (2,1) (2,2) (2,3) (2,4) (2,5) (2,6) (2,7) (2,8) (2,9) (2,10) (3,0) (3,1) (3,2) (3,3) (3,4) (3,5) (3,6) (3,7) (3,8) (3,9) (3,10) (4,0) (4,1) (4,2) (4,3) (4,4) (4,5) (4,6) (4,7) (4,8) (4,9) (4,10) (5,0) (5,1) (5,2) (5,3) (5,4) (5,5) (5,6) (5,7) (5,8) (5,9) (5,10) (6,0) (6,1) (6,2) (6,3) (6,4) (6,5) (6,6) (6,7) (6,8) (6,9) (6,10) (7,0) (7,1) (7,2) (7,3) (7,4) (7,5) (7,6) (7,7) (7,8) (7,9) (7,10) (8,0) (8,1) (8,2) (8,3) (8,4) (8,5) (8,6) (8,7) (8,8) (8,9) (8,10) (9,0) (9,1) (9,2) (9,3) (9,4) (9,5) (9,6) (9,7) (9,8) (9,9) (9,10) (10,0) (10,1) (10,2) (10,3) (10,4) (10,5) (10,6) (10,7) (10,8) (10,9) (10,10) (11,0) (11,1) (11,2) (11,3) (11,4) (11,5) (11,6) (11,7) (11,8) (11,9) (11,10) (12,0) (12,1) (12,2) (12,3) (12,4) (12,5) (12,6) (12,7) (12,8) (12,9) (12,10) (13,0) (13,1) (13,2) (13,3) (13,4) (13,5) (13,6) (13,7) (13,8) (13,9) (13,10) (14,0) (14,1) (14,2) (14,3) (14,4) (14,5) (14,6) (14,7) (14,8) (14,9) (14,10) (15,0) (15,1) (15,2) (15,3) (15,4) (15,5) (15,6) (15,7) (15,8) (15,9) (15,10) (16,0) (16,1) (16,2) (16,3) (16,4) (16,5) (16,6) (16,7) (16,8) (16,9) (16,10) (17,0) (17,1) (17,2) (17,3) (17,4) (17,5) (17,6) (17,7) (17,8) (17,9) (17,10) (18,0) (18,1) (18,2) (18,3) (18,4) (18,5) (18,6) (18,7) (18,8) (18,9) (18,10)   also met at 9 more region(s)
  53   MM[53] (1D)  seats (0,0) (0,1) (0,2) (0,3) (0,4) (0,5) (0,6) (0,7) (0,8) (0,9) (0,10) (0,11) (0,12) (1,0) (1,1) (1,2) (1,3) (1,4) (1,5) (1,6) (1,7) (1,8) (1,9) (1,10) (1,11) (1,12) (2,0) (2,1) (2,2) (3,0) (3,1) (3,2) (4,0) (4,1) (4,2) (5,0) (5,1) (5,2) (6,0) (6,1) (6,2) (7,0) (7,1) (7,2) (8,0) (8,1) (8,2) (9,0) (9,1) (9,2) (10,0) (10,1) (10,2)   also met at 25 more region(s)
  71   MM[71] (1D)  seats (0,0) (0,1) (0,2) (0,3) (0,4) (0,5) (0,6) (0,7) (0,8) (0,9) (0,10) (0,11) (0,12) (1,0) (1,1) (1,2) (1,3) (1,4) (1,5) (1,6) (1,7) (1,8) (1,9) (1,10) (1,11) (1,12) (2,0) (2,1) (2,2) (2,3) (2,4) (3,0) (3,1) (3,2) (3,3) (3,4) (4,0) (4,1) (4,2) (4,3) (4,4) (5,0) (5,1) (5,2) (5,3) (5,4) (6,0) (6,1) (6,2) (6,3) (6,4) (7,0) (7,1) (7,2) (7,3) (7,4) (8,0) (8,1) (8,2) (8,3) (8,4) (9,0) (9,1) (9,2) (9,3) (9,4) (10,0) (10,1) (10,2) (10,3) (10,4)   also met at 25 more region(s)
  [[5,5],5] MM[[[5,5],5]] (1D) seats (0,0) (0,1) (0,2) (0,3) (0,4) (0,5) (0,6) (0,7) (0,8) (0,9) (0,10) (0,11) (0,12) (1,0) (1,1) (1,2) (1,3) (1,4) (1,5) (1,6) (1,7) (1,8) (1,9) (1,10) (1,11) (1,12) (2,0) (2,1) (2,2) (2,3) (2,4) (2,5) (2,6) (2,7) (2,8) (2,9) (2,10) (3,0) (3,1) (3,2) (3,3) (3,4) (3,5) (3,6) (3,7) (3,8) (3,9) (3,10) (4,0) (4,1) (4,2) (4,3) (4,4) (4,5) (4,6) (4,7) (4,8) (4,9) (4,10) (5,0) (5,1) (5,2) (5,3) (5,4) (5,5) (5,6) (5,7) (5,8) (5,9) (5,10) (6,0) (6,1) (6,2) (6,3) (6,4) (6,5) (6,6) (6,7) (6,8) (6,9) (6,10) (7,0) (7,1) (7,2) (7,3) (7,4) (7,5) (7,6) (7,7) (7,8) (7,9) (7,10) (8,0) (8,1) (8,2) (8,3) (8,4) (8,5) (8,6) (8,7) (8,8) (8,9) (8,10) (9,0) (9,1) (9,2) (9,3) (9,4) (9,5) (9,6) (9,7) (9,8) (9,9) (9,10) (10,0) (10,1) (10,2) (10,3) (10,4) (10,5) (10,6) (10,7) (10,8) (10,9) (10,10)   also met at 15 more region(s)
  101  MM[101] (1D) seats (0,0) (0,1) (0,2) (0,3) (0,4) (0,5) (0,6) (0,7) (0,8) (0,9) (0,10) (0,11) (0,12) (1,0) (1,1) (1,2) (1,3) (1,4) (1,5) (1,6) (1,7) (1,8) (1,9) (1,10) (1,11) (1,12) (2,0) (2,1) (2,2) (2,3) (2,4) (3,0) (3,1) (3,2) (3,3) (3,4) (4,0) (4,1) (4,2) (4,3) (4,4) (5,0) (5,1) (5,2) (5,3) (5,4) (6,0) (6,1) (6,2) (6,3) (6,4) (7,0) (7,1) (7,2) (7,3) (7,4) (8,0) (8,1) (8,2) (8,3) (8,4) (9,0) (9,1) (9,2) (9,3) (9,4) (10,0) (10,1) (10,2) (10,3) (10,4) (11,0) (11,1) (11,2) (11,3) (11,4) (12,0) (12,1) (12,2) (12,3) (12,4) (13,0) (13,1) (13,2) (13,3) (13,4) (14,0) (14,1) (14,2) (14,3) (14,4) (15,0) (15,1) (15,2) (15,3) (15,4) (16,0) (16,1) (16,2) (16,3) (16,4)   also met at 21 more region(s)
  131  MM[131] (1D) seats (0,0) (0,1) (0,2) (0,3) (0,4) (0,5) (0,6) (0,7) (0,8) (0,9) (0,10) (0,11) (0,12) (1,0) (1,1) (1,2) (1,3) (1,4) (1,5) (1,6) (1,7) (1,8) (1,9) (1,10) (1,11) (1,12) (2,0) (2,1) (2,2) (2,3) (2,4) (2,5) (2,6) (3,0) (3,1) (3,2) (3,3) (3,4) (3,5) (3,6) (4,0) (4,1) (4,2) (4,3) (4,4) (4,5) (4,6) (5,0) (5,1) (5,2) (5,3) (5,4) (5,5) (5,6) (6,0) (6,1) (6,2) (6,3) (6,4) (6,5) (6,6) (7,0) (7,1) (7,2) (7,3) (7,4) (7,5) (7,6) (8,0) (8,1) (8,2) (8,3) (8,4) (8,5) (8,6) (9,0) (9,1) (9,2) (9,3) (9,4) (9,5) (9,6) (10,0) (10,1) (10,2) (10,3) (10,4) (10,5) (10,6) (11,0) (11,1) (11,2) (11,3) (11,4) (11,5) (11,6) (12,0) (12,1) (12,2) (12,3) (12,4) (12,5) (12,6) (13,0) (13,1) (13,2) (13,3) (13,4) (13,5) (13,6) (14,0) (14,1) (14,2) (14,3) (14,4) (14,5) (14,6) (15,0) (15,1) (15,2) (15,3) (15,4) (15,5) (15,6) (16,0) (16,1) (16,2) (16,3) (16,4) (16,5) (16,6)   also met at 15 more region(s)
  191  MM[191] (1D) seats (0,0) (0,1) (0,2) (0,3) (0,4) (0,5) (0,6) (0,7) (0,8) (0,9) (0,10) (0,11) (0,12) (1,0) (1,1) (1,2) (1,3) (1,4) (1,5) (1,6) (1,7) (1,8) (1,9) (1,10) (1,11) (1,12) (2,0) (2,1) (2,2) (2,3) (2,4) (2,5) (2,6) (2,7) (2,8) (2,9) (2,10) (3,0) (3,1) (3,2) (3,3) (3,4) (3,5) (3,6) (3,7) (3,8) (3,9) (3,10) (4,0) (4,1) (4,2) (4,3) (4,4) (4,5) (4,6) (4,7) (4,8) (4,9) (4,10) (5,0) (5,1) (5,2) (5,3) (5,4) (5,5) (5,6) (5,7) (5,8) (5,9) (5,10) (6,0) (6,1) (6,2) (6,3) (6,4) (6,5) (6,6) (6,7) (6,8) (6,9) (6,10) (7,0) (7,1) (7,2) (7,3) (7,4) (7,5) (7,6) (7,7) (7,8) (7,9) (7,10) (8,0) (8,1) (8,2) (8,3) (8,4) (8,5) (8,6) (8,7) (8,8) (8,9) (8,10) (9,0) (9,1) (9,2) (9,3) (9,4) (9,5) (9,6) (9,7) (9,8) (9,9) (9,10) (10,0) (10,1) (10,2) (10,3) (10,4) (10,5) (10,6) (10,7) (10,8) (10,9) (10,10) (11,0) (11,1) (11,2) (11,3) (11,4) (11,5) (11,6) (11,7) (11,8) (11,9) (11,10) (12,0) (12,1) (12,2) (12,3) (12,4) (12,5) (12,6) (12,7) (12,8) (12,9) (12,10) (13,0) (13,1) (13,2) (13,3) (13,4) (13,5) (13,6) (13,7) (13,8) (13,9) (13,10) (14,0) (14,1) (14,2) (14,3) (14,4) (14,5) (14,6) (14,7) (14,8) (14,9) (14,10) (15,0) (15,1) (15,2) (15,3) (15,4) (15,5) (15,6) (15,7) (15,8) (15,9) (15,10) (16,0) (16,1) (16,2) (16,3) (16,4) (16,5) (16,6) (16,7) (16,8) (16,9) (16,10)   also met at 7 more region(s)
  [17,4] MM[[17,4]] (1D) seats (0,0) (0,1) (0,2) (0,3) (0,4) (0,5) (0,6) (0,7) (0,8) (0,9) (0,10) (0,11) (0,12) (1,0) (1,1) (1,2) (1,3) (1,4) (1,5) (1,6) (1,7) (1,8) (1,9) (1,10) (1,11) (1,12) (2,0) (2,1) (3,0) (3,1) (4,0) (4,1) (5,0) (5,1) (6,0) (6,1) (7,0) (7,1) (8,0) (8,1) (9,0) (9,1) (10,0) (10,1) (11,0) (11,1) (12,0) (12,1) (13,0) (13,1) (14,0) (14,1) (15,0) (15,1) (16,0) (16,1) (17,0) (17,1) (18,0) (18,1) (19,0) (19,1) (20,0) (20,1) (21,0) (21,1) (22,0) (22,1)   also met at 3 more region(s)
  173  MM[173] (1D) seats (0,0) (0,1) (0,2) (0,3) (0,4) (0,5) (0,6) (0,7) (0,8) (0,9) (0,10) (0,11) (0,12) (1,0) (1,1) (1,2) (1,3) (1,4) (1,5) (1,6) (1,7) (1,8) (1,9) (1,10) (1,11) (1,12) (2,0) (2,1) (2,2) (2,3) (2,4) (2,5) (2,6) (3,0) (3,1) (3,2) (3,3) (3,4) (3,5) (3,6) (4,0) (4,1) (4,2) (4,3) (4,4) (4,5) (4,6) (5,0) (5,1) (5,2) (5,3) (5,4) (5,5) (5,6) (6,0) (6,1) (6,2) (6,3) (6,4) (6,5) (6,6) (7,0) (7,1) (7,2) (7,3) (7,4) (7,5) (7,6) (8,0) (8,1) (8,2) (8,3) (8,4) (8,5) (8,6) (9,0) (9,1) (9,2) (9,3) (9,4) (9,5) (9,6) (10,0) (10,1) (10,2) (10,3) (10,4) (10,5) (10,6) (11,0) (11,1) (11,2) (11,3) (11,4) (11,5) (11,6) (12,0) (12,1) (12,2) (12,3) (12,4) (12,5) (12,6) (13,0) (13,1) (13,2) (13,3) (13,4) (13,5) (13,6) (14,0) (14,1) (14,2) (14,3) (14,4) (14,5) (14,6) (15,0) (15,1) (15,2) (15,3) (15,4) (15,5) (15,6) (16,0) (16,1) (16,2) (16,3) (16,4) (16,5) (16,6) (17,0) (17,1) (17,2) (17,3) (17,4) (17,5) (17,6) (18,0) (18,1) (18,2) (18,3) (18,4) (18,5) (18,6) (19,0) (19,1) (19,2) (19,3) (19,4) (19,5) (19,6) (20,0) (20,1) (20,2) (20,3) (20,4) (20,5) (20,6) (21,0) (21,1) (21,2) (21,3) (21,4) (21,5) (21,6) (22,0) (22,1) (22,2) (22,3) (22,4) (22,5) (22,6)   also met at 13 more region(s)
  [[3,3],5] MM[[[3,3],5]] (1D) seats (0,0) (0,1) (0,2) (0,3) (0,4) (0,5) (0,6) (0,7) (0,8) (0,9) (0,10) (0,11) (0,12) (0,13) (0,14) (0,15) (0,16) (0,17) (0,18) (1,0) (1,1) (1,2) (1,3) (1,4) (1,5) (1,6) (1,7) (1,8) (1,9) (1,10) (1,11) (1,12) (1,13) (1,14) (1,15) (1,16) (1,17) (1,18) (2,0) (2,1) (2,2) (2,3) (2,4) (2,5) (2,6)   also met at 17 more region(s)
  [[3,3],7] MM[[[3,3],7]] (1D) seats (0,0) (0,1) (0,2) (0,3) (0,4) (0,5) (0,6) (0,7) (0,8) (0,9) (0,10) (0,11) (0,12) (0,13) (0,14) (0,15) (0,16) (0,17) (0,18) (1,0) (1,1) (1,2) (1,3) (1,4) (1,5) (1,6) (1,7) (1,8) (1,9) (1,10) (1,11) (1,12) (1,13) (1,14) (1,15) (1,16) (1,17) (1,18) (2,0) (2,1) (2,2) (2,3) (2,4) (3,0) (3,1) (3,2) (3,3) (3,4) (4,0) (4,1) (4,2) (4,3) (4,4) (5,0) (5,1) (5,2) (5,3) (5,4) (6,0) (6,1) (6,2) (6,3) (6,4)   also met at 15 more region(s)
  [31,3] MM[[31,3]] (1D) seats (0,0) (0,1) (0,2) (0,3) (0,4) (0,5) (0,6) (0,7) (0,8) (0,9) (0,10) (0,11) (0,12) (0,13) (0,14) (0,15) (0,16) (0,17) (0,18) (1,0) (1,1) (1,2) (1,3) (1,4) (1,5) (1,6) (1,7) (1,8) (1,9) (1,10) (1,11) (1,12) (1,13) (1,14) (1,15) (1,16) (1,17) (1,18) (2,0) (2,1) (2,2) (2,3) (2,4) (2,5) (2,6) (2,7) (2,8) (2,9) (2,10) (3,0) (3,1) (3,2) (3,3) (3,4) (3,5) (3,6) (3,7) (3,8) (3,9) (3,10) (4,0) (4,1) (4,2) (4,3) (4,4) (4,5) (4,6) (4,7) (4,8) (4,9) (4,10) (5,0) (5,1) (5,2) (5,3) (5,4) (5,5) (5,6) (5,7) (5,8) (5,9) (5,10) (6,0) (6,1) (6,2) (6,3) (6,4) (6,5) (6,6) (6,7) (6,8) (6,9) (6,10)   also met at 10 more region(s)
  [41,3] MM[[41,3]] (1D) seats (0,0) (0,1) (0,2) (0,3) (0,4) (0,5) (0,6) (0,7) (0,8) (0,9) (0,10) (0,11) (0,12) (0,13) (0,14) (0,15) (0,16) (0,17) (0,18) (1,0) (1,1) (1,2) (1,3) (1,4) (1,5) (1,6) (1,7) (1,8) (1,9) (1,10) (1,11) (1,12) (1,13) (1,14) (1,15) (1,16) (1,17) (1,18) (2,0) (2,1) (2,2) (2,3) (2,4) (2,5) (2,6) (2,7) (2,8) (2,9) (2,10) (2,11) (2,12) (2,13) (2,14) (2,15) (2,16) (3,0) (3,1) (3,2) (3,3) (3,4) (3,5) (3,6) (3,7) (3,8) (3,9) (3,10) (3,11) (3,12) (3,13) (3,14) (3,15) (3,16) (4,0) (4,1) (4,2) (4,3) (4,4) (4,5) (4,6) (4,7) (4,8) (4,9) (4,10) (4,11) (4,12) (4,13) (4,14) (4,15) (4,16) (5,0) (5,1) (5,2) (5,3) (5,4) (5,5) (5,6) (5,7) (5,8) (5,9) (5,10) (5,11) (5,12) (5,13) (5,14) (5,15) (5,16) (6,0) (6,1) (6,2) (6,3) (6,4) (6,5) (6,6) (6,7) (6,8) (6,9) (6,10) (6,11) (6,12) (6,13) (6,14) (6,15) (6,16)   also met at 11 more region(s)
  181  MM[181] (1D) seats (0,0) (0,1) (0,2) (0,3) (0,4) (0,5) (0,6) (0,7) (0,8) (0,9) (0,10) (0,11) (0,12) (0,13) (0,14) (0,15) (0,16) (0,17) (0,18) (1,0) (1,1) (1,2) (1,3) (1,4) (1,5) (1,6) (1,7) (1,8) (1,9) (1,10) (1,11) (1,12) (1,13) (1,14) (1,15) (1,16) (1,17) (1,18) (2,0) (2,1) (2,2) (2,3) (2,4) (2,5) (2,6) (2,7) (2,8) (2,9) (2,10) (2,11) (2,12) (3,0) (3,1) (3,2) (3,3) (3,4) (3,5) (3,6) (3,7) (3,8) (3,9) (3,10) (3,11) (3,12) (4,0) (4,1) (4,2) (4,3) (4,4) (4,5) (4,6) (4,7) (4,8) (4,9) (4,10) (4,11) (4,12) (5,0) (5,1) (5,2) (5,3) (5,4) (5,5) (5,6) (5,7) (5,8) (5,9) (5,10) (5,11) (5,12) (6,0) (6,1) (6,2) (6,3) (6,4) (6,5) (6,6) (6,7) (6,8) (6,9) (6,10) (6,11) (6,12) (7,0) (7,1) (7,2) (7,3) (7,4) (7,5) (7,6) (7,7) (7,8) (7,9) (7,10) (7,11) (7,12) (8,0) (8,1) (8,2) (8,3) (8,4) (8,5) (8,6) (8,7) (8,8) (8,9) (8,10) (8,11) (8,12) (9,0) (9,1) (9,2) (9,3) (9,4) (9,5) (9,6) (9,7) (9,8) (9,9) (9,10) (9,11) (9,12) (10,0) (10,1) (10,2) (10,3) (10,4) (10,5) (10,6) (10,7) (10,8) (10,9) (10,10) (10,11) (10,12) (11,0) (11,1) (11,2) (11,3) (11,4) (11,5) (11,6) (11,7) (11,8) (11,9) (11,10) (11,11) (11,12) (12,0) (12,1) (12,2) (12,3) (12,4) (12,5) (12,6) (12,7) (12,8) (12,9) (12,10) (12,11) (12,12)   also met at 11 more region(s)
  [53,3] MM[[53,3]] (1D) seats (0,0) (0,1) (0,2) (0,3) (0,4) (0,5) (0,6) (0,7) (0,8) (0,9) (0,10) (0,11) (0,12) (0,13) (0,14) (0,15) (0,16) (0,17) (0,18) (1,0) (1,1) (1,2) (1,3) (1,4) (1,5) (1,6) (1,7) (1,8) (1,9) (1,10) (1,11) (1,12) (1,13) (1,14) (1,15) (1,16) (1,17) (1,18) (2,0) (2,1) (2,2) (2,3) (2,4) (2,5) (2,6) (2,7) (2,8) (2,9) (2,10) (3,0) (3,1) (3,2) (3,3) (3,4) (3,5) (3,6) (3,7) (3,8) (3,9) (3,10) (4,0) (4,1) (4,2) (4,3) (4,4) (4,5) (4,6) (4,7) (4,8) (4,9) (4,10) (5,0) (5,1) (5,2) (5,3) (5,4) (5,5) (5,6) (5,7) (5,8) (5,9) (5,10) (6,0) (6,1) (6,2) (6,3) (6,4) (6,5) (6,6) (6,7) (6,8) (6,9) (6,10) (7,0) (7,1) (7,2) (7,3) (7,4) (7,5) (7,6) (7,7) (7,8) (7,9) (7,10) (8,0) (8,1) (8,2) (8,3) (8,4) (8,5) (8,6) (8,7) (8,8) (8,9) (8,10) (9,0) (9,1) (9,2) (9,3) (9,4) (9,5) (9,6) (9,7) (9,8) (9,9) (9,10) (10,0) (10,1) (10,2) (10,3) (10,4) (10,5) (10,6) (10,7) (10,8) (10,9) (10,10) (11,0) (11,1) (11,2) (11,3) (11,4) (11,5) (11,6) (11,7) (11,8) (11,9) (11,10) (12,0) (12,1) (12,2) (12,3) (12,4) (12,5) (12,6) (12,7) (12,8) (12,9) (12,10)   also met at 1 more region(s)
  [[5,5],[3,3]] MM[[[5,5],[3,3]]] (1D) seats (0,0) (0,1) (0,2) (0,3) (0,4) (0,5) (0,6) (0,7) (0,8) (0,9) (0,10) (0,11) (0,12) (0,13) (0,14) (0,15) (0,16) (0,17) (0,18) (1,0) (1,1) (1,2) (1,3) (1,4) (1,5) (1,6) (1,7) (1,8) (1,9) (1,10) (1,11) (1,12) (1,13) (1,14) (1,15) (1,16) (1,17) (1,18) (2,0) (2,1) (2,2) (2,3) (2,4) (2,5) (2,6) (2,7) (2,8) (2,9) (2,10) (2,11) (2,12) (2,13) (2,14) (2,15) (2,16) (3,0) (3,1) (3,2) (3,3) (3,4) (3,5) (3,6) (3,7) (3,8) (3,9) (3,10) (3,11) (3,12) (3,13) (3,14) (3,15) (3,16) (4,0) (4,1) (4,2) (4,3) (4,4) (4,5) (4,6) (4,7) (4,8) (4,9) (4,10) (4,11) (4,12) (4,13) (4,14) (4,15) (4,16) (5,0) (5,1) (5,2) (5,3) (5,4) (5,5) (5,6) (5,7) (5,8) (5,9) (5,10) (5,11) (5,12) (5,13) (5,14) (5,15) (5,16) (6,0) (6,1) (6,2) (6,3) (6,4) (6,5) (6,6) (6,7) (6,8) (6,9) (6,10) (6,11) (6,12) (6,13) (6,14) (6,15) (6,16) (7,0) (7,1) (7,2) (7,3) (7,4) (7,5) (7,6) (7,7) (7,8) (7,9) (7,10) (7,11) (7,12) (7,13) (7,14) (7,15) (7,16) (8,0) (8,1) (8,2) (8,3) (8,4) (8,5) (8,6) (8,7) (8,8) (8,9) (8,10) (8,11) (8,12) (8,13) (8,14) (8,15) (8,16) (9,0) (9,1) (9,2) (9,3) (9,4) (9,5) (9,6) (9,7) (9,8) (9,9) (9,10) (9,11) (9,12) (9,13) (9,14) (9,15) (9,16) (10,0) (10,1) (10,2) (10,3) (10,4) (10,5) (10,6) (10,7) (10,8) (10,9) (10,10) (10,11) (10,12) (10,13) (10,14) (10,15) (10,16) (11,0) (11,1) (11,2) (11,3) (11,4) (11,5) (11,6) (11,7) (11,8) (11,9) (11,10) (11,11) (11,12) (11,13) (11,14) (11,15) (11,16) (12,0) (12,1) (12,2) (12,3) (12,4) (12,5) (12,6) (12,7) (12,8) (12,9) (12,10) (12,11) (12,12) (12,13) (12,14) (12,15) (12,16)   also met at 5 more region(s)
  [[3,3],8] MM[[[3,3],8]] (1D) seats (0,0) (0,1) (0,2) (0,3) (0,4) (0,5) (0,6) (0,7) (0,8) (0,9) (0,10) (0,11) (0,12) (0,13) (0,14) (0,15) (0,16) (0,17) (0,18) (1,0) (1,1) (1,2) (1,3) (1,4) (1,5) (1,6) (1,7) (1,8) (1,9) (1,10) (1,11) (1,12) (1,13) (1,14) (1,15) (1,16) (1,17) (1,18) (2,0) (2,1) (3,0) (3,1) (4,0) (4,1) (5,0) (5,1) (6,0) (6,1) (7,0) (7,1) (8,0) (8,1) (9,0) (9,1) (10,0) (10,1) (11,0) (11,1) (12,0) (12,1) (13,0) (13,1) (14,0) (14,1) (15,0) (15,1) (16,0) (16,1) (17,0) (17,1) (18,0) (18,1)
  157  MM[157] (1D) seats (0,0) (0,1) (0,2) (0,3) (0,4) (0,5) (0,6) (0,7) (0,8) (0,9) (0,10) (0,11) (0,12) (0,13) (0,14) (0,15) (0,16) (0,17) (0,18) (1,0) (1,1) (1,2) (1,3) (1,4) (1,5) (1,6) (1,7) (1,8) (1,9) (1,10) (1,11) (1,12) (1,13) (1,14) (1,15) (1,16) (1,17) (1,18) (2,0) (2,1) (2,2) (2,3) (2,4) (2,5) (2,6) (3,0) (3,1) (3,2) (3,3) (3,4) (3,5) (3,6) (4,0) (4,1) (4,2) (4,3) (4,4) (4,5) (4,6) (5,0) (5,1) (5,2) (5,3) (5,4) (5,5) (5,6) (6,0) (6,1) (6,2) (6,3) (6,4) (6,5) (6,6) (7,0) (7,1) (7,2) (7,3) (7,4) (7,5) (7,6) (8,0) (8,1) (8,2) (8,3) (8,4) (8,5) (8,6) (9,0) (9,1) (9,2) (9,3) (9,4) (9,5) (9,6) (10,0) (10,1) (10,2) (10,3) (10,4) (10,5) (10,6) (11,0) (11,1) (11,2) (11,3) (11,4) (11,5) (11,6) (12,0) (12,1) (12,2) (12,3) (12,4) (12,5) (12,6) (13,0) (13,1) (13,2) (13,3) (13,4) (13,5) (13,6) (14,0) (14,1) (14,2) (14,3) (14,4) (14,5) (14,6) (15,0) (15,1) (15,2) (15,3) (15,4) (15,5) (15,6) (16,0) (16,1) (16,2) (16,3) (16,4) (16,5) (16,6) (17,0) (17,1) (17,2) (17,3) (17,4) (17,5) (17,6) (18,0) (18,1) (18,2) (18,3) (18,4) (18,5) (18,6)   also met at 9 more region(s)
  [37,7] MM[[37,7]] (1D) seats (0,0) (0,1) (0,2) (0,3) (0,4) (0,5) (0,6) (0,7) (0,8) (0,9) (0,10) (0,11) (0,12) (0,13) (0,14) (0,15) (0,16) (0,17) (0,18) (1,0) (1,1) (1,2) (1,3) (1,4) (1,5) (1,6) (1,7) (1,8) (1,9) (1,10) (1,11) (1,12) (1,13) (1,14) (1,15) (1,16) (1,17) (1,18) (2,0) (2,1) (2,2) (2,3) (2,4) (2,5) (2,6) (2,7) (2,8) (2,9) (2,10) (2,11) (2,12) (3,0) (3,1) (3,2) (3,3) (3,4) (3,5) (3,6) (3,7) (3,8) (3,9) (3,10) (3,11) (3,12) (4,0) (4,1) (4,2) (4,3) (4,4) (4,5) (4,6) (4,7) (4,8) (4,9) (4,10) (4,11) (4,12) (5,0) (5,1) (5,2) (5,3) (5,4) (5,5) (5,6) (5,7) (5,8) (5,9) (5,10) (5,11) (5,12) (6,0) (6,1) (6,2) (6,3) (6,4) (6,5) (6,6) (6,7) (6,8) (6,9) (6,10) (6,11) (6,12) (7,0) (7,1) (7,2) (7,3) (7,4) (7,5) (7,6) (7,7) (7,8) (7,9) (7,10) (7,11) (7,12) (8,0) (8,1) (8,2) (8,3) (8,4) (8,5) (8,6) (8,7) (8,8) (8,9) (8,10) (8,11) (8,12) (9,0) (9,1) (9,2) (9,3) (9,4) (9,5) (9,6) (9,7) (9,8) (9,9) (9,10) (9,11) (9,12) (10,0) (10,1) (10,2) (10,3) (10,4) (10,5) (10,6) (10,7) (10,8) (10,9) (10,10) (10,11) (10,12) (11,0) (11,1) (11,2) (11,3) (11,4) (11,5) (11,6) (11,7) (11,8) (11,9) (11,10) (11,11) (11,12) (12,0) (12,1) (12,2) (12,3) (12,4) (12,5) (12,6) (12,7) (12,8) (12,9) (12,10) (12,11) (12,12) (13,0) (13,1) (13,2) (13,3) (13,4) (13,5) (13,6) (13,7) (13,8) (13,9) (13,10) (13,11) (13,12) (14,0) (14,1) (14,2) (14,3) (14,4) (14,5) (14,6) (14,7) (14,8) (14,9) (14,10) (14,11) (14,12) (15,0) (15,1) (15,2) (15,3) (15,4) (15,5) (15,6) (15,7) (15,8) (15,9) (15,10) (15,11) (15,12) (16,0) (16,1) (16,2) (16,3) (16,4) (16,5) (16,6) (16,7) (16,8) (16,9) (16,10) (16,11) (16,12) (17,0) (17,1) (17,2) (17,3) (17,4) (17,5) (17,6) (17,7) (17,8) (17,9) (17,10) (17,11) (17,12) (18,0) (18,1) (18,2) (18,3) (18,4) (18,5) (18,6) (18,7) (18,8) (18,9) (18,10) (18,11) (18,12)   also met at 9 more region(s)
  [109,3] MM[[109,3]] (1D) seats (0,0) (0,1) (0,2) (0,3) (0,4) (0,5) (0,6) (0,7) (0,8) (0,9) (0,10) (0,11) (0,12) (0,13) (0,14) (0,15) (0,16) (0,17) (0,18) (1,0) (1,1) (1,2) (1,3) (1,4) (1,5) (1,6) (1,7) (1,8) (1,9) (1,10) (1,11) (1,12) (1,13) (1,14) (1,15) (1,16) (1,17) (1,18) (2,0) (2,1) (2,2) (2,3) (2,4) (2,5) (2,6) (2,7) (2,8) (2,9) (2,10) (2,11) (2,12) (2,13) (2,14) (2,15) (2,16) (3,0) (3,1) (3,2) (3,3) (3,4) (3,5) (3,6) (3,7) (3,8) (3,9) (3,10) (3,11) (3,12) (3,13) (3,14) (3,15) (3,16) (4,0) (4,1) (4,2) (4,3) (4,4) (4,5) (4,6) (4,7) (4,8) (4,9) (4,10) (4,11) (4,12) (4,13) (4,14) (4,15) (4,16) (5,0) (5,1) (5,2) (5,3) (5,4) (5,5) (5,6) (5,7) (5,8) (5,9) (5,10) (5,11) (5,12) (5,13) (5,14) (5,15) (5,16) (6,0) (6,1) (6,2) (6,3) (6,4) (6,5) (6,6) (6,7) (6,8) (6,9) (6,10) (6,11) (6,12) (6,13) (6,14) (6,15) (6,16) (7,0) (7,1) (7,2) (7,3) (7,4) (7,5) (7,6) (7,7) (7,8) (7,9) (7,10) (7,11) (7,12) (7,13) (7,14) (7,15) (7,16) (8,0) (8,1) (8,2) (8,3) (8,4) (8,5) (8,6) (8,7) (8,8) (8,9) (8,10) (8,11) (8,12) (8,13) (8,14) (8,15) (8,16) (9,0) (9,1) (9,2) (9,3) (9,4) (9,5) (9,6) (9,7) (9,8) (9,9) (9,10) (9,11) (9,12) (9,13) (9,14) (9,15) (9,16) (10,0) (10,1) (10,2) (10,3) (10,4) (10,5) (10,6) (10,7) (10,8) (10,9) (10,10) (10,11) (10,12) (10,13) (10,14) (10,15) (10,16) (11,0) (11,1) (11,2) (11,3) (11,4) (11,5) (11,6) (11,7) (11,8) (11,9) (11,10) (11,11) (11,12) (11,13) (11,14) (11,15) (11,16) (12,0) (12,1) (12,2) (12,3) (12,4) (12,5) (12,6) (12,7) (12,8) (12,9) (12,10) (12,11) (12,12) (12,13) (12,14) (12,15) (12,16) (13,0) (13,1) (13,2) (13,3) (13,4) (13,5) (13,6) (13,7) (13,8) (13,9) (13,10) (13,11) (13,12) (13,13) (13,14) (13,15) (13,16) (14,0) (14,1) (14,2) (14,3) (14,4) (14,5) (14,6) (14,7) (14,8) (14,9) (14,10) (14,11) (14,12) (14,13) (14,14) (14,15) (14,16) (15,0) (15,1) (15,2) (15,3) (15,4) (15,5) (15,6) (15,7) (15,8) (15,9) (15,10) (15,11) (15,12) (15,13) (15,14) (15,15) (15,16) (16,0) (16,1) (16,2) (16,3) (16,4) (16,5) (16,6) (16,7) (16,8) (16,9) (16,10) (16,11) (16,12) (16,13) (16,14) (16,15) (16,16) (17,0) (17,1) (17,2) (17,3) (17,4) (17,5) (17,6) (17,7) (17,8) (17,9) (17,10) (17,11) (17,12) (17,13) (17,14) (17,15) (17,16) (18,0) (18,1) (18,2) (18,3) (18,4) (18,5) (18,6) (18,7) (18,8) (18,9) (18,10) (18,11) (18,12) (18,13) (18,14) (18,15) (18,16)   also met at 5 more region(s)
  83   MM[83] (1D)  seats (0,0) (0,1) (0,2) (0,3) (0,4) (0,5) (0,6) (0,7) (0,8) (0,9) (0,10) (0,11) (0,12) (0,13) (0,14) (0,15) (0,16) (0,17) (0,18) (1,0) (1,1) (1,2) (1,3) (1,4) (1,5) (1,6) (1,7) (1,8) (1,9) (1,10) (1,11) (1,12) (1,13) (1,14) (1,15) (1,16) (1,17) (1,18) (2,0) (2,1) (2,2) (2,3) (2,4) (3,0) (3,1) (3,2) (3,3) (3,4) (4,0) (4,1) (4,2) (4,3) (4,4) (5,0) (5,1) (5,2) (5,3) (5,4) (6,0) (6,1) (6,2) (6,3) (6,4) (7,0) (7,1) (7,2) (7,3) (7,4) (8,0) (8,1) (8,2) (8,3) (8,4) (9,0) (9,1) (9,2) (9,3) (9,4) (10,0) (10,1) (10,2) (10,3) (10,4)   also met at 19 more region(s)
  [31,5] MM[[31,5]] (1D) seats (0,0) (0,1) (0,2) (0,3) (0,4) (0,5) (0,6) (0,7) (0,8) (0,9) (0,10) (0,11) (0,12) (0,13) (0,14) (0,15) (0,16) (0,17) (0,18) (1,0) (1,1) (1,2) (1,3) (1,4) (1,5) (1,6) (1,7) (1,8) (1,9) (1,10) (1,11) (1,12) (1,13) (1,14) (1,15) (1,16) (1,17) (1,18) (2,0) (2,1) (2,2) (2,3) (2,4) (2,5) (2,6) (2,7) (2,8) (2,9) (2,10) (2,11) (2,12) (3,0) (3,1) (3,2) (3,3) (3,4) (3,5) (3,6) (3,7) (3,8) (3,9) (3,10) (3,11) (3,12) (4,0) (4,1) (4,2) (4,3) (4,4) (4,5) (4,6) (4,7) (4,8) (4,9) (4,10) (4,11) (4,12) (5,0) (5,1) (5,2) (5,3) (5,4) (5,5) (5,6) (5,7) (5,8) (5,9) (5,10) (5,11) (5,12) (6,0) (6,1) (6,2) (6,3) (6,4) (6,5) (6,6) (6,7) (6,8) (6,9) (6,10) (6,11) (6,12) (7,0) (7,1) (7,2) (7,3) (7,4) (7,5) (7,6) (7,7) (7,8) (7,9) (7,10) (7,11) (7,12) (8,0) (8,1) (8,2) (8,3) (8,4) (8,5) (8,6) (8,7) (8,8) (8,9) (8,10) (8,11) (8,12) (9,0) (9,1) (9,2) (9,3) (9,4) (9,5) (9,6) (9,7) (9,8) (9,9) (9,10) (9,11) (9,12) (10,0) (10,1) (10,2) (10,3) (10,4) (10,5) (10,6) (10,7) (10,8) (10,9) (10,10) (10,11) (10,12)   also met at 13 more region(s)
  137  MM[137] (1D) seats (0,0) (0,1) (0,2) (0,3) (0,4) (0,5) (0,6) (0,7) (0,8) (0,9) (0,10) (0,11) (0,12) (0,13) (0,14) (0,15) (0,16) (0,17) (0,18) (1,0) (1,1) (1,2) (1,3) (1,4) (1,5) (1,6) (1,7) (1,8) (1,9) (1,10) (1,11) (1,12) (1,13) (1,14) (1,15) (1,16) (1,17) (1,18) (2,0) (2,1) (2,2) (2,3) (2,4) (2,5) (2,6) (2,7) (2,8) (2,9) (2,10) (3,0) (3,1) (3,2) (3,3) (3,4) (3,5) (3,6) (3,7) (3,8) (3,9) (3,10) (4,0) (4,1) (4,2) (4,3) (4,4) (4,5) (4,6) (4,7) (4,8) (4,9) (4,10) (5,0) (5,1) (5,2) (5,3) (5,4) (5,5) (5,6) (5,7) (5,8) (5,9) (5,10) (6,0) (6,1) (6,2) (6,3) (6,4) (6,5) (6,6) (6,7) (6,8) (6,9) (6,10) (7,0) (7,1) (7,2) (7,3) (7,4) (7,5) (7,6) (7,7) (7,8) (7,9) (7,10) (8,0) (8,1) (8,2) (8,3) (8,4) (8,5) (8,6) (8,7) (8,8) (8,9) (8,10) (9,0) (9,1) (9,2) (9,3) (9,4) (9,5) (9,6) (9,7) (9,8) (9,9) (9,10) (10,0) (10,1) (10,2) (10,3) (10,4) (10,5) (10,6) (10,7) (10,8) (10,9) (10,10)   also met at 15 more region(s)
  113  MM[113] (1D) seats (0,0) (0,1) (0,2) (0,3) (0,4) (0,5) (0,6) (0,7) (0,8) (0,9) (0,10) (0,11) (0,12) (0,13) (0,14) (0,15) (0,16) (0,17) (0,18) (1,0) (1,1) (1,2) (1,3) (1,4) (1,5) (1,6) (1,7) (1,8) (1,9) (1,10) (1,11) (1,12) (1,13) (1,14) (1,15) (1,16) (1,17) (1,18) (2,0) (2,1) (2,2) (2,3) (2,4) (3,0) (3,1) (3,2) (3,3) (3,4) (4,0) (4,1) (4,2) (4,3) (4,4) (5,0) (5,1) (5,2) (5,3) (5,4) (6,0) (6,1) (6,2) (6,3) (6,4) (7,0) (7,1) (7,2) (7,3) (7,4) (8,0) (8,1) (8,2) (8,3) (8,4) (9,0) (9,1) (9,2) (9,3) (9,4) (10,0) (10,1) (10,2) (10,3) (10,4) (11,0) (11,1) (11,2) (11,3) (11,4) (12,0) (12,1) (12,2) (12,3) (12,4) (13,0) (13,1) (13,2) (13,3) (13,4) (14,0) (14,1) (14,2) (14,3) (14,4) (15,0) (15,1) (15,2) (15,3) (15,4) (16,0) (16,1) (16,2) (16,3) (16,4)   also met at 9 more region(s)
  233  MM[233] (1D) seats (0,0) (0,1) (0,2) (0,3) (0,4) (0,5) (0,6) (0,7) (0,8) (0,9) (0,10) (0,11) (0,12) (0,13) (0,14) (0,15) (0,16) (0,17) (0,18) (1,0) (1,1) (1,2) (1,3) (1,4) (1,5) (1,6) (1,7) (1,8) (1,9) (1,10) (1,11) (1,12) (1,13) (1,14) (1,15) (1,16) (1,17) (1,18) (2,0) (2,1) (2,2) (2,3) (2,4) (2,5) (2,6) (2,7) (2,8) (2,9) (2,10) (2,11) (2,12) (3,0) (3,1) (3,2) (3,3) (3,4) (3,5) (3,6) (3,7) (3,8) (3,9) (3,10) (3,11) (3,12) (4,0) (4,1) (4,2) (4,3) (4,4) (4,5) (4,6) (4,7) (4,8) (4,9) (4,10) (4,11) (4,12) (5,0) (5,1) (5,2) (5,3) (5,4) (5,5) (5,6) (5,7) (5,8) (5,9) (5,10) (5,11) (5,12) (6,0) (6,1) (6,2) (6,3) (6,4) (6,5) (6,6) (6,7) (6,8) (6,9) (6,10) (6,11) (6,12) (7,0) (7,1) (7,2) (7,3) (7,4) (7,5) (7,6) (7,7) (7,8) (7,9) (7,10) (7,11) (7,12) (8,0) (8,1) (8,2) (8,3) (8,4) (8,5) (8,6) (8,7) (8,8) (8,9) (8,10) (8,11) (8,12) (9,0) (9,1) (9,2) (9,3) (9,4) (9,5) (9,6) (9,7) (9,8) (9,9) (9,10) (9,11) (9,12) (10,0) (10,1) (10,2) (10,3) (10,4) (10,5) (10,6) (10,7) (10,8) (10,9) (10,10) (10,11) (10,12) (11,0) (11,1) (11,2) (11,3) (11,4) (11,5) (11,6) (11,7) (11,8) (11,9) (11,10) (11,11) (11,12) (12,0) (12,1) (12,2) (12,3) (12,4) (12,5) (12,6) (12,7) (12,8) (12,9) (12,10) (12,11) (12,12) (13,0) (13,1) (13,2) (13,3) (13,4) (13,5) (13,6) (13,7) (13,8) (13,9) (13,10) (13,11) (13,12) (14,0) (14,1) (14,2) (14,3) (14,4) (14,5) (14,6) (14,7) (14,8) (14,9) (14,10) (14,11) (14,12) (15,0) (15,1) (15,2) (15,3) (15,4) (15,5) (15,6) (15,7) (15,8) (15,9) (15,10) (15,11) (15,12) (16,0) (16,1) (16,2) (16,3) (16,4) (16,5) (16,6) (16,7) (16,8) (16,9) (16,10) (16,11) (16,12)   also met at 9 more region(s)
  [29,7] MM[[29,7]] (1D) seats (0,0) (0,1) (0,2) (0,3) (0,4) (0,5) (0,6) (0,7) (0,8) (0,9) (0,10) (0,11) (0,12) (0,13) (0,14) (0,15) (0,16) (0,17) (0,18) (1,0) (1,1) (1,2) (1,3) (1,4) (1,5) (1,6) (1,7) (1,8) (1,9) (1,10) (1,11) (1,12) (1,13) (1,14) (1,15) (1,16) (1,17) (1,18) (2,0) (2,1) (2,2) (2,3) (2,4) (2,5) (2,6) (2,7) (2,8) (2,9) (2,10) (3,0) (3,1) (3,2) (3,3) (3,4) (3,5) (3,6) (3,7) (3,8) (3,9) (3,10) (4,0) (4,1) (4,2) (4,3) (4,4) (4,5) (4,6) (4,7) (4,8) (4,9) (4,10) (5,0) (5,1) (5,2) (5,3) (5,4) (5,5) (5,6) (5,7) (5,8) (5,9) (5,10) (6,0) (6,1) (6,2) (6,3) (6,4) (6,5) (6,6) (6,7) (6,8) (6,9) (6,10) (7,0) (7,1) (7,2) (7,3) (7,4) (7,5) (7,6) (7,7) (7,8) (7,9) (7,10) (8,0) (8,1) (8,2) (8,3) (8,4) (8,5) (8,6) (8,7) (8,8) (8,9) (8,10) (9,0) (9,1) (9,2) (9,3) (9,4) (9,5) (9,6) (9,7) (9,8) (9,9) (9,10) (10,0) (10,1) (10,2) (10,3) (10,4) (10,5) (10,6) (10,7) (10,8) (10,9) (10,10) (11,0) (11,1) (11,2) (11,3) (11,4) (11,5) (11,6) (11,7) (11,8) (11,9) (11,10) (12,0) (12,1) (12,2) (12,3) (12,4) (12,5) (12,6) (12,7) (12,8) (12,9) (12,10) (13,0) (13,1) (13,2) (13,3) (13,4) (13,5) (13,6) (13,7) (13,8) (13,9) (13,10) (14,0) (14,1) (14,2) (14,3) (14,4) (14,5) (14,6) (14,7) (14,8) (14,9) (14,10) (15,0) (15,1) (15,2) (15,3) (15,4) (15,5) (15,6) (15,7) (15,8) (15,9) (15,10) (16,0) (16,1) (16,2) (16,3) (16,4) (16,5) (16,6) (16,7) (16,8) (16,9) (16,10)   also met at 7 more region(s)
  293  MM[293] (1D) seats (0,0) (0,1) (0,2) (0,3) (0,4) (0,5) (0,6) (0,7) (0,8) (0,9) (0,10) (0,11) (0,12) (0,13) (0,14) (0,15) (0,16) (0,17) (0,18) (1,0) (1,1) (1,2) (1,3) (1,4) (1,5) (1,6) (1,7) (1,8) (1,9) (1,10) (1,11) (1,12) (1,13) (1,14) (1,15) (1,16) (1,17) (1,18) (2,0) (2,1) (2,2) (2,3) (2,4) (2,5) (2,6) (2,7) (2,8) (2,9) (2,10) (2,11) (2,12) (2,13) (2,14) (2,15) (2,16) (3,0) (3,1) (3,2) (3,3) (3,4) (3,5) (3,6) (3,7) (3,8) (3,9) (3,10) (3,11) (3,12) (3,13) (3,14) (3,15) (3,16) (4,0) (4,1) (4,2) (4,3) (4,4) (4,5) (4,6) (4,7) (4,8) (4,9) (4,10) (4,11) (4,12) (4,13) (4,14) (4,15) (4,16) (5,0) (5,1) (5,2) (5,3) (5,4) (5,5) (5,6) (5,7) (5,8) (5,9) (5,10) (5,11) (5,12) (5,13) (5,14) (5,15) (5,16) (6,0) (6,1) (6,2) (6,3) (6,4) (6,5) (6,6) (6,7) (6,8) (6,9) (6,10) (6,11) (6,12) (6,13) (6,14) (6,15) (6,16) (7,0) (7,1) (7,2) (7,3) (7,4) (7,5) (7,6) (7,7) (7,8) (7,9) (7,10) (7,11) (7,12) (7,13) (7,14) (7,15) (7,16) (8,0) (8,1) (8,2) (8,3) (8,4) (8,5) (8,6) (8,7) (8,8) (8,9) (8,10) (8,11) (8,12) (8,13) (8,14) (8,15) (8,16) (9,0) (9,1) (9,2) (9,3) (9,4) (9,5) (9,6) (9,7) (9,8) (9,9) (9,10) (9,11) (9,12) (9,13) (9,14) (9,15) (9,16) (10,0) (10,1) (10,2) (10,3) (10,4) (10,5) (10,6) (10,7) (10,8) (10,9) (10,10) (10,11) (10,12) (10,13) (10,14) (10,15) (10,16) (11,0) (11,1) (11,2) (11,3) (11,4) (11,5) (11,6) (11,7) (11,8) (11,9) (11,10) (11,11) (11,12) (11,13) (11,14) (11,15) (11,16) (12,0) (12,1) (12,2) (12,3) (12,4) (12,5) (12,6) (12,7) (12,8) (12,9) (12,10) (12,11) (12,12) (12,13) (12,14) (12,15) (12,16) (13,0) (13,1) (13,2) (13,3) (13,4) (13,5) (13,6) (13,7) (13,8) (13,9) (13,10) (13,11) (13,12) (13,13) (13,14) (13,15) (13,16) (14,0) (14,1) (14,2) (14,3) (14,4) (14,5) (14,6) (14,7) (14,8) (14,9) (14,10) (14,11) (14,12) (14,13) (14,14) (14,15) (14,16) (15,0) (15,1) (15,2) (15,3) (15,4) (15,5) (15,6) (15,7) (15,8) (15,9) (15,10) (15,11) (15,12) (15,13) (15,14) (15,15) (15,16) (16,0) (16,1) (16,2) (16,3) (16,4) (16,5) (16,6) (16,7) (16,8) (16,9) (16,10) (16,11) (16,12) (16,13) (16,14) (16,15) (16,16)   also met at 5 more region(s)
  [37,5] MM[[37,5]] (1D) seats (0,0) (0,1) (0,2) (0,3) (0,4) (0,5) (0,6) (0,7) (0,8) (0,9) (0,10) (0,11) (0,12) (0,13) (0,14) (0,15) (0,16) (0,17) (0,18) (1,0) (1,1) (1,2) (1,3) (1,4) (1,5) (1,6) (1,7) (1,8) (1,9) (1,10) (1,11) (1,12) (1,13) (1,14) (1,15) (1,16) (1,17) (1,18) (2,0) (2,1) (2,2) (2,3) (2,4) (2,5) (2,6) (3,0) (3,1) (3,2) (3,3) (3,4) (3,5) (3,6) (4,0) (4,1) (4,2) (4,3) (4,4) (4,5) (4,6) (5,0) (5,1) (5,2) (5,3) (5,4) (5,5) (5,6) (6,0) (6,1) (6,2) (6,3) (6,4) (6,5) (6,6) (7,0) (7,1) (7,2) (7,3) (7,4) (7,5) (7,6) (8,0) (8,1) (8,2) (8,3) (8,4) (8,5) (8,6) (9,0) (9,1) (9,2) (9,3) (9,4) (9,5) (9,6) (10,0) (10,1) (10,2) (10,3) (10,4) (10,5) (10,6) (11,0) (11,1) (11,2) (11,3) (11,4) (11,5) (11,6) (12,0) (12,1) (12,2) (12,3) (12,4) (12,5) (12,6) (13,0) (13,1) (13,2) (13,3) (13,4) (13,5) (13,6) (14,0) (14,1) (14,2) (14,3) (14,4) (14,5) (14,6) (15,0) (15,1) (15,2) (15,3) (15,4) (15,5) (15,6) (16,0) (16,1) (16,2) (16,3) (16,4) (16,5) (16,6) (17,0) (17,1) (17,2) (17,3) (17,4) (17,5) (17,6) (18,0) (18,1) (18,2) (18,3) (18,4) (18,5) (18,6) (19,0) (19,1) (19,2) (19,3) (19,4) (19,5) (19,6) (20,0) (20,1) (20,2) (20,3) (20,4) (20,5) (20,6) (21,0) (21,1) (21,2) (21,3) (21,4) (21,5) (21,6) (22,0) (22,1) (22,2) (22,3) (22,4) (22,5) (22,6)   also met at 7 more region(s)
  311  MM[311] (1D) seats (0,0) (0,1) (0,2) (0,3) (0,4) (0,5) (0,6) (0,7) (0,8) (0,9) (0,10) (0,11) (0,12) (0,13) (0,14) (0,15) (0,16) (0,17) (0,18) (1,0) (1,1) (1,2) (1,3) (1,4) (1,5) (1,6) (1,7) (1,8) (1,9) (1,10) (1,11) (1,12) (1,13) (1,14) (1,15) (1,16) (1,17) (1,18) (2,0) (2,1) (2,2) (2,3) (2,4) (2,5) (2,6) (2,7) (2,8) (2,9) (2,10) (2,11) (2,12) (3,0) (3,1) (3,2) (3,3) (3,4) (3,5) (3,6) (3,7) (3,8) (3,9) (3,10) (3,11) (3,12) (4,0) (4,1) (4,2) (4,3) (4,4) (4,5) (4,6) (4,7) (4,8) (4,9) (4,10) (4,11) (4,12) (5,0) (5,1) (5,2) (5,3) (5,4) (5,5) (5,6) (5,7) (5,8) (5,9) (5,10) (5,11) (5,12) (6,0) (6,1) (6,2) (6,3) (6,4) (6,5) (6,6) (6,7) (6,8) (6,9) (6,10) (6,11) (6,12) (7,0) (7,1) (7,2) (7,3) (7,4) (7,5) (7,6) (7,7) (7,8) (7,9) (7,10) (7,11) (7,12) (8,0) (8,1) (8,2) (8,3) (8,4) (8,5) (8,6) (8,7) (8,8) (8,9) (8,10) (8,11) (8,12) (9,0) (9,1) (9,2) (9,3) (9,4) (9,5) (9,6) (9,7) (9,8) (9,9) (9,10) (9,11) (9,12) (10,0) (10,1) (10,2) (10,3) (10,4) (10,5) (10,6) (10,7) (10,8) (10,9) (10,10) (10,11) (10,12) (11,0) (11,1) (11,2) (11,3) (11,4) (11,5) (11,6) (11,7) (11,8) (11,9) (11,10) (11,11) (11,12) (12,0) (12,1) (12,2) (12,3) (12,4) (12,5) (12,6) (12,7) (12,8) (12,9) (12,10) (12,11) (12,12) (13,0) (13,1) (13,2) (13,3) (13,4) (13,5) (13,6) (13,7) (13,8) (13,9) (13,10) (13,11) (13,12) (14,0) (14,1) (14,2) (14,3) (14,4) (14,5) (14,6) (14,7) (14,8) (14,9) (14,10) (14,11) (14,12) (15,0) (15,1) (15,2) (15,3) (15,4) (15,5) (15,6) (15,7) (15,8) (15,9) (15,10) (15,11) (15,12) (16,0) (16,1) (16,2) (16,3) (16,4) (16,5) (16,6) (16,7) (16,8) (16,9) (16,10) (16,11) (16,12) (17,0) (17,1) (17,2) (17,3) (17,4) (17,5) (17,6) (17,7) (17,8) (17,9) (17,10) (17,11) (17,12) (18,0) (18,1) (18,2) (18,3) (18,4) (18,5) (18,6) (18,7) (18,8) (18,9) (18,10) (18,11) (18,12) (19,0) (19,1) (19,2) (19,3) (19,4) (19,5) (19,6) (19,7) (19,8) (19,9) (19,10) (19,11) (19,12) (20,0) (20,1) (20,2) (20,3) (20,4) (20,5) (20,6) (20,7) (20,8) (20,9) (20,10) (20,11) (20,12) (21,0) (21,1) (21,2) (21,3) (21,4) (21,5) (21,6) (21,7) (21,8) (21,9) (21,10) (21,11) (21,12) (22,0) (22,1) (22,2) (22,3) (22,4) (22,5) (22,6) (22,7) (22,8) (22,9) (22,10) (22,11) (22,12)   also met at 5 more region(s)
  107  MM[107] (1D) seats (0,0) (0,1) (0,2) (0,3) (0,4) (0,5) (0,6) (0,7) (0,8) (0,9) (0,10) (1,0) (1,1) (1,2) (1,3) (1,4) (1,5) (1,6) (1,7) (1,8) (1,9) (1,10) (2,0) (2,1) (2,2) (2,3) (2,4) (3,0) (3,1) (3,2) (3,3) (3,4) (4,0) (4,1) (4,2) (4,3) (4,4) (5,0) (5,1) (5,2) (5,3) (5,4) (6,0) (6,1) (6,2) (6,3) (6,4) (7,0) (7,1) (7,2) (7,3) (7,4) (8,0) (8,1) (8,2) (8,3) (8,4) (9,0) (9,1) (9,2) (9,3) (9,4) (10,0) (10,1) (10,2) (10,3) (10,4) (11,0) (11,1) (11,2) (11,3) (11,4) (12,0) (12,1) (12,2) (12,3) (12,4) (13,0) (13,1) (13,2) (13,3) (13,4) (14,0) (14,1) (14,2) (14,3) (14,4) (15,0) (15,1) (15,2) (15,3) (15,4) (16,0) (16,1) (16,2) (16,3) (16,4) (17,0) (17,1) (17,2) (17,3) (17,4) (18,0) (18,1) (18,2) (18,3) (18,4)   also met at 15 more region(s)
  [47,3] MM[[47,3]] (1D) seats (0,0) (0,1) (0,2) (0,3) (0,4) (0,5) (0,6) (0,7) (0,8) (0,9) (0,10) (1,0) (1,1) (1,2) (1,3) (1,4) (1,5) (1,6) (1,7) (1,8) (1,9) (1,10) (2,0) (2,1) (2,2) (2,3) (2,4) (2,5) (2,6) (3,0) (3,1) (3,2) (3,3) (3,4) (3,5) (3,6) (4,0) (4,1) (4,2) (4,3) (4,4) (4,5) (4,6) (5,0) (5,1) (5,2) (5,3) (5,4) (5,5) (5,6) (6,0) (6,1) (6,2) (6,3) (6,4) (6,5) (6,6) (7,0) (7,1) (7,2) (7,3) (7,4) (7,5) (7,6) (8,0) (8,1) (8,2) (8,3) (8,4) (8,5) (8,6) (9,0) (9,1) (9,2) (9,3) (9,4) (9,5) (9,6) (10,0) (10,1) (10,2) (10,3) (10,4) (10,5) (10,6) (11,0) (11,1) (11,2) (11,3) (11,4) (11,5) (11,6) (12,0) (12,1) (12,2) (12,3) (12,4) (12,5) (12,6) (13,0) (13,1) (13,2) (13,3) (13,4) (13,5) (13,6) (14,0) (14,1) (14,2) (14,3) (14,4) (14,5) (14,6) (15,0) (15,1) (15,2) (15,3) (15,4) (15,5) (15,6) (16,0) (16,1) (16,2) (16,3) (16,4) (16,5) (16,6) (17,0) (17,1) (17,2) (17,3) (17,4) (17,5) (17,6) (18,0) (18,1) (18,2) (18,3) (18,4) (18,5) (18,6)   also met at 7 more region(s)
  67   MM[67] (1D)  seats (0,0) (0,1) (0,2) (0,3) (0,4) (0,5) (0,6) (0,7) (0,8) (0,9) (0,10) (1,0) (1,1) (1,2) (1,3) (1,4) (1,5) (1,6) (1,7) (1,8) (1,9) (1,10) (2,0) (2,1) (2,2) (2,3) (2,4) (3,0) (3,1) (3,2) (3,3) (3,4) (4,0) (4,1) (4,2) (4,3) (4,4) (5,0) (5,1) (5,2) (5,3) (5,4) (6,0) (6,1) (6,2) (6,3) (6,4) (7,0) (7,1) (7,2) (7,3) (7,4) (8,0) (8,1) (8,2) (8,3) (8,4) (9,0) (9,1) (9,2) (9,3) (9,4) (10,0) (10,1) (10,2) (10,3) (10,4)   also met at 25 more region(s)
  97   MM[97] (1D)  seats (0,0) (0,1) (0,2) (0,3) (0,4) (0,5) (0,6) (0,7) (0,8) (0,9) (0,10) (1,0) (1,1) (1,2) (1,3) (1,4) (1,5) (1,6) (1,7) (1,8) (1,9) (1,10) (2,0) (2,1) (2,2) (2,3) (2,4) (3,0) (3,1) (3,2) (3,3) (3,4) (4,0) (4,1) (4,2) (4,3) (4,4) (5,0) (5,1) (5,2) (5,3) (5,4) (6,0) (6,1) (6,2) (6,3) (6,4) (7,0) (7,1) (7,2) (7,3) (7,4) (8,0) (8,1) (8,2) (8,3) (8,4) (9,0) (9,1) (9,2) (9,3) (9,4) (10,0) (10,1) (10,2) (10,3) (10,4) (11,0) (11,1) (11,2) (11,3) (11,4) (12,0) (12,1) (12,2) (12,3) (12,4) (13,0) (13,1) (13,2) (13,3) (13,4) (14,0) (14,1) (14,2) (14,3) (14,4) (15,0) (15,1) (15,2) (15,3) (15,4) (16,0) (16,1) (16,2) (16,3) (16,4)   also met at 23 more region(s)
  127  MM[127] (1D) seats (0,0) (0,1) (0,2) (0,3) (0,4) (0,5) (0,6) (0,7) (0,8) (0,9) (0,10) (1,0) (1,1) (1,2) (1,3) (1,4) (1,5) (1,6) (1,7) (1,8) (1,9) (1,10) (2,0) (2,1) (2,2) (2,3) (2,4) (2,5) (2,6) (3,0) (3,1) (3,2) (3,3) (3,4) (3,5) (3,6) (4,0) (4,1) (4,2) (4,3) (4,4) (4,5) (4,6) (5,0) (5,1) (5,2) (5,3) (5,4) (5,5) (5,6) (6,0) (6,1) (6,2) (6,3) (6,4) (6,5) (6,6) (7,0) (7,1) (7,2) (7,3) (7,4) (7,5) (7,6) (8,0) (8,1) (8,2) (8,3) (8,4) (8,5) (8,6) (9,0) (9,1) (9,2) (9,3) (9,4) (9,5) (9,6) (10,0) (10,1) (10,2) (10,3) (10,4) (10,5) (10,6) (11,0) (11,1) (11,2) (11,3) (11,4) (11,5) (11,6) (12,0) (12,1) (12,2) (12,3) (12,4) (12,5) (12,6) (13,0) (13,1) (13,2) (13,3) (13,4) (13,5) (13,6) (14,0) (14,1) (14,2) (14,3) (14,4) (14,5) (14,6) (15,0) (15,1) (15,2) (15,3) (15,4) (15,5) (15,6) (16,0) (16,1) (16,2) (16,3) (16,4) (16,5) (16,6)   also met at 15 more region(s)
  [[8,2],4] MM[[[8,2],4]] (1D) seats (0,0) (0,1) (0,2) (0,3) (0,4) (0,5) (0,6) (0,7) (0,8) (0,9) (0,10) (1,0) (1,1) (1,2) (1,3) (1,4) (1,5) (1,6) (1,7) (1,8) (1,9) (1,10) (2,0) (2,1) (3,0) (3,1) (4,0) (4,1) (5,0) (5,1) (6,0) (6,1) (7,0) (7,1) (8,0) (8,1) (9,0) (9,1) (10,0) (10,1) (11,0) (11,1) (12,0) (12,1) (13,0) (13,1) (14,0) (14,1) (15,0) (15,1) (16,0) (16,1) (17,0) (17,1) (18,0) (18,1) (19,0) (19,1) (20,0) (20,1) (21,0) (21,1) (22,0) (22,1)   also met at 2 more region(s)
  [59,3] MM[[59,3]] (1D) seats (0,0) (0,1) (0,2) (0,3) (0,4) (0,5) (0,6) (0,7) (0,8) (0,9) (0,10) (0,11) (0,12) (0,13) (0,14) (0,15) (0,16) (1,0) (1,1) (1,2) (1,3) (1,4) (1,5) (1,6) (1,7) (1,8) (1,9) (1,10) (1,11) (1,12) (1,13) (1,14) (1,15) (1,16) (2,0) (2,1) (2,2) (2,3) (2,4) (2,5) (2,6) (2,7) (2,8) (2,9) (2,10) (2,11) (2,12) (3,0) (3,1) (3,2) (3,3) (3,4) (3,5) (3,6) (3,7) (3,8) (3,9) (3,10) (3,11) (3,12) (4,0) (4,1) (4,2) (4,3) (4,4) (4,5) (4,6) (4,7) (4,8) (4,9) (4,10) (4,11) (4,12) (5,0) (5,1) (5,2) (5,3) (5,4) (5,5) (5,6) (5,7) (5,8) (5,9) (5,10) (5,11) (5,12) (6,0) (6,1) (6,2) (6,3) (6,4) (6,5) (6,6) (6,7) (6,8) (6,9) (6,10) (6,11) (6,12) (7,0) (7,1) (7,2) (7,3) (7,4) (7,5) (7,6) (7,7) (7,8) (7,9) (7,10) (7,11) (7,12) (8,0) (8,1) (8,2) (8,3) (8,4) (8,5) (8,6) (8,7) (8,8) (8,9) (8,10) (8,11) (8,12) (9,0) (9,1) (9,2) (9,3) (9,4) (9,5) (9,6) (9,7) (9,8) (9,9) (9,10) (9,11) (9,12) (10,0) (10,1) (10,2) (10,3) (10,4) (10,5) (10,6) (10,7) (10,8) (10,9) (10,10) (10,11) (10,12) (11,0) (11,1) (11,2) (11,3) (11,4) (11,5) (11,6) (11,7) (11,8) (11,9) (11,10) (11,11) (11,12) (12,0) (12,1) (12,2) (12,3) (12,4) (12,5) (12,6) (12,7) (12,8) (12,9) (12,10) (12,11) (12,12)   also met at 5 more region(s)
  [17,[3,3]] MM[[17,[3,3]]] (1D) seats (0,0) (0,1) (0,2) (0,3) (0,4) (0,5) (0,6) (0,7) (0,8) (0,9) (0,10) (0,11) (0,12) (0,13) (0,14) (0,15) (0,16) (1,0) (1,1) (1,2) (1,3) (1,4) (1,5) (1,6) (1,7) (1,8) (1,9) (1,10) (1,11) (1,12) (1,13) (1,14) (1,15) (1,16) (2,0) (2,1) (2,2) (2,3) (2,4) (2,5) (2,6) (3,0) (3,1) (3,2) (3,3) (3,4) (3,5) (3,6) (4,0) (4,1) (4,2) (4,3) (4,4) (4,5) (4,6) (5,0) (5,1) (5,2) (5,3) (5,4) (5,5) (5,6) (6,0) (6,1) (6,2) (6,3) (6,4) (6,5) (6,6) (7,0) (7,1) (7,2) (7,3) (7,4) (7,5) (7,6) (8,0) (8,1) (8,2) (8,3) (8,4) (8,5) (8,6) (9,0) (9,1) (9,2) (9,3) (9,4) (9,5) (9,6) (10,0) (10,1) (10,2) (10,3) (10,4) (10,5) (10,6) (11,0) (11,1) (11,2) (11,3) (11,4) (11,5) (11,6) (12,0) (12,1) (12,2) (12,3) (12,4) (12,5) (12,6) (13,0) (13,1) (13,2) (13,3) (13,4) (13,5) (13,6) (14,0) (14,1) (14,2) (14,3) (14,4) (14,5) (14,6) (15,0) (15,1) (15,2) (15,3) (15,4) (15,5) (15,6) (16,0) (16,1) (16,2) (16,3) (16,4) (16,5) (16,6) (17,0) (17,1) (17,2) (17,3) (17,4) (17,5) (17,6) (18,0) (18,1) (18,2) (18,3) (18,4) (18,5) (18,6)   also met at 9 more region(s)
  [17,[3,5]] MM[[17,[3,5]]] (1D) seats (0,0) (0,1) (0,2) (0,3) (0,4) (0,5) (0,6) (0,7) (0,8) (0,9) (0,10) (0,11) (0,12) (0,13) (0,14) (0,15) (0,16) (1,0) (1,1) (1,2) (1,3) (1,4) (1,5) (1,6) (1,7) (1,8) (1,9) (1,10) (1,11) (1,12) (1,13) (1,14) (1,15) (1,16) (2,0) (2,1) (2,2) (2,3) (2,4) (2,5) (2,6) (2,7) (2,8) (2,9) (2,10) (2,11) (2,12) (3,0) (3,1) (3,2) (3,3) (3,4) (3,5) (3,6) (3,7) (3,8) (3,9) (3,10) (3,11) (3,12) (4,0) (4,1) (4,2) (4,3) (4,4) (4,5) (4,6) (4,7) (4,8) (4,9) (4,10) (4,11) (4,12) (5,0) (5,1) (5,2) (5,3) (5,4) (5,5) (5,6) (5,7) (5,8) (5,9) (5,10) (5,11) (5,12) (6,0) (6,1) (6,2) (6,3) (6,4) (6,5) (6,6) (6,7) (6,8) (6,9) (6,10) (6,11) (6,12) (7,0) (7,1) (7,2) (7,3) (7,4) (7,5) (7,6) (7,7) (7,8) (7,9) (7,10) (7,11) (7,12) (8,0) (8,1) (8,2) (8,3) (8,4) (8,5) (8,6) (8,7) (8,8) (8,9) (8,10) (8,11) (8,12) (9,0) (9,1) (9,2) (9,3) (9,4) (9,5) (9,6) (9,7) (9,8) (9,9) (9,10) (9,11) (9,12) (10,0) (10,1) (10,2) (10,3) (10,4) (10,5) (10,6) (10,7) (10,8) (10,9) (10,10) (10,11) (10,12) (11,0) (11,1) (11,2) (11,3) (11,4) (11,5) (11,6) (11,7) (11,8) (11,9) (11,10) (11,11) (11,12) (12,0) (12,1) (12,2) (12,3) (12,4) (12,5) (12,6) (12,7) (12,8) (12,9) (12,10) (12,11) (12,12) (13,0) (13,1) (13,2) (13,3) (13,4) (13,5) (13,6) (13,7) (13,8) (13,9) (13,10) (13,11) (13,12) (14,0) (14,1) (14,2) (14,3) (14,4) (14,5) (14,6) (14,7) (14,8) (14,9) (14,10) (14,11) (14,12) (15,0) (15,1) (15,2) (15,3) (15,4) (15,5) (15,6) (15,7) (15,8) (15,9) (15,10) (15,11) (15,12) (16,0) (16,1) (16,2) (16,3) (16,4) (16,5) (16,6) (16,7) (16,8) (16,9) (16,10) (16,11) (16,12) (17,0) (17,1) (17,2) (17,3) (17,4) (17,5) (17,6) (17,7) (17,8) (17,9) (17,10) (17,11) (17,12) (18,0) (18,1) (18,2) (18,3) (18,4) (18,5) (18,6) (18,7) (18,8) (18,9) (18,10) (18,11) (18,12)   also met at 5 more region(s)
  79   MM[79] (1D)  seats (0,0) (0,1) (0,2) (0,3) (0,4) (0,5) (0,6) (0,7) (0,8) (0,9) (0,10) (0,11) (0,12) (0,13) (0,14) (0,15) (0,16) (1,0) (1,1) (1,2) (1,3) (1,4) (1,5) (1,6) (1,7) (1,8) (1,9) (1,10) (1,11) (1,12) (1,13) (1,14) (1,15) (1,16) (2,0) (2,1) (2,2) (2,3) (2,4) (3,0) (3,1) (3,2) (3,3) (3,4) (4,0) (4,1) (4,2) (4,3) (4,4) (5,0) (5,1) (5,2) (5,3) (5,4) (6,0) (6,1) (6,2) (6,3) (6,4) (7,0) (7,1) (7,2) (7,3) (7,4) (8,0) (8,1) (8,2) (8,3) (8,4) (9,0) (9,1) (9,2) (9,3) (9,4) (10,0) (10,1) (10,2) (10,3) (10,4)   also met at 23 more region(s)
  151  MM[151] (1D) seats (0,0) (0,1) (0,2) (0,3) (0,4) (0,5) (0,6) (0,7) (0,8) (0,9) (0,10) (0,11) (0,12) (0,13) (0,14) (0,15) (0,16) (1,0) (1,1) (1,2) (1,3) (1,4) (1,5) (1,6) (1,7) (1,8) (1,9) (1,10) (1,11) (1,12) (1,13) (1,14) (1,15) (1,16) (2,0) (2,1) (2,2) (2,3) (2,4) (2,5) (2,6) (2,7) (2,8) (2,9) (2,10) (2,11) (2,12) (3,0) (3,1) (3,2) (3,3) (3,4) (3,5) (3,6) (3,7) (3,8) (3,9) (3,10) (3,11) (3,12) (4,0) (4,1) (4,2) (4,3) (4,4) (4,5) (4,6) (4,7) (4,8) (4,9) (4,10) (4,11) (4,12) (5,0) (5,1) (5,2) (5,3) (5,4) (5,5) (5,6) (5,7) (5,8) (5,9) (5,10) (5,11) (5,12) (6,0) (6,1) (6,2) (6,3) (6,4) (6,5) (6,6) (6,7) (6,8) (6,9) (6,10) (6,11) (6,12) (7,0) (7,1) (7,2) (7,3) (7,4) (7,5) (7,6) (7,7) (7,8) (7,9) (7,10) (7,11) (7,12) (8,0) (8,1) (8,2) (8,3) (8,4) (8,5) (8,6) (8,7) (8,8) (8,9) (8,10) (8,11) (8,12) (9,0) (9,1) (9,2) (9,3) (9,4) (9,5) (9,6) (9,7) (9,8) (9,9) (9,10) (9,11) (9,12) (10,0) (10,1) (10,2) (10,3) (10,4) (10,5) (10,6) (10,7) (10,8) (10,9) (10,10) (10,11) (10,12)   also met at 15 more region(s)
  109  MM[109] (1D) seats (0,0) (0,1) (0,2) (0,3) (0,4) (0,5) (0,6) (0,7) (0,8) (0,9) (0,10) (0,11) (0,12) (0,13) (0,14) (0,15) (0,16) (1,0) (1,1) (1,2) (1,3) (1,4) (1,5) (1,6) (1,7) (1,8) (1,9) (1,10) (1,11) (1,12) (1,13) (1,14) (1,15) (1,16) (2,0) (2,1) (2,2) (2,3) (2,4) (3,0) (3,1) (3,2) (3,3) (3,4) (4,0) (4,1) (4,2) (4,3) (4,4) (5,0) (5,1) (5,2) (5,3) (5,4) (6,0) (6,1) (6,2) (6,3) (6,4) (7,0) (7,1) (7,2) (7,3) (7,4) (8,0) (8,1) (8,2) (8,3) (8,4) (9,0) (9,1) (9,2) (9,3) (9,4) (10,0) (10,1) (10,2) (10,3) (10,4) (11,0) (11,1) (11,2) (11,3) (11,4) (12,0) (12,1) (12,2) (12,3) (12,4) (13,0) (13,1) (13,2) (13,3) (13,4) (14,0) (14,1) (14,2) (14,3) (14,4) (15,0) (15,1) (15,2) (15,3) (15,4) (16,0) (16,1) (16,2) (16,3) (16,4)   also met at 17 more region(s)
  139  MM[139] (1D) seats (0,0) (0,1) (0,2) (0,3) (0,4) (0,5) (0,6) (0,7) (0,8) (0,9) (0,10) (0,11) (0,12) (0,13) (0,14) (0,15) (0,16) (1,0) (1,1) (1,2) (1,3) (1,4) (1,5) (1,6) (1,7) (1,8) (1,9) (1,10) (1,11) (1,12) (1,13) (1,14) (1,15) (1,16) (2,0) (2,1) (2,2) (2,3) (2,4) (2,5) (2,6) (3,0) (3,1) (3,2) (3,3) (3,4) (3,5) (3,6) (4,0) (4,1) (4,2) (4,3) (4,4) (4,5) (4,6) (5,0) (5,1) (5,2) (5,3) (5,4) (5,5) (5,6) (6,0) (6,1) (6,2) (6,3) (6,4) (6,5) (6,6) (7,0) (7,1) (7,2) (7,3) (7,4) (7,5) (7,6) (8,0) (8,1) (8,2) (8,3) (8,4) (8,5) (8,6) (9,0) (9,1) (9,2) (9,3) (9,4) (9,5) (9,6) (10,0) (10,1) (10,2) (10,3) (10,4) (10,5) (10,6) (11,0) (11,1) (11,2) (11,3) (11,4) (11,5) (11,6) (12,0) (12,1) (12,2) (12,3) (12,4) (12,5) (12,6) (13,0) (13,1) (13,2) (13,3) (13,4) (13,5) (13,6) (14,0) (14,1) (14,2) (14,3) (14,4) (14,5) (14,6) (15,0) (15,1) (15,2) (15,3) (15,4) (15,5) (15,6) (16,0) (16,1) (16,2) (16,3) (16,4) (16,5) (16,6)   also met at 15 more region(s)
  229  MM[229] (1D) seats (0,0) (0,1) (0,2) (0,3) (0,4) (0,5) (0,6) (0,7) (0,8) (0,9) (0,10) (0,11) (0,12) (0,13) (0,14) (0,15) (0,16) (1,0) (1,1) (1,2) (1,3) (1,4) (1,5) (1,6) (1,7) (1,8) (1,9) (1,10) (1,11) (1,12) (1,13) (1,14) (1,15) (1,16) (2,0) (2,1) (2,2) (2,3) (2,4) (2,5) (2,6) (2,7) (2,8) (2,9) (2,10) (2,11) (2,12) (3,0) (3,1) (3,2) (3,3) (3,4) (3,5) (3,6) (3,7) (3,8) (3,9) (3,10) (3,11) (3,12) (4,0) (4,1) (4,2) (4,3) (4,4) (4,5) (4,6) (4,7) (4,8) (4,9) (4,10) (4,11) (4,12) (5,0) (5,1) (5,2) (5,3) (5,4) (5,5) (5,6) (5,7) (5,8) (5,9) (5,10) (5,11) (5,12) (6,0) (6,1) (6,2) (6,3) (6,4) (6,5) (6,6) (6,7) (6,8) (6,9) (6,10) (6,11) (6,12) (7,0) (7,1) (7,2) (7,3) (7,4) (7,5) (7,6) (7,7) (7,8) (7,9) (7,10) (7,11) (7,12) (8,0) (8,1) (8,2) (8,3) (8,4) (8,5) (8,6) (8,7) (8,8) (8,9) (8,10) (8,11) (8,12) (9,0) (9,1) (9,2) (9,3) (9,4) (9,5) (9,6) (9,7) (9,8) (9,9) (9,10) (9,11) (9,12) (10,0) (10,1) (10,2) (10,3) (10,4) (10,5) (10,6) (10,7) (10,8) (10,9) (10,10) (10,11) (10,12) (11,0) (11,1) (11,2) (11,3) (11,4) (11,5) (11,6) (11,7) (11,8) (11,9) (11,10) (11,11) (11,12) (12,0) (12,1) (12,2) (12,3) (12,4) (12,5) (12,6) (12,7) (12,8) (12,9) (12,10) (12,11) (12,12) (13,0) (13,1) (13,2) (13,3) (13,4) (13,5) (13,6) (13,7) (13,8) (13,9) (13,10) (13,11) (13,12) (14,0) (14,1) (14,2) (14,3) (14,4) (14,5) (14,6) (14,7) (14,8) (14,9) (14,10) (14,11) (14,12) (15,0) (15,1) (15,2) (15,3) (15,4) (15,5) (15,6) (15,7) (15,8) (15,9) (15,10) (15,11) (15,12) (16,0) (16,1) (16,2) (16,3) (16,4) (16,5) (16,6) (16,7) (16,8) (16,9) (16,10) (16,11) (16,12)   also met at 7 more region(s)
  199  MM[199] (1D) seats (0,0) (0,1) (0,2) (0,3) (0,4) (0,5) (0,6) (0,7) (0,8) (0,9) (0,10) (0,11) (0,12) (0,13) (0,14) (0,15) (0,16) (1,0) (1,1) (1,2) (1,3) (1,4) (1,5) (1,6) (1,7) (1,8) (1,9) (1,10) (1,11) (1,12) (1,13) (1,14) (1,15) (1,16) (2,0) (2,1) (2,2) (2,3) (2,4) (2,5) (2,6) (2,7) (2,8) (2,9) (2,10) (3,0) (3,1) (3,2) (3,3) (3,4) (3,5) (3,6) (3,7) (3,8) (3,9) (3,10) (4,0) (4,1) (4,2) (4,3) (4,4) (4,5) (4,6) (4,7) (4,8) (4,9) (4,10) (5,0) (5,1) (5,2) (5,3) (5,4) (5,5) (5,6) (5,7) (5,8) (5,9) (5,10) (6,0) (6,1) (6,2) (6,3) (6,4) (6,5) (6,6) (6,7) (6,8) (6,9) (6,10) (7,0) (7,1) (7,2) (7,3) (7,4) (7,5) (7,6) (7,7) (7,8) (7,9) (7,10) (8,0) (8,1) (8,2) (8,3) (8,4) (8,5) (8,6) (8,7) (8,8) (8,9) (8,10) (9,0) (9,1) (9,2) (9,3) (9,4) (9,5) (9,6) (9,7) (9,8) (9,9) (9,10) (10,0) (10,1) (10,2) (10,3) (10,4) (10,5) (10,6) (10,7) (10,8) (10,9) (10,10) (11,0) (11,1) (11,2) (11,3) (11,4) (11,5) (11,6) (11,7) (11,8) (11,9) (11,10) (12,0) (12,1) (12,2) (12,3) (12,4) (12,5) (12,6) (12,7) (12,8) (12,9) (12,10) (13,0) (13,1) (13,2) (13,3) (13,4) (13,5) (13,6) (13,7) (13,8) (13,9) (13,10) (14,0) (14,1) (14,2) (14,3) (14,4) (14,5) (14,6) (14,7) (14,8) (14,9) (14,10) (15,0) (15,1) (15,2) (15,3) (15,4) (15,5) (15,6) (15,7) (15,8) (15,9) (15,10) (16,0) (16,1) (16,2) (16,3) (16,4) (16,5) (16,6) (16,7) (16,8) (16,9) (16,10)   also met at 13 more region(s)
  [53,5] MM[[53,5]] (1D) seats (0,0) (0,1) (0,2) (0,3) (0,4) (0,5) (0,6) (0,7) (0,8) (0,9) (0,10) (0,11) (0,12) (0,13) (0,14) (0,15) (0,16) (1,0) (1,1) (1,2) (1,3) (1,4) (1,5) (1,6) (1,7) (1,8) (1,9) (1,10) (1,11) (1,12) (1,13) (1,14) (1,15) (1,16) (2,0) (2,1) (2,2) (2,3) (2,4) (2,5) (2,6) (2,7) (2,8) (2,9) (2,10) (3,0) (3,1) (3,2) (3,3) (3,4) (3,5) (3,6) (3,7) (3,8) (3,9) (3,10) (4,0) (4,1) (4,2) (4,3) (4,4) (4,5) (4,6) (4,7) (4,8) (4,9) (4,10) (5,0) (5,1) (5,2) (5,3) (5,4) (5,5) (5,6) (5,7) (5,8) (5,9) (5,10) (6,0) (6,1) (6,2) (6,3) (6,4) (6,5) (6,6) (6,7) (6,8) (6,9) (6,10) (7,0) (7,1) (7,2) (7,3) (7,4) (7,5) (7,6) (7,7) (7,8) (7,9) (7,10) (8,0) (8,1) (8,2) (8,3) (8,4) (8,5) (8,6) (8,7) (8,8) (8,9) (8,10) (9,0) (9,1) (9,2) (9,3) (9,4) (9,5) (9,6) (9,7) (9,8) (9,9) (9,10) (10,0) (10,1) (10,2) (10,3) (10,4) (10,5) (10,6) (10,7) (10,8) (10,9) (10,10) (11,0) (11,1) (11,2) (11,3) (11,4) (11,5) (11,6) (11,7) (11,8) (11,9) (11,10) (12,0) (12,1) (12,2) (12,3) (12,4) (12,5) (12,6) (12,7) (12,8) (12,9) (12,10) (13,0) (13,1) (13,2) (13,3) (13,4) (13,5) (13,6) (13,7) (13,8) (13,9) (13,10) (14,0) (14,1) (14,2) (14,3) (14,4) (14,5) (14,6) (14,7) (14,8) (14,9) (14,10) (15,0) (15,1) (15,2) (15,3) (15,4) (15,5) (15,6) (15,7) (15,8) (15,9) (15,10) (16,0) (16,1) (16,2) (16,3) (16,4) (16,5) (16,6) (16,7) (16,8) (16,9) (16,10) (17,0) (17,1) (17,2) (17,3) (17,4) (17,5) (17,6) (17,7) (17,8) (17,9) (17,10) (18,0) (18,1) (18,2) (18,3) (18,4) (18,5) (18,6) (18,7) (18,8) (18,9) (18,10) (19,0) (19,1) (19,2) (19,3) (19,4) (19,5) (19,6) (19,7) (19,8) (19,9) (19,10) (20,0) (20,1) (20,2) (20,3) (20,4) (20,5) (20,6) (20,7) (20,8) (20,9) (20,10) (21,0) (21,1) (21,2) (21,3) (21,4) (21,5) (21,6) (21,7) (21,8) (21,9) (21,10) (22,0) (22,1) (22,2) (22,3) (22,4) (22,5) (22,6) (22,7) (22,8) (22,9) (22,10)   also met at 9 more region(s)
  [[3,7],[3,3]] MM[[[3,7],[3,3]]] (1D) seats (0,0) (0,1) (0,2) (0,3) (0,4) (0,5) (0,6) (0,7) (0,8) (0,9) (0,10) (0,11) (0,12) (0,13) (0,14) (0,15) (0,16) (0,17) (0,18) (0,19) (0,20) (0,21) (0,22) (1,0) (1,1) (1,2) (1,3) (1,4) (1,5) (1,6) (1,7) (1,8) (1,9) (1,10) (1,11) (1,12) (1,13) (1,14) (1,15) (1,16) (1,17) (1,18) (1,19) (1,20) (1,21) (1,22) (2,0) (2,1) (2,2) (2,3) (2,4) (2,5) (2,6) (2,7) (2,8) (2,9) (2,10) (2,11) (2,12) (3,0) (3,1) (3,2) (3,3) (3,4) (3,5) (3,6) (3,7) (3,8) (3,9) (3,10) (3,11) (3,12) (4,0) (4,1) (4,2) (4,3) (4,4) (4,5) (4,6) (4,7) (4,8) (4,9) (4,10) (4,11) (4,12) (5,0) (5,1) (5,2) (5,3) (5,4) (5,5) (5,6) (5,7) (5,8) (5,9) (5,10) (5,11) (5,12) (6,0) (6,1) (6,2) (6,3) (6,4) (6,5) (6,6) (6,7) (6,8) (6,9) (6,10) (6,11) (6,12) (7,0) (7,1) (7,2) (7,3) (7,4) (7,5) (7,6) (7,7) (7,8) (7,9) (7,10) (7,11) (7,12) (8,0) (8,1) (8,2) (8,3) (8,4) (8,5) (8,6) (8,7) (8,8) (8,9) (8,10) (8,11) (8,12) (9,0) (9,1) (9,2) (9,3) (9,4) (9,5) (9,6) (9,7) (9,8) (9,9) (9,10) (9,11) (9,12) (10,0) (10,1) (10,2) (10,3) (10,4) (10,5) (10,6) (10,7) (10,8) (10,9) (10,10) (10,11) (10,12) (11,0) (11,1) (11,2) (11,3) (11,4) (11,5) (11,6) (11,7) (11,8) (11,9) (11,10) (11,11) (11,12) (12,0) (12,1) (12,2) (12,3) (12,4) (12,5) (12,6) (12,7) (12,8) (12,9) (12,10) (12,11) (12,12)   also met at 10 more region(s)
  167  MM[167] (1D) seats (0,0) (0,1) (0,2) (0,3) (0,4) (0,5) (0,6) (0,7) (0,8) (0,9) (0,10) (0,11) (0,12) (0,13) (0,14) (0,15) (0,16) (0,17) (0,18) (0,19) (0,20) (0,21) (0,22) (1,0) (1,1) (1,2) (1,3) (1,4) (1,5) (1,6) (1,7) (1,8) (1,9) (1,10) (1,11) (1,12) (1,13) (1,14) (1,15) (1,16) (1,17) (1,18) (1,19) (1,20) (1,21) (1,22) (2,0) (2,1) (2,2) (2,3) (2,4) (2,5) (2,6) (2,7) (2,8) (2,9) (2,10) (3,0) (3,1) (3,2) (3,3) (3,4) (3,5) (3,6) (3,7) (3,8) (3,9) (3,10) (4,0) (4,1) (4,2) (4,3) (4,4) (4,5) (4,6) (4,7) (4,8) (4,9) (4,10) (5,0) (5,1) (5,2) (5,3) (5,4) (5,5) (5,6) (5,7) (5,8) (5,9) (5,10) (6,0) (6,1) (6,2) (6,3) (6,4) (6,5) (6,6) (6,7) (6,8) (6,9) (6,10) (7,0) (7,1) (7,2) (7,3) (7,4) (7,5) (7,6) (7,7) (7,8) (7,9) (7,10) (8,0) (8,1) (8,2) (8,3) (8,4) (8,5) (8,6) (8,7) (8,8) (8,9) (8,10) (9,0) (9,1) (9,2) (9,3) (9,4) (9,5) (9,6) (9,7) (9,8) (9,9) (9,10) (10,0) (10,1) (10,2) (10,3) (10,4) (10,5) (10,6) (10,7) (10,8) (10,9) (10,10) (11,0) (11,1) (11,2) (11,3) (11,4) (11,5) (11,6) (11,7) (11,8) (11,9) (11,10) (12,0) (12,1) (12,2) (12,3) (12,4) (12,5) (12,6) (12,7) (12,8) (12,9) (12,10)   also met at 7 more region(s)
  [[3,5],11] MM[[[3,5],11]] (1D) seats (0,0) (0,1) (0,2) (0,3) (0,4) (0,5) (0,6) (0,7) (0,8) (0,9) (0,10) (0,11) (0,12) (0,13) (0,14) (0,15) (0,16) (0,17) (0,18) (0,19) (0,20) (0,21) (0,22) (1,0) (1,1) (1,2) (1,3) (1,4) (1,5) (1,6) (1,7) (1,8) (1,9) (1,10) (1,11) (1,12) (1,13) (1,14) (1,15) (1,16) (1,17) (1,18) (1,19) (1,20) (1,21) (1,22) (2,0) (2,1) (2,2) (2,3) (2,4) (2,5) (2,6) (3,0) (3,1) (3,2) (3,3) (3,4) (3,5) (3,6) (4,0) (4,1) (4,2) (4,3) (4,4) (4,5) (4,6) (5,0) (5,1) (5,2) (5,3) (5,4) (5,5) (5,6) (6,0) (6,1) (6,2) (6,3) (6,4) (6,5) (6,6) (7,0) (7,1) (7,2) (7,3) (7,4) (7,5) (7,6) (8,0) (8,1) (8,2) (8,3) (8,4) (8,5) (8,6) (9,0) (9,1) (9,2) (9,3) (9,4) (9,5) (9,6) (10,0) (10,1) (10,2) (10,3) (10,4) (10,5) (10,6) (11,0) (11,1) (11,2) (11,3) (11,4) (11,5) (11,6) (12,0) (12,1) (12,2) (12,3) (12,4) (12,5) (12,6) (13,0) (13,1) (13,2) (13,3) (13,4) (13,5) (13,6) (14,0) (14,1) (14,2) (14,3) (14,4) (14,5) (14,6) (15,0) (15,1) (15,2) (15,3) (15,4) (15,5) (15,6) (16,0) (16,1) (16,2) (16,3) (16,4) (16,5) (16,6) (17,0) (17,1) (17,2) (17,3) (17,4) (17,5) (17,6) (18,0) (18,1) (18,2) (18,3) (18,4) (18,5) (18,6)   also met at 5 more region(s)
  [89,3] MM[[89,3]] (1D) seats (0,0) (0,1) (0,2) (0,3) (0,4) (0,5) (0,6) (0,7) (0,8) (0,9) (0,10) (0,11) (0,12) (0,13) (0,14) (0,15) (0,16) (0,17) (0,18) (0,19) (0,20) (0,21) (0,22) (1,0) (1,1) (1,2) (1,3) (1,4) (1,5) (1,6) (1,7) (1,8) (1,9) (1,10) (1,11) (1,12) (1,13) (1,14) (1,15) (1,16) (1,17) (1,18) (1,19) (1,20) (1,21) (1,22) (2,0) (2,1) (2,2) (2,3) (2,4) (2,5) (2,6) (2,7) (2,8) (2,9) (2,10) (2,11) (2,12) (3,0) (3,1) (3,2) (3,3) (3,4) (3,5) (3,6) (3,7) (3,8) (3,9) (3,10) (3,11) (3,12) (4,0) (4,1) (4,2) (4,3) (4,4) (4,5) (4,6) (4,7) (4,8) (4,9) (4,10) (4,11) (4,12) (5,0) (5,1) (5,2) (5,3) (5,4) (5,5) (5,6) (5,7) (5,8) (5,9) (5,10) (5,11) (5,12) (6,0) (6,1) (6,2) (6,3) (6,4) (6,5) (6,6) (6,7) (6,8) (6,9) (6,10) (6,11) (6,12) (7,0) (7,1) (7,2) (7,3) (7,4) (7,5) (7,6) (7,7) (7,8) (7,9) (7,10) (7,11) (7,12) (8,0) (8,1) (8,2) (8,3) (8,4) (8,5) (8,6) (8,7) (8,8) (8,9) (8,10) (8,11) (8,12) (9,0) (9,1) (9,2) (9,3) (9,4) (9,5) (9,6) (9,7) (9,8) (9,9) (9,10) (9,11) (9,12) (10,0) (10,1) (10,2) (10,3) (10,4) (10,5) (10,6) (10,7) (10,8) (10,9) (10,10) (10,11) (10,12) (11,0) (11,1) (11,2) (11,3) (11,4) (11,5) (11,6) (11,7) (11,8) (11,9) (11,10) (11,11) (11,12) (12,0) (12,1) (12,2) (12,3) (12,4) (12,5) (12,6) (12,7) (12,8) (12,9) (12,10) (12,11) (12,12) (13,0) (13,1) (13,2) (13,3) (13,4) (13,5) (13,6) (13,7) (13,8) (13,9) (13,10) (13,11) (13,12) (14,0) (14,1) (14,2) (14,3) (14,4) (14,5) (14,6) (14,7) (14,8) (14,9) (14,10) (14,11) (14,12) (15,0) (15,1) (15,2) (15,3) (15,4) (15,5) (15,6) (15,7) (15,8) (15,9) (15,10) (15,11) (15,12) (16,0) (16,1) (16,2) (16,3) (16,4) (16,5) (16,6) (16,7) (16,8) (16,9) (16,10) (16,11) (16,12) (17,0) (17,1) (17,2) (17,3) (17,4) (17,5) (17,6) (17,7) (17,8) (17,9) (17,10) (17,11) (17,12) (18,0) (18,1) (18,2) (18,3) (18,4) (18,5) (18,6) (18,7) (18,8) (18,9) (18,10) (18,11) (18,12)   also met at 7 more region(s)
  163  MM[163] (1D) seats (0,0) (0,1) (0,2) (0,3) (0,4) (0,5) (0,6) (0,7) (0,8) (0,9) (0,10) (0,11) (0,12) (0,13) (0,14) (0,15) (0,16) (0,17) (0,18) (0,19) (0,20) (0,21) (0,22) (1,0) (1,1) (1,2) (1,3) (1,4) (1,5) (1,6) (1,7) (1,8) (1,9) (1,10) (1,11) (1,12) (1,13) (1,14) (1,15) (1,16) (1,17) (1,18) (1,19) (1,20) (1,21) (1,22) (2,0) (2,1) (2,2) (2,3) (2,4) (2,5) (2,6) (2,7) (2,8) (2,9) (2,10) (2,11) (2,12) (3,0) (3,1) (3,2) (3,3) (3,4) (3,5) (3,6) (3,7) (3,8) (3,9) (3,10) (3,11) (3,12) (4,0) (4,1) (4,2) (4,3) (4,4) (4,5) (4,6) (4,7) (4,8) (4,9) (4,10) (4,11) (4,12) (5,0) (5,1) (5,2) (5,3) (5,4) (5,5) (5,6) (5,7) (5,8) (5,9) (5,10) (5,11) (5,12) (6,0) (6,1) (6,2) (6,3) (6,4) (6,5) (6,6) (6,7) (6,8) (6,9) (6,10) (6,11) (6,12) (7,0) (7,1) (7,2) (7,3) (7,4) (7,5) (7,6) (7,7) (7,8) (7,9) (7,10) (7,11) (7,12) (8,0) (8,1) (8,2) (8,3) (8,4) (8,5) (8,6) (8,7) (8,8) (8,9) (8,10) (8,11) (8,12) (9,0) (9,1) (9,2) (9,3) (9,4) (9,5) (9,6) (9,7) (9,8) (9,9) (9,10) (9,11) (9,12) (10,0) (10,1) (10,2) (10,3) (10,4) (10,5) (10,6) (10,7) (10,8) (10,9) (10,10) (10,11) (10,12)   also met at 9 more region(s)
  [31,7] MM[[31,7]] (1D) seats (0,0) (0,1) (0,2) (0,3) (0,4) (0,5) (0,6) (0,7) (0,8) (0,9) (0,10) (0,11) (0,12) (0,13) (0,14) (0,15) (0,16) (0,17) (0,18) (0,19) (0,20) (0,21) (0,22) (1,0) (1,1) (1,2) (1,3) (1,4) (1,5) (1,6) (1,7) (1,8) (1,9) (1,10) (1,11) (1,12) (1,13) (1,14) (1,15) (1,16) (1,17) (1,18) (1,19) (1,20) (1,21) (1,22) (2,0) (2,1) (2,2) (2,3) (2,4) (2,5) (2,6) (2,7) (2,8) (2,9) (2,10) (2,11) (2,12) (2,13) (2,14) (2,15) (2,16) (2,17) (2,18) (3,0) (3,1) (3,2) (3,3) (3,4) (3,5) (3,6) (3,7) (3,8) (3,9) (3,10) (3,11) (3,12) (3,13) (3,14) (3,15) (3,16) (3,17) (3,18) (4,0) (4,1) (4,2) (4,3) (4,4) (4,5) (4,6) (4,7) (4,8) (4,9) (4,10) (4,11) (4,12) (4,13) (4,14) (4,15) (4,16) (4,17) (4,18) (5,0) (5,1) (5,2) (5,3) (5,4) (5,5) (5,6) (5,7) (5,8) (5,9) (5,10) (5,11) (5,12) (5,13) (5,14) (5,15) (5,16) (5,17) (5,18) (6,0) (6,1) (6,2) (6,3) (6,4) (6,5) (6,6) (6,7) (6,8) (6,9) (6,10) (6,11) (6,12) (6,13) (6,14) (6,15) (6,16) (6,17) (6,18) (7,0) (7,1) (7,2) (7,3) (7,4) (7,5) (7,6) (7,7) (7,8) (7,9) (7,10) (7,11) (7,12) (7,13) (7,14) (7,15) (7,16) (7,17) (7,18) (8,0) (8,1) (8,2) (8,3) (8,4) (8,5) (8,6) (8,7) (8,8) (8,9) (8,10) (8,11) (8,12) (8,13) (8,14) (8,15) (8,16) (8,17) (8,18) (9,0) (9,1) (9,2) (9,3) (9,4) (9,5) (9,6) (9,7) (9,8) (9,9) (9,10) (9,11) (9,12) (9,13) (9,14) (9,15) (9,16) (9,17) (9,18) (10,0) (10,1) (10,2) (10,3) (10,4) (10,5) (10,6) (10,7) (10,8) (10,9) (10,10) (10,11) (10,12) (10,13) (10,14) (10,15) (10,16) (10,17) (10,18)   also met at 8 more region(s)
  241  MM[241] (1D) seats (0,0) (0,1) (0,2) (0,3) (0,4) (0,5) (0,6) (0,7) (0,8) (0,9) (0,10) (0,11) (0,12) (0,13) (0,14) (0,15) (0,16) (0,17) (0,18) (0,19) (0,20) (0,21) (0,22) (1,0) (1,1) (1,2) (1,3) (1,4) (1,5) (1,6) (1,7) (1,8) (1,9) (1,10) (1,11) (1,12) (1,13) (1,14) (1,15) (1,16) (1,17) (1,18) (1,19) (1,20) (1,21) (1,22) (2,0) (2,1) (2,2) (2,3) (2,4) (2,5) (2,6) (2,7) (2,8) (2,9) (2,10) (2,11) (2,12) (3,0) (3,1) (3,2) (3,3) (3,4) (3,5) (3,6) (3,7) (3,8) (3,9) (3,10) (3,11) (3,12) (4,0) (4,1) (4,2) (4,3) (4,4) (4,5) (4,6) (4,7) (4,8) (4,9) (4,10) (4,11) (4,12) (5,0) (5,1) (5,2) (5,3) (5,4) (5,5) (5,6) (5,7) (5,8) (5,9) (5,10) (5,11) (5,12) (6,0) (6,1) (6,2) (6,3) (6,4) (6,5) (6,6) (6,7) (6,8) (6,9) (6,10) (6,11) (6,12) (7,0) (7,1) (7,2) (7,3) (7,4) (7,5) (7,6) (7,7) (7,8) (7,9) (7,10) (7,11) (7,12) (8,0) (8,1) (8,2) (8,3) (8,4) (8,5) (8,6) (8,7) (8,8) (8,9) (8,10) (8,11) (8,12) (9,0) (9,1) (9,2) (9,3) (9,4) (9,5) (9,6) (9,7) (9,8) (9,9) (9,10) (9,11) (9,12) (10,0) (10,1) (10,2) (10,3) (10,4) (10,5) (10,6) (10,7) (10,8) (10,9) (10,10) (10,11) (10,12) (11,0) (11,1) (11,2) (11,3) (11,4) (11,5) (11,6) (11,7) (11,8) (11,9) (11,10) (11,11) (11,12) (12,0) (12,1) (12,2) (12,3) (12,4) (12,5) (12,6) (12,7) (12,8) (12,9) (12,10) (12,11) (12,12) (13,0) (13,1) (13,2) (13,3) (13,4) (13,5) (13,6) (13,7) (13,8) (13,9) (13,10) (13,11) (13,12) (14,0) (14,1) (14,2) (14,3) (14,4) (14,5) (14,6) (14,7) (14,8) (14,9) (14,10) (14,11) (14,12) (15,0) (15,1) (15,2) (15,3) (15,4) (15,5) (15,6) (15,7) (15,8) (15,9) (15,10) (15,11) (15,12) (16,0) (16,1) (16,2) (16,3) (16,4) (16,5) (16,6) (16,7) (16,8) (16,9) (16,10) (16,11) (16,12)   also met at 5 more region(s)
  211  MM[211] (1D) seats (0,0) (0,1) (0,2) (0,3) (0,4) (0,5) (0,6) (0,7) (0,8) (0,9) (0,10) (0,11) (0,12) (0,13) (0,14) (0,15) (0,16) (0,17) (0,18) (0,19) (0,20) (0,21) (0,22) (1,0) (1,1) (1,2) (1,3) (1,4) (1,5) (1,6) (1,7) (1,8) (1,9) (1,10) (1,11) (1,12) (1,13) (1,14) (1,15) (1,16) (1,17) (1,18) (1,19) (1,20) (1,21) (1,22) (2,0) (2,1) (2,2) (2,3) (2,4) (2,5) (2,6) (2,7) (2,8) (2,9) (2,10) (3,0) (3,1) (3,2) (3,3) (3,4) (3,5) (3,6) (3,7) (3,8) (3,9) (3,10) (4,0) (4,1) (4,2) (4,3) (4,4) (4,5) (4,6) (4,7) (4,8) (4,9) (4,10) (5,0) (5,1) (5,2) (5,3) (5,4) (5,5) (5,6) (5,7) (5,8) (5,9) (5,10) (6,0) (6,1) (6,2) (6,3) (6,4) (6,5) (6,6) (6,7) (6,8) (6,9) (6,10) (7,0) (7,1) (7,2) (7,3) (7,4) (7,5) (7,6) (7,7) (7,8) (7,9) (7,10) (8,0) (8,1) (8,2) (8,3) (8,4) (8,5) (8,6) (8,7) (8,8) (8,9) (8,10) (9,0) (9,1) (9,2) (9,3) (9,4) (9,5) (9,6) (9,7) (9,8) (9,9) (9,10) (10,0) (10,1) (10,2) (10,3) (10,4) (10,5) (10,6) (10,7) (10,8) (10,9) (10,10) (11,0) (11,1) (11,2) (11,3) (11,4) (11,5) (11,6) (11,7) (11,8) (11,9) (11,10) (12,0) (12,1) (12,2) (12,3) (12,4) (12,5) (12,6) (12,7) (12,8) (12,9) (12,10) (13,0) (13,1) (13,2) (13,3) (13,4) (13,5) (13,6) (13,7) (13,8) (13,9) (13,10) (14,0) (14,1) (14,2) (14,3) (14,4) (14,5) (14,6) (14,7) (14,8) (14,9) (14,10) (15,0) (15,1) (15,2) (15,3) (15,4) (15,5) (15,6) (15,7) (15,8) (15,9) (15,10) (16,0) (16,1) (16,2) (16,3) (16,4) (16,5) (16,6) (16,7) (16,8) (16,9) (16,10)   also met at 9 more region(s)
  193  MM[193] (1D) seats (0,0) (0,1) (0,2) (0,3) (0,4) (0,5) (0,6) (0,7) (0,8) (0,9) (0,10) (0,11) (0,12) (0,13) (0,14) (0,15) (0,16) (0,17) (0,18) (0,19) (0,20) (0,21) (0,22) (1,0) (1,1) (1,2) (1,3) (1,4) (1,5) (1,6) (1,7) (1,8) (1,9) (1,10) (1,11) (1,12) (1,13) (1,14) (1,15) (1,16) (1,17) (1,18) (1,19) (1,20) (1,21) (1,22) (2,0) (2,1) (2,2) (2,3) (2,4) (2,5) (2,6) (3,0) (3,1) (3,2) (3,3) (3,4) (3,5) (3,6) (4,0) (4,1) (4,2) (4,3) (4,4) (4,5) (4,6) (5,0) (5,1) (5,2) (5,3) (5,4) (5,5) (5,6) (6,0) (6,1) (6,2) (6,3) (6,4) (6,5) (6,6) (7,0) (7,1) (7,2) (7,3) (7,4) (7,5) (7,6) (8,0) (8,1) (8,2) (8,3) (8,4) (8,5) (8,6) (9,0) (9,1) (9,2) (9,3) (9,4) (9,5) (9,6) (10,0) (10,1) (10,2) (10,3) (10,4) (10,5) (10,6) (11,0) (11,1) (11,2) (11,3) (11,4) (11,5) (11,6) (12,0) (12,1) (12,2) (12,3) (12,4) (12,5) (12,6) (13,0) (13,1) (13,2) (13,3) (13,4) (13,5) (13,6) (14,0) (14,1) (14,2) (14,3) (14,4) (14,5) (14,6) (15,0) (15,1) (15,2) (15,3) (15,4) (15,5) (15,6) (16,0) (16,1) (16,2) (16,3) (16,4) (16,5) (16,6) (17,0) (17,1) (17,2) (17,3) (17,4) (17,5) (17,6) (18,0) (18,1) (18,2) (18,3) (18,4) (18,5) (18,6) (19,0) (19,1) (19,2) (19,3) (19,4) (19,5) (19,6) (20,0) (20,1) (20,2) (20,3) (20,4) (20,5) (20,6) (21,0) (21,1) (21,2) (21,3) (21,4) (21,5) (21,6) (22,0) (22,1) (22,2) (22,3) (22,4) (22,5) (22,6)   also met at 13 more region(s)
  277  MM[277] (1D) seats (0,0) (0,1) (0,2) (0,3) (0,4) (0,5) (0,6) (0,7) (0,8) (0,9) (0,10) (0,11) (0,12) (0,13) (0,14) (0,15) (0,16) (0,17) (0,18) (0,19) (0,20) (0,21) (0,22) (1,0) (1,1) (1,2) (1,3) (1,4) (1,5) (1,6) (1,7) (1,8) (1,9) (1,10) (1,11) (1,12) (1,13) (1,14) (1,15) (1,16) (1,17) (1,18) (1,19) (1,20) (1,21) (1,22) (2,0) (2,1) (2,2) (2,3) (2,4) (2,5) (2,6) (2,7) (2,8) (2,9) (2,10) (3,0) (3,1) (3,2) (3,3) (3,4) (3,5) (3,6) (3,7) (3,8) (3,9) (3,10) (4,0) (4,1) (4,2) (4,3) (4,4) (4,5) (4,6) (4,7) (4,8) (4,9) (4,10) (5,0) (5,1) (5,2) (5,3) (5,4) (5,5) (5,6) (5,7) (5,8) (5,9) (5,10) (6,0) (6,1) (6,2) (6,3) (6,4) (6,5) (6,6) (6,7) (6,8) (6,9) (6,10) (7,0) (7,1) (7,2) (7,3) (7,4) (7,5) (7,6) (7,7) (7,8) (7,9) (7,10) (8,0) (8,1) (8,2) (8,3) (8,4) (8,5) (8,6) (8,7) (8,8) (8,9) (8,10) (9,0) (9,1) (9,2) (9,3) (9,4) (9,5) (9,6) (9,7) (9,8) (9,9) (9,10) (10,0) (10,1) (10,2) (10,3) (10,4) (10,5) (10,6) (10,7) (10,8) (10,9) (10,10) (11,0) (11,1) (11,2) (11,3) (11,4) (11,5) (11,6) (11,7) (11,8) (11,9) (11,10) (12,0) (12,1) (12,2) (12,3) (12,4) (12,5) (12,6) (12,7) (12,8) (12,9) (12,10) (13,0) (13,1) (13,2) (13,3) (13,4) (13,5) (13,6) (13,7) (13,8) (13,9) (13,10) (14,0) (14,1) (14,2) (14,3) (14,4) (14,5) (14,6) (14,7) (14,8) (14,9) (14,10) (15,0) (15,1) (15,2) (15,3) (15,4) (15,5) (15,6) (15,7) (15,8) (15,9) (15,10) (16,0) (16,1) (16,2) (16,3) (16,4) (16,5) (16,6) (16,7) (16,8) (16,9) (16,10) (17,0) (17,1) (17,2) (17,3) (17,4) (17,5) (17,6) (17,7) (17,8) (17,9) (17,10) (18,0) (18,1) (18,2) (18,3) (18,4) (18,5) (18,6) (18,7) (18,8) (18,9) (18,10) (19,0) (19,1) (19,2) (19,3) (19,4) (19,5) (19,6) (19,7) (19,8) (19,9) (19,10) (20,0) (20,1) (20,2) (20,3) (20,4) (20,5) (20,6) (20,7) (20,8) (20,9) (20,10) (21,0) (21,1) (21,2) (21,3) (21,4) (21,5) (21,6) (21,7) (21,8) (21,9) (21,10) (22,0) (22,1) (22,2) (22,3) (22,4) (22,5) (22,6) (22,7) (22,8) (22,9) (22,10)   also met at 7 more region(s)
  [[5,5],3] MM[[[5,5],3]] (1D) seats (0,0) (0,1) (0,2) (0,3) (0,4) (1,0) (1,1) (1,2) (1,3) (1,4) (2,0) (2,1) (2,2) (2,3) (2,4) (3,0) (3,1) (3,2) (4,0) (4,1) (4,2) (5,0) (5,1) (5,2) (6,0) (6,1) (6,2) (7,0) (7,1) (7,2) (8,0) (8,1) (8,2) (9,0) (9,1) (9,2) (10,0) (10,1) (10,2) (11,0) (11,1) (11,2) (12,0) (12,1) (12,2) (13,0) (13,1) (13,2) (14,0) (14,1) (14,2) (15,0) (15,1) (15,2) (16,0) (16,1) (16,2) (17,0) (17,1) (17,2) (18,0) (18,1) (18,2) (19,0) (19,1) (19,2) (20,0) (20,1) (20,2) (21,0) (21,1) (21,2) (22,0) (22,1) (22,2)   also met at 7 more region(s)
  149  MM[149] (1D) seats (0,0) (0,1) (0,2) (0,3) (0,4) (0,5) (0,6) (0,7) (0,8) (0,9) (0,10) (0,11) (0,12) (1,0) (1,1) (1,2) (1,3) (1,4) (1,5) (1,6) (1,7) (1,8) (1,9) (1,10) (1,11) (1,12) (2,0) (2,1) (2,2) (2,3) (2,4) (2,5) (2,6) (2,7) (2,8) (2,9) (2,10) (2,11) (2,12) (3,0) (3,1) (3,2) (3,3) (3,4) (3,5) (3,6) (3,7) (3,8) (3,9) (3,10) (4,0) (4,1) (4,2) (4,3) (4,4) (4,5) (4,6) (4,7) (4,8) (4,9) (4,10) (5,0) (5,1) (5,2) (5,3) (5,4) (5,5) (5,6) (5,7) (5,8) (5,9) (5,10) (6,0) (6,1) (6,2) (6,3) (6,4) (6,5) (6,6) (6,7) (6,8) (6,9) (6,10) (7,0) (7,1) (7,2) (7,3) (7,4) (7,5) (7,6) (7,7) (7,8) (7,9) (7,10) (8,0) (8,1) (8,2) (8,3) (8,4) (8,5) (8,6) (8,7) (8,8) (8,9) (8,10) (9,0) (9,1) (9,2) (9,3) (9,4) (9,5) (9,6) (9,7) (9,8) (9,9) (9,10) (10,0) (10,1) (10,2) (10,3) (10,4) (10,5) (10,6) (10,7) (10,8) (10,9) (10,10) (11,0) (11,1) (11,2) (11,3) (11,4) (11,5) (11,6) (11,7) (11,8) (11,9) (11,10) (12,0) (12,1) (12,2) (12,3) (12,4) (12,5) (12,6) (12,7) (12,8) (12,9) (12,10)   also met at 15 more region(s)
  [29,3] MM[[29,3]] (1D) seats (0,0) (0,1) (0,2) (0,3) (0,4) (0,5) (0,6) (0,7) (0,8) (0,9) (0,10) (0,11) (0,12) (1,0) (1,1) (1,2) (1,3) (1,4) (1,5) (1,6) (1,7) (1,8) (1,9) (1,10) (1,11) (1,12) (2,0) (2,1) (2,2) (2,3) (2,4) (2,5) (2,6) (2,7) (2,8) (2,9) (2,10) (2,11) (2,12) (3,0) (3,1) (3,2) (4,0) (4,1) (4,2) (5,0) (5,1) (5,2) (6,0) (6,1) (6,2) (7,0) (7,1) (7,2) (8,0) (8,1) (8,2) (9,0) (9,1) (9,2) (10,0) (10,1) (10,2) (11,0) (11,1) (11,2) (12,0) (12,1) (12,2) (13,0) (13,1) (13,2) (14,0) (14,1) (14,2) (15,0) (15,1) (15,2) (16,0) (16,1) (16,2) (17,0) (17,1) (17,2) (18,0) (18,1) (18,2)   also met at 9 more region(s)
  [43,5] MM[[43,5]] (1D) seats (0,0) (0,1) (0,2) (0,3) (0,4) (0,5) (0,6) (0,7) (0,8) (0,9) (0,10) (0,11) (0,12) (1,0) (1,1) (1,2) (1,3) (1,4) (1,5) (1,6) (1,7) (1,8) (1,9) (1,10) (1,11) (1,12) (2,0) (2,1) (2,2) (2,3) (2,4) (2,5) (2,6) (2,7) (2,8) (2,9) (2,10) (2,11) (2,12) (3,0) (3,1) (3,2) (3,3) (3,4) (3,5) (3,6) (3,7) (3,8) (3,9) (3,10) (4,0) (4,1) (4,2) (4,3) (4,4) (4,5) (4,6) (4,7) (4,8) (4,9) (4,10) (5,0) (5,1) (5,2) (5,3) (5,4) (5,5) (5,6) (5,7) (5,8) (5,9) (5,10) (6,0) (6,1) (6,2) (6,3) (6,4) (6,5) (6,6) (6,7) (6,8) (6,9) (6,10) (7,0) (7,1) (7,2) (7,3) (7,4) (7,5) (7,6) (7,7) (7,8) (7,9) (7,10) (8,0) (8,1) (8,2) (8,3) (8,4) (8,5) (8,6) (8,7) (8,8) (8,9) (8,10) (9,0) (9,1) (9,2) (9,3) (9,4) (9,5) (9,6) (9,7) (9,8) (9,9) (9,10) (10,0) (10,1) (10,2) (10,3) (10,4) (10,5) (10,6) (10,7) (10,8) (10,9) (10,10) (11,0) (11,1) (11,2) (11,3) (11,4) (11,5) (11,6) (11,7) (11,8) (11,9) (11,10) (12,0) (12,1) (12,2) (12,3) (12,4) (12,5) (12,6) (12,7) (12,8) (12,9) (12,10) (13,0) (13,1) (13,2) (13,3) (13,4) (13,5) (13,6) (13,7) (13,8) (13,9) (13,10) (14,0) (14,1) (14,2) (14,3) (14,4) (14,5) (14,6) (14,7) (14,8) (14,9) (14,10) (15,0) (15,1) (15,2) (15,3) (15,4) (15,5) (15,6) (15,7) (15,8) (15,9) (15,10) (16,0) (16,1) (16,2) (16,3) (16,4) (16,5) (16,6) (16,7) (16,8) (16,9) (16,10) (17,0) (17,1) (17,2) (17,3) (17,4) (17,5) (17,6) (17,7) (17,8) (17,9) (17,10) (18,0) (18,1) (18,2) (18,3) (18,4) (18,5) (18,6) (18,7) (18,8) (18,9) (18,10)   also met at 3 more region(s)
  179  MM[179] (1D) seats (0,0) (0,1) (0,2) (0,3) (0,4) (0,5) (0,6) (0,7) (0,8) (0,9) (0,10) (0,11) (0,12) (1,0) (1,1) (1,2) (1,3) (1,4) (1,5) (1,6) (1,7) (1,8) (1,9) (1,10) (1,11) (1,12) (2,0) (2,1) (2,2) (2,3) (2,4) (2,5) (2,6) (2,7) (2,8) (2,9) (2,10) (2,11) (2,12) (3,0) (3,1) (3,2) (3,3) (3,4) (3,5) (3,6) (4,0) (4,1) (4,2) (4,3) (4,4) (4,5) (4,6) (5,0) (5,1) (5,2) (5,3) (5,4) (5,5) (5,6) (6,0) (6,1) (6,2) (6,3) (6,4) (6,5) (6,6) (7,0) (7,1) (7,2) (7,3) (7,4) (7,5) (7,6) (8,0) (8,1) (8,2) (8,3) (8,4) (8,5) (8,6) (9,0) (9,1) (9,2) (9,3) (9,4) (9,5) (9,6) (10,0) (10,1) (10,2) (10,3) (10,4) (10,5) (10,6) (11,0) (11,1) (11,2) (11,3) (11,4) (11,5) (11,6) (12,0) (12,1) (12,2) (12,3) (12,4) (12,5) (12,6) (13,0) (13,1) (13,2) (13,3) (13,4) (13,5) (13,6) (14,0) (14,1) (14,2) (14,3) (14,4) (14,5) (14,6) (15,0) (15,1) (15,2) (15,3) (15,4) (15,5) (15,6) (16,0) (16,1) (16,2) (16,3) (16,4) (16,5) (16,6) (17,0) (17,1) (17,2) (17,3) (17,4) (17,5) (17,6) (18,0) (18,1) (18,2) (18,3) (18,4) (18,5) (18,6) (19,0) (19,1) (19,2) (19,3) (19,4) (19,5) (19,6) (20,0) (20,1) (20,2) (20,3) (20,4) (20,5) (20,6) (21,0) (21,1) (21,2) (21,3) (21,4) (21,5) (21,6) (22,0) (22,1) (22,2) (22,3) (22,4) (22,5) (22,6)   also met at 7 more region(s)
  227  MM[227] (1D) seats (0,0) (0,1) (0,2) (0,3) (0,4) (0,5) (0,6) (0,7) (0,8) (0,9) (0,10) (0,11) (0,12) (0,13) (0,14) (0,15) (0,16) (0,17) (0,18) (1,0) (1,1) (1,2) (1,3) (1,4) (1,5) (1,6) (1,7) (1,8) (1,9) (1,10) (1,11) (1,12) (1,13) (1,14) (1,15) (1,16) (1,17) (1,18) (2,0) (2,1) (2,2) (2,3) (2,4) (2,5) (2,6) (2,7) (2,8) (2,9) (2,10) (2,11) (2,12) (2,13) (2,14) (2,15) (2,16) (2,17) (2,18) (3,0) (3,1) (3,2) (3,3) (3,4) (3,5) (3,6) (3,7) (3,8) (3,9) (3,10) (3,11) (3,12) (3,13) (3,14) (3,15) (3,16) (4,0) (4,1) (4,2) (4,3) (4,4) (4,5) (4,6) (4,7) (4,8) (4,9) (4,10) (4,11) (4,12) (4,13) (4,14) (4,15) (4,16) (5,0) (5,1) (5,2) (5,3) (5,4) (5,5) (5,6) (5,7) (5,8) (5,9) (5,10) (5,11) (5,12) (5,13) (5,14) (5,15) (5,16) (6,0) (6,1) (6,2) (6,3) (6,4) (6,5) (6,6) (6,7) (6,8) (6,9) (6,10) (6,11) (6,12) (6,13) (6,14) (6,15) (6,16) (7,0) (7,1) (7,2) (7,3) (7,4) (7,5) (7,6) (7,7) (7,8) (7,9) (7,10) (7,11) (7,12) (7,13) (7,14) (7,15) (7,16) (8,0) (8,1) (8,2) (8,3) (8,4) (8,5) (8,6) (8,7) (8,8) (8,9) (8,10) (8,11) (8,12) (8,13) (8,14) (8,15) (8,16) (9,0) (9,1) (9,2) (9,3) (9,4) (9,5) (9,6) (9,7) (9,8) (9,9) (9,10) (9,11) (9,12) (9,13) (9,14) (9,15) (9,16) (10,0) (10,1) (10,2) (10,3) (10,4) (10,5) (10,6) (10,7) (10,8) (10,9) (10,10) (10,11) (10,12) (10,13) (10,14) (10,15) (10,16) (11,0) (11,1) (11,2) (11,3) (11,4) (11,5) (11,6) (11,7) (11,8) (11,9) (11,10) (11,11) (11,12) (11,13) (11,14) (11,15) (11,16) (12,0) (12,1) (12,2) (12,3) (12,4) (12,5) (12,6) (12,7) (12,8) (12,9) (12,10) (12,11) (12,12) (12,13) (12,14) (12,15) (12,16)   also met at 11 more region(s)
  [[3,5],7] MM[[[3,5],7]] (1D) seats (0,0) (0,1) (0,2) (0,3) (0,4) (0,5) (0,6) (0,7) (0,8) (0,9) (0,10) (0,11) (0,12) (0,13) (0,14) (0,15) (0,16) (0,17) (0,18) (1,0) (1,1) (1,2) (1,3) (1,4) (1,5) (1,6) (1,7) (1,8) (1,9) (1,10) (1,11) (1,12) (1,13) (1,14) (1,15) (1,16) (1,17) (1,18) (2,0) (2,1) (2,2) (2,3) (2,4) (2,5) (2,6) (2,7) (2,8) (2,9) (2,10) (2,11) (2,12) (2,13) (2,14) (2,15) (2,16) (2,17) (2,18) (3,0) (3,1) (3,2) (4,0) (4,1) (4,2) (5,0) (5,1) (5,2) (6,0) (6,1) (6,2) (7,0) (7,1) (7,2) (8,0) (8,1) (8,2) (9,0) (9,1) (9,2) (10,0) (10,1) (10,2) (11,0) (11,1) (11,2) (12,0) (12,1) (12,2) (13,0) (13,1) (13,2) (14,0) (14,1) (14,2) (15,0) (15,1) (15,2) (16,0) (16,1) (16,2) (17,0) (17,1) (17,2) (18,0) (18,1) (18,2)   also met at 4 more region(s)
  [47,7] MM[[47,7]] (1D) seats (0,0) (0,1) (0,2) (0,3) (0,4) (0,5) (0,6) (0,7) (0,8) (0,9) (0,10) (0,11) (0,12) (0,13) (0,14) (0,15) (0,16) (0,17) (0,18) (1,0) (1,1) (1,2) (1,3) (1,4) (1,5) (1,6) (1,7) (1,8) (1,9) (1,10) (1,11) (1,12) (1,13) (1,14) (1,15) (1,16) (1,17) (1,18) (2,0) (2,1) (2,2) (2,3) (2,4) (2,5) (2,6) (2,7) (2,8) (2,9) (2,10) (2,11) (2,12) (2,13) (2,14) (2,15) (2,16) (2,17) (2,18) (3,0) (3,1) (3,2) (3,3) (3,4) (3,5) (3,6) (3,7) (3,8) (3,9) (3,10) (3,11) (3,12) (3,13) (3,14) (3,15) (3,16) (4,0) (4,1) (4,2) (4,3) (4,4) (4,5) (4,6) (4,7) (4,8) (4,9) (4,10) (4,11) (4,12) (4,13) (4,14) (4,15) (4,16) (5,0) (5,1) (5,2) (5,3) (5,4) (5,5) (5,6) (5,7) (5,8) (5,9) (5,10) (5,11) (5,12) (5,13) (5,14) (5,15) (5,16) (6,0) (6,1) (6,2) (6,3) (6,4) (6,5) (6,6) (6,7) (6,8) (6,9) (6,10) (6,11) (6,12) (6,13) (6,14) (6,15) (6,16) (7,0) (7,1) (7,2) (7,3) (7,4) (7,5) (7,6) (7,7) (7,8) (7,9) (7,10) (7,11) (7,12) (7,13) (7,14) (7,15) (7,16) (8,0) (8,1) (8,2) (8,3) (8,4) (8,5) (8,6) (8,7) (8,8) (8,9) (8,10) (8,11) (8,12) (8,13) (8,14) (8,15) (8,16) (9,0) (9,1) (9,2) (9,3) (9,4) (9,5) (9,6) (9,7) (9,8) (9,9) (9,10) (9,11) (9,12) (9,13) (9,14) (9,15) (9,16) (10,0) (10,1) (10,2) (10,3) (10,4) (10,5) (10,6) (10,7) (10,8) (10,9) (10,10) (10,11) (10,12) (10,13) (10,14) (10,15) (10,16) (11,0) (11,1) (11,2) (11,3) (11,4) (11,5) (11,6) (11,7) (11,8) (11,9) (11,10) (11,11) (11,12) (11,13) (11,14) (11,15) (11,16) (12,0) (12,1) (12,2) (12,3) (12,4) (12,5) (12,6) (12,7) (12,8) (12,9) (12,10) (12,11) (12,12) (12,13) (12,14) (12,15) (12,16) (13,0) (13,1) (13,2) (13,3) (13,4) (13,5) (13,6) (13,7) (13,8) (13,9) (13,10) (13,11) (13,12) (13,13) (13,14) (13,15) (13,16) (14,0) (14,1) (14,2) (14,3) (14,4) (14,5) (14,6) (14,7) (14,8) (14,9) (14,10) (14,11) (14,12) (14,13) (14,14) (14,15) (14,16) (15,0) (15,1) (15,2) (15,3) (15,4) (15,5) (15,6) (15,7) (15,8) (15,9) (15,10) (15,11) (15,12) (15,13) (15,14) (15,15) (15,16) (16,0) (16,1) (16,2) (16,3) (16,4) (16,5) (16,6) (16,7) (16,8) (16,9) (16,10) (16,11) (16,12) (16,13) (16,14) (16,15) (16,16) (17,0) (17,1) (17,2) (17,3) (17,4) (17,5) (17,6) (17,7) (17,8) (17,9) (17,10) (17,11) (17,12) (17,13) (17,14) (17,15) (17,16) (18,0) (18,1) (18,2) (18,3) (18,4) (18,5) (18,6) (18,7) (18,8) (18,9) (18,10) (18,11) (18,12) (18,13) (18,14) (18,15) (18,16)   also met at 7 more region(s)
  239  MM[239] (1D) seats (0,0) (0,1) (0,2) (0,3) (0,4) (0,5) (0,6) (0,7) (0,8) (0,9) (0,10) (0,11) (0,12) (0,13) (0,14) (0,15) (0,16) (0,17) (0,18) (1,0) (1,1) (1,2) (1,3) (1,4) (1,5) (1,6) (1,7) (1,8) (1,9) (1,10) (1,11) (1,12) (1,13) (1,14) (1,15) (1,16) (1,17) (1,18) (2,0) (2,1) (2,2) (2,3) (2,4) (2,5) (2,6) (2,7) (2,8) (2,9) (2,10) (2,11) (2,12) (2,13) (2,14) (2,15) (2,16) (2,17) (2,18) (3,0) (3,1) (3,2) (3,3) (3,4) (3,5) (3,6) (3,7) (3,8) (3,9) (3,10) (3,11) (3,12) (4,0) (4,1) (4,2) (4,3) (4,4) (4,5) (4,6) (4,7) (4,8) (4,9) (4,10) (4,11) (4,12) (5,0) (5,1) (5,2) (5,3) (5,4) (5,5) (5,6) (5,7) (5,8) (5,9) (5,10) (5,11) (5,12) (6,0) (6,1) (6,2) (6,3) (6,4) (6,5) (6,6) (6,7) (6,8) (6,9) (6,10) (6,11) (6,12) (7,0) (7,1) (7,2) (7,3) (7,4) (7,5) (7,6) (7,7) (7,8) (7,9) (7,10) (7,11) (7,12) (8,0) (8,1) (8,2) (8,3) (8,4) (8,5) (8,6) (8,7) (8,8) (8,9) (8,10) (8,11) (8,12) (9,0) (9,1) (9,2) (9,3) (9,4) (9,5) (9,6) (9,7) (9,8) (9,9) (9,10) (9,11) (9,12) (10,0) (10,1) (10,2) (10,3) (10,4) (10,5) (10,6) (10,7) (10,8) (10,9) (10,10) (10,11) (10,12) (11,0) (11,1) (11,2) (11,3) (11,4) (11,5) (11,6) (11,7) (11,8) (11,9) (11,10) (11,11) (11,12) (12,0) (12,1) (12,2) (12,3) (12,4) (12,5) (12,6) (12,7) (12,8) (12,9) (12,10) (12,11) (12,12) (13,0) (13,1) (13,2) (13,3) (13,4) (13,5) (13,6) (13,7) (13,8) (13,9) (13,10) (13,11) (13,12) (14,0) (14,1) (14,2) (14,3) (14,4) (14,5) (14,6) (14,7) (14,8) (14,9) (14,10) (14,11) (14,12) (15,0) (15,1) (15,2) (15,3) (15,4) (15,5) (15,6) (15,7) (15,8) (15,9) (15,10) (15,11) (15,12) (16,0) (16,1) (16,2) (16,3) (16,4) (16,5) (16,6) (16,7) (16,8) (16,9) (16,10) (16,11) (16,12)   also met at 7 more region(s)
  [59,5] MM[[59,5]] (1D) seats (0,0) (0,1) (0,2) (0,3) (0,4) (0,5) (0,6) (0,7) (0,8) (0,9) (0,10) (0,11) (0,12) (0,13) (0,14) (0,15) (0,16) (0,17) (0,18) (1,0) (1,1) (1,2) (1,3) (1,4) (1,5) (1,6) (1,7) (1,8) (1,9) (1,10) (1,11) (1,12) (1,13) (1,14) (1,15) (1,16) (1,17) (1,18) (2,0) (2,1) (2,2) (2,3) (2,4) (2,5) (2,6) (2,7) (2,8) (2,9) (2,10) (2,11) (2,12) (2,13) (2,14) (2,15) (2,16) (2,17) (2,18) (3,0) (3,1) (3,2) (3,3) (3,4) (3,5) (3,6) (3,7) (3,8) (3,9) (3,10) (3,11) (3,12) (3,13) (3,14) (3,15) (3,16) (4,0) (4,1) (4,2) (4,3) (4,4) (4,5) (4,6) (4,7) (4,8) (4,9) (4,10) (4,11) (4,12) (4,13) (4,14) (4,15) (4,16) (5,0) (5,1) (5,2) (5,3) (5,4) (5,5) (5,6) (5,7) (5,8) (5,9) (5,10) (5,11) (5,12) (5,13) (5,14) (5,15) (5,16) (6,0) (6,1) (6,2) (6,3) (6,4) (6,5) (6,6) (6,7) (6,8) (6,9) (6,10) (6,11) (6,12) (6,13) (6,14) (6,15) (6,16) (7,0) (7,1) (7,2) (7,3) (7,4) (7,5) (7,6) (7,7) (7,8) (7,9) (7,10) (7,11) (7,12) (7,13) (7,14) (7,15) (7,16) (8,0) (8,1) (8,2) (8,3) (8,4) (8,5) (8,6) (8,7) (8,8) (8,9) (8,10) (8,11) (8,12) (8,13) (8,14) (8,15) (8,16) (9,0) (9,1) (9,2) (9,3) (9,4) (9,5) (9,6) (9,7) (9,8) (9,9) (9,10) (9,11) (9,12) (9,13) (9,14) (9,15) (9,16) (10,0) (10,1) (10,2) (10,3) (10,4) (10,5) (10,6) (10,7) (10,8) (10,9) (10,10) (10,11) (10,12) (10,13) (10,14) (10,15) (10,16) (11,0) (11,1) (11,2) (11,3) (11,4) (11,5) (11,6) (11,7) (11,8) (11,9) (11,10) (11,11) (11,12) (11,13) (11,14) (11,15) (11,16) (12,0) (12,1) (12,2) (12,3) (12,4) (12,5) (12,6) (12,7) (12,8) (12,9) (12,10) (12,11) (12,12) (12,13) (12,14) (12,15) (12,16) (13,0) (13,1) (13,2) (13,3) (13,4) (13,5) (13,6) (13,7) (13,8) (13,9) (13,10) (13,11) (13,12) (13,13) (13,14) (13,15) (13,16) (14,0) (14,1) (14,2) (14,3) (14,4) (14,5) (14,6) (14,7) (14,8) (14,9) (14,10) (14,11) (14,12) (14,13) (14,14) (14,15) (14,16) (15,0) (15,1) (15,2) (15,3) (15,4) (15,5) (15,6) (15,7) (15,8) (15,9) (15,10) (15,11) (15,12) (15,13) (15,14) (15,15) (15,16) (16,0) (16,1) (16,2) (16,3) (16,4) (16,5) (16,6) (16,7) (16,8) (16,9) (16,10) (16,11) (16,12) (16,13) (16,14) (16,15) (16,16)   also met at 5 more region(s)
  [13,[3,3]] MM[[13,[3,3]]] (1D) seats (0,0) (0,1) (0,2) (0,3) (0,4) (0,5) (0,6) (0,7) (0,8) (0,9) (0,10) (0,11) (0,12) (0,13) (0,14) (0,15) (0,16) (0,17) (0,18) (1,0) (1,1) (1,2) (1,3) (1,4) (1,5) (1,6) (1,7) (1,8) (1,9) (1,10) (1,11) (1,12) (1,13) (1,14) (1,15) (1,16) (1,17) (1,18) (2,0) (2,1) (2,2) (2,3) (2,4) (2,5) (2,6) (2,7) (2,8) (2,9) (2,10) (2,11) (2,12) (2,13) (2,14) (2,15) (2,16) (2,17) (2,18) (3,0) (3,1) (3,2) (4,0) (4,1) (4,2) (5,0) (5,1) (5,2) (6,0) (6,1) (6,2) (7,0) (7,1) (7,2) (8,0) (8,1) (8,2) (9,0) (9,1) (9,2) (10,0) (10,1) (10,2) (11,0) (11,1) (11,2) (12,0) (12,1) (12,2) (13,0) (13,1) (13,2) (14,0) (14,1) (14,2) (15,0) (15,1) (15,2) (16,0) (16,1) (16,2) (17,0) (17,1) (17,2) (18,0) (18,1) (18,2) (19,0) (19,1) (19,2) (20,0) (20,1) (20,2) (21,0) (21,1) (21,2) (22,0) (22,1) (22,2)   also met at 5 more region(s)
  197  MM[197] (1D) seats (0,0) (0,1) (0,2) (0,3) (0,4) (0,5) (0,6) (0,7) (0,8) (0,9) (0,10) (0,11) (0,12) (0,13) (0,14) (0,15) (0,16) (0,17) (0,18) (1,0) (1,1) (1,2) (1,3) (1,4) (1,5) (1,6) (1,7) (1,8) (1,9) (1,10) (1,11) (1,12) (1,13) (1,14) (1,15) (1,16) (1,17) (1,18) (2,0) (2,1) (2,2) (2,3) (2,4) (2,5) (2,6) (2,7) (2,8) (2,9) (2,10) (2,11) (2,12) (2,13) (2,14) (2,15) (2,16) (2,17) (2,18) (3,0) (3,1) (3,2) (3,3) (3,4) (3,5) (3,6) (4,0) (4,1) (4,2) (4,3) (4,4) (4,5) (4,6) (5,0) (5,1) (5,2) (5,3) (5,4) (5,5) (5,6) (6,0) (6,1) (6,2) (6,3) (6,4) (6,5) (6,6) (7,0) (7,1) (7,2) (7,3) (7,4) (7,5) (7,6) (8,0) (8,1) (8,2) (8,3) (8,4) (8,5) (8,6) (9,0) (9,1) (9,2) (9,3) (9,4) (9,5) (9,6) (10,0) (10,1) (10,2) (10,3) (10,4) (10,5) (10,6) (11,0) (11,1) (11,2) (11,3) (11,4) (11,5) (11,6) (12,0) (12,1) (12,2) (12,3) (12,4) (12,5) (12,6) (13,0) (13,1) (13,2) (13,3) (13,4) (13,5) (13,6) (14,0) (14,1) (14,2) (14,3) (14,4) (14,5) (14,6) (15,0) (15,1) (15,2) (15,3) (15,4) (15,5) (15,6) (16,0) (16,1) (16,2) (16,3) (16,4) (16,5) (16,6) (17,0) (17,1) (17,2) (17,3) (17,4) (17,5) (17,6) (18,0) (18,1) (18,2) (18,3) (18,4) (18,5) (18,6) (19,0) (19,1) (19,2) (19,3) (19,4) (19,5) (19,6) (20,0) (20,1) (20,2) (20,3) (20,4) (20,5) (20,6) (21,0) (21,1) (21,2) (21,3) (21,4) (21,5) (21,6) (22,0) (22,1) (22,2) (22,3) (22,4) (22,5) (22,6)   also met at 7 more region(s)
  [41,5] MM[[41,5]] (1D) seats (0,0) (0,1) (0,2) (0,3) (0,4) (0,5) (0,6) (0,7) (0,8) (0,9) (0,10) (0,11) (0,12) (0,13) (0,14) (0,15) (0,16) (1,0) (1,1) (1,2) (1,3) (1,4) (1,5) (1,6) (1,7) (1,8) (1,9) (1,10) (1,11) (1,12) (1,13) (1,14) (1,15) (1,16) (2,0) (2,1) (2,2) (2,3) (2,4) (2,5) (2,6) (2,7) (2,8) (2,9) (2,10) (2,11) (2,12) (2,13) (2,14) (2,15) (2,16) (3,0) (3,1) (3,2) (3,3) (3,4) (3,5) (3,6) (3,7) (3,8) (3,9) (3,10) (4,0) (4,1) (4,2) (4,3) (4,4) (4,5) (4,6) (4,7) (4,8) (4,9) (4,10) (5,0) (5,1) (5,2) (5,3) (5,4) (5,5) (5,6) (5,7) (5,8) (5,9) (5,10) (6,0) (6,1) (6,2) (6,3) (6,4) (6,5) (6,6) (6,7) (6,8) (6,9) (6,10) (7,0) (7,1) (7,2) (7,3) (7,4) (7,5) (7,6) (7,7) (7,8) (7,9) (7,10) (8,0) (8,1) (8,2) (8,3) (8,4) (8,5) (8,6) (8,7) (8,8) (8,9) (8,10) (9,0) (9,1) (9,2) (9,3) (9,4) (9,5) (9,6) (9,7) (9,8) (9,9) (9,10) (10,0) (10,1) (10,2) (10,3) (10,4) (10,5) (10,6) (10,7) (10,8) (10,9) (10,10) (11,0) (11,1) (11,2) (11,3) (11,4) (11,5) (11,6) (11,7) (11,8) (11,9) (11,10) (12,0) (12,1) (12,2) (12,3) (12,4) (12,5) (12,6) (12,7) (12,8) (12,9) (12,10) (13,0) (13,1) (13,2) (13,3) (13,4) (13,5) (13,6) (13,7) (13,8) (13,9) (13,10) (14,0) (14,1) (14,2) (14,3) (14,4) (14,5) (14,6) (14,7) (14,8) (14,9) (14,10) (15,0) (15,1) (15,2) (15,3) (15,4) (15,5) (15,6) (15,7) (15,8) (15,9) (15,10) (16,0) (16,1) (16,2) (16,3) (16,4) (16,5) (16,6) (16,7) (16,8) (16,9) (16,10)   also met at 6 more region(s)
  251  MM[251] (1D) seats (0,0) (0,1) (0,2) (0,3) (0,4) (0,5) (0,6) (0,7) (0,8) (0,9) (0,10) (0,11) (0,12) (0,13) (0,14) (0,15) (0,16) (0,17) (0,18) (0,19) (0,20) (0,21) (0,22) (1,0) (1,1) (1,2) (1,3) (1,4) (1,5) (1,6) (1,7) (1,8) (1,9) (1,10) (1,11) (1,12) (1,13) (1,14) (1,15) (1,16) (1,17) (1,18) (1,19) (1,20) (1,21) (1,22) (2,0) (2,1) (2,2) (2,3) (2,4) (2,5) (2,6) (2,7) (2,8) (2,9) (2,10) (2,11) (2,12) (2,13) (2,14) (2,15) (2,16) (2,17) (2,18) (2,19) (2,20) (2,21) (2,22) (3,0) (3,1) (3,2) (3,3) (3,4) (3,5) (3,6) (3,7) (3,8) (3,9) (3,10) (3,11) (3,12) (4,0) (4,1) (4,2) (4,3) (4,4) (4,5) (4,6) (4,7) (4,8) (4,9) (4,10) (4,11) (4,12) (5,0) (5,1) (5,2) (5,3) (5,4) (5,5) (5,6) (5,7) (5,8) (5,9) (5,10) (5,11) (5,12) (6,0) (6,1) (6,2) (6,3) (6,4) (6,5) (6,6) (6,7) (6,8) (6,9) (6,10) (6,11) (6,12) (7,0) (7,1) (7,2) (7,3) (7,4) (7,5) (7,6) (7,7) (7,8) (7,9) (7,10) (7,11) (7,12) (8,0) (8,1) (8,2) (8,3) (8,4) (8,5) (8,6) (8,7) (8,8) (8,9) (8,10) (8,11) (8,12) (9,0) (9,1) (9,2) (9,3) (9,4) (9,5) (9,6) (9,7) (9,8) (9,9) (9,10) (9,11) (9,12) (10,0) (10,1) (10,2) (10,3) (10,4) (10,5) (10,6) (10,7) (10,8) (10,9) (10,10) (10,11) (10,12) (11,0) (11,1) (11,2) (11,3) (11,4) (11,5) (11,6) (11,7) (11,8) (11,9) (11,10) (11,11) (11,12) (12,0) (12,1) (12,2) (12,3) (12,4) (12,5) (12,6) (12,7) (12,8) (12,9) (12,10) (12,11) (12,12) (13,0) (13,1) (13,2) (13,3) (13,4) (13,5) (13,6) (13,7) (13,8) (13,9) (13,10) (13,11) (13,12) (14,0) (14,1) (14,2) (14,3) (14,4) (14,5) (14,6) (14,7) (14,8) (14,9) (14,10) (14,11) (14,12) (15,0) (15,1) (15,2) (15,3) (15,4) (15,5) (15,6) (15,7) (15,8) (15,9) (15,10) (15,11) (15,12) (16,0) (16,1) (16,2) (16,3) (16,4) (16,5) (16,6) (16,7) (16,8) (16,9) (16,10) (16,11) (16,12)   also met at 11 more region(s)
  223  MM[223] (1D) seats (0,0) (0,1) (0,2) (0,3) (0,4) (0,5) (0,6) (0,7) (0,8) (0,9) (0,10) (0,11) (0,12) (0,13) (0,14) (0,15) (0,16) (0,17) (0,18) (0,19) (0,20) (0,21) (0,22) (1,0) (1,1) (1,2) (1,3) (1,4) (1,5) (1,6) (1,7) (1,8) (1,9) (1,10) (1,11) (1,12) (1,13) (1,14) (1,15) (1,16) (1,17) (1,18) (1,19) (1,20) (1,21) (1,22) (2,0) (2,1) (2,2) (2,3) (2,4) (2,5) (2,6) (2,7) (2,8) (2,9) (2,10) (2,11) (2,12) (2,13) (2,14) (2,15) (2,16) (2,17) (2,18) (2,19) (2,20) (2,21) (2,22) (3,0) (3,1) (3,2) (3,3) (3,4) (3,5) (3,6) (3,7) (3,8) (3,9) (3,10) (4,0) (4,1) (4,2) (4,3) (4,4) (4,5) (4,6) (4,7) (4,8) (4,9) (4,10) (5,0) (5,1) (5,2) (5,3) (5,4) (5,5) (5,6) (5,7) (5,8) (5,9) (5,10) (6,0) (6,1) (6,2) (6,3) (6,4) (6,5) (6,6) (6,7) (6,8) (6,9) (6,10) (7,0) (7,1) (7,2) (7,3) (7,4) (7,5) (7,6) (7,7) (7,8) (7,9) (7,10) (8,0) (8,1) (8,2) (8,3) (8,4) (8,5) (8,6) (8,7) (8,8) (8,9) (8,10) (9,0) (9,1) (9,2) (9,3) (9,4) (9,5) (9,6) (9,7) (9,8) (9,9) (9,10) (10,0) (10,1) (10,2) (10,3) (10,4) (10,5) (10,6) (10,7) (10,8) (10,9) (10,10) (11,0) (11,1) (11,2) (11,3) (11,4) (11,5) (11,6) (11,7) (11,8) (11,9) (11,10) (12,0) (12,1) (12,2) (12,3) (12,4) (12,5) (12,6) (12,7) (12,8) (12,9) (12,10) (13,0) (13,1) (13,2) (13,3) (13,4) (13,5) (13,6) (13,7) (13,8) (13,9) (13,10) (14,0) (14,1) (14,2) (14,3) (14,4) (14,5) (14,6) (14,7) (14,8) (14,9) (14,10) (15,0) (15,1) (15,2) (15,3) (15,4) (15,5) (15,6) (15,7) (15,8) (15,9) (15,10) (16,0) (16,1) (16,2) (16,3) (16,4) (16,5) (16,6) (16,7) (16,8) (16,9) (16,10)   also met at 5 more region(s)
  [43,3] MM[[43,3]] (1D) seats (0,0) (0,1) (0,2) (0,3) (0,4) (0,5) (0,6) (0,7) (0,8) (0,9) (0,10) (0,11) (0,12) (0,13) (0,14) (0,15) (0,16) (0,17) (0,18) (0,19) (0,20) (0,21) (0,22) (1,0) (1,1) (1,2) (1,3) (1,4) (1,5) (1,6) (1,7) (1,8) (1,9) (1,10) (1,11) (1,12) (1,13) (1,14) (1,15) (1,16) (1,17) (1,18) (1,19) (1,20) (1,21) (1,22) (2,0) (2,1) (2,2) (2,3) (2,4) (2,5) (2,6) (2,7) (2,8) (2,9) (2,10) (2,11) (2,12) (2,13) (2,14) (2,15) (2,16) (2,17) (2,18) (2,19) (2,20) (2,21) (2,22) (3,0) (3,1) (3,2) (4,0) (4,1) (4,2) (5,0) (5,1) (5,2) (6,0) (6,1) (6,2) (7,0) (7,1) (7,2) (8,0) (8,1) (8,2) (9,0) (9,1) (9,2) (10,0) (10,1) (10,2) (11,0) (11,1) (11,2) (12,0) (12,1) (12,2) (13,0) (13,1) (13,2) (14,0) (14,1) (14,2) (15,0) (15,1) (15,2) (16,0) (16,1) (16,2) (17,0) (17,1) (17,2) (18,0) (18,1) (18,2) (19,0) (19,1) (19,2) (20,0) (20,1) (20,2) (21,0) (21,1) (21,2) (22,0) (22,1) (22,2)   also met at 10 more region(s)
  [[3,5],[3,3]] MM[[[3,5],[3,3]]] (1D) seats (0,0) (0,1) (0,2) (0,3) (0,4) (0,5) (0,6) (0,7) (0,8) (0,9) (0,10) (0,11) (0,12) (1,0) (1,1) (1,2) (1,3) (1,4) (1,5) (1,6) (1,7) (1,8) (1,9) (1,10) (1,11) (1,12) (2,0) (2,1) (2,2) (2,3) (2,4) (2,5) (2,6) (2,7) (2,8) (2,9) (2,10) (2,11) (2,12) (3,0) (3,1) (3,2) (3,3) (3,4) (3,5) (3,6) (3,7) (3,8) (3,9) (3,10) (3,11) (3,12) (4,0) (4,1) (4,2) (4,3) (4,4) (4,5) (4,6) (4,7) (4,8) (4,9) (4,10) (4,11) (4,12) (5,0) (5,1) (5,2) (5,3) (5,4) (6,0) (6,1) (6,2) (6,3) (6,4) (7,0) (7,1) (7,2) (7,3) (7,4) (8,0) (8,1) (8,2) (8,3) (8,4) (9,0) (9,1) (9,2) (9,3) (9,4) (10,0) (10,1) (10,2) (10,3) (10,4) (11,0) (11,1) (11,2) (11,3) (11,4) (12,0) (12,1) (12,2) (12,3) (12,4) (13,0) (13,1) (13,2) (13,3) (13,4) (14,0) (14,1) (14,2) (14,3) (14,4) (15,0) (15,1) (15,2) (15,3) (15,4) (16,0) (16,1) (16,2) (16,3) (16,4) (17,0) (17,1) (17,2) (17,3) (17,4) (18,0) (18,1) (18,2) (18,3) (18,4)   also met at 5 more region(s)
  [73,3] MM[[73,3]] (1D) seats (0,0) (0,1) (0,2) (0,3) (0,4) (0,5) (0,6) (0,7) (0,8) (0,9) (0,10) (0,11) (0,12) (1,0) (1,1) (1,2) (1,3) (1,4) (1,5) (1,6) (1,7) (1,8) (1,9) (1,10) (1,11) (1,12) (2,0) (2,1) (2,2) (2,3) (2,4) (2,5) (2,6) (2,7) (2,8) (2,9) (2,10) (2,11) (2,12) (3,0) (3,1) (3,2) (3,3) (3,4) (3,5) (3,6) (3,7) (3,8) (3,9) (3,10) (3,11) (3,12) (4,0) (4,1) (4,2) (4,3) (4,4) (4,5) (4,6) (4,7) (4,8) (4,9) (4,10) (4,11) (4,12) (5,0) (5,1) (5,2) (5,3) (5,4) (5,5) (5,6) (5,7) (5,8) (5,9) (5,10) (6,0) (6,1) (6,2) (6,3) (6,4) (6,5) (6,6) (6,7) (6,8) (6,9) (6,10) (7,0) (7,1) (7,2) (7,3) (7,4) (7,5) (7,6) (7,7) (7,8) (7,9) (7,10) (8,0) (8,1) (8,2) (8,3) (8,4) (8,5) (8,6) (8,7) (8,8) (8,9) (8,10) (9,0) (9,1) (9,2) (9,3) (9,4) (9,5) (9,6) (9,7) (9,8) (9,9) (9,10) (10,0) (10,1) (10,2) (10,3) (10,4) (10,5) (10,6) (10,7) (10,8) (10,9) (10,10) (11,0) (11,1) (11,2) (11,3) (11,4) (11,5) (11,6) (11,7) (11,8) (11,9) (11,10) (12,0) (12,1) (12,2) (12,3) (12,4) (12,5) (12,6) (12,7) (12,8) (12,9) (12,10) (13,0) (13,1) (13,2) (13,3) (13,4) (13,5) (13,6) (13,7) (13,8) (13,9) (13,10) (14,0) (14,1) (14,2) (14,3) (14,4) (14,5) (14,6) (14,7) (14,8) (14,9) (14,10) (15,0) (15,1) (15,2) (15,3) (15,4) (15,5) (15,6) (15,7) (15,8) (15,9) (15,10) (16,0) (16,1) (16,2) (16,3) (16,4) (16,5) (16,6) (16,7) (16,8) (16,9) (16,10) (17,0) (17,1) (17,2) (17,3) (17,4) (17,5) (17,6) (17,7) (17,8) (17,9) (17,10) (18,0) (18,1) (18,2) (18,3) (18,4) (18,5) (18,6) (18,7) (18,8) (18,9) (18,10)   also met at 3 more region(s)
  263  MM[263] (1D) seats (0,0) (0,1) (0,2) (0,3) (0,4) (0,5) (0,6) (0,7) (0,8) (0,9) (0,10) (0,11) (0,12) (1,0) (1,1) (1,2) (1,3) (1,4) (1,5) (1,6) (1,7) (1,8) (1,9) (1,10) (1,11) (1,12) (2,0) (2,1) (2,2) (2,3) (2,4) (2,5) (2,6) (2,7) (2,8) (2,9) (2,10) (2,11) (2,12) (3,0) (3,1) (3,2) (3,3) (3,4) (3,5) (3,6) (3,7) (3,8) (3,9) (3,10) (3,11) (3,12) (4,0) (4,1) (4,2) (4,3) (4,4) (4,5) (4,6) (4,7) (4,8) (4,9) (4,10) (4,11) (4,12) (5,0) (5,1) (5,2) (5,3) (5,4) (5,5) (5,6) (5,7) (5,8) (5,9) (5,10) (6,0) (6,1) (6,2) (6,3) (6,4) (6,5) (6,6) (6,7) (6,8) (6,9) (6,10) (7,0) (7,1) (7,2) (7,3) (7,4) (7,5) (7,6) (7,7) (7,8) (7,9) (7,10) (8,0) (8,1) (8,2) (8,3) (8,4) (8,5) (8,6) (8,7) (8,8) (8,9) (8,10) (9,0) (9,1) (9,2) (9,3) (9,4) (9,5) (9,6) (9,7) (9,8) (9,9) (9,10) (10,0) (10,1) (10,2) (10,3) (10,4) (10,5) (10,6) (10,7) (10,8) (10,9) (10,10) (11,0) (11,1) (11,2) (11,3) (11,4) (11,5) (11,6) (11,7) (11,8) (11,9) (11,10) (12,0) (12,1) (12,2) (12,3) (12,4) (12,5) (12,6) (12,7) (12,8) (12,9) (12,10) (13,0) (13,1) (13,2) (13,3) (13,4) (13,5) (13,6) (13,7) (13,8) (13,9) (13,10) (14,0) (14,1) (14,2) (14,3) (14,4) (14,5) (14,6) (14,7) (14,8) (14,9) (14,10) (15,0) (15,1) (15,2) (15,3) (15,4) (15,5) (15,6) (15,7) (15,8) (15,9) (15,10) (16,0) (16,1) (16,2) (16,3) (16,4) (16,5) (16,6) (16,7) (16,8) (16,9) (16,10) (17,0) (17,1) (17,2) (17,3) (17,4) (17,5) (17,6) (17,7) (17,8) (17,9) (17,10) (18,0) (18,1) (18,2) (18,3) (18,4) (18,5) (18,6) (18,7) (18,8) (18,9) (18,10) (19,0) (19,1) (19,2) (19,3) (19,4) (19,5) (19,6) (19,7) (19,8) (19,9) (19,10) (20,0) (20,1) (20,2) (20,3) (20,4) (20,5) (20,6) (20,7) (20,8) (20,9) (20,10) (21,0) (21,1) (21,2) (21,3) (21,4) (21,5) (21,6) (21,7) (21,8) (21,9) (21,10) (22,0) (22,1) (22,2) (22,3) (22,4) (22,5) (22,6) (22,7) (22,8) (22,9) (22,10)   also met at 5 more region(s)
  [61,3] MM[[61,3]] (1D) seats (0,0) (0,1) (0,2) (0,3) (0,4) (0,5) (0,6) (0,7) (0,8) (0,9) (0,10) (0,11) (0,12) (0,13) (0,14) (0,15) (0,16) (0,17) (0,18) (1,0) (1,1) (1,2) (1,3) (1,4) (1,5) (1,6) (1,7) (1,8) (1,9) (1,10) (1,11) (1,12) (1,13) (1,14) (1,15) (1,16) (1,17) (1,18) (2,0) (2,1) (2,2) (2,3) (2,4) (2,5) (2,6) (2,7) (2,8) (2,9) (2,10) (2,11) (2,12) (2,13) (2,14) (2,15) (2,16) (2,17) (2,18) (3,0) (3,1) (3,2) (3,3) (3,4) (3,5) (3,6) (3,7) (3,8) (3,9) (3,10) (3,11) (3,12) (3,13) (3,14) (3,15) (3,16) (3,17) (3,18) (4,0) (4,1) (4,2) (4,3) (4,4) (4,5) (4,6) (4,7) (4,8) (4,9) (4,10) (4,11) (4,12) (4,13) (4,14) (4,15) (4,16) (4,17) (4,18) (5,0) (5,1) (5,2) (5,3) (5,4) (5,5) (5,6) (5,7) (5,8) (5,9) (5,10) (6,0) (6,1) (6,2) (6,3) (6,4) (6,5) (6,6) (6,7) (6,8) (6,9) (6,10) (7,0) (7,1) (7,2) (7,3) (7,4) (7,5) (7,6) (7,7) (7,8) (7,9) (7,10) (8,0) (8,1) (8,2) (8,3) (8,4) (8,5) (8,6) (8,7) (8,8) (8,9) (8,10) (9,0) (9,1) (9,2) (9,3) (9,4) (9,5) (9,6) (9,7) (9,8) (9,9) (9,10) (10,0) (10,1) (10,2) (10,3) (10,4) (10,5) (10,6) (10,7) (10,8) (10,9) (10,10) (11,0) (11,1) (11,2) (11,3) (11,4) (11,5) (11,6) (11,7) (11,8) (11,9) (11,10) (12,0) (12,1) (12,2) (12,3) (12,4) (12,5) (12,6) (12,7) (12,8) (12,9) (12,10)   also met at 3 more region(s)
  [[3,7],11] MM[[[3,7],11]] (1D) seats (0,0) (0,1) (0,2) (0,3) (0,4) (0,5) (0,6) (0,7) (0,8) (0,9) (0,10) (0,11) (0,12) (0,13) (0,14) (0,15) (0,16) (0,17) (0,18) (1,0) (1,1) (1,2) (1,3) (1,4) (1,5) (1,6) (1,7) (1,8) (1,9) (1,10) (1,11) (1,12) (1,13) (1,14) (1,15) (1,16) (1,17) (1,18) (2,0) (2,1) (2,2) (2,3) (2,4) (2,5) (2,6) (2,7) (2,8) (2,9) (2,10) (2,11) (2,12) (2,13) (2,14) (2,15) (2,16) (2,17) (2,18) (3,0) (3,1) (3,2) (3,3) (3,4) (3,5) (3,6) (3,7) (3,8) (3,9) (3,10) (3,11) (3,12) (3,13) (3,14) (3,15) (3,16) (3,17) (3,18) (4,0) (4,1) (4,2) (4,3) (4,4) (4,5) (4,6) (4,7) (4,8) (4,9) (4,10) (4,11) (4,12) (4,13) (4,14) (4,15) (4,16) (4,17) (4,18) (5,0) (5,1) (5,2) (5,3) (5,4) (5,5) (5,6) (5,7) (5,8) (5,9) (5,10) (5,11) (5,12) (5,13) (5,14) (5,15) (5,16) (6,0) (6,1) (6,2) (6,3) (6,4) (6,5) (6,6) (6,7) (6,8) (6,9) (6,10) (6,11) (6,12) (6,13) (6,14) (6,15) (6,16) (7,0) (7,1) (7,2) (7,3) (7,4) (7,5) (7,6) (7,7) (7,8) (7,9) (7,10) (7,11) (7,12) (7,13) (7,14) (7,15) (7,16) (8,0) (8,1) (8,2) (8,3) (8,4) (8,5) (8,6) (8,7) (8,8) (8,9) (8,10) (8,11) (8,12) (8,13) (8,14) (8,15) (8,16) (9,0) (9,1) (9,2) (9,3) (9,4) (9,5) (9,6) (9,7) (9,8) (9,9) (9,10) (9,11) (9,12) (9,13) (9,14) (9,15) (9,16) (10,0) (10,1) (10,2) (10,3) (10,4) (10,5) (10,6) (10,7) (10,8) (10,9) (10,10) (10,11) (10,12) (10,13) (10,14) (10,15) (10,16) (11,0) (11,1) (11,2) (11,3) (11,4) (11,5) (11,6) (11,7) (11,8) (11,9) (11,10) (11,11) (11,12) (11,13) (11,14) (11,15) (11,16) (12,0) (12,1) (12,2) (12,3) (12,4) (12,5) (12,6) (12,7) (12,8) (12,9) (12,10) (12,11) (12,12) (12,13) (12,14) (12,15) (12,16)   also met at 7 more region(s)
  [83,3] MM[[83,3]] (1D) seats (0,0) (0,1) (0,2) (0,3) (0,4) (0,5) (0,6) (0,7) (0,8) (0,9) (0,10) (0,11) (0,12) (0,13) (0,14) (0,15) (0,16) (0,17) (0,18) (1,0) (1,1) (1,2) (1,3) (1,4) (1,5) (1,6) (1,7) (1,8) (1,9) (1,10) (1,11) (1,12) (1,13) (1,14) (1,15) (1,16) (1,17) (1,18) (2,0) (2,1) (2,2) (2,3) (2,4) (2,5) (2,6) (2,7) (2,8) (2,9) (2,10) (2,11) (2,12) (2,13) (2,14) (2,15) (2,16) (2,17) (2,18) (3,0) (3,1) (3,2) (3,3) (3,4) (3,5) (3,6) (3,7) (3,8) (3,9) (3,10) (3,11) (3,12) (3,13) (3,14) (3,15) (3,16) (3,17) (3,18) (4,0) (4,1) (4,2) (4,3) (4,4) (4,5) (4,6) (4,7) (4,8) (4,9) (4,10) (4,11) (4,12) (4,13) (4,14) (4,15) (4,16) (4,17) (4,18) (5,0) (5,1) (5,2) (5,3) (5,4) (5,5) (5,6) (5,7) (5,8) (5,9) (5,10) (6,0) (6,1) (6,2) (6,3) (6,4) (6,5) (6,6) (6,7) (6,8) (6,9) (6,10) (7,0) (7,1) (7,2) (7,3) (7,4) (7,5) (7,6) (7,7) (7,8) (7,9) (7,10) (8,0) (8,1) (8,2) (8,3) (8,4) (8,5) (8,6) (8,7) (8,8) (8,9) (8,10) (9,0) (9,1) (9,2) (9,3) (9,4) (9,5) (9,6) (9,7) (9,8) (9,9) (9,10) (10,0) (10,1) (10,2) (10,3) (10,4) (10,5) (10,6) (10,7) (10,8) (10,9) (10,10) (11,0) (11,1) (11,2) (11,3) (11,4) (11,5) (11,6) (11,7) (11,8) (11,9) (11,10) (12,0) (12,1) (12,2) (12,3) (12,4) (12,5) (12,6) (12,7) (12,8) (12,9) (12,10) (13,0) (13,1) (13,2) (13,3) (13,4) (13,5) (13,6) (13,7) (13,8) (13,9) (13,10) (14,0) (14,1) (14,2) (14,3) (14,4) (14,5) (14,6) (14,7) (14,8) (14,9) (14,10) (15,0) (15,1) (15,2) (15,3) (15,4) (15,5) (15,6) (15,7) (15,8) (15,9) (15,10) (16,0) (16,1) (16,2) (16,3) (16,4) (16,5) (16,6) (16,7) (16,8) (16,9) (16,10) (17,0) (17,1) (17,2) (17,3) (17,4) (17,5) (17,6) (17,7) (17,8) (17,9) (17,10) (18,0) (18,1) (18,2) (18,3) (18,4) (18,5) (18,6) (18,7) (18,8) (18,9) (18,10)   also met at 3 more region(s)
  [37,[3,3]] MM[[37,[3,3]]] (1D) seats (0,0) (0,1) (0,2) (0,3) (0,4) (0,5) (0,6) (0,7) (0,8) (0,9) (0,10) (0,11) (0,12) (0,13) (0,14) (0,15) (0,16) (0,17) (0,18) (1,0) (1,1) (1,2) (1,3) (1,4) (1,5) (1,6) (1,7) (1,8) (1,9) (1,10) (1,11) (1,12) (1,13) (1,14) (1,15) (1,16) (1,17) (1,18) (2,0) (2,1) (2,2) (2,3) (2,4) (2,5) (2,6) (2,7) (2,8) (2,9) (2,10) (2,11) (2,12) (2,13) (2,14) (2,15) (2,16) (2,17) (2,18) (3,0) (3,1) (3,2) (3,3) (3,4) (3,5) (3,6) (3,7) (3,8) (3,9) (3,10) (3,11) (3,12) (3,13) (3,14) (3,15) (3,16) (3,17) (3,18) (4,0) (4,1) (4,2) (4,3) (4,4) (4,5) (4,6) (4,7) (4,8) (4,9) (4,10) (4,11) (4,12) (4,13) (4,14) (4,15) (4,16) (4,17) (4,18) (5,0) (5,1) (5,2) (5,3) (5,4) (5,5) (5,6) (5,7) (5,8) (5,9) (5,10) (5,11) (5,12) (5,13) (5,14) (5,15) (5,16) (6,0) (6,1) (6,2) (6,3) (6,4) (6,5) (6,6) (6,7) (6,8) (6,9) (6,10) (6,11) (6,12) (6,13) (6,14) (6,15) (6,16) (7,0) (7,1) (7,2) (7,3) (7,4) (7,5) (7,6) (7,7) (7,8) (7,9) (7,10) (7,11) (7,12) (7,13) (7,14) (7,15) (7,16) (8,0) (8,1) (8,2) (8,3) (8,4) (8,5) (8,6) (8,7) (8,8) (8,9) (8,10) (8,11) (8,12) (8,13) (8,14) (8,15) (8,16) (9,0) (9,1) (9,2) (9,3) (9,4) (9,5) (9,6) (9,7) (9,8) (9,9) (9,10) (9,11) (9,12) (9,13) (9,14) (9,15) (9,16) (10,0) (10,1) (10,2) (10,3) (10,4) (10,5) (10,6) (10,7) (10,8) (10,9) (10,10) (10,11) (10,12) (10,13) (10,14) (10,15) (10,16) (11,0) (11,1) (11,2) (11,3) (11,4) (11,5) (11,6) (11,7) (11,8) (11,9) (11,10) (11,11) (11,12) (11,13) (11,14) (11,15) (11,16) (12,0) (12,1) (12,2) (12,3) (12,4) (12,5) (12,6) (12,7) (12,8) (12,9) (12,10) (12,11) (12,12) (12,13) (12,14) (12,15) (12,16) (13,0) (13,1) (13,2) (13,3) (13,4) (13,5) (13,6) (13,7) (13,8) (13,9) (13,10) (13,11) (13,12) (13,13) (13,14) (13,15) (13,16) (14,0) (14,1) (14,2) (14,3) (14,4) (14,5) (14,6) (14,7) (14,8) (14,9) (14,10) (14,11) (14,12) (14,13) (14,14) (14,15) (14,16) (15,0) (15,1) (15,2) (15,3) (15,4) (15,5) (15,6) (15,7) (15,8) (15,9) (15,10) (15,11) (15,12) (15,13) (15,14) (15,15) (15,16) (16,0) (16,1) (16,2) (16,3) (16,4) (16,5) (16,6) (16,7) (16,8) (16,9) (16,10) (16,11) (16,12) (16,13) (16,14) (16,15) (16,16) (17,0) (17,1) (17,2) (17,3) (17,4) (17,5) (17,6) (17,7) (17,8) (17,9) (17,10) (17,11) (17,12) (17,13) (17,14) (17,15) (17,16) (18,0) (18,1) (18,2) (18,3) (18,4) (18,5) (18,6) (18,7) (18,8) (18,9) (18,10) (18,11) (18,12) (18,13) (18,14) (18,15) (18,16)   also met at 1 more region(s)
  [[5,5],7] MM[[[5,5],7]] (1D) seats (0,0) (0,1) (0,2) (0,3) (0,4) (0,5) (0,6) (0,7) (0,8) (0,9) (0,10) (0,11) (0,12) (0,13) (0,14) (0,15) (0,16) (1,0) (1,1) (1,2) (1,3) (1,4) (1,5) (1,6) (1,7) (1,8) (1,9) (1,10) (1,11) (1,12) (1,13) (1,14) (1,15) (1,16) (2,0) (2,1) (2,2) (2,3) (2,4) (2,5) (2,6) (2,7) (2,8) (2,9) (2,10) (2,11) (2,12) (2,13) (2,14) (2,15) (2,16) (3,0) (3,1) (3,2) (3,3) (3,4) (3,5) (3,6) (3,7) (3,8) (3,9) (3,10) (3,11) (3,12) (3,13) (3,14) (3,15) (3,16) (4,0) (4,1) (4,2) (4,3) (4,4) (4,5) (4,6) (4,7) (4,8) (4,9) (4,10) (4,11) (4,12) (4,13) (4,14) (4,15) (4,16) (5,0) (5,1) (5,2) (5,3) (5,4) (6,0) (6,1) (6,2) (6,3) (6,4) (7,0) (7,1) (7,2) (7,3) (7,4) (8,0) (8,1) (8,2) (8,3) (8,4) (9,0) (9,1) (9,2) (9,3) (9,4) (10,0) (10,1) (10,2) (10,3) (10,4) (11,0) (11,1) (11,2) (11,3) (11,4) (12,0) (12,1) (12,2) (12,3) (12,4) (13,0) (13,1) (13,2) (13,3) (13,4) (14,0) (14,1) (14,2) (14,3) (14,4) (15,0) (15,1) (15,2) (15,3) (15,4) (16,0) (16,1) (16,2) (16,3) (16,4) (17,0) (17,1) (17,2) (17,3) (17,4) (18,0) (18,1) (18,2) (18,3) (18,4) (19,0) (19,1) (19,2) (19,3) (19,4) (20,0) (20,1) (20,2) (20,3) (20,4) (21,0) (21,1) (21,2) (21,3) (21,4) (22,0) (22,1) (22,2) (22,3) (22,4)   also met at 5 more region(s)
  [19,[3,3]] MM[[19,[3,3]]] (1D) seats (0,0) (0,1) (0,2) (0,3) (0,4) (0,5) (0,6) (0,7) (0,8) (0,9) (0,10) (0,11) (0,12) (0,13) (0,14) (0,15) (0,16) (0,17) (0,18) (0,19) (0,20) (0,21) (0,22) (1,0) (1,1) (1,2) (1,3) (1,4) (1,5) (1,6) (1,7) (1,8) (1,9) (1,10) (1,11) (1,12) (1,13) (1,14) (1,15) (1,16) (1,17) (1,18) (1,19) (1,20) (1,21) (1,22) (2,0) (2,1) (2,2) (2,3) (2,4) (2,5) (2,6) (2,7) (2,8) (2,9) (2,10) (2,11) (2,12) (2,13) (2,14) (2,15) (2,16) (2,17) (2,18) (2,19) (2,20) (2,21) (2,22) (3,0) (3,1) (3,2) (3,3) (3,4) (3,5) (3,6) (3,7) (3,8) (3,9) (3,10) (3,11) (3,12) (3,13) (3,14) (3,15) (3,16) (3,17) (3,18) (3,19) (3,20) (3,21) (3,22) (4,0) (4,1) (4,2) (4,3) (4,4) (4,5) (4,6) (4,7) (4,8) (4,9) (4,10) (4,11) (4,12) (4,13) (4,14) (4,15) (4,16) (4,17) (4,18) (4,19) (4,20) (4,21) (4,22) (5,0) (5,1) (5,2) (5,3) (5,4) (5,5) (5,6) (6,0) (6,1) (6,2) (6,3) (6,4) (6,5) (6,6) (7,0) (7,1) (7,2) (7,3) (7,4) (7,5) (7,6) (8,0) (8,1) (8,2) (8,3) (8,4) (8,5) (8,6) (9,0) (9,1) (9,2) (9,3) (9,4) (9,5) (9,6) (10,0) (10,1) (10,2) (10,3) (10,4) (10,5) (10,6) (11,0) (11,1) (11,2) (11,3) (11,4) (11,5) (11,6) (12,0) (12,1) (12,2) (12,3) (12,4) (12,5) (12,6)   also met at 5 more region(s)
  [[3,3,3],11] MM[[[3,3,3],11]] (1D) seats (0,0) (0,1) (0,2) (0,3) (0,4) (0,5) (0,6) (0,7) (0,8) (0,9) (0,10) (0,11) (0,12) (0,13) (0,14) (0,15) (0,16) (0,17) (0,18) (0,19) (0,20) (0,21) (0,22) (1,0) (1,1) (1,2) (1,3) (1,4) (1,5) (1,6) (1,7) (1,8) (1,9) (1,10) (1,11) (1,12) (1,13) (1,14) (1,15) (1,16) (1,17) (1,18) (1,19) (1,20) (1,21) (1,22) (2,0) (2,1) (2,2) (2,3) (2,4) (2,5) (2,6) (2,7) (2,8) (2,9) (2,10) (2,11) (2,12) (2,13) (2,14) (2,15) (2,16) (2,17) (2,18) (2,19) (2,20) (2,21) (2,22) (3,0) (3,1) (3,2) (3,3) (3,4) (3,5) (3,6) (3,7) (3,8) (3,9) (3,10) (3,11) (3,12) (3,13) (3,14) (3,15) (3,16) (3,17) (3,18) (3,19) (3,20) (3,21) (3,22) (4,0) (4,1) (4,2) (4,3) (4,4) (4,5) (4,6) (4,7) (4,8) (4,9) (4,10) (4,11) (4,12) (4,13) (4,14) (4,15) (4,16) (4,17) (4,18) (4,19) (4,20) (4,21) (4,22) (5,0) (5,1) (5,2) (5,3) (5,4) (5,5) (5,6) (5,7) (5,8) (5,9) (5,10) (5,11) (5,12) (6,0) (6,1) (6,2) (6,3) (6,4) (6,5) (6,6) (6,7) (6,8) (6,9) (6,10) (6,11) (6,12) (7,0) (7,1) (7,2) (7,3) (7,4) (7,5) (7,6) (7,7) (7,8) (7,9) (7,10) (7,11) (7,12) (8,0) (8,1) (8,2) (8,3) (8,4) (8,5) (8,6) (8,7) (8,8) (8,9) (8,10) (8,11) (8,12) (9,0) (9,1) (9,2) (9,3) (9,4) (9,5) (9,6) (9,7) (9,8) (9,9) (9,10) (9,11) (9,12) (10,0) (10,1) (10,2) (10,3) (10,4) (10,5) (10,6) (10,7) (10,8) (10,9) (10,10) (10,11) (10,12) (11,0) (11,1) (11,2) (11,3) (11,4) (11,5) (11,6) (11,7) (11,8) (11,9) (11,10) (11,11) (11,12) (12,0) (12,1) (12,2) (12,3) (12,4) (12,5) (12,6) (12,7) (12,8) (12,9) (12,10) (12,11) (12,12) (13,0) (13,1) (13,2) (13,3) (13,4) (13,5) (13,6) (13,7) (13,8) (13,9) (13,10) (13,11) (13,12) (14,0) (14,1) (14,2) (14,3) (14,4) (14,5) (14,6) (14,7) (14,8) (14,9) (14,10) (14,11) (14,12) (15,0) (15,1) (15,2) (15,3) (15,4) (15,5) (15,6) (15,7) (15,8) (15,9) (15,10) (15,11) (15,12) (16,0) (16,1) (16,2) (16,3) (16,4) (16,5) (16,6) (16,7) (16,8) (16,9) (16,10) (16,11) (16,12) (17,0) (17,1) (17,2) (17,3) (17,4) (17,5) (17,6) (17,7) (17,8) (17,9) (17,10) (17,11) (17,12) (18,0) (18,1) (18,2) (18,3) (18,4) (18,5) (18,6) (18,7) (18,8) (18,9) (18,10) (18,11) (18,12)   also met at 2 more region(s)
  349  MM[349] (1D) seats (0,0) (0,1) (0,2) (0,3) (0,4) (0,5) (0,6) (0,7) (0,8) (0,9) (0,10) (0,11) (0,12) (0,13) (0,14) (0,15) (0,16) (0,17) (0,18) (0,19) (0,20) (0,21) (0,22) (1,0) (1,1) (1,2) (1,3) (1,4) (1,5) (1,6) (1,7) (1,8) (1,9) (1,10) (1,11) (1,12) (1,13) (1,14) (1,15) (1,16) (1,17) (1,18) (1,19) (1,20) (1,21) (1,22) (2,0) (2,1) (2,2) (2,3) (2,4) (2,5) (2,6) (2,7) (2,8) (2,9) (2,10) (2,11) (2,12) (2,13) (2,14) (2,15) (2,16) (2,17) (2,18) (2,19) (2,20) (2,21) (2,22) (3,0) (3,1) (3,2) (3,3) (3,4) (3,5) (3,6) (3,7) (3,8) (3,9) (3,10) (3,11) (3,12) (3,13) (3,14) (3,15) (3,16) (3,17) (3,18) (3,19) (3,20) (3,21) (3,22) (4,0) (4,1) (4,2) (4,3) (4,4) (4,5) (4,6) (4,7) (4,8) (4,9) (4,10) (4,11) (4,12) (4,13) (4,14) (4,15) (4,16) (4,17) (4,18) (4,19) (4,20) (4,21) (4,22) (5,0) (5,1) (5,2) (5,3) (5,4) (5,5) (5,6) (5,7) (5,8) (5,9) (5,10) (5,11) (5,12) (6,0) (6,1) (6,2) (6,3) (6,4) (6,5) (6,6) (6,7) (6,8) (6,9) (6,10) (6,11) (6,12) (7,0) (7,1) (7,2) (7,3) (7,4) (7,5) (7,6) (7,7) (7,8) (7,9) (7,10) (7,11) (7,12) (8,0) (8,1) (8,2) (8,3) (8,4) (8,5) (8,6) (8,7) (8,8) (8,9) (8,10) (8,11) (8,12) (9,0) (9,1) (9,2) (9,3) (9,4) (9,5) (9,6) (9,7) (9,8) (9,9) (9,10) (9,11) (9,12) (10,0) (10,1) (10,2) (10,3) (10,4) (10,5) (10,6) (10,7) (10,8) (10,9) (10,10) (10,11) (10,12) (11,0) (11,1) (11,2) (11,3) (11,4) (11,5) (11,6) (11,7) (11,8) (11,9) (11,10) (11,11) (11,12) (12,0) (12,1) (12,2) (12,3) (12,4) (12,5) (12,6) (12,7) (12,8) (12,9) (12,10) (12,11) (12,12) (13,0) (13,1) (13,2) (13,3) (13,4) (13,5) (13,6) (13,7) (13,8) (13,9) (13,10) (13,11) (13,12) (14,0) (14,1) (14,2) (14,3) (14,4) (14,5) (14,6) (14,7) (14,8) (14,9) (14,10) (14,11) (14,12) (15,0) (15,1) (15,2) (15,3) (15,4) (15,5) (15,6) (15,7) (15,8) (15,9) (15,10) (15,11) (15,12) (16,0) (16,1) (16,2) (16,3) (16,4) (16,5) (16,6) (16,7) (16,8) (16,9) (16,10) (16,11) (16,12) (17,0) (17,1) (17,2) (17,3) (17,4) (17,5) (17,6) (17,7) (17,8) (17,9) (17,10) (17,11) (17,12) (18,0) (18,1) (18,2) (18,3) (18,4) (18,5) (18,6) (18,7) (18,8) (18,9) (18,10) (18,11) (18,12) (19,0) (19,1) (19,2) (19,3) (19,4) (19,5) (19,6) (19,7) (19,8) (19,9) (19,10) (19,11) (19,12) (20,0) (20,1) (20,2) (20,3) (20,4) (20,5) (20,6) (20,7) (20,8) (20,9) (20,10) (20,11) (20,12) (21,0) (21,1) (21,2) (21,3) (21,4) (21,5) (21,6) (21,7) (21,8) (21,9) (21,10) (21,11) (21,12) (22,0) (22,1) (22,2) (22,3) (22,4) (22,5) (22,6) (22,7) (22,8) (22,9) (22,10) (22,11) (22,12)   also met at 3 more region(s)
  313  MM[313] (1D) seats (0,0) (0,1) (0,2) (0,3) (0,4) (0,5) (0,6) (0,7) (0,8) (0,9) (0,10) (0,11) (0,12) (0,13) (0,14) (0,15) (0,16) (0,17) (0,18) (0,19) (0,20) (0,21) (0,22) (1,0) (1,1) (1,2) (1,3) (1,4) (1,5) (1,6) (1,7) (1,8) (1,9) (1,10) (1,11) (1,12) (1,13) (1,14) (1,15) (1,16) (1,17) (1,18) (1,19) (1,20) (1,21) (1,22) (2,0) (2,1) (2,2) (2,3) (2,4) (2,5) (2,6) (2,7) (2,8) (2,9) (2,10) (2,11) (2,12) (2,13) (2,14) (2,15) (2,16) (2,17) (2,18) (2,19) (2,20) (2,21) (2,22) (3,0) (3,1) (3,2) (3,3) (3,4) (3,5) (3,6) (3,7) (3,8) (3,9) (3,10) (3,11) (3,12) (3,13) (3,14) (3,15) (3,16) (3,17) (3,18) (3,19) (3,20) (3,21) (3,22) (4,0) (4,1) (4,2) (4,3) (4,4) (4,5) (4,6) (4,7) (4,8) (4,9) (4,10) (4,11) (4,12) (4,13) (4,14) (4,15) (4,16) (4,17) (4,18) (4,19) (4,20) (4,21) (4,22) (5,0) (5,1) (5,2) (5,3) (5,4) (5,5) (5,6) (5,7) (5,8) (5,9) (5,10) (6,0) (6,1) (6,2) (6,3) (6,4) (6,5) (6,6) (6,7) (6,8) (6,9) (6,10) (7,0) (7,1) (7,2) (7,3) (7,4) (7,5) (7,6) (7,7) (7,8) (7,9) (7,10) (8,0) (8,1) (8,2) (8,3) (8,4) (8,5) (8,6) (8,7) (8,8) (8,9) (8,10) (9,0) (9,1) (9,2) (9,3) (9,4) (9,5) (9,6) (9,7) (9,8) (9,9) (9,10) (10,0) (10,1) (10,2) (10,3) (10,4) (10,5) (10,6) (10,7) (10,8) (10,9) (10,10) (11,0) (11,1) (11,2) (11,3) (11,4) (11,5) (11,6) (11,7) (11,8) (11,9) (11,10) (12,0) (12,1) (12,2) (12,3) (12,4) (12,5) (12,6) (12,7) (12,8) (12,9) (12,10) (13,0) (13,1) (13,2) (13,3) (13,4) (13,5) (13,6) (13,7) (13,8) (13,9) (13,10) (14,0) (14,1) (14,2) (14,3) (14,4) (14,5) (14,6) (14,7) (14,8) (14,9) (14,10) (15,0) (15,1) (15,2) (15,3) (15,4) (15,5) (15,6) (15,7) (15,8) (15,9) (15,10) (16,0) (16,1) (16,2) (16,3) (16,4) (16,5) (16,6) (16,7) (16,8) (16,9) (16,10) (17,0) (17,1) (17,2) (17,3) (17,4) (17,5) (17,6) (17,7) (17,8) (17,9) (17,10) (18,0) (18,1) (18,2) (18,3) (18,4) (18,5) (18,6) (18,7) (18,8) (18,9) (18,10) (19,0) (19,1) (19,2) (19,3) (19,4) (19,5) (19,6) (19,7) (19,8) (19,9) (19,10) (20,0) (20,1) (20,2) (20,3) (20,4) (20,5) (20,6) (20,7) (20,8) (20,9) (20,10) (21,0) (21,1) (21,2) (21,3) (21,4) (21,5) (21,6) (21,7) (21,8) (21,9) (21,10) (22,0) (22,1) (22,2) (22,3) (22,4) (22,5) (22,6) (22,7) (22,8) (22,9) (22,10)   also met at 3 more region(s)
  [67,3] MM[[67,3]] (1D) seats (0,0) (0,1) (0,2) (0,3) (0,4) (0,5) (0,6) (0,7) (0,8) (0,9) (0,10) (0,11) (0,12) (1,0) (1,1) (1,2) (1,3) (1,4) (1,5) (1,6) (1,7) (1,8) (1,9) (1,10) (1,11) (1,12) (2,0) (2,1) (2,2) (2,3) (2,4) (2,5) (2,6) (2,7) (2,8) (2,9) (2,10) (2,11) (2,12) (3,0) (3,1) (3,2) (3,3) (3,4) (3,5) (3,6) (3,7) (3,8) (3,9) (3,10) (3,11) (3,12) (4,0) (4,1) (4,2) (4,3) (4,4) (4,5) (4,6) (4,7) (4,8) (4,9) (4,10) (4,11) (4,12) (5,0) (5,1) (5,2) (5,3) (5,4) (5,5) (5,6) (5,7) (5,8) (5,9) (5,10) (5,11) (5,12) (6,0) (6,1) (6,2) (6,3) (6,4) (6,5) (6,6) (6,7) (6,8) (6,9) (6,10) (6,11) (6,12) (7,0) (7,1) (7,2) (7,3) (7,4) (7,5) (7,6) (7,7) (7,8) (7,9) (7,10) (8,0) (8,1) (8,2) (8,3) (8,4) (8,5) (8,6) (8,7) (8,8) (8,9) (8,10) (9,0) (9,1) (9,2) (9,3) (9,4) (9,5) (9,6) (9,7) (9,8) (9,9) (9,10) (10,0) (10,1) (10,2) (10,3) (10,4) (10,5) (10,6) (10,7) (10,8) (10,9) (10,10) (11,0) (11,1) (11,2) (11,3) (11,4) (11,5) (11,6) (11,7) (11,8) (11,9) (11,10) (12,0) (12,1) (12,2) (12,3) (12,4) (12,5) (12,6) (12,7) (12,8) (12,9) (12,10) (13,0) (13,1) (13,2) (13,3) (13,4) (13,5) (13,6) (13,7) (13,8) (13,9) (13,10) (14,0) (14,1) (14,2) (14,3) (14,4) (14,5) (14,6) (14,7) (14,8) (14,9) (14,10) (15,0) (15,1) (15,2) (15,3) (15,4) (15,5) (15,6) (15,7) (15,8) (15,9) (15,10) (16,0) (16,1) (16,2) (16,3) (16,4) (16,5) (16,6) (16,7) (16,8) (16,9) (16,10)   also met at 3 more region(s)
  [47,5] MM[[47,5]] (1D) seats (0,0) (0,1) (0,2) (0,3) (0,4) (0,5) (0,6) (0,7) (0,8) (0,9) (0,10) (0,11) (0,12) (0,13) (0,14) (0,15) (0,16) (0,17) (0,18) (1,0) (1,1) (1,2) (1,3) (1,4) (1,5) (1,6) (1,7) (1,8) (1,9) (1,10) (1,11) (1,12) (1,13) (1,14) (1,15) (1,16) (1,17) (1,18) (2,0) (2,1) (2,2) (2,3) (2,4) (2,5) (2,6) (2,7) (2,8) (2,9) (2,10) (2,11) (2,12) (2,13) (2,14) (2,15) (2,16) (2,17) (2,18) (3,0) (3,1) (3,2) (3,3) (3,4) (3,5) (3,6) (3,7) (3,8) (3,9) (3,10) (3,11) (3,12) (3,13) (3,14) (3,15) (3,16) (3,17) (3,18) (4,0) (4,1) (4,2) (4,3) (4,4) (4,5) (4,6) (4,7) (4,8) (4,9) (4,10) (4,11) (4,12) (4,13) (4,14) (4,15) (4,16) (4,17) (4,18) (5,0) (5,1) (5,2) (5,3) (5,4) (5,5) (5,6) (5,7) (5,8) (5,9) (5,10) (5,11) (5,12) (5,13) (5,14) (5,15) (5,16) (5,17) (5,18) (6,0) (6,1) (6,2) (6,3) (6,4) (6,5) (6,6) (6,7) (6,8) (6,9) (6,10) (6,11) (6,12) (6,13) (6,14) (6,15) (6,16) (6,17) (6,18) (7,0) (7,1) (7,2) (7,3) (7,4) (7,5) (7,6) (7,7) (7,8) (7,9) (7,10) (7,11) (7,12) (7,13) (7,14) (7,15) (7,16) (8,0) (8,1) (8,2) (8,3) (8,4) (8,5) (8,6) (8,7) (8,8) (8,9) (8,10) (8,11) (8,12) (8,13) (8,14) (8,15) (8,16) (9,0) (9,1) (9,2) (9,3) (9,4) (9,5) (9,6) (9,7) (9,8) (9,9) (9,10) (9,11) (9,12) (9,13) (9,14) (9,15) (9,16) (10,0) (10,1) (10,2) (10,3) (10,4) (10,5) (10,6) (10,7) (10,8) (10,9) (10,10) (10,11) (10,12) (10,13) (10,14) (10,15) (10,16) (11,0) (11,1) (11,2) (11,3) (11,4) (11,5) (11,6) (11,7) (11,8) (11,9) (11,10) (11,11) (11,12) (11,13) (11,14) (11,15) (11,16) (12,0) (12,1) (12,2) (12,3) (12,4) (12,5) (12,6) (12,7) (12,8) (12,9) (12,10) (12,11) (12,12) (12,13) (12,14) (12,15) (12,16)   also met at 3 more region(s)
  337  MM[337] (1D) seats (0,0) (0,1) (0,2) (0,3) (0,4) (0,5) (0,6) (0,7) (0,8) (0,9) (0,10) (0,11) (0,12) (0,13) (0,14) (0,15) (0,16) (0,17) (0,18) (1,0) (1,1) (1,2) (1,3) (1,4) (1,5) (1,6) (1,7) (1,8) (1,9) (1,10) (1,11) (1,12) (1,13) (1,14) (1,15) (1,16) (1,17) (1,18) (2,0) (2,1) (2,2) (2,3) (2,4) (2,5) (2,6) (2,7) (2,8) (2,9) (2,10) (2,11) (2,12) (2,13) (2,14) (2,15) (2,16) (2,17) (2,18) (3,0) (3,1) (3,2) (3,3) (3,4) (3,5) (3,6) (3,7) (3,8) (3,9) (3,10) (3,11) (3,12) (3,13) (3,14) (3,15) (3,16) (3,17) (3,18) (4,0) (4,1) (4,2) (4,3) (4,4) (4,5) (4,6) (4,7) (4,8) (4,9) (4,10) (4,11) (4,12) (4,13) (4,14) (4,15) (4,16) (4,17) (4,18) (5,0) (5,1) (5,2) (5,3) (5,4) (5,5) (5,6) (5,7) (5,8) (5,9) (5,10) (5,11) (5,12) (5,13) (5,14) (5,15) (5,16) (5,17) (5,18) (6,0) (6,1) (6,2) (6,3) (6,4) (6,5) (6,6) (6,7) (6,8) (6,9) (6,10) (6,11) (6,12) (6,13) (6,14) (6,15) (6,16) (6,17) (6,18) (7,0) (7,1) (7,2) (7,3) (7,4) (7,5) (7,6) (7,7) (7,8) (7,9) (7,10) (7,11) (7,12) (7,13) (7,14) (7,15) (7,16) (8,0) (8,1) (8,2) (8,3) (8,4) (8,5) (8,6) (8,7) (8,8) (8,9) (8,10) (8,11) (8,12) (8,13) (8,14) (8,15) (8,16) (9,0) (9,1) (9,2) (9,3) (9,4) (9,5) (9,6) (9,7) (9,8) (9,9) (9,10) (9,11) (9,12) (9,13) (9,14) (9,15) (9,16) (10,0) (10,1) (10,2) (10,3) (10,4) (10,5) (10,6) (10,7) (10,8) (10,9) (10,10) (10,11) (10,12) (10,13) (10,14) (10,15) (10,16) (11,0) (11,1) (11,2) (11,3) (11,4) (11,5) (11,6) (11,7) (11,8) (11,9) (11,10) (11,11) (11,12) (11,13) (11,14) (11,15) (11,16) (12,0) (12,1) (12,2) (12,3) (12,4) (12,5) (12,6) (12,7) (12,8) (12,9) (12,10) (12,11) (12,12) (12,13) (12,14) (12,15) (12,16) (13,0) (13,1) (13,2) (13,3) (13,4) (13,5) (13,6) (13,7) (13,8) (13,9) (13,10) (13,11) (13,12) (13,13) (13,14) (13,15) (13,16) (14,0) (14,1) (14,2) (14,3) (14,4) (14,5) (14,6) (14,7) (14,8) (14,9) (14,10) (14,11) (14,12) (14,13) (14,14) (14,15) (14,16) (15,0) (15,1) (15,2) (15,3) (15,4) (15,5) (15,6) (15,7) (15,8) (15,9) (15,10) (15,11) (15,12) (15,13) (15,14) (15,15) (15,16) (16,0) (16,1) (16,2) (16,3) (16,4) (16,5) (16,6) (16,7) (16,8) (16,9) (16,10) (16,11) (16,12) (16,13) (16,14) (16,15) (16,16) (17,0) (17,1) (17,2) (17,3) (17,4) (17,5) (17,6) (17,7) (17,8) (17,9) (17,10) (17,11) (17,12) (17,13) (17,14) (17,15) (17,16) (18,0) (18,1) (18,2) (18,3) (18,4) (18,5) (18,6) (18,7) (18,8) (18,9) (18,10) (18,11) (18,12) (18,13) (18,14) (18,15) (18,16)   also met at 3 more region(s)
  [[3,3,3],[3,3]] MM[[[3,3,3],[3,3]]] (1D) seats (0,0) (0,1) (0,2) (0,3) (0,4) (0,5) (0,6) (0,7) (0,8) (0,9) (0,10) (0,11) (0,12) (0,13) (0,14) (0,15) (0,16) (0,17) (0,18) (1,0) (1,1) (1,2) (1,3) (1,4) (1,5) (1,6) (1,7) (1,8) (1,9) (1,10) (1,11) (1,12) (1,13) (1,14) (1,15) (1,16) (1,17) (1,18) (2,0) (2,1) (2,2) (2,3) (2,4) (2,5) (2,6) (2,7) (2,8) (2,9) (2,10) (2,11) (2,12) (2,13) (2,14) (2,15) (2,16) (2,17) (2,18) (3,0) (3,1) (3,2) (3,3) (3,4) (3,5) (3,6) (3,7) (3,8) (3,9) (3,10) (3,11) (3,12) (3,13) (3,14) (3,15) (3,16) (3,17) (3,18) (4,0) (4,1) (4,2) (4,3) (4,4) (4,5) (4,6) (4,7) (4,8) (4,9) (4,10) (4,11) (4,12) (4,13) (4,14) (4,15) (4,16) (4,17) (4,18) (5,0) (5,1) (5,2) (5,3) (5,4) (5,5) (5,6) (5,7) (5,8) (5,9) (5,10) (5,11) (5,12) (5,13) (5,14) (5,15) (5,16) (5,17) (5,18) (6,0) (6,1) (6,2) (6,3) (6,4) (6,5) (6,6) (6,7) (6,8) (6,9) (6,10) (6,11) (6,12) (6,13) (6,14) (6,15) (6,16) (6,17) (6,18) (7,0) (7,1) (7,2) (7,3) (7,4) (7,5) (7,6) (7,7) (7,8) (7,9) (7,10) (8,0) (8,1) (8,2) (8,3) (8,4) (8,5) (8,6) (8,7) (8,8) (8,9) (8,10) (9,0) (9,1) (9,2) (9,3) (9,4) (9,5) (9,6) (9,7) (9,8) (9,9) (9,10) (10,0) (10,1) (10,2) (10,3) (10,4) (10,5) (10,6) (10,7) (10,8) (10,9) (10,10) (11,0) (11,1) (11,2) (11,3) (11,4) (11,5) (11,6) (11,7) (11,8) (11,9) (11,10) (12,0) (12,1) (12,2) (12,3) (12,4) (12,5) (12,6) (12,7) (12,8) (12,9) (12,10) (13,0) (13,1) (13,2) (13,3) (13,4) (13,5) (13,6) (13,7) (13,8) (13,9) (13,10) (14,0) (14,1) (14,2) (14,3) (14,4) (14,5) (14,6) (14,7) (14,8) (14,9) (14,10) (15,0) (15,1) (15,2) (15,3) (15,4) (15,5) (15,6) (15,7) (15,8) (15,9) (15,10) (16,0) (16,1) (16,2) (16,3) (16,4) (16,5) (16,6) (16,7) (16,8) (16,9) (16,10)   also met at 3 more region(s)
  [101,3] MM[[101,3]] (1D) seats (0,0) (0,1) (0,2) (0,3) (0,4) (0,5) (0,6) (0,7) (0,8) (0,9) (0,10) (0,11) (0,12) (0,13) (0,14) (0,15) (0,16) (0,17) (0,18) (1,0) (1,1) (1,2) (1,3) (1,4) (1,5) (1,6) (1,7) (1,8) (1,9) (1,10) (1,11) (1,12) (1,13) (1,14) (1,15) (1,16) (1,17) (1,18) (2,0) (2,1) (2,2) (2,3) (2,4) (2,5) (2,6) (2,7) (2,8) (2,9) (2,10) (2,11) (2,12) (2,13) (2,14) (2,15) (2,16) (2,17) (2,18) (3,0) (3,1) (3,2) (3,3) (3,4) (3,5) (3,6) (3,7) (3,8) (3,9) (3,10) (3,11) (3,12) (3,13) (3,14) (3,15) (3,16) (3,17) (3,18) (4,0) (4,1) (4,2) (4,3) (4,4) (4,5) (4,6) (4,7) (4,8) (4,9) (4,10) (4,11) (4,12) (4,13) (4,14) (4,15) (4,16) (4,17) (4,18) (5,0) (5,1) (5,2) (5,3) (5,4) (5,5) (5,6) (5,7) (5,8) (5,9) (5,10) (5,11) (5,12) (5,13) (5,14) (5,15) (5,16) (5,17) (5,18) (6,0) (6,1) (6,2) (6,3) (6,4) (6,5) (6,6) (6,7) (6,8) (6,9) (6,10) (6,11) (6,12) (6,13) (6,14) (6,15) (6,16) (6,17) (6,18) (7,0) (7,1) (7,2) (7,3) (7,4) (7,5) (7,6) (7,7) (7,8) (7,9) (7,10) (7,11) (7,12) (7,13) (7,14) (7,15) (7,16) (8,0) (8,1) (8,2) (8,3) (8,4) (8,5) (8,6) (8,7) (8,8) (8,9) (8,10) (8,11) (8,12) (8,13) (8,14) (8,15) (8,16) (9,0) (9,1) (9,2) (9,3) (9,4) (9,5) (9,6) (9,7) (9,8) (9,9) (9,10) (9,11) (9,12) (9,13) (9,14) (9,15) (9,16) (10,0) (10,1) (10,2) (10,3) (10,4) (10,5) (10,6) (10,7) (10,8) (10,9) (10,10) (10,11) (10,12) (10,13) (10,14) (10,15) (10,16) (11,0) (11,1) (11,2) (11,3) (11,4) (11,5) (11,6) (11,7) (11,8) (11,9) (11,10) (11,11) (11,12) (11,13) (11,14) (11,15) (11,16) (12,0) (12,1) (12,2) (12,3) (12,4) (12,5) (12,6) (12,7) (12,8) (12,9) (12,10) (12,11) (12,12) (12,13) (12,14) (12,15) (12,16) (13,0) (13,1) (13,2) (13,3) (13,4) (13,5) (13,6) (13,7) (13,8) (13,9) (13,10) (13,11) (13,12) (13,13) (13,14) (13,15) (13,16) (14,0) (14,1) (14,2) (14,3) (14,4) (14,5) (14,6) (14,7) (14,8) (14,9) (14,10) (14,11) (14,12) (14,13) (14,14) (14,15) (14,16) (15,0) (15,1) (15,2) (15,3) (15,4) (15,5) (15,6) (15,7) (15,8) (15,9) (15,10) (15,11) (15,12) (15,13) (15,14) (15,15) (15,16) (16,0) (16,1) (16,2) (16,3) (16,4) (16,5) (16,6) (16,7) (16,8) (16,9) (16,10) (16,11) (16,12) (16,13) (16,14) (16,15) (16,16)   also met at 3 more region(s)
  [[5,5],11] MM[[[5,5],11]] (1D) seats (0,0) (0,1) (0,2) (0,3) (0,4) (0,5) (0,6) (0,7) (0,8) (0,9) (0,10) (0,11) (0,12) (0,13) (0,14) (0,15) (0,16) (1,0) (1,1) (1,2) (1,3) (1,4) (1,5) (1,6) (1,7) (1,8) (1,9) (1,10) (1,11) (1,12) (1,13) (1,14) (1,15) (1,16) (2,0) (2,1) (2,2) (2,3) (2,4) (2,5) (2,6) (2,7) (2,8) (2,9) (2,10) (2,11) (2,12) (2,13) (2,14) (2,15) (2,16) (3,0) (3,1) (3,2) (3,3) (3,4) (3,5) (3,6) (3,7) (3,8) (3,9) (3,10) (3,11) (3,12) (3,13) (3,14) (3,15) (3,16) (4,0) (4,1) (4,2) (4,3) (4,4) (4,5) (4,6) (4,7) (4,8) (4,9) (4,10) (4,11) (4,12) (4,13) (4,14) (4,15) (4,16) (5,0) (5,1) (5,2) (5,3) (5,4) (5,5) (5,6) (5,7) (5,8) (5,9) (5,10) (5,11) (5,12) (5,13) (5,14) (5,15) (5,16) (6,0) (6,1) (6,2) (6,3) (6,4) (6,5) (6,6) (6,7) (6,8) (6,9) (6,10) (6,11) (6,12) (6,13) (6,14) (6,15) (6,16) (7,0) (7,1) (7,2) (7,3) (7,4) (7,5) (7,6) (7,7) (7,8) (7,9) (7,10) (7,11) (7,12) (8,0) (8,1) (8,2) (8,3) (8,4) (8,5) (8,6) (8,7) (8,8) (8,9) (8,10) (8,11) (8,12) (9,0) (9,1) (9,2) (9,3) (9,4) (9,5) (9,6) (9,7) (9,8) (9,9) (9,10) (9,11) (9,12) (10,0) (10,1) (10,2) (10,3) (10,4) (10,5) (10,6) (10,7) (10,8) (10,9) (10,10) (10,11) (10,12) (11,0) (11,1) (11,2) (11,3) (11,4) (11,5) (11,6) (11,7) (11,8) (11,9) (11,10) (11,11) (11,12) (12,0) (12,1) (12,2) (12,3) (12,4) (12,5) (12,6) (12,7) (12,8) (12,9) (12,10) (12,11) (12,12) (13,0) (13,1) (13,2) (13,3) (13,4) (13,5) (13,6) (13,7) (13,8) (13,9) (13,10) (13,11) (13,12) (14,0) (14,1) (14,2) (14,3) (14,4) (14,5) (14,6) (14,7) (14,8) (14,9) (14,10) (14,11) (14,12) (15,0) (15,1) (15,2) (15,3) (15,4) (15,5) (15,6) (15,7) (15,8) (15,9) (15,10) (15,11) (15,12) (16,0) (16,1) (16,2) (16,3) (16,4) (16,5) (16,6) (16,7) (16,8) (16,9) (16,10) (16,11) (16,12) (17,0) (17,1) (17,2) (17,3) (17,4) (17,5) (17,6) (17,7) (17,8) (17,9) (17,10) (17,11) (17,12) (18,0) (18,1) (18,2) (18,3) (18,4) (18,5) (18,6) (18,7) (18,8) (18,9) (18,10) (18,11) (18,12)   also met at 7 more region(s)
  [97,3] MM[[97,3]] (1D) seats (0,0) (0,1) (0,2) (0,3) (0,4) (0,5) (0,6) (0,7) (0,8) (0,9) (0,10) (0,11) (0,12) (0,13) (0,14) (0,15) (0,16) (0,17) (0,18) (0,19) (0,20) (0,21) (0,22) (1,0) (1,1) (1,2) (1,3) (1,4) (1,5) (1,6) (1,7) (1,8) (1,9) (1,10) (1,11) (1,12) (1,13) (1,14) (1,15) (1,16) (1,17) (1,18) (1,19) (1,20) (1,21) (1,22) (2,0) (2,1) (2,2) (2,3) (2,4) (2,5) (2,6) (2,7) (2,8) (2,9) (2,10) (2,11) (2,12) (2,13) (2,14) (2,15) (2,16) (2,17) (2,18) (2,19) (2,20) (2,21) (2,22) (3,0) (3,1) (3,2) (3,3) (3,4) (3,5) (3,6) (3,7) (3,8) (3,9) (3,10) (3,11) (3,12) (3,13) (3,14) (3,15) (3,16) (3,17) (3,18) (3,19) (3,20) (3,21) (3,22) (4,0) (4,1) (4,2) (4,3) (4,4) (4,5) (4,6) (4,7) (4,8) (4,9) (4,10) (4,11) (4,12) (4,13) (4,14) (4,15) (4,16) (4,17) (4,18) (4,19) (4,20) (4,21) (4,22) (5,0) (5,1) (5,2) (5,3) (5,4) (5,5) (5,6) (5,7) (5,8) (5,9) (5,10) (5,11) (5,12) (5,13) (5,14) (5,15) (5,16) (5,17) (5,18) (5,19) (5,20) (5,21) (5,22) (6,0) (6,1) (6,2) (6,3) (6,4) (6,5) (6,6) (6,7) (6,8) (6,9) (6,10) (6,11) (6,12) (6,13) (6,14) (6,15) (6,16) (6,17) (6,18) (6,19) (6,20) (6,21) (6,22) (7,0) (7,1) (7,2) (7,3) (7,4) (7,5) (7,6) (7,7) (7,8) (7,9) (7,10) (7,11) (7,12) (8,0) (8,1) (8,2) (8,3) (8,4) (8,5) (8,6) (8,7) (8,8) (8,9) (8,10) (8,11) (8,12) (9,0) (9,1) (9,2) (9,3) (9,4) (9,5) (9,6) (9,7) (9,8) (9,9) (9,10) (9,11) (9,12) (10,0) (10,1) (10,2) (10,3) (10,4) (10,5) (10,6) (10,7) (10,8) (10,9) (10,10) (10,11) (10,12) (11,0) (11,1) (11,2) (11,3) (11,4) (11,5) (11,6) (11,7) (11,8) (11,9) (11,10) (11,11) (11,12) (12,0) (12,1) (12,2) (12,3) (12,4) (12,5) (12,6) (12,7) (12,8) (12,9) (12,10) (12,11) (12,12) (13,0) (13,1) (13,2) (13,3) (13,4) (13,5) (13,6) (13,7) (13,8) (13,9) (13,10) (13,11) (13,12) (14,0) (14,1) (14,2) (14,3) (14,4) (14,5) (14,6) (14,7) (14,8) (14,9) (14,10) (14,11) (14,12) (15,0) (15,1) (15,2) (15,3) (15,4) (15,5) (15,6) (15,7) (15,8) (15,9) (15,10) (15,11) (15,12) (16,0) (16,1) (16,2) (16,3) (16,4) (16,5) (16,6) (16,7) (16,8) (16,9) (16,10) (16,11) (16,12)   also met at 7 more region(s)
  [[3,7],13] MM[[[3,7],13]] (1D) seats (0,0) (0,1) (0,2) (0,3) (0,4) (0,5) (0,6) (0,7) (0,8) (0,9) (0,10) (0,11) (0,12) (0,13) (0,14) (0,15) (0,16) (0,17) (0,18) (0,19) (0,20) (0,21) (0,22) (1,0) (1,1) (1,2) (1,3) (1,4) (1,5) (1,6) (1,7) (1,8) (1,9) (1,10) (1,11) (1,12) (1,13) (1,14) (1,15) (1,16) (1,17) (1,18) (1,19) (1,20) (1,21) (1,22) (2,0) (2,1) (2,2) (2,3) (2,4) (2,5) (2,6) (2,7) (2,8) (2,9) (2,10) (2,11) (2,12) (2,13) (2,14) (2,15) (2,16) (2,17) (2,18) (2,19) (2,20) (2,21) (2,22) (3,0) (3,1) (3,2) (3,3) (3,4) (3,5) (3,6) (3,7) (3,8) (3,9) (3,10) (3,11) (3,12) (3,13) (3,14) (3,15) (3,16) (3,17) (3,18) (3,19) (3,20) (3,21) (3,22) (4,0) (4,1) (4,2) (4,3) (4,4) (4,5) (4,6) (4,7) (4,8) (4,9) (4,10) (4,11) (4,12) (4,13) (4,14) (4,15) (4,16) (4,17) (4,18) (4,19) (4,20) (4,21) (4,22) (5,0) (5,1) (5,2) (5,3) (5,4) (5,5) (5,6) (5,7) (5,8) (5,9) (5,10) (5,11) (5,12) (5,13) (5,14) (5,15) (5,16) (5,17) (5,18) (5,19) (5,20) (5,21) (5,22) (6,0) (6,1) (6,2) (6,3) (6,4) (6,5) (6,6) (6,7) (6,8) (6,9) (6,10) (6,11) (6,12) (6,13) (6,14) (6,15) (6,16) (6,17) (6,18) (6,19) (6,20) (6,21) (6,22) (7,0) (7,1) (7,2) (7,3) (7,4) (7,5) (7,6) (8,0) (8,1) (8,2) (8,3) (8,4) (8,5) (8,6) (9,0) (9,1) (9,2) (9,3) (9,4) (9,5) (9,6) (10,0) (10,1) (10,2) (10,3) (10,4) (10,5) (10,6) (11,0) (11,1) (11,2) (11,3) (11,4) (11,5) (11,6) (12,0) (12,1) (12,2) (12,3) (12,4) (12,5) (12,6) (13,0) (13,1) (13,2) (13,3) (13,4) (13,5) (13,6) (14,0) (14,1) (14,2) (14,3) (14,4) (14,5) (14,6) (15,0) (15,1) (15,2) (15,3) (15,4) (15,5) (15,6) (16,0) (16,1) (16,2) (16,3) (16,4) (16,5) (16,6) (17,0) (17,1) (17,2) (17,3) (17,4) (17,5) (17,6) (18,0) (18,1) (18,2) (18,3) (18,4) (18,5) (18,6) (19,0) (19,1) (19,2) (19,3) (19,4) (19,5) (19,6) (20,0) (20,1) (20,2) (20,3) (20,4) (20,5) (20,6) (21,0) (21,1) (21,2) (21,3) (21,4) (21,5) (21,6) (22,0) (22,1) (22,2) (22,3) (22,4) (22,5) (22,6)   also met at 1 more region(s)
  [[5,5],13] MM[[[5,5],13]] (1D) seats (0,0) (0,1) (0,2) (0,3) (0,4) (0,5) (0,6) (0,7) (0,8) (0,9) (0,10) (0,11) (0,12) (0,13) (0,14) (0,15) (0,16) (0,17) (0,18) (1,0) (1,1) (1,2) (1,3) (1,4) (1,5) (1,6) (1,7) (1,8) (1,9) (1,10) (1,11) (1,12) (1,13) (1,14) (1,15) (1,16) (1,17) (1,18) (2,0) (2,1) (2,2) (2,3) (2,4) (2,5) (2,6) (2,7) (2,8) (2,9) (2,10) (2,11) (2,12) (2,13) (2,14) (2,15) (2,16) (2,17) (2,18) (3,0) (3,1) (3,2) (3,3) (3,4) (3,5) (3,6) (3,7) (3,8) (3,9) (3,10) (3,11) (3,12) (3,13) (3,14) (3,15) (3,16) (3,17) (3,18) (4,0) (4,1) (4,2) (4,3) (4,4) (4,5) (4,6) (4,7) (4,8) (4,9) (4,10) (4,11) (4,12) (4,13) (4,14) (4,15) (4,16) (4,17) (4,18) (5,0) (5,1) (5,2) (5,3) (5,4) (5,5) (5,6) (5,7) (5,8) (5,9) (5,10) (5,11) (5,12) (5,13) (5,14) (5,15) (5,16) (5,17) (5,18) (6,0) (6,1) (6,2) (6,3) (6,4) (6,5) (6,6) (6,7) (6,8) (6,9) (6,10) (6,11) (6,12) (6,13) (6,14) (6,15) (6,16) (6,17) (6,18) (7,0) (7,1) (7,2) (7,3) (7,4) (7,5) (7,6) (7,7) (7,8) (7,9) (7,10) (7,11) (7,12) (7,13) (7,14) (7,15) (7,16) (7,17) (7,18) (8,0) (8,1) (8,2) (8,3) (8,4) (8,5) (8,6) (8,7) (8,8) (8,9) (8,10) (8,11) (8,12) (8,13) (8,14) (8,15) (8,16) (8,17) (8,18) (9,0) (9,1) (9,2) (9,3) (9,4) (9,5) (9,6) (9,7) (9,8) (9,9) (9,10) (9,11) (9,12) (9,13) (9,14) (9,15) (9,16) (9,17) (9,18) (10,0) (10,1) (10,2) (10,3) (10,4) (10,5) (10,6) (10,7) (10,8) (10,9) (10,10) (10,11) (10,12) (10,13) (10,14) (10,15) (10,16) (10,17) (10,18) (11,0) (11,1) (11,2) (11,3) (11,4) (11,5) (11,6) (11,7) (11,8) (11,9) (11,10) (11,11) (11,12) (11,13) (11,14) (11,15) (11,16) (11,17) (11,18) (12,0) (12,1) (12,2) (12,3) (12,4) (12,5) (12,6) (12,7) (12,8) (12,9) (12,10) (12,11) (12,12) (12,13) (12,14) (12,15) (12,16) (12,17) (12,18) (13,0) (13,1) (13,2) (13,3) (13,4) (13,5) (13,6) (13,7) (13,8) (13,9) (13,10) (13,11) (13,12) (14,0) (14,1) (14,2) (14,3) (14,4) (14,5) (14,6) (14,7) (14,8) (14,9) (14,10) (14,11) (14,12) (15,0) (15,1) (15,2) (15,3) (15,4) (15,5) (15,6) (15,7) (15,8) (15,9) (15,10) (15,11) (15,12) (16,0) (16,1) (16,2) (16,3) (16,4) (16,5) (16,6) (16,7) (16,8) (16,9) (16,10) (16,11) (16,12) (17,0) (17,1) (17,2) (17,3) (17,4) (17,5) (17,6) (17,7) (17,8) (17,9) (17,10) (17,11) (17,12) (18,0) (18,1) (18,2) (18,3) (18,4) (18,5) (18,6) (18,7) (18,8) (18,9) (18,10) (18,11) (18,12)   also met at 2 more region(s)
  [[3,7],[3,5]] MM[[[3,7],[3,5]]] (1D) seats (0,0) (0,1) (0,2) (0,3) (0,4) (0,5) (0,6) (0,7) (0,8) (0,9) (0,10) (0,11) (0,12) (0,13) (0,14) (0,15) (0,16) (0,17) (0,18) (1,0) (1,1) (1,2) (1,3) (1,4) (1,5) (1,6) (1,7) (1,8) (1,9) (1,10) (1,11) (1,12) (1,13) (1,14) (1,15) (1,16) (1,17) (1,18) (2,0) (2,1) (2,2) (2,3) (2,4) (2,5) (2,6) (2,7) (2,8) (2,9) (2,10) (2,11) (2,12) (2,13) (2,14) (2,15) (2,16) (2,17) (2,18) (3,0) (3,1) (3,2) (3,3) (3,4) (3,5) (3,6) (3,7) (3,8) (3,9) (3,10) (3,11) (3,12) (3,13) (3,14) (3,15) (3,16) (3,17) (3,18) (4,0) (4,1) (4,2) (4,3) (4,4) (4,5) (4,6) (4,7) (4,8) (4,9) (4,10) (4,11) (4,12) (4,13) (4,14) (4,15) (4,16) (4,17) (4,18) (5,0) (5,1) (5,2) (5,3) (5,4) (5,5) (5,6) (5,7) (5,8) (5,9) (5,10) (5,11) (5,12) (5,13) (5,14) (5,15) (5,16) (5,17) (5,18) (6,0) (6,1) (6,2) (6,3) (6,4) (6,5) (6,6) (6,7) (6,8) (6,9) (6,10) (6,11) (6,12) (6,13) (6,14) (6,15) (6,16) (6,17) (6,18) (7,0) (7,1) (7,2) (7,3) (7,4) (7,5) (7,6) (7,7) (7,8) (7,9) (7,10) (7,11) (7,12) (7,13) (7,14) (7,15) (7,16) (7,17) (7,18) (8,0) (8,1) (8,2) (8,3) (8,4) (8,5) (8,6) (8,7) (8,8) (8,9) (8,10) (8,11) (8,12) (8,13) (8,14) (8,15) (8,16) (8,17) (8,18) (9,0) (9,1) (9,2) (9,3) (9,4) (9,5) (9,6) (9,7) (9,8) (9,9) (9,10) (9,11) (9,12) (9,13) (9,14) (9,15) (9,16) (9,17) (9,18) (10,0) (10,1) (10,2) (10,3) (10,4) (10,5) (10,6) (10,7) (10,8) (10,9) (10,10) (10,11) (10,12) (10,13) (10,14) (10,15) (10,16) (10,17) (10,18) (11,0) (11,1) (11,2) (11,3) (11,4) (11,5) (11,6) (11,7) (11,8) (11,9) (11,10) (11,11) (11,12) (11,13) (11,14) (11,15) (11,16) (11,17) (11,18) (12,0) (12,1) (12,2) (12,3) (12,4) (12,5) (12,6) (12,7) (12,8) (12,9) (12,10) (12,11) (12,12) (12,13) (12,14) (12,15) (12,16) (12,17) (12,18) (13,0) (13,1) (13,2) (13,3) (13,4) (13,5) (13,6) (13,7) (13,8) (13,9) (13,10) (13,11) (13,12) (13,13) (13,14) (13,15) (13,16) (14,0) (14,1) (14,2) (14,3) (14,4) (14,5) (14,6) (14,7) (14,8) (14,9) (14,10) (14,11) (14,12) (14,13) (14,14) (14,15) (14,16) (15,0) (15,1) (15,2) (15,3) (15,4) (15,5) (15,6) (15,7) (15,8) (15,9) (15,10) (15,11) (15,12) (15,13) (15,14) (15,15) (15,16) (16,0) (16,1) (16,2) (16,3) (16,4) (16,5) (16,6) (16,7) (16,8) (16,9) (16,10) (16,11) (16,12) (16,13) (16,14) (16,15) (16,16)   also met at 1 more region(s)
  [[3,7],17] MM[[[3,7],17]] (1D) seats (0,0) (0,1) (0,2) (0,3) (0,4) (0,5) (0,6) (0,7) (0,8) (0,9) (0,10) (0,11) (0,12) (0,13) (0,14) (0,15) (0,16) (0,17) (0,18) (1,0) (1,1) (1,2) (1,3) (1,4) (1,5) (1,6) (1,7) (1,8) (1,9) (1,10) (1,11) (1,12) (1,13) (1,14) (1,15) (1,16) (1,17) (1,18) (2,0) (2,1) (2,2) (2,3) (2,4) (2,5) (2,6) (2,7) (2,8) (2,9) (2,10) (2,11) (2,12) (2,13) (2,14) (2,15) (2,16) (2,17) (2,18) (3,0) (3,1) (3,2) (3,3) (3,4) (3,5) (3,6) (3,7) (3,8) (3,9) (3,10) (3,11) (3,12) (3,13) (3,14) (3,15) (3,16) (3,17) (3,18) (4,0) (4,1) (4,2) (4,3) (4,4) (4,5) (4,6) (4,7) (4,8) (4,9) (4,10) (4,11) (4,12) (4,13) (4,14) (4,15) (4,16) (4,17) (4,18) (5,0) (5,1) (5,2) (5,3) (5,4) (5,5) (5,6) (5,7) (5,8) (5,9) (5,10) (5,11) (5,12) (5,13) (5,14) (5,15) (5,16) (5,17) (5,18) (6,0) (6,1) (6,2) (6,3) (6,4) (6,5) (6,6) (6,7) (6,8) (6,9) (6,10) (6,11) (6,12) (6,13) (6,14) (6,15) (6,16) (6,17) (6,18) (7,0) (7,1) (7,2) (7,3) (7,4) (7,5) (7,6) (7,7) (7,8) (7,9) (7,10) (7,11) (7,12) (7,13) (7,14) (7,15) (7,16) (7,17) (7,18) (8,0) (8,1) (8,2) (8,3) (8,4) (8,5) (8,6) (8,7) (8,8) (8,9) (8,10) (8,11) (8,12) (8,13) (8,14) (8,15) (8,16) (8,17) (8,18) (9,0) (9,1) (9,2) (9,3) (9,4) (9,5) (9,6) (9,7) (9,8) (9,9) (9,10) (9,11) (9,12) (9,13) (9,14) (9,15) (9,16) (9,17) (9,18) (10,0) (10,1) (10,2) (10,3) (10,4) (10,5) (10,6) (10,7) (10,8) (10,9) (10,10) (10,11) (10,12) (10,13) (10,14) (10,15) (10,16) (10,17) (10,18) (11,0) (11,1) (11,2) (11,3) (11,4) (11,5) (11,6) (11,7) (11,8) (11,9) (11,10) (11,11) (11,12) (11,13) (11,14) (11,15) (11,16) (11,17) (11,18) (12,0) (12,1) (12,2) (12,3) (12,4) (12,5) (12,6) (12,7) (12,8) (12,9) (12,10) (12,11) (12,12) (12,13) (12,14) (12,15) (12,16) (12,17) (12,18) (13,0) (13,1) (13,2) (13,3) (13,4) (13,5) (13,6) (13,7) (13,8) (13,9) (13,10) (14,0) (14,1) (14,2) (14,3) (14,4) (14,5) (14,6) (14,7) (14,8) (14,9) (14,10) (15,0) (15,1) (15,2) (15,3) (15,4) (15,5) (15,6) (15,7) (15,8) (15,9) (15,10) (16,0) (16,1) (16,2) (16,3) (16,4) (16,5) (16,6) (16,7) (16,8) (16,9) (16,10) (17,0) (17,1) (17,2) (17,3) (17,4) (17,5) (17,6) (17,7) (17,8) (17,9) (17,10) (18,0) (18,1) (18,2) (18,3) (18,4) (18,5) (18,6) (18,7) (18,8) (18,9) (18,10) (19,0) (19,1) (19,2) (19,3) (19,4) (19,5) (19,6) (19,7) (19,8) (19,9) (19,10) (20,0) (20,1) (20,2) (20,3) (20,4) (20,5) (20,6) (20,7) (20,8) (20,9) (20,10) (21,0) (21,1) (21,2) (21,3) (21,4) (21,5) (21,6) (21,7) (21,8) (21,9) (21,10) (22,0) (22,1) (22,2) (22,3) (22,4) (22,5) (22,6) (22,7) (22,8) (22,9) (22,10)   also met at 2 more region(s)
  [41,7] MM[[41,7]] (1D) seats (0,0) (0,1) (0,2) (0,3) (0,4) (0,5) (0,6) (0,7) (0,8) (0,9) (0,10) (0,11) (0,12) (0,13) (0,14) (0,15) (0,16) (1,0) (1,1) (1,2) (1,3) (1,4) (1,5) (1,6) (1,7) (1,8) (1,9) (1,10) (1,11) (1,12) (1,13) (1,14) (1,15) (1,16) (2,0) (2,1) (2,2) (2,3) (2,4) (2,5) (2,6) (2,7) (2,8) (2,9) (2,10) (2,11) (2,12) (2,13) (2,14) (2,15) (2,16) (3,0) (3,1) (3,2) (3,3) (3,4) (3,5) (3,6) (3,7) (3,8) (3,9) (3,10) (3,11) (3,12) (3,13) (3,14) (3,15) (3,16) (4,0) (4,1) (4,2) (4,3) (4,4) (4,5) (4,6) (4,7) (4,8) (4,9) (4,10) (4,11) (4,12) (4,13) (4,14) (4,15) (4,16) (5,0) (5,1) (5,2) (5,3) (5,4) (5,5) (5,6) (5,7) (5,8) (5,9) (5,10) (5,11) (5,12) (5,13) (5,14) (5,15) (5,16) (6,0) (6,1) (6,2) (6,3) (6,4) (6,5) (6,6) (6,7) (6,8) (6,9) (6,10) (6,11) (6,12) (6,13) (6,14) (6,15) (6,16) (7,0) (7,1) (7,2) (7,3) (7,4) (7,5) (7,6) (7,7) (7,8) (7,9) (7,10) (7,11) (7,12) (7,13) (7,14) (7,15) (7,16) (8,0) (8,1) (8,2) (8,3) (8,4) (8,5) (8,6) (8,7) (8,8) (8,9) (8,10) (8,11) (8,12) (8,13) (8,14) (8,15) (8,16) (9,0) (9,1) (9,2) (9,3) (9,4) (9,5) (9,6) (9,7) (9,8) (9,9) (9,10) (9,11) (9,12) (9,13) (9,14) (9,15) (9,16) (10,0) (10,1) (10,2) (10,3) (10,4) (10,5) (10,6) (10,7) (10,8) (10,9) (10,10) (10,11) (10,12) (10,13) (10,14) (10,15) (10,16) (11,0) (11,1) (11,2) (11,3) (11,4) (11,5) (11,6) (11,7) (11,8) (11,9) (11,10) (11,11) (11,12) (11,13) (11,14) (11,15) (11,16) (12,0) (12,1) (12,2) (12,3) (12,4) (12,5) (12,6) (12,7) (12,8) (12,9) (12,10) (12,11) (12,12) (12,13) (12,14) (12,15) (12,16) (13,0) (13,1) (13,2) (13,3) (13,4) (13,5) (13,6) (13,7) (13,8) (13,9) (13,10) (14,0) (14,1) (14,2) (14,3) (14,4) (14,5) (14,6) (14,7) (14,8) (14,9) (14,10) (15,0) (15,1) (15,2) (15,3) (15,4) (15,5) (15,6) (15,7) (15,8) (15,9) (15,10) (16,0) (16,1) (16,2) (16,3) (16,4) (16,5) (16,6) (16,7) (16,8) (16,9) (16,10) (17,0) (17,1) (17,2) (17,3) (17,4) (17,5) (17,6) (17,7) (17,8) (17,9) (17,10) (18,0) (18,1) (18,2) (18,3) (18,4) (18,5) (18,6) (18,7) (18,8) (18,9) (18,10)   also met at 3 more region(s)
  [23,[3,5]] MM[[23,[3,5]]] (1D) seats (0,0) (0,1) (0,2) (0,3) (0,4) (0,5) (0,6) (0,7) (0,8) (0,9) (0,10) (1,0) (1,1) (1,2) (1,3) (1,4) (1,5) (1,6) (1,7) (1,8) (1,9) (1,10) (2,0) (2,1) (2,2) (2,3) (2,4) (2,5) (2,6) (2,7) (2,8) (2,9) (2,10) (3,0) (3,1) (3,2) (3,3) (3,4) (3,5) (3,6) (3,7) (3,8) (3,9) (3,10) (4,0) (4,1) (4,2) (4,3) (4,4) (4,5) (4,6) (4,7) (4,8) (4,9) (4,10) (5,0) (5,1) (5,2) (5,3) (5,4) (5,5) (5,6) (5,7) (5,8) (5,9) (5,10) (6,0) (6,1) (6,2) (6,3) (6,4) (6,5) (6,6) (6,7) (6,8) (6,9) (6,10) (7,0) (7,1) (7,2) (7,3) (7,4) (7,5) (7,6) (7,7) (7,8) (7,9) (7,10) (8,0) (8,1) (8,2) (8,3) (8,4) (8,5) (8,6) (8,7) (8,8) (8,9) (8,10) (9,0) (9,1) (9,2) (9,3) (9,4) (9,5) (9,6) (9,7) (9,8) (9,9) (9,10) (10,0) (10,1) (10,2) (10,3) (10,4) (10,5) (10,6) (10,7) (10,8) (10,9) (10,10) (11,0) (11,1) (11,2) (11,3) (11,4) (11,5) (11,6) (11,7) (11,8) (11,9) (11,10) (12,0) (12,1) (12,2) (12,3) (12,4) (12,5) (12,6) (12,7) (12,8) (12,9) (12,10) (13,0) (13,1) (13,2) (13,3) (13,4) (13,5) (13,6) (13,7) (13,8) (13,9) (13,10) (14,0) (14,1) (14,2) (14,3) (14,4) (14,5) (14,6) (14,7) (14,8) (14,9) (14,10) (15,0) (15,1) (15,2) (15,3) (15,4) (15,5) (15,6) (15,7) (15,8) (15,9) (15,10) (16,0) (16,1) (16,2) (16,3) (16,4) (16,5) (16,6) (16,7) (16,8) (16,9) (16,10) (17,0) (17,1) (17,2) (17,3) (17,4) (17,5) (17,6) (17,7) (17,8) (17,9) (17,10) (18,0) (18,1) (18,2) (18,3) (18,4) (18,5) (18,6) (18,7) (18,8) (18,9) (18,10) (0,11) (0,12) (0,13) (0,14) (0,15) (0,16) (0,17) (0,18) (1,11) (1,12) (1,13) (1,14) (1,15) (1,16) (1,17) (1,18) (2,11) (2,12) (2,13) (2,14) (2,15) (2,16) (2,17) (2,18) (3,11) (3,12) (3,13) (3,14) (3,15) (3,16) (3,17) (3,18) (4,11) (4,12) (4,13) (4,14) (4,15) (4,16) (4,17) (4,18) (5,11) (5,12) (5,13) (5,14) (5,15) (5,16) (5,17) (5,18) (6,11) (6,12) (6,13) (6,14) (6,15) (6,16) (6,17) (6,18) (7,11) (7,12) (7,13) (7,14) (7,15) (7,16) (7,17) (7,18) (8,11) (8,12) (8,13) (8,14) (8,15) (8,16) (8,17) (8,18) (9,11) (9,12) (9,13) (9,14) (9,15) (9,16) (9,17) (9,18) (10,11) (10,12) (10,13) (10,14) (10,15) (10,16) (10,17) (10,18) (11,11) (11,12) (11,13) (11,14) (11,15) (11,16) (11,17) (11,18) (12,11) (12,12) (12,13) (12,14) (12,15) (12,16) (12,17) (12,18) (13,11) (13,12) (13,13) (13,14) (13,15) (13,16) (13,17) (13,18) (14,11) (14,12) (14,13) (14,14) (14,15) (14,16) (14,17) (14,18) (15,11) (15,12) (15,13) (15,14) (15,15) (15,16) (15,17) (15,18) (16,11) (16,12) (16,13) (16,14) (16,15) (16,16) (16,17) (16,18)   also met at 1 more region(s)
  [[3,5],13] MM[[[3,5],13]] (1D) seats (0,0) (0,1) (0,2) (0,3) (0,4) (0,5) (0,6) (0,7) (0,8) (0,9) (0,10) (0,11) (0,12) (0,13) (0,14) (0,15) (0,16) (1,0) (1,1) (1,2) (1,3) (1,4) (1,5) (1,6) (1,7) (1,8) (1,9) (1,10) (1,11) (1,12) (1,13) (1,14) (1,15) (1,16) (2,0) (2,1) (2,2) (2,3) (2,4) (2,5) (2,6) (2,7) (2,8) (2,9) (2,10) (2,11) (2,12) (2,13) (2,14) (2,15) (2,16) (3,0) (3,1) (3,2) (3,3) (3,4) (3,5) (3,6) (3,7) (3,8) (3,9) (3,10) (3,11) (3,12) (3,13) (3,14) (3,15) (3,16) (4,0) (4,1) (4,2) (4,3) (4,4) (4,5) (4,6) (4,7) (4,8) (4,9) (4,10) (4,11) (4,12) (4,13) (4,14) (4,15) (4,16) (5,0) (5,1) (5,2) (5,3) (5,4) (5,5) (5,6) (5,7) (5,8) (5,9) (5,10) (5,11) (5,12) (5,13) (5,14) (5,15) (5,16) (6,0) (6,1) (6,2) (6,3) (6,4) (6,5) (6,6) (6,7) (6,8) (6,9) (6,10) (6,11) (6,12) (6,13) (6,14) (6,15) (6,16) (7,0) (7,1) (7,2) (7,3) (7,4) (7,5) (7,6) (7,7) (7,8) (7,9) (7,10) (7,11) (7,12) (7,13) (7,14) (7,15) (7,16) (8,0) (8,1) (8,2) (8,3) (8,4) (8,5) (8,6) (8,7) (8,8) (8,9) (8,10) (8,11) (8,12) (8,13) (8,14) (8,15) (8,16) (9,0) (9,1) (9,2) (9,3) (9,4) (9,5) (9,6) (9,7) (9,8) (9,9) (9,10) (9,11) (9,12) (9,13) (9,14) (9,15) (9,16) (10,0) (10,1) (10,2) (10,3) (10,4) (10,5) (10,6) (10,7) (10,8) (10,9) (10,10) (10,11) (10,12) (10,13) (10,14) (10,15) (10,16) (11,0) (12,0) (13,0) (14,0) (15,0) (16,0) (17,0) (18,0)   also met at 1 more region(s)
collapses (a rail ring this container's matrix is the resolution of):
  none

every address:   23{Q*([23,23]/O161, O161/[23,23], O161/4, 4/O161, O161/[2,3], [2,3]/O161, O161/[2,5], [2,5]/O161, O161/[2,7], [2,7]/O161, O161/[2,13], [2,13]/O161, O161/[2,11], [2,11]/O161, O161/[3,2], [3,2]/O161, O161/[3,3], [3,3]/O161, O161/[3,5], [3,5]/O161, O161/[3,7], [3,7]/O161, O161/[3,11], [3,11]/O161, O161/[5,2], [5,2]/O161, O161/[5,3], [5,3]/O161, O161/[5,5], [5,5]/O161, O161/[5,7], [5,7]/O161, O161/[5,11], [5,11]/O161, O161/[7,2], [7,2]/O161, O161/[7,3], [7,3]/O161, O161/[7,5], [7,5]/O161, O161/[7,7], [7,7]/O161, O161/[7,11], [7,11]/O161, O161/[13,2], [13,2]/O161, O161/[13,3], [13,3]/O161, O161/[13,5], [13,5]/O161, O161/[13,7], [13,7]/O161, O161/[13,11], [13,11]/O161, O161/[19,2], [19,2]/O161, O161/[19,3], [19,3]/O161, O161/[19,5], [19,5]/O161, O161/[19,7], [19,7]/O161, O161/[19,11], [19,11]/O161, O161/[11,2], [11,2]/O161, O161/[11,3], [11,3]/O161, O161/[11,5], [11,5]/O161, O161/[11,7], [11,7]/O161, O161/[11,11], [11,11]/O161, O161/[17,2], [17,2]/O161, O161/[17,3], [17,3]/O161, O161/[17,5], [17,5]/O161, O161/[17,7], [17,7]/O161, O161/[17,11], [17,11]/O161, O161/[23,2], [23,2]/O161, O161/[23,3], [23,3]/O161, O161/[23,5], [23,5]/O161, O161/[23,7], [23,7]/O161, [23,13]/O161, O161/[23,13], [23,19]/O161, O161/[23,19], O161/[23,11], [23,11]/O161, [23,17]/O161, O161/[23,17], O161/2₀, 2₀/O161, O161/2₁, 2₁/O161, O161/3₀, 3₀/O161, O161/3₁, 3₁/O161, O161/5₀, 5₀/O161, O161/5₁, 5₁/O161, O161/7₀, 7₀/O161, O161/7₁, 7₁/O161, O161/13₀, 13₀/O161, O161/13₁, 13₁/O161, O161/19₀, 19₀/O161, O161/11₀, 11₀/O161, O161/11₁, 11₁/O161, O161/17₀, 17₀/O161, O161/23₀, 23₀/O161, 1/O161, [23,23]/O162, O162/[23,23], O162/4, 4/O162, O162/[2,3], [2,3]/O162, O162/[2,5], [2,5]/O162, O162/[2,7], [2,7]/O162, O162/[2,13], [2,13]/O162, O162/[2,19], [2,19]/O162, O162/[2,11], [2,11]/O162, O162/[2,17], [2,17]/O162, O162/[3,2], [3,2]/O162, O162/[5,2], [5,2]/O162, O162/[7,2], [7,2]/O162, O162/[13,2], [13,2]/O162, O162/[19,2], [19,2]/O162, O162/[11,2], [11,2]/O162, O162/[17,2], [17,2]/O162, O162/[23,2], [23,2]/O162, [23,19]/O162, O162/[23,19], O162/2₀, 2₀/O162, O162/2₁, 2₁/O162, O162/3₀, 3₀/O162, O162/3₁, 3₁/O162, O162/5₀, 5₀/O162, O162/5₁, 5₁/O162, O162/7₀, 7₀/O162, O162/7₁, 7₁/O162, O162/13₀, 13₀/O162, O162/13₁, 13₁/O162, O162/19₀, 19₀/O162, O162/19₁, 19₁/O162, O162/11₀, 11₀/O162, O162/11₁, 11₁/O162, O162/17₀, 17₀/O162, O162/17₁, 17₁/O162, O162/23₀, 23₀/O162, 1/O162, [23,23]/O163, O163/[23,23], O163/4, 4/O163, O163/[2,3], [2,3]/O163, O163/[2,5], [2,5]/O163, O163/[2,7], [2,7]/O163, O163/[2,13], [2,13]/O163, O163/[2,19], [2,19]/O163, O163/[2,11], [2,11]/O163, O163/[2,17], [2,17]/O163, O163/[3,2], [3,2]/O163, O163/[3,3], [3,3]/O163, O163/[3,5], [3,5]/O163, O163/[3,7], [3,7]/O163, O163/[3,11], [3,11]/O163, O163/[5,2], [5,2]/O163, O163/[5,3], [5,3]/O163, O163/[5,5], [5,5]/O163, O163/[5,7], [5,7]/O163, O163/[5,11], [5,11]/O163, O163/[7,2], [7,2]/O163, O163/[7,3], [7,3]/O163, O163/[7,5], [7,5]/O163, O163/[7,7], [7,7]/O163, O163/[7,11], [7,11]/O163, O163/[13,2], [13,2]/O163, O163/[13,3], [13,3]/O163, O163/[13,5], [13,5]/O163, O163/[13,7], [13,7]/O163, O163/[13,11], [13,11]/O163, O163/[19,2], [19,2]/O163, O163/[19,3], [19,3]/O163, O163/[19,5], [19,5]/O163, O163/[19,7], [19,7]/O163, O163/[19,11], [19,11]/O163, O163/[11,2], [11,2]/O163, O163/[11,3], [11,3]/O163, O163/[11,5], [11,5]/O163, O163/[11,7], [11,7]/O163, O163/[11,11], [11,11]/O163, O163/[17,2], [17,2]/O163, O163/[17,3], [17,3]/O163, O163/[17,5], [17,5]/O163, O163/[17,7], [17,7]/O163, O163/[17,11], [17,11]/O163, O163/[23,2], [23,2]/O163, O163/[23,3], [23,3]/O163, O163/[23,5], [23,5]/O163, O163/[23,7], [23,7]/O163, [23,19]/O163, O163/[23,19], O163/[23,11], [23,11]/O163, O163/2₀, 2₀/O163, O163/2₁, 2₁/O163, O163/3₀, 3₀/O163, O163/3₁, 3₁/O163, O163/5₀, 5₀/O163, O163/5₁, 5₁/O163, O163/7₀, 7₀/O163, O163/7₁, 7₁/O163, O163/13₀, 13₀/O163, O163/13₁, 13₁/O163, O163/19₀, 19₀/O163, O163/19₁, 19₁/O163, O163/11₀, 11₀/O163, O163/11₁, 11₁/O163, O163/17₀, 17₀/O163, O163/17₁, 17₁/O163, O163/23₀, 23₀/O163, 1/O163, [23,23]/O164, O164/[23,23], O164/4, 4/O164, O164/[2,3], [2,3]/O164, O164/[2,5], [2,5]/O164, O164/[2,7], [2,7]/O164, O164/[2,13], [2,13]/O164, O164/[2,19], [2,19]/O164, O164/[2,11], [2,11]/O164, O164/[2,17], [2,17]/O164, O164/[3,2], [3,2]/O164, O164/[3,3], [3,3]/O164, O164/[3,5], [3,5]/O164, O164/[3,7], [3,7]/O164, O164/[3,13], [3,13]/O164, O164/[3,11], [3,11]/O164, O164/[3,17], [3,17]/O164, O164/[5,2], [5,2]/O164, O164/[5,3], [5,3]/O164, O164/[5,5], [5,5]/O164, O164/[5,7], [5,7]/O164, O164/[5,13], [5,13]/O164, O164/[5,11], [5,11]/O164, O164/[5,17], [5,17]/O164, O164/[7,2], [7,2]/O164, O164/[7,3], [7,3]/O164, O164/[7,5], [7,5]/O164, O164/[7,7], [7,7]/O164, O164/[7,13], [7,13]/O164, O164/[7,11], [7,11]/O164, O164/[7,17], [7,17]/O164, O164/[13,2], [13,2]/O164, O164/[13,3], [13,3]/O164, O164/[13,5], [13,5]/O164, O164/[13,7], [13,7]/O164, O164/[13,13], [13,13]/O164, O164/[13,11], [13,11]/O164, O164/[13,17], [13,17]/O164, O164/[19,2], [19,2]/O164, O164/[19,3], [19,3]/O164, O164/[19,5], [19,5]/O164, O164/[19,7], [19,7]/O164, O164/[19,13], [19,13]/O164, O164/[19,11], [19,11]/O164, O164/[19,17], [19,17]/O164, O164/[11,2], [11,2]/O164, O164/[11,3], [11,3]/O164, O164/[11,5], [11,5]/O164, O164/[11,7], [11,7]/O164, O164/[11,13], [11,13]/O164, O164/[11,11], [11,11]/O164, O164/[11,17], [11,17]/O164, O164/[17,2], [17,2]/O164, O164/[17,3], [17,3]/O164, O164/[17,5], [17,5]/O164, O164/[17,7], [17,7]/O164, O164/[17,13], [17,13]/O164, O164/[17,11], [17,11]/O164, O164/[17,17], [17,17]/O164, O164/[23,2], [23,2]/O164, O164/[23,3], [23,3]/O164, O164/[23,5], [23,5]/O164, O164/[23,7], [23,7]/O164, O164/[23,13], [23,13]/O164, [23,19]/O164, O164/[23,19], O164/[23,11], [23,11]/O164, O164/[23,17], [23,17]/O164, O164/2₀, 2₀/O164, O164/2₁, 2₁/O164, O164/3₀, 3₀/O164, O164/3₁, 3₁/O164, O164/5₀, 5₀/O164, O164/5₁, 5₁/O164, O164/7₀, 7₀/O164, O164/7₁, 7₁/O164, O164/13₀, 13₀/O164, O164/13₁, 13₁/O164, O164/19₀, 19₀/O164, O164/19₁, 19₁/O164, O164/11₀, 11₀/O164, O164/11₁, 11₁/O164, O164/17₀, 17₀/O164, O164/17₁, 17₁/O164, O164/23₀, 23₀/O164, 1/O164, [23,23]/O165, O165/[23,23], O165/4, 4/O165, O165/[2,3], [2,3]/O165, O165/[2,5], [2,5]/O165, O165/[2,7], [2,7]/O165, O165/[2,13], [2,13]/O165, O165/[2,19], [2,19]/O165, O165/[2,11], [2,11]/O165, O165/[2,17], [2,17]/O165, [2,23]/O165, O165/[2,23], [3,23]/O165, O165/[3,23], [5,23]/O165, O165/[5,23], [7,23]/O165, O165/[7,23], [13,23]/O165, O165/[13,23], [19,23]/O165, O165/[19,23], [11,23]/O165, O165/[11,23], [17,23]/O165, O165/[17,23], O165/2₀, 2₀/O165, O165/2₁, 2₁/O165, O165/3₁, 3₁/O165, O165/5₁, 5₁/O165, O165/7₁, 7₁/O165, O165/13₁, 13₁/O165, O165/19₁, 19₁/O165, O165/11₁, 11₁/O165, O165/17₁, 17₁/O165, O165/23₁, 23₁/O165, 1/O165, [23,23]/O166, O166/[23,23], O166/4, 4/O166, O166/[2,3], [2,3]/O166, O166/[2,5], [2,5]/O166, O166/[2,7], [2,7]/O166, O166/[2,13], [2,13]/O166, O166/[2,11], [2,11]/O166, O166/[2,17], [2,17]/O166, O166/[3,2], [3,2]/O166, O166/[5,2], [5,2]/O166, O166/[7,2], [7,2]/O166, O166/[13,2], [13,2]/O166, O166/[19,2], [19,2]/O166, O166/[11,2], [11,2]/O166, O166/[17,2], [17,2]/O166, O166/[23,2], [23,2]/O166, [23,19]/O166, O166/[23,19], [23,17]/O166, O166/[23,17], O166/2₀, 2₀/O166, O166/2₁, 2₁/O166, O166/3₀, 3₀/O166, O166/3₁, 3₁/O166, O166/5₀, 5₀/O166, O166/5₁, 5₁/O166, O166/7₀, 7₀/O166, O166/7₁, 7₁/O166, O166/13₀, 13₀/O166, O166/13₁, 13₁/O166, O166/19₀, 19₀/O166, O166/11₀, 11₀/O166, O166/11₁, 11₁/O166, O166/17₀, 17₀/O166, O166/17₁, 17₁/O166, O166/23₀, 23₀/O166, 1/O166, [23,23]/O167, O167/[23,23], O167/4, 4/O167, O167/[2,3], [2,3]/O167, O167/[2,5], [2,5]/O167, O167/[2,7], [2,7]/O167, O167/[2,13], [2,13]/O167, O167/[2,11], [2,11]/O167, O167/[2,17], [2,17]/O167, O167/[3,2], [3,2]/O167, O167/[3,3], [3,3]/O167, O167/[3,5], [3,5]/O167, O167/[3,7], [3,7]/O167, O167/[3,13], [3,13]/O167, O167/[3,11], [3,11]/O167, O167/[5,2], [5,2]/O167, O167/[5,3], [5,3]/O167, O167/[5,5], [5,5]/O167, O167/[5,7], [5,7]/O167, O167/[5,13], [5,13]/O167, O167/[5,11], [5,11]/O167, O167/[7,2], [7,2]/O167, O167/[7,3], [7,3]/O167, O167/[7,5], [7,5]/O167, O167/[7,7], [7,7]/O167, O167/[7,13], [7,13]/O167, O167/[7,11], [7,11]/O167, O167/[13,2], [13,2]/O167, O167/[13,3], [13,3]/O167, O167/[13,5], [13,5]/O167, O167/[13,7], [13,7]/O167, O167/[13,13], [13,13]/O167, O167/[13,11], [13,11]/O167, O167/[19,2], [19,2]/O167, O167/[19,3], [19,3]/O167, O167/[19,5], [19,5]/O167, O167/[19,7], [19,7]/O167, O167/[19,13], [19,13]/O167, O167/[19,11], [19,11]/O167, O167/[11,2], [11,2]/O167, O167/[11,3], [11,3]/O167, O167/[11,5], [11,5]/O167, O167/[11,7], [11,7]/O167, O167/[11,13], [11,13]/O167, O167/[11,11], [11,11]/O167, O167/[17,2], [17,2]/O167, O167/[17,3], [17,3]/O167, O167/[17,5], [17,5]/O167, O167/[17,7], [17,7]/O167, O167/[17,13], [17,13]/O167, O167/[17,11], [17,11]/O167, O167/[23,2], [23,2]/O167, O167/[23,3], [23,3]/O167, O167/[23,5], [23,5]/O167, O167/[23,7], [23,7]/O167, O167/[23,13], [23,13]/O167, [23,19]/O167, O167/[23,19], O167/[23,11], [23,11]/O167, [23,17]/O167, O167/[23,17], O167/2₀, 2₀/O167, O167/2₁, 2₁/O167, O167/3₀, 3₀/O167, O167/3₁, 3₁/O167, O167/5₀, 5₀/O167, O167/5₁, 5₁/O167, O167/7₀, 7₀/O167, O167/7₁, 7₁/O167, O167/13₀, 13₀/O167, O167/13₁, 13₁/O167, O167/19₀, 19₀/O167, O167/11₀, 11₀/O167, O167/11₁, 11₁/O167, O167/17₀, 17₀/O167, O167/17₁, 17₁/O167, O167/23₀, 23₀/O167, 1/O167, [23,23]/O168, O168/[23,23], O168/4, 4/O168, O168/[2,3], [2,3]/O168, O168/[2,5], [2,5]/O168, O168/[2,7], [2,7]/O168, O168/[2,13], [2,13]/O168, O168/[2,19], [2,19]/O168, O168/[2,11], [2,11]/O168, O168/[2,17], [2,17]/O168, O168/[2,23], [2,23]/O168, O168/[3,2], [3,2]/O168, O168/[3,3], [3,3]/O168, O168/[3,5], [3,5]/O168, O168/[3,7], [3,7]/O168, O168/[3,13], [3,13]/O168, O168/[3,19], [3,19]/O168, O168/[3,11], [3,11]/O168, O168/[3,17], [3,17]/O168, O168/[5,2], [5,2]/O168, O168/[5,3], [5,3]/O168, O168/[5,5], [5,5]/O168, O168/[5,7], [5,7]/O168, O168/[5,13], [5,13]/O168, O168/[5,19], [5,19]/O168, O168/[5,11], [5,11]/O168, O168/[5,17], [5,17]/O168, O168/[7,2], [7,2]/O168, O168/[7,3], [7,3]/O168, O168/[7,5], [7,5]/O168, O168/[7,7], [7,7]/O168, O168/[7,13], [7,13]/O168, O168/[7,19], [7,19]/O168, O168/[7,11], [7,11]/O168, O168/[7,17], [7,17]/O168, O168/[13,2], [13,2]/O168, O168/[13,3], [13,3]/O168, O168/[13,5], [13,5]/O168, O168/[13,7], [13,7]/O168, O168/[13,13], [13,13]/O168, O168/[13,19], [13,19]/O168, O168/[13,11], [13,11]/O168, O168/[13,17], [13,17]/O168, O168/[19,2], [19,2]/O168, O168/[19,3], [19,3]/O168, O168/[19,5], [19,5]/O168, O168/[19,7], [19,7]/O168, O168/[19,13], [19,13]/O168, O168/[19,19], [19,19]/O168, O168/[19,11], [19,11]/O168, O168/[19,17], [19,17]/O168, [19,23]/O168, O168/[19,23], O168/[11,2], [11,2]/O168, O168/[11,3], [11,3]/O168, O168/[11,5], [11,5]/O168, O168/[11,7], [11,7]/O168, O168/[11,13], [11,13]/O168, O168/[11,19], [11,19]/O168, O168/[11,11], [11,11]/O168, O168/[11,17], [11,17]/O168, O168/[17,2], [17,2]/O168, O168/[17,3], [17,3]/O168, O168/[17,5], [17,5]/O168, O168/[17,7], [17,7]/O168, O168/[17,13], [17,13]/O168, O168/[17,19], [17,19]/O168, O168/[17,11], [17,11]/O168, O168/[17,17], [17,17]/O168, O168/2₀, 2₀/O168, O168/2₁, 2₁/O168, O168/3₀, 3₀/O168, O168/3₁, 3₁/O168, O168/5₀, 5₀/O168, O168/5₁, 5₁/O168, O168/7₀, 7₀/O168, O168/7₁, 7₁/O168, O168/13₀, 13₀/O168, O168/13₁, 13₁/O168, O168/19₀, 19₀/O168, O168/19₁, 19₁/O168, O168/11₀, 11₀/O168, O168/11₁, 11₁/O168, O168/17₀, 17₀/O168, O168/17₁, 17₁/O168, O168/23₁, 23₁/O168, 1/O168, [23,23]/O169, O169/[23,23], O169/4, 4/O169, O169/[2,3], [2,3]/O169, O169/[2,5], [2,5]/O169, O169/[2,7], [2,7]/O169, O169/[2,13], [2,13]/O169, O169/[2,19], [2,19]/O169, O169/[2,11], [2,11]/O169, O169/[2,17], [2,17]/O169, O169/[2,23], [2,23]/O169, O169/[3,2], [3,2]/O169, O169/[3,3], [3,3]/O169, O169/[3,5], [3,5]/O169, O169/[3,7], [3,7]/O169, O169/[3,13], [3,13]/O169, O169/[3,11], [3,11]/O169, O169/[3,17], [3,17]/O169, O169/[5,2], [5,2]/O169, O169/[5,3], [5,3]/O169, O169/[5,5], [5,5]/O169, O169/[5,7], [5,7]/O169, O169/[5,13], [5,13]/O169, O169/[5,11], [5,11]/O169, O169/[5,17], [5,17]/O169, O169/[7,2], [7,2]/O169, O169/[7,3], [7,3]/O169, O169/[7,5], [7,5]/O169, O169/[7,7], [7,7]/O169, O169/[7,13], [7,13]/O169, O169/[7,11], [7,11]/O169, O169/[7,17], [7,17]/O169, O169/[13,2], [13,2]/O169, O169/[13,3], [13,3]/O169, O169/[13,5], [13,5]/O169, O169/[13,7], [13,7]/O169, O169/[13,13], [13,13]/O169, O169/[13,11], [13,11]/O169, O169/[13,17], [13,17]/O169, O169/[19,2], [19,2]/O169, O169/[19,3], [19,3]/O169, O169/[19,5], [19,5]/O169, O169/[19,7], [19,7]/O169, O169/[19,13], [19,13]/O169, O169/[19,11], [19,11]/O169, O169/[19,17], [19,17]/O169, [19,23]/O169, O169/[19,23], O169/[11,2], [11,2]/O169, O169/[11,3], [11,3]/O169, O169/[11,5], [11,5]/O169, O169/[11,7], [11,7]/O169, O169/[11,13], [11,13]/O169, O169/[11,11], [11,11]/O169, O169/[11,17], [11,17]/O169, O169/[17,2], [17,2]/O169, O169/[17,3], [17,3]/O169, O169/[17,5], [17,5]/O169, O169/[17,7], [17,7]/O169, O169/[17,13], [17,13]/O169, O169/[17,11], [17,11]/O169, O169/[17,17], [17,17]/O169, O169/2₀, 2₀/O169, O169/2₁, 2₁/O169, O169/3₀, 3₀/O169, O169/3₁, 3₁/O169, O169/5₀, 5₀/O169, O169/5₁, 5₁/O169, O169/7₀, 7₀/O169, O169/7₁, 7₁/O169, O169/13₀, 13₀/O169, O169/13₁, 13₁/O169, O169/19₀, 19₀/O169, O169/19₁, 19₁/O169, O169/11₀, 11₀/O169, O169/11₁, 11₁/O169, O169/17₀, 17₀/O169, O169/17₁, 17₁/O169, O169/23₁, 23₁/O169, 1/O169, [23,23]/O170, O170/[23,23], O170/4, 4/O170, O170/[2,3], [2,3]/O170, O170/[2,5], [2,5]/O170, O170/[2,7], [2,7]/O170, O170/[2,13], [2,13]/O170, O170/[2,19], [2,19]/O170, O170/[2,11], [2,11]/O170, O170/[2,17], [2,17]/O170, O170/[2,23], [2,23]/O170, O170/[3,2], [3,2]/O170, O170/[3,3], [3,3]/O170, O170/[3,5], [3,5]/O170, O170/[3,7], [3,7]/O170, O170/[3,13], [3,13]/O170, O170/[3,19], [3,19]/O170, O170/[3,11], [3,11]/O170, O170/[3,17], [3,17]/O170, O170/[5,2], [5,2]/O170, O170/[5,3], [5,3]/O170, O170/[5,5], [5,5]/O170, O170/[5,7], [5,7]/O170, O170/[5,13], [5,13]/O170, O170/[5,19], [5,19]/O170, O170/[5,11], [5,11]/O170, O170/[5,17], [5,17]/O170, O170/[7,2], [7,2]/O170, O170/[7,3], [7,3]/O170, O170/[7,5], [7,5]/O170, O170/[7,7], [7,7]/O170, O170/[7,13], [7,13]/O170, O170/[7,19], [7,19]/O170, O170/[7,11], [7,11]/O170, O170/[7,17], [7,17]/O170, O170/[13,2], [13,2]/O170, O170/[13,3], [13,3]/O170, O170/[13,5], [13,5]/O170, O170/[13,7], [13,7]/O170, O170/[13,13], [13,13]/O170, O170/[13,19], [13,19]/O170, O170/[13,11], [13,11]/O170, O170/[13,17], [13,17]/O170, [19,23]/O170, O170/[19,23], O170/[11,2], [11,2]/O170, O170/[11,3], [11,3]/O170, O170/[11,5], [11,5]/O170, O170/[11,7], [11,7]/O170, O170/[11,13], [11,13]/O170, O170/[11,19], [11,19]/O170, O170/[11,11], [11,11]/O170, O170/[11,17], [11,17]/O170, O170/[17,2], [17,2]/O170, O170/[17,3], [17,3]/O170, O170/[17,5], [17,5]/O170, O170/[17,7], [17,7]/O170, O170/[17,13], [17,13]/O170, O170/[17,19], [17,19]/O170, O170/[17,11], [17,11]/O170, O170/[17,17], [17,17]/O170, [17,23]/O170, O170/[17,23], O170/2₀, 2₀/O170, O170/2₁, 2₁/O170, O170/3₀, 3₀/O170, O170/3₁, 3₁/O170, O170/5₀, 5₀/O170, O170/5₁, 5₁/O170, O170/7₀, 7₀/O170, O170/7₁, 7₁/O170, O170/13₀, 13₀/O170, O170/13₁, 13₁/O170, O170/19₁, 19₁/O170, O170/11₀, 11₀/O170, O170/11₁, 11₁/O170, O170/17₀, 17₀/O170, O170/17₁, 17₁/O170, O170/23₁, 23₁/O170, 1/O170, [23,23]/O171, O171/[23,23], O171/4, 4/O171, O171/[2,3], [2,3]/O171, O171/[2,5], [2,5]/O171, O171/[2,7], [2,7]/O171, O171/[2,13], [2,13]/O171, O171/[2,19], [2,19]/O171, O171/[2,11], [2,11]/O171, O171/[2,17], [2,17]/O171, O171/[2,23], [2,23]/O171, O171/[3,2], [3,2]/O171, O171/[3,3], [3,3]/O171, O171/[3,5], [3,5]/O171, O171/[3,7], [3,7]/O171, O171/[3,13], [3,13]/O171, O171/[3,11], [3,11]/O171, O171/[3,17], [3,17]/O171, O171/[5,2], [5,2]/O171, O171/[5,3], [5,3]/O171, O171/[5,5], [5,5]/O171, O171/[5,7], [5,7]/O171, O171/[5,13], [5,13]/O171, O171/[5,11], [5,11]/O171, O171/[5,17], [5,17]/O171, O171/[7,2], [7,2]/O171, O171/[7,3], [7,3]/O171, O171/[7,5], [7,5]/O171, O171/[7,7], [7,7]/O171, O171/[7,13], [7,13]/O171, O171/[7,11], [7,11]/O171, O171/[7,17], [7,17]/O171, O171/[13,2], [13,2]/O171, O171/[13,3], [13,3]/O171, O171/[13,5], [13,5]/O171, O171/[13,7], [13,7]/O171, O171/[13,13], [13,13]/O171, O171/[13,11], [13,11]/O171, O171/[13,17], [13,17]/O171, [19,23]/O171, O171/[19,23], O171/[11,2], [11,2]/O171, O171/[11,3], [11,3]/O171, O171/[11,5], [11,5]/O171, O171/[11,7], [11,7]/O171, O171/[11,13], [11,13]/O171, O171/[11,11], [11,11]/O171, O171/[11,17], [11,17]/O171, O171/[17,2], [17,2]/O171, O171/[17,3], [17,3]/O171, O171/[17,5], [17,5]/O171, O171/[17,7], [17,7]/O171, O171/[17,13], [17,13]/O171, O171/[17,11], [17,11]/O171, O171/[17,17], [17,17]/O171, [17,23]/O171, O171/[17,23], O171/2₀, 2₀/O171, O171/2₁, 2₁/O171, O171/3₀, 3₀/O171, O171/3₁, 3₁/O171, O171/5₀, 5₀/O171, O171/5₁, 5₁/O171, O171/7₀, 7₀/O171, O171/7₁, 7₁/O171, O171/13₀, 13₀/O171, O171/13₁, 13₁/O171, O171/19₁, 19₁/O171, O171/11₀, 11₀/O171, O171/11₁, 11₁/O171, O171/17₀, 17₀/O171, O171/17₁, 17₁/O171, O171/23₁, 23₁/O171, 1/O171, [23,23]/O172, O172/[23,23], O172/4, 4/O172, O172/[2,3], [2,3]/O172, O172/[2,5], [2,5]/O172, O172/[2,7], [2,7]/O172, O172/[2,13], [2,13]/O172, O172/[2,19], [2,19]/O172, O172/[2,11], [2,11]/O172, O172/[2,17], [2,17]/O172, O172/[2,23], [2,23]/O172, O172/[3,2], [3,2]/O172, O172/[5,2], [5,2]/O172, O172/[7,2], [7,2]/O172, O172/[13,2], [13,2]/O172, O172/[19,2], [19,2]/O172, O172/[11,2], [11,2]/O172, O172/[17,2], [17,2]/O172, O172/[23,2], [23,2]/O172, O172/2₀, 2₀/O172, O172/2₁, 2₁/O172, O172/3₀, 3₀/O172, O172/3₁, 3₁/O172, O172/5₀, 5₀/O172, O172/5₁, 5₁/O172, O172/7₀, 7₀/O172, O172/7₁, 7₁/O172, O172/13₀, 13₀/O172, O172/13₁, 13₁/O172, O172/19₀, 19₀/O172, O172/19₁, 19₁/O172, O172/11₀, 11₀/O172, O172/11₁, 11₁/O172, O172/17₀, 17₀/O172, O172/17₁, 17₁/O172, O172/23₀, 23₀/O172, O172/23₁, 23₁/O172, 1/O172, [23,23]/O173, O173/[23,23], O173/4, 4/O173, O173/[2,3], [2,3]/O173, O173/[2,5], [2,5]/O173, O173/[2,7], [2,7]/O173, O173/[2,13], [2,13]/O173, O173/[2,19], [2,19]/O173, O173/[2,11], [2,11]/O173, O173/[2,17], [2,17]/O173, O173/[2,23], [2,23]/O173, O173/[3,2], [3,2]/O173, O173/[3,3], [3,3]/O173, O173/[3,5], [3,5]/O173, O173/[3,7], [3,7]/O173, O173/[3,13], [3,13]/O173, O173/[3,11], [3,11]/O173, O173/[5,2], [5,2]/O173, O173/[5,3], [5,3]/O173, O173/[5,5], [5,5]/O173, O173/[5,7], [5,7]/O173, O173/[5,13], [5,13]/O173, O173/[5,11], [5,11]/O173, O173/[7,2], [7,2]/O173, O173/[7,3], [7,3]/O173, O173/[7,5], [7,5]/O173, O173/[7,7], [7,7]/O173, O173/[7,13], [7,13]/O173, O173/[7,11], [7,11]/O173, O173/[13,2], [13,2]/O173, O173/[13,3], [13,3]/O173, O173/[13,5], [13,5]/O173, O173/[13,7], [13,7]/O173, O173/[13,13], [13,13]/O173, O173/[13,11], [13,11]/O173, O173/[19,2], [19,2]/O173, O173/[19,3], [19,3]/O173, O173/[19,5], [19,5]/O173, O173/[19,7], [19,7]/O173, O173/[19,13], [19,13]/O173, O173/[19,11], [19,11]/O173, O173/[11,2], [11,2]/O173, O173/[11,3], [11,3]/O173, O173/[11,5], [11,5]/O173, O173/[11,7], [11,7]/O173, O173/[11,13], [11,13]/O173, O173/[11,11], [11,11]/O173, O173/[17,2], [17,2]/O173, O173/[17,3], [17,3]/O173, O173/[17,5], [17,5]/O173, O173/[17,7], [17,7]/O173, O173/[17,13], [17,13]/O173, O173/[17,11], [17,11]/O173, O173/[23,2], [23,2]/O173, O173/[23,3], [23,3]/O173, O173/[23,5], [23,5]/O173, O173/[23,7], [23,7]/O173, O173/[23,13], [23,13]/O173, O173/[23,11], [23,11]/O173, O173/2₀, 2₀/O173, O173/2₁, 2₁/O173, O173/3₀, 3₀/O173, O173/3₁, 3₁/O173, O173/5₀, 5₀/O173, O173/5₁, 5₁/O173, O173/7₀, 7₀/O173, O173/7₁, 7₁/O173, O173/13₀, 13₀/O173, O173/13₁, 13₁/O173, O173/19₀, 19₀/O173, O173/19₁, 19₁/O173, O173/11₀, 11₀/O173, O173/11₁, 11₁/O173, O173/17₀, 17₀/O173, O173/17₁, 17₁/O173, O173/23₀, 23₀/O173, O173/23₁, 23₁/O173, 1/O173, [23,23]/O174, O174/[23,23], O174/4, 4/O174, O174/[2,3], [2,3]/O174, O174/[2,5], [2,5]/O174, O174/[2,7], [2,7]/O174, O174/[2,13], [2,13]/O174, O174/[2,19], [2,19]/O174, O174/[2,11], [2,11]/O174, O174/[2,17], [2,17]/O174, O174/[2,23], [2,23]/O174, O174/[3,2], [3,2]/O174, O174/[3,3], [3,3]/O174, O174/[3,5], [3,5]/O174, O174/[3,7], [3,7]/O174, O174/[3,13], [3,13]/O174, O174/[3,19], [3,19]/O174, O174/[3,11], [3,11]/O174, O174/[3,17], [3,17]/O174, O174/[5,2], [5,2]/O174, O174/[5,3], [5,3]/O174, O174/[5,5], [5,5]/O174, O174/[5,7], [5,7]/O174, O174/[5,13], [5,13]/O174, O174/[5,19], [5,19]/O174, O174/[5,11], [5,11]/O174, O174/[5,17], [5,17]/O174, O174/[7,2], [7,2]/O174, O174/[7,3], [7,3]/O174, O174/[7,5], [7,5]/O174, O174/[7,7], [7,7]/O174, O174/[7,13], [7,13]/O174, O174/[7,19], [7,19]/O174, O174/[7,11], [7,11]/O174, O174/[7,17], [7,17]/O174, O174/[13,2], [13,2]/O174, O174/[13,3], [13,3]/O174, O174/[13,5], [13,5]/O174, O174/[13,7], [13,7]/O174, O174/[13,13], [13,13]/O174, O174/[13,19], [13,19]/O174, O174/[13,11], [13,11]/O174, O174/[13,17], [13,17]/O174, O174/[19,2], [19,2]/O174, O174/[19,3], [19,3]/O174, O174/[19,5], [19,5]/O174, O174/[19,7], [19,7]/O174, O174/[19,13], [19,13]/O174, O174/[19,19], [19,19]/O174, O174/[19,11], [19,11]/O174, O174/[19,17], [19,17]/O174, O174/[11,2], [11,2]/O174, O174/[11,3], [11,3]/O174, O174/[11,5], [11,5]/O174, O174/[11,7], [11,7]/O174, O174/[11,13], [11,13]/O174, O174/[11,19], [11,19]/O174, O174/[11,11], [11,11]/O174, O174/[11,17], [11,17]/O174, O174/[17,2], [17,2]/O174, O174/[17,3], [17,3]/O174, O174/[17,5], [17,5]/O174, O174/[17,7], [17,7]/O174, O174/[17,13], [17,13]/O174, O174/[17,19], [17,19]/O174, O174/[17,11], [17,11]/O174, O174/[17,17], [17,17]/O174, O174/[23,2], [23,2]/O174, O174/[23,3], [23,3]/O174, O174/[23,5], [23,5]/O174, O174/[23,7], [23,7]/O174, O174/[23,13], [23,13]/O174, O174/[23,19], [23,19]/O174, O174/[23,11], [23,11]/O174, O174/[23,17], [23,17]/O174, O174/2₀, 2₀/O174, O174/2₁, 2₁/O174, O174/3₀, 3₀/O174, O174/3₁, 3₁/O174, O174/5₀, 5₀/O174, O174/5₁, 5₁/O174, O174/7₀, 7₀/O174, O174/7₁, 7₁/O174, O174/13₀, 13₀/O174, O174/13₁, 13₁/O174, O174/19₀, 19₀/O174, O174/19₁, 19₁/O174, O174/11₀, 11₀/O174, O174/11₁, 11₁/O174, O174/17₀, 17₀/O174, O174/17₁, 17₁/O174, O174/23₀, 23₀/O174, O174/23₁, 23₁/O174, 1/O174, [23,23]/O175, O175/[23,23], O175/4, 4/O175, O175/[2,3], [2,3]/O175, O175/[2,5], [2,5]/O175, O175/[2,7], [2,7]/O175, O175/[2,13], [2,13]/O175, O175/[2,19], [2,19]/O175, O175/[2,11], [2,11]/O175, O175/[2,17], [2,17]/O175, O175/[2,23], [2,23]/O175, O175/[3,2], [3,2]/O175, O175/[3,3], [3,3]/O175, O175/[3,5], [3,5]/O175, O175/[3,7], [3,7]/O175, O175/[3,13], [3,13]/O175, O175/[3,11], [3,11]/O175, O175/[3,17], [3,17]/O175, O175/[5,2], [5,2]/O175, O175/[5,3], [5,3]/O175, O175/[5,5], [5,5]/O175, O175/[5,7], [5,7]/O175, O175/[5,13], [5,13]/O175, O175/[5,11], [5,11]/O175, O175/[5,17], [5,17]/O175, O175/[7,2], [7,2]/O175, O175/[7,3], [7,3]/O175, O175/[7,5], [7,5]/O175, O175/[7,7], [7,7]/O175, O175/[7,13], [7,13]/O175, O175/[7,11], [7,11]/O175, O175/[7,17], [7,17]/O175, O175/[13,2], [13,2]/O175, O175/[13,3], [13,3]/O175, O175/[13,5], [13,5]/O175, O175/[13,7], [13,7]/O175, O175/[13,13], [13,13]/O175, O175/[13,11], [13,11]/O175, O175/[13,17], [13,17]/O175, O175/[19,2], [19,2]/O175, O175/[19,3], [19,3]/O175, O175/[19,5], [19,5]/O175, O175/[19,7], [19,7]/O175, O175/[19,13], [19,13]/O175, O175/[19,11], [19,11]/O175, O175/[19,17], [19,17]/O175, O175/[11,2], [11,2]/O175, O175/[11,3], [11,3]/O175, O175/[11,5], [11,5]/O175, O175/[11,7], [11,7]/O175, O175/[11,13], [11,13]/O175, O175/[11,11], [11,11]/O175, O175/[11,17], [11,17]/O175, O175/[17,2], [17,2]/O175, O175/[17,3], [17,3]/O175, O175/[17,5], [17,5]/O175, O175/[17,7], [17,7]/O175, O175/[17,13], [17,13]/O175, O175/[17,11], [17,11]/O175, O175/[17,17], [17,17]/O175, O175/[23,2], [23,2]/O175, O175/[23,3], [23,3]/O175, O175/[23,5], [23,5]/O175, O175/[23,7], [23,7]/O175, O175/[23,13], [23,13]/O175, O175/[23,11], [23,11]/O175, O175/[23,17], [23,17]/O175, O175/2₀, 2₀/O175, O175/2₁, 2₁/O175, O175/3₀, 3₀/O175, O175/3₁, 3₁/O175, O175/5₀, 5₀/O175, O175/5₁, 5₁/O175, O175/7₀, 7₀/O175, O175/7₁, 7₁/O175, O175/13₀, 13₀/O175, O175/13₁, 13₁/O175, O175/19₀, 19₀/O175, O175/19₁, 19₁/O175, O175/11₀, 11₀/O175, O175/11₁, 11₁/O175, O175/17₀, 17₀/O175, O175/17₁, 17₁/O175, O175/23₀, 23₀/O175, O175/23₁, 23₁/O175, 1/O175, [23,23]/O176, O176/[23,23], O176/4, 4/O176, O176/[2,3], [2,3]/O176, O176/[2,5], [2,5]/O176, O176/[2,7], [2,7]/O176, O176/[2,13], [2,13]/O176, O176/[2,19], [2,19]/O176, O176/[2,11], [2,11]/O176, O176/[2,17], [2,17]/O176, O176/[3,2], [3,2]/O176, O176/[3,3], [3,3]/O176, O176/[3,5], [3,5]/O176, O176/[3,7], [3,7]/O176, O176/[3,13], [3,13]/O176, O176/[3,19], [3,19]/O176, O176/[3,11], [3,11]/O176, O176/[3,17], [3,17]/O176, O176/[5,2], [5,2]/O176, O176/[5,3], [5,3]/O176, O176/[5,5], [5,5]/O176, O176/[5,7], [5,7]/O176, O176/[5,13], [5,13]/O176, O176/[5,11], [5,11]/O176, O176/[7,2], [7,2]/O176, O176/[7,3], [7,3]/O176, O176/[7,5], [7,5]/O176, O176/[7,7], [7,7]/O176, O176/[7,13], [7,13]/O176, O176/[7,11], [7,11]/O176, O176/[13,2], [13,2]/O176, O176/[13,3], [13,3]/O176, O176/[13,5], [13,5]/O176, O176/[13,7], [13,7]/O176, O176/[13,13], [13,13]/O176, O176/[13,11], [13,11]/O176, O176/[19,2], [19,2]/O176, O176/[19,3], [19,3]/O176, O176/[19,5], [19,5]/O176, O176/[19,7], [19,7]/O176, O176/[19,13], [19,13]/O176, O176/[19,11], [19,11]/O176, O176/[11,2], [11,2]/O176, O176/[11,3], [11,3]/O176, O176/[11,5], [11,5]/O176, O176/[11,7], [11,7]/O176, O176/[11,13], [11,13]/O176, O176/[11,11], [11,11]/O176, O176/[17,2], [17,2]/O176, O176/[17,3], [17,3]/O176, O176/[17,5], [17,5]/O176, O176/[17,7], [17,7]/O176, O176/[17,13], [17,13]/O176, O176/[17,11], [17,11]/O176, O176/[23,2], [23,2]/O176, O176/[23,3], [23,3]/O176, O176/[23,5], [23,5]/O176, O176/[23,7], [23,7]/O176, O176/[23,13], [23,13]/O176, [23,19]/O176, O176/[23,19], O176/[23,11], [23,11]/O176, O176/2₀, 2₀/O176, O176/2₁, 2₁/O176, O176/3₀, 3₀/O176, O176/3₁, 3₁/O176, O176/5₀, 5₀/O176, O176/5₁, 5₁/O176, O176/7₀, 7₀/O176, O176/7₁, 7₁/O176, O176/13₀, 13₀/O176, O176/13₁, 13₁/O176, O176/19₀, 19₀/O176, O176/19₁, 19₁/O176, O176/11₀, 11₀/O176, O176/11₁, 11₁/O176, O176/17₀, 17₀/O176, O176/17₁, 17₁/O176, O176/23₀, 23₀/O176, 1/O176, [23,23]/O177, O177/[23,23], O177/4, 4/O177, O177/[2,3], [2,3]/O177, O177/[2,5], [2,5]/O177, O177/[2,7], [2,7]/O177, O177/[2,13], [2,13]/O177, O177/[2,19], [2,19]/O177, O177/[2,11], [2,11]/O177, O177/[2,17], [2,17]/O177, O177/[3,2], [3,2]/O177, O177/[3,3], [3,3]/O177, O177/[3,5], [3,5]/O177, O177/[3,7], [3,7]/O177, O177/[3,13], [3,13]/O177, O177/[3,19], [3,19]/O177, O177/[3,11], [3,11]/O177, O177/[3,17], [3,17]/O177, O177/[5,2], [5,2]/O177, O177/[5,3], [5,3]/O177, O177/[5,5], [5,5]/O177, O177/[5,7], [5,7]/O177, O177/[5,13], [5,13]/O177, O177/[5,11], [5,11]/O177, O177/[5,17], [5,17]/O177, O177/[7,2], [7,2]/O177, O177/[7,3], [7,3]/O177, O177/[7,5], [7,5]/O177, O177/[7,7], [7,7]/O177, O177/[7,13], [7,13]/O177, O177/[7,11], [7,11]/O177, O177/[7,17], [7,17]/O177, O177/[13,2], [13,2]/O177, O177/[13,3], [13,3]/O177, O177/[13,5], [13,5]/O177, O177/[13,7], [13,7]/O177, O177/[13,13], [13,13]/O177, O177/[13,11], [13,11]/O177, O177/[13,17], [13,17]/O177, O177/[19,2], [19,2]/O177, O177/[19,3], [19,3]/O177, O177/[19,5], [19,5]/O177, O177/[19,7], [19,7]/O177, O177/[19,13], [19,13]/O177, O177/[19,11], [19,11]/O177, O177/[19,17], [19,17]/O177, O177/[11,2], [11,2]/O177, O177/[11,3], [11,3]/O177, O177/[11,5], [11,5]/O177, O177/[11,7], [11,7]/O177, O177/[11,13], [11,13]/O177, O177/[11,11], [11,11]/O177, O177/[11,17], [11,17]/O177, O177/[17,2], [17,2]/O177, O177/[17,3], [17,3]/O177, O177/[17,5], [17,5]/O177, O177/[17,7], [17,7]/O177, O177/[17,13], [17,13]/O177, O177/[17,11], [17,11]/O177, O177/[17,17], [17,17]/O177, O177/[23,2], [23,2]/O177, O177/[23,3], [23,3]/O177, O177/[23,5], [23,5]/O177, O177/[23,7], [23,7]/O177, O177/[23,13], [23,13]/O177, [23,19]/O177, O177/[23,19], O177/[23,11], [23,11]/O177, O177/[23,17], [23,17]/O177, O177/2₀, 2₀/O177, O177/2₁, 2₁/O177, O177/3₀, 3₀/O177, O177/3₁, 3₁/O177, O177/5₀, 5₀/O177, O177/5₁, 5₁/O177, O177/7₀, 7₀/O177, O177/7₁, 7₁/O177, O177/13₀, 13₀/O177, O177/13₁, 13₁/O177, O177/19₀, 19₀/O177, O177/19₁, 19₁/O177, O177/11₀, 11₀/O177, O177/11₁, 11₁/O177, O177/17₀, 17₀/O177, O177/17₁, 17₁/O177, O177/23₀, 23₀/O177, 1/O177, [23,23]/O178, O178/[23,23], O178/4, 4/O178, O178/[2,3], [2,3]/O178, O178/[2,5], [2,5]/O178, O178/[2,7], [2,7]/O178, O178/[2,13], [2,13]/O178, O178/[2,11], [2,11]/O178, O178/[2,17], [2,17]/O178, O178/[3,2], [3,2]/O178, O178/[3,3], [3,3]/O178, O178/[3,5], [3,5]/O178, O178/[3,7], [3,7]/O178, O178/[3,13], [3,13]/O178, O178/[3,11], [3,11]/O178, O178/[3,17], [3,17]/O178, O178/[5,2], [5,2]/O178, O178/[5,3], [5,3]/O178, O178/[5,5], [5,5]/O178, O178/[5,7], [5,7]/O178, O178/[5,11], [5,11]/O178, O178/[7,2], [7,2]/O178, O178/[7,3], [7,3]/O178, O178/[7,5], [7,5]/O178, O178/[7,7], [7,7]/O178, O178/[7,11], [7,11]/O178, O178/[13,2], [13,2]/O178, O178/[13,3], [13,3]/O178, O178/[13,5], [13,5]/O178, O178/[13,7], [13,7]/O178, O178/[13,11], [13,11]/O178, O178/[19,2], [19,2]/O178, O178/[19,3], [19,3]/O178, O178/[19,5], [19,5]/O178, O178/[19,7], [19,7]/O178, O178/[19,11], [19,11]/O178, O178/[11,2], [11,2]/O178, O178/[11,3], [11,3]/O178, O178/[11,5], [11,5]/O178, O178/[11,7], [11,7]/O178, O178/[11,11], [11,11]/O178, O178/[17,2], [17,2]/O178, O178/[17,3], [17,3]/O178, O178/[17,5], [17,5]/O178, O178/[17,7], [17,7]/O178, O178/[17,11], [17,11]/O178, O178/[23,2], [23,2]/O178, O178/[23,3], [23,3]/O178, O178/[23,5], [23,5]/O178, O178/[23,7], [23,7]/O178, [23,19]/O178, O178/[23,19], O178/[23,11], [23,11]/O178, [23,17]/O178, O178/[23,17], O178/2₀, 2₀/O178, O178/2₁, 2₁/O178, O178/3₀, 3₀/O178, O178/3₁, 3₁/O178, O178/5₀, 5₀/O178, O178/5₁, 5₁/O178, O178/7₀, 7₀/O178, O178/7₁, 7₁/O178, O178/13₀, 13₀/O178, O178/13₁, 13₁/O178, O178/19₀, 19₀/O178, O178/11₀, 11₀/O178, O178/11₁, 11₁/O178, O178/17₀, 17₀/O178, O178/17₁, 17₁/O178, O178/23₀, 23₀/O178, 1/O178, [23,23]/O179, O179/[23,23], O179/4, 4/O179, O179/[2,3], [2,3]/O179, O179/[2,5], [2,5]/O179, O179/[2,7], [2,7]/O179, O179/[2,13], [2,13]/O179, O179/[2,19], [2,19]/O179, O179/[2,11], [2,11]/O179, O179/[2,17], [2,17]/O179, O179/[2,23], [2,23]/O179, O179/[3,2], [3,2]/O179, O179/[3,3], [3,3]/O179, O179/[3,5], [3,5]/O179, O179/[3,7], [3,7]/O179, O179/[3,13], [3,13]/O179, O179/[3,19], [3,19]/O179, O179/[3,11], [3,11]/O179, O179/[3,17], [3,17]/O179, O179/[3,23], [3,23]/O179, O179/[5,2], [5,2]/O179, O179/[5,3], [5,3]/O179, O179/[5,5], [5,5]/O179, O179/[5,7], [5,7]/O179, O179/[5,13], [5,13]/O179, O179/[5,19], [5,19]/O179, O179/[5,11], [5,11]/O179, O179/[5,17], [5,17]/O179, O179/[7,2], [7,2]/O179, O179/[7,3], [7,3]/O179, O179/[7,5], [7,5]/O179, O179/[7,7], [7,7]/O179, O179/[7,13], [7,13]/O179, O179/[7,19], [7,19]/O179, O179/[7,11], [7,11]/O179, O179/[7,17], [7,17]/O179, O179/[13,2], [13,2]/O179, O179/[13,3], [13,3]/O179, O179/[13,5], [13,5]/O179, O179/[13,7], [13,7]/O179, O179/[13,13], [13,13]/O179, O179/[13,19], [13,19]/O179, O179/[13,11], [13,11]/O179, O179/[13,17], [13,17]/O179, O179/[19,2], [19,2]/O179, O179/[19,3], [19,3]/O179, O179/[19,5], [19,5]/O179, O179/[19,7], [19,7]/O179, O179/[19,13], [19,13]/O179, O179/[19,19], [19,19]/O179, O179/[19,11], [19,11]/O179, O179/[19,17], [19,17]/O179, [19,23]/O179, O179/[19,23], O179/[11,2], [11,2]/O179, O179/[11,3], [11,3]/O179, O179/[11,5], [11,5]/O179, O179/[11,7], [11,7]/O179, O179/[11,13], [11,13]/O179, O179/[11,19], [11,19]/O179, O179/[11,11], [11,11]/O179, O179/[11,17], [11,17]/O179, O179/[17,2], [17,2]/O179, O179/[17,3], [17,3]/O179, O179/[17,5], [17,5]/O179, O179/[17,7], [17,7]/O179, O179/[17,13], [17,13]/O179, O179/[17,19], [17,19]/O179, O179/[17,11], [17,11]/O179, O179/[17,17], [17,17]/O179, O179/2₀, 2₀/O179, O179/2₁, 2₁/O179, O179/3₀, 3₀/O179, O179/3₁, 3₁/O179, O179/5₀, 5₀/O179, O179/5₁, 5₁/O179, O179/7₀, 7₀/O179, O179/7₁, 7₁/O179, O179/13₀, 13₀/O179, O179/13₁, 13₁/O179, O179/19₀, 19₀/O179, O179/19₁, 19₁/O179, O179/11₀, 11₀/O179, O179/11₁, 11₁/O179, O179/17₀, 17₀/O179, O179/17₁, 17₁/O179, O179/23₁, 23₁/O179, 1/O179, [23,23]/O180, O180/[23,23], O180/4, 4/O180, O180/[2,3], [2,3]/O180, O180/[2,5], [2,5]/O180, O180/[2,7], [2,7]/O180, O180/[2,13], [2,13]/O180, O180/[2,19], [2,19]/O180, O180/[2,11], [2,11]/O180, O180/[2,17], [2,17]/O180, O180/[2,23], [2,23]/O180, O180/[3,2], [3,2]/O180, O180/[3,3], [3,3]/O180, O180/[3,5], [3,5]/O180, O180/[3,7], [3,7]/O180, O180/[3,13], [3,13]/O180, O180/[3,19], [3,19]/O180, O180/[3,11], [3,11]/O180, O180/[3,17], [3,17]/O180, O180/[3,23], [3,23]/O180, O180/[5,2], [5,2]/O180, O180/[5,3], [5,3]/O180, O180/[5,5], [5,5]/O180, O180/[5,7], [5,7]/O180, O180/[5,11], [5,11]/O180, O180/[7,2], [7,2]/O180, O180/[7,3], [7,3]/O180, O180/[7,5], [7,5]/O180, O180/[7,7], [7,7]/O180, O180/[7,11], [7,11]/O180, O180/[13,2], [13,2]/O180, O180/[13,3], [13,3]/O180, O180/[13,5], [13,5]/O180, O180/[13,7], [13,7]/O180, O180/[13,11], [13,11]/O180, O180/[19,2], [19,2]/O180, O180/[19,3], [19,3]/O180, O180/[19,5], [19,5]/O180, O180/[19,7], [19,7]/O180, O180/[19,11], [19,11]/O180, [19,23]/O180, O180/[19,23], O180/[11,2], [11,2]/O180, O180/[11,3], [11,3]/O180, O180/[11,5], [11,5]/O180, O180/[11,7], [11,7]/O180, O180/[11,11], [11,11]/O180, O180/[17,2], [17,2]/O180, O180/[17,3], [17,3]/O180, O180/[17,5], [17,5]/O180, O180/[17,7], [17,7]/O180, O180/[17,11], [17,11]/O180, O180/2₀, 2₀/O180, O180/2₁, 2₁/O180, O180/3₀, 3₀/O180, O180/3₁, 3₁/O180, O180/5₀, 5₀/O180, O180/5₁, 5₁/O180, O180/7₀, 7₀/O180, O180/7₁, 7₁/O180, O180/13₀, 13₀/O180, O180/13₁, 13₁/O180, O180/19₀, 19₀/O180, O180/19₁, 19₁/O180, O180/11₀, 11₀/O180, O180/11₁, 11₁/O180, O180/17₀, 17₀/O180, O180/17₁, 17₁/O180, O180/23₁, 23₁/O180, 1/O180, [23,23]/O181, O181/[23,23], O181/4, 4/O181, O181/[2,3], [2,3]/O181, O181/[2,5], [2,5]/O181, O181/[2,7], [2,7]/O181, O181/[2,13], [2,13]/O181, O181/[2,19], [2,19]/O181, O181/[2,11], [2,11]/O181, O181/[2,17], [2,17]/O181, O181/[2,23], [2,23]/O181, O181/[3,2], [3,2]/O181, O181/[3,3], [3,3]/O181, O181/[3,5], [3,5]/O181, O181/[3,7], [3,7]/O181, O181/[3,13], [3,13]/O181, O181/[3,19], [3,19]/O181, O181/[3,11], [3,11]/O181, O181/[3,17], [3,17]/O181, O181/[3,23], [3,23]/O181, O181/[5,2], [5,2]/O181, O181/[5,3], [5,3]/O181, O181/[5,5], [5,5]/O181, O181/[5,7], [5,7]/O181, O181/[5,13], [5,13]/O181, O181/[5,11], [5,11]/O181, O181/[5,17], [5,17]/O181, O181/[7,2], [7,2]/O181, O181/[7,3], [7,3]/O181, O181/[7,5], [7,5]/O181, O181/[7,7], [7,7]/O181, O181/[7,13], [7,13]/O181, O181/[7,11], [7,11]/O181, O181/[7,17], [7,17]/O181, O181/[13,2], [13,2]/O181, O181/[13,3], [13,3]/O181, O181/[13,5], [13,5]/O181, O181/[13,7], [13,7]/O181, O181/[13,13], [13,13]/O181, O181/[13,11], [13,11]/O181, O181/[13,17], [13,17]/O181, O181/[19,2], [19,2]/O181, O181/[19,3], [19,3]/O181, O181/[19,5], [19,5]/O181, O181/[19,7], [19,7]/O181, O181/[19,13], [19,13]/O181, O181/[19,11], [19,11]/O181, O181/[19,17], [19,17]/O181, [19,23]/O181, O181/[19,23], O181/[11,2], [11,2]/O181, O181/[11,3], [11,3]/O181, O181/[11,5], [11,5]/O181, O181/[11,7], [11,7]/O181, O181/[11,13], [11,13]/O181, O181/[11,11], [11,11]/O181, O181/[11,17], [11,17]/O181, O181/[17,2], [17,2]/O181, O181/[17,3], [17,3]/O181, O181/[17,5], [17,5]/O181, O181/[17,7], [17,7]/O181, O181/[17,13], [17,13]/O181, O181/[17,11], [17,11]/O181, O181/[17,17], [17,17]/O181, O181/2₀, 2₀/O181, O181/2₁, 2₁/O181, O181/3₀, 3₀/O181, O181/3₁, 3₁/O181, O181/5₀, 5₀/O181, O181/5₁, 5₁/O181, O181/7₀, 7₀/O181, O181/7₁, 7₁/O181, O181/13₀, 13₀/O181, O181/13₁, 13₁/O181, O181/19₀, 19₀/O181, O181/19₁, 19₁/O181, O181/11₀, 11₀/O181, O181/11₁, 11₁/O181, O181/17₀, 17₀/O181, O181/17₁, 17₁/O181, O181/23₁, 23₁/O181, 1/O181, [23,23]/O182, O182/[23,23], O182/4, 4/O182, O182/[2,3], [2,3]/O182, O182/[2,5], [2,5]/O182, O182/[2,7], [2,7]/O182, O182/[2,13], [2,13]/O182, O182/[2,19], [2,19]/O182, O182/[2,11], [2,11]/O182, O182/[2,17], [2,17]/O182, O182/[2,23], [2,23]/O182, O182/[3,2], [3,2]/O182, O182/[3,3], [3,3]/O182, O182/[3,5], [3,5]/O182, O182/[3,7], [3,7]/O182, O182/[3,13], [3,13]/O182, O182/[3,19], [3,19]/O182, O182/[3,11], [3,11]/O182, O182/[3,17], [3,17]/O182, O182/[3,23], [3,23]/O182, O182/[5,2], [5,2]/O182, O182/[5,3], [5,3]/O182, O182/[5,5], [5,5]/O182, O182/[5,7], [5,7]/O182, O182/[5,13], [5,13]/O182, O182/[5,19], [5,19]/O182, O182/[5,11], [5,11]/O182, O182/[5,17], [5,17]/O182, O182/[7,2], [7,2]/O182, O182/[7,3], [7,3]/O182, O182/[7,5], [7,5]/O182, O182/[7,7], [7,7]/O182, O182/[7,13], [7,13]/O182, O182/[7,19], [7,19]/O182, O182/[7,11], [7,11]/O182, O182/[7,17], [7,17]/O182, O182/[13,2], [13,2]/O182, O182/[13,3], [13,3]/O182, O182/[13,5], [13,5]/O182, O182/[13,7], [13,7]/O182, O182/[13,13], [13,13]/O182, O182/[13,19], [13,19]/O182, O182/[13,11], [13,11]/O182, O182/[13,17], [13,17]/O182, O182/[19,2], [19,2]/O182, O182/[19,3], [19,3]/O182, O182/[19,5], [19,5]/O182, O182/[19,7], [19,7]/O182, O182/[19,13], [19,13]/O182, O182/[19,19], [19,19]/O182, O182/[19,11], [19,11]/O182, O182/[19,17], [19,17]/O182, O182/[11,2], [11,2]/O182, O182/[11,3], [11,3]/O182, O182/[11,5], [11,5]/O182, O182/[11,7], [11,7]/O182, O182/[11,13], [11,13]/O182, O182/[11,19], [11,19]/O182, O182/[11,11], [11,11]/O182, O182/[11,17], [11,17]/O182, O182/[17,2], [17,2]/O182, O182/[17,3], [17,3]/O182, O182/[17,5], [17,5]/O182, O182/[17,7], [17,7]/O182, O182/[17,13], [17,13]/O182, O182/[17,19], [17,19]/O182, O182/[17,11], [17,11]/O182, O182/[17,17], [17,17]/O182, O182/[23,2], [23,2]/O182, O182/[23,3], [23,3]/O182, O182/[23,5], [23,5]/O182, O182/[23,7], [23,7]/O182, O182/[23,13], [23,13]/O182, O182/[23,19], [23,19]/O182, O182/[23,11], [23,11]/O182, O182/[23,17], [23,17]/O182, O182/2₀, 2₀/O182, O182/2₁, 2₁/O182, O182/3₀, 3₀/O182, O182/3₁, 3₁/O182, O182/5₀, 5₀/O182, O182/5₁, 5₁/O182, O182/7₀, 7₀/O182, O182/7₁, 7₁/O182, O182/13₀, 13₀/O182, O182/13₁, 13₁/O182, O182/19₀, 19₀/O182, O182/19₁, 19₁/O182, O182/11₀, 11₀/O182, O182/11₁, 11₁/O182, O182/17₀, 17₀/O182, O182/17₁, 17₁/O182, O182/23₀, 23₀/O182, O182/23₁, 23₁/O182, 1/O182, [23,23]/O183, O183/[23,23], O183/4, 4/O183, O183/[2,3], [2,3]/O183, O183/[2,5], [2,5]/O183, O183/[2,7], [2,7]/O183, O183/[2,13], [2,13]/O183, O183/[2,19], [2,19]/O183, O183/[2,11], [2,11]/O183, O183/[2,17], [2,17]/O183, O183/[2,23], [2,23]/O183, O183/[3,2], [3,2]/O183, O183/[3,3], [3,3]/O183, O183/[3,5], [3,5]/O183, O183/[3,7], [3,7]/O183, O183/[3,13], [3,13]/O183, O183/[3,19], [3,19]/O183, O183/[3,11], [3,11]/O183, O183/[3,17], [3,17]/O183, O183/[3,23], [3,23]/O183, O183/[5,2], [5,2]/O183, O183/[5,3], [5,3]/O183, O183/[5,5], [5,5]/O183, O183/[5,7], [5,7]/O183, O183/[5,13], [5,13]/O183, O183/[5,11], [5,11]/O183, O183/[5,17], [5,17]/O183, O183/[7,2], [7,2]/O183, O183/[7,3], [7,3]/O183, O183/[7,5], [7,5]/O183, O183/[7,7], [7,7]/O183, O183/[7,13], [7,13]/O183, O183/[7,11], [7,11]/O183, O183/[7,17], [7,17]/O183, O183/[13,2], [13,2]/O183, O183/[13,3], [13,3]/O183, O183/[13,5], [13,5]/O183, O183/[13,7], [13,7]/O183, O183/[13,13], [13,13]/O183, O183/[13,11], [13,11]/O183, O183/[13,17], [13,17]/O183, O183/[19,2], [19,2]/O183, O183/[19,3], [19,3]/O183, O183/[19,5], [19,5]/O183, O183/[19,7], [19,7]/O183, O183/[19,13], [19,13]/O183, O183/[19,11], [19,11]/O183, O183/[19,17], [19,17]/O183, O183/[11,2], [11,2]/O183, O183/[11,3], [11,3]/O183, O183/[11,5], [11,5]/O183, O183/[11,7], [11,7]/O183, O183/[11,13], [11,13]/O183, O183/[11,11], [11,11]/O183, O183/[11,17], [11,17]/O183, O183/[17,2], [17,2]/O183, O183/[17,3], [17,3]/O183, O183/[17,5], [17,5]/O183, O183/[17,7], [17,7]/O183, O183/[17,13], [17,13]/O183, O183/[17,11], [17,11]/O183, O183/[17,17], [17,17]/O183, O183/[23,2], [23,2]/O183, O183/[23,3], [23,3]/O183, O183/[23,5], [23,5]/O183, O183/[23,7], [23,7]/O183, O183/[23,13], [23,13]/O183, O183/[23,11], [23,11]/O183, O183/[23,17], [23,17]/O183, O183/2₀, 2₀/O183, O183/2₁, 2₁/O183, O183/3₀, 3₀/O183, O183/3₁, 3₁/O183, O183/5₀, 5₀/O183, O183/5₁, 5₁/O183, O183/7₀, 7₀/O183, O183/7₁, 7₁/O183, O183/13₀, 13₀/O183, O183/13₁, 13₁/O183, O183/19₀, 19₀/O183, O183/19₁, 19₁/O183, O183/11₀, 11₀/O183, O183/11₁, 11₁/O183, O183/17₀, 17₀/O183, O183/17₁, 17₁/O183, O183/23₀, 23₀/O183, O183/23₁, 23₁/O183, 1/O183, [23,23]/O184, O184/[23,23], O184/4, 4/O184, O184/[2,3], [2,3]/O184, O184/[2,5], [2,5]/O184, O184/[2,7], [2,7]/O184, O184/[2,13], [2,13]/O184, O184/[2,19], [2,19]/O184, O184/[2,11], [2,11]/O184, O184/[2,17], [2,17]/O184, O184/[3,2], [3,2]/O184, O184/[3,3], [3,3]/O184, O184/[3,5], [3,5]/O184, O184/[3,7], [3,7]/O184, O184/[3,13], [3,13]/O184, O184/[3,19], [3,19]/O184, O184/[3,11], [3,11]/O184, O184/[3,17], [3,17]/O184, O184/[5,2], [5,2]/O184, O184/[5,3], [5,3]/O184, O184/[5,5], [5,5]/O184, O184/[5,7], [5,7]/O184, O184/[5,13], [5,13]/O184, O184/[5,19], [5,19]/O184, O184/[5,11], [5,11]/O184, O184/[5,17], [5,17]/O184, O184/[7,2], [7,2]/O184, O184/[7,3], [7,3]/O184, O184/[7,5], [7,5]/O184, O184/[7,7], [7,7]/O184, O184/[7,13], [7,13]/O184, O184/[7,11], [7,11]/O184, O184/[7,17], [7,17]/O184, O184/[13,2], [13,2]/O184, O184/[13,3], [13,3]/O184, O184/[13,5], [13,5]/O184, O184/[13,7], [13,7]/O184, O184/[13,13], [13,13]/O184, O184/[13,11], [13,11]/O184, O184/[13,17], [13,17]/O184, O184/[19,2], [19,2]/O184, O184/[19,3], [19,3]/O184, O184/[19,5], [19,5]/O184, O184/[19,7], [19,7]/O184, O184/[19,13], [19,13]/O184, O184/[19,11], [19,11]/O184, O184/[19,17], [19,17]/O184, O184/[11,2], [11,2]/O184, O184/[11,3], [11,3]/O184, O184/[11,5], [11,5]/O184, O184/[11,7], [11,7]/O184, O184/[11,13], [11,13]/O184, O184/[11,11], [11,11]/O184, O184/[11,17], [11,17]/O184, O184/[17,2], [17,2]/O184, O184/[17,3], [17,3]/O184, O184/[17,5], [17,5]/O184, O184/[17,7], [17,7]/O184, O184/[17,13], [17,13]/O184, O184/[17,11], [17,11]/O184, O184/[17,17], [17,17]/O184, O184/[23,2], [23,2]/O184, O184/[23,3], [23,3]/O184, O184/[23,5], [23,5]/O184, O184/[23,7], [23,7]/O184, O184/[23,13], [23,13]/O184, [23,19]/O184, O184/[23,19], O184/[23,11], [23,11]/O184, O184/[23,17], [23,17]/O184, O184/2₀, 2₀/O184, O184/2₁, 2₁/O184, O184/3₀, 3₀/O184, O184/3₁, 3₁/O184, O184/5₀, 5₀/O184, O184/5₁, 5₁/O184, O184/7₀, 7₀/O184, O184/7₁, 7₁/O184, O184/13₀, 13₀/O184, O184/13₁, 13₁/O184, O184/19₀, 19₀/O184, O184/19₁, 19₁/O184, O184/11₀, 11₀/O184, O184/11₁, 11₁/O184, O184/17₀, 17₀/O184, O184/17₁, 17₁/O184, O184/23₀, 23₀/O184, 1/O184, [23,23]/O185, O185/[23,23], O185/4, 4/O185, O185/[2,3], [2,3]/O185, O185/[2,5], [2,5]/O185, O185/[2,7], [2,7]/O185, O185/[2,13], [2,13]/O185, O185/[2,11], [2,11]/O185, O185/[2,17], [2,17]/O185, O185/[3,2], [3,2]/O185, O185/[3,3], [3,3]/O185, O185/[3,5], [3,5]/O185, O185/[3,7], [3,7]/O185, O185/[3,13], [3,13]/O185, O185/[3,11], [3,11]/O185, O185/[3,17], [3,17]/O185, O185/[5,2], [5,2]/O185, O185/[5,3], [5,3]/O185, O185/[5,5], [5,5]/O185, O185/[5,7], [5,7]/O185, O185/[5,13], [5,13]/O185, O185/[5,11], [5,11]/O185, O185/[5,17], [5,17]/O185, O185/[7,2], [7,2]/O185, O185/[7,3], [7,3]/O185, O185/[7,5], [7,5]/O185, O185/[7,7], [7,7]/O185, O185/[7,11], [7,11]/O185, O185/[13,2], [13,2]/O185, O185/[13,3], [13,3]/O185, O185/[13,5], [13,5]/O185, O185/[13,7], [13,7]/O185, O185/[13,11], [13,11]/O185, O185/[19,2], [19,2]/O185, O185/[19,3], [19,3]/O185, O185/[19,5], [19,5]/O185, O185/[19,7], [19,7]/O185, O185/[19,11], [19,11]/O185, O185/[11,2], [11,2]/O185, O185/[11,3], [11,3]/O185, O185/[11,5], [11,5]/O185, O185/[11,7], [11,7]/O185, O185/[11,11], [11,11]/O185, O185/[17,2], [17,2]/O185, O185/[17,3], [17,3]/O185, O185/[17,5], [17,5]/O185, O185/[17,7], [17,7]/O185, O185/[17,11], [17,11]/O185, O185/[23,2], [23,2]/O185, O185/[23,3], [23,3]/O185, O185/[23,5], [23,5]/O185, O185/[23,7], [23,7]/O185, [23,19]/O185, O185/[23,19], O185/[23,11], [23,11]/O185, [23,17]/O185, O185/[23,17], O185/2₀, 2₀/O185, O185/2₁, 2₁/O185, O185/3₀, 3₀/O185, O185/3₁, 3₁/O185, O185/5₀, 5₀/O185, O185/5₁, 5₁/O185, O185/7₀, 7₀/O185, O185/7₁, 7₁/O185, O185/13₀, 13₀/O185, O185/13₁, 13₁/O185, O185/19₀, 19₀/O185, O185/11₀, 11₀/O185, O185/11₁, 11₁/O185, O185/17₀, 17₀/O185, O185/17₁, 17₁/O185, O185/23₀, 23₀/O185, 1/O185, [23,23]/O186, O186/[23,23], O186/4, 4/O186, O186/[2,3], [2,3]/O186, O186/[2,5], [2,5]/O186, O186/[2,7], [2,7]/O186, O186/[2,13], [2,13]/O186, O186/[2,19], [2,19]/O186, O186/[2,11], [2,11]/O186, O186/[2,17], [2,17]/O186, O186/[2,23], [2,23]/O186, O186/[3,2], [3,2]/O186, O186/[3,3], [3,3]/O186, O186/[3,5], [3,5]/O186, O186/[3,7], [3,7]/O186, O186/[3,13], [3,13]/O186, O186/[3,19], [3,19]/O186, O186/[3,11], [3,11]/O186, O186/[3,17], [3,17]/O186, O186/[3,23], [3,23]/O186, O186/[5,2], [5,2]/O186, O186/[5,3], [5,3]/O186, O186/[5,5], [5,5]/O186, O186/[5,7], [5,7]/O186, O186/[5,13], [5,13]/O186, O186/[5,19], [5,19]/O186, O186/[5,11], [5,11]/O186, O186/[5,17], [5,17]/O186, O186/[5,23], [5,23]/O186, O186/[7,2], [7,2]/O186, O186/[7,3], [7,3]/O186, O186/[7,5], [7,5]/O186, O186/[7,7], [7,7]/O186, O186/[7,13], [7,13]/O186, O186/[7,19], [7,19]/O186, O186/[7,11], [7,11]/O186, O186/[7,17], [7,17]/O186, O186/[13,2], [13,2]/O186, O186/[13,3], [13,3]/O186, O186/[13,5], [13,5]/O186, O186/[13,7], [13,7]/O186, O186/[13,13], [13,13]/O186, O186/[13,19], [13,19]/O186, O186/[13,11], [13,11]/O186, O186/[13,17], [13,17]/O186, O186/[19,2], [19,2]/O186, O186/[19,3], [19,3]/O186, O186/[19,5], [19,5]/O186, O186/[19,7], [19,7]/O186, O186/[19,13], [19,13]/O186, O186/[19,19], [19,19]/O186, O186/[19,11], [19,11]/O186, O186/[19,17], [19,17]/O186, [19,23]/O186, O186/[19,23], O186/[11,2], [11,2]/O186, O186/[11,3], [11,3]/O186, O186/[11,5], [11,5]/O186, O186/[11,7], [11,7]/O186, O186/[11,13], [11,13]/O186, O186/[11,19], [11,19]/O186, O186/[11,11], [11,11]/O186, O186/[11,17], [11,17]/O186, O186/[17,2], [17,2]/O186, O186/[17,3], [17,3]/O186, O186/[17,5], [17,5]/O186, O186/[17,7], [17,7]/O186, O186/[17,13], [17,13]/O186, O186/[17,19], [17,19]/O186, O186/[17,11], [17,11]/O186, O186/[17,17], [17,17]/O186, O186/2₀, 2₀/O186, O186/2₁, 2₁/O186, O186/3₀, 3₀/O186, O186/3₁, 3₁/O186, O186/5₀, 5₀/O186, O186/5₁, 5₁/O186, O186/7₀, 7₀/O186, O186/7₁, 7₁/O186, O186/13₀, 13₀/O186, O186/13₁, 13₁/O186, O186/19₀, 19₀/O186, O186/19₁, 19₁/O186, O186/11₀, 11₀/O186, O186/11₁, 11₁/O186, O186/17₀, 17₀/O186, O186/17₁, 17₁/O186, O186/23₁, 23₁/O186, 1/O186, [23,23]/O187, O187/[23,23], O187/4, 4/O187, O187/[2,3], [2,3]/O187, O187/[2,5], [2,5]/O187, O187/[2,7], [2,7]/O187, O187/[2,13], [2,13]/O187, O187/[2,19], [2,19]/O187, O187/[2,11], [2,11]/O187, O187/[2,17], [2,17]/O187, O187/[2,23], [2,23]/O187, O187/[3,2], [3,2]/O187, O187/[3,3], [3,3]/O187, O187/[3,5], [3,5]/O187, O187/[3,7], [3,7]/O187, O187/[3,13], [3,13]/O187, O187/[3,19], [3,19]/O187, O187/[3,11], [3,11]/O187, O187/[3,17], [3,17]/O187, O187/[3,23], [3,23]/O187, O187/[5,2], [5,2]/O187, O187/[5,3], [5,3]/O187, O187/[5,5], [5,5]/O187, O187/[5,7], [5,7]/O187, O187/[5,13], [5,13]/O187, O187/[5,19], [5,19]/O187, O187/[5,11], [5,11]/O187, O187/[5,17], [5,17]/O187, O187/[5,23], [5,23]/O187, O187/[7,2], [7,2]/O187, O187/[7,3], [7,3]/O187, O187/[7,5], [7,5]/O187, O187/[7,7], [7,7]/O187, O187/[7,13], [7,13]/O187, O187/[7,11], [7,11]/O187, O187/[7,17], [7,17]/O187, O187/[13,2], [13,2]/O187, O187/[13,3], [13,3]/O187, O187/[13,5], [13,5]/O187, O187/[13,7], [13,7]/O187, O187/[13,13], [13,13]/O187, O187/[13,11], [13,11]/O187, O187/[13,17], [13,17]/O187, O187/[19,2], [19,2]/O187, O187/[19,3], [19,3]/O187, O187/[19,5], [19,5]/O187, O187/[19,7], [19,7]/O187, O187/[19,13], [19,13]/O187, O187/[19,11], [19,11]/O187, O187/[19,17], [19,17]/O187, [19,23]/O187, O187/[19,23], O187/[11,2], [11,2]/O187, O187/[11,3], [11,3]/O187, O187/[11,5], [11,5]/O187, O187/[11,7], [11,7]/O187, O187/[11,13], [11,13]/O187, O187/[11,11], [11,11]/O187, O187/[11,17], [11,17]/O187, O187/[17,2], [17,2]/O187, O187/[17,3], [17,3]/O187, O187/[17,5], [17,5]/O187, O187/[17,7], [17,7]/O187, O187/[17,13], [17,13]/O187, O187/[17,11], [17,11]/O187, O187/[17,17], [17,17]/O187, O187/2₀, 2₀/O187, O187/2₁, 2₁/O187, O187/3₀, 3₀/O187, O187/3₁, 3₁/O187, O187/5₀, 5₀/O187, O187/5₁, 5₁/O187, O187/7₀, 7₀/O187, O187/7₁, 7₁/O187, O187/13₀, 13₀/O187, O187/13₁, 13₁/O187, O187/19₀, 19₀/O187, O187/19₁, 19₁/O187, O187/11₀, 11₀/O187, O187/11₁, 11₁/O187, O187/17₀, 17₀/O187, O187/17₁, 17₁/O187, O187/23₁, 23₁/O187, 1/O187, [23,23]/O188, O188/[23,23], O188/4, 4/O188, O188/[2,3], [2,3]/O188, O188/[2,5], [2,5]/O188, O188/[2,7], [2,7]/O188, O188/[2,13], [2,13]/O188, O188/[2,19], [2,19]/O188, O188/[2,11], [2,11]/O188, O188/[2,17], [2,17]/O188, O188/[2,23], [2,23]/O188, O188/[3,2], [3,2]/O188, O188/[3,3], [3,3]/O188, O188/[3,5], [3,5]/O188, O188/[3,7], [3,7]/O188, O188/[3,13], [3,13]/O188, O188/[3,19], [3,19]/O188, O188/[3,11], [3,11]/O188, O188/[3,17], [3,17]/O188, O188/[3,23], [3,23]/O188, O188/[5,2], [5,2]/O188, O188/[5,3], [5,3]/O188, O188/[5,5], [5,5]/O188, O188/[5,7], [5,7]/O188, O188/[5,13], [5,13]/O188, O188/[5,19], [5,19]/O188, O188/[5,11], [5,11]/O188, O188/[5,17], [5,17]/O188, O188/[5,23], [5,23]/O188, O188/[7,2], [7,2]/O188, O188/[7,3], [7,3]/O188, O188/[7,5], [7,5]/O188, O188/[7,7], [7,7]/O188, O188/[7,13], [7,13]/O188, O188/[7,19], [7,19]/O188, O188/[7,11], [7,11]/O188, O188/[7,17], [7,17]/O188, O188/[13,2], [13,2]/O188, O188/[13,3], [13,3]/O188, O188/[13,5], [13,5]/O188, O188/[13,7], [13,7]/O188, O188/[13,13], [13,13]/O188, O188/[13,19], [13,19]/O188, O188/[13,11], [13,11]/O188, O188/[13,17], [13,17]/O188, [19,23]/O188, O188/[19,23], O188/[11,2], [11,2]/O188, O188/[11,3], [11,3]/O188, O188/[11,5], [11,5]/O188, O188/[11,7], [11,7]/O188, O188/[11,13], [11,13]/O188, O188/[11,19], [11,19]/O188, O188/[11,11], [11,11]/O188, O188/[11,17], [11,17]/O188, O188/[17,2], [17,2]/O188, O188/[17,3], [17,3]/O188, O188/[17,5], [17,5]/O188, O188/[17,7], [17,7]/O188, O188/[17,13], [17,13]/O188, O188/[17,19], [17,19]/O188, O188/[17,11], [17,11]/O188, O188/[17,17], [17,17]/O188, [17,23]/O188, O188/[17,23], O188/2₀, 2₀/O188, O188/2₁, 2₁/O188, O188/3₀, 3₀/O188, O188/3₁, 3₁/O188, O188/5₀, 5₀/O188, O188/5₁, 5₁/O188, O188/7₀, 7₀/O188, O188/7₁, 7₁/O188, O188/13₀, 13₀/O188, O188/13₁, 13₁/O188, O188/19₁, 19₁/O188, O188/11₀, 11₀/O188, O188/11₁, 11₁/O188, O188/17₀, 17₀/O188, O188/17₁, 17₁/O188, O188/23₁, 23₁/O188, 1/O188, [23,23]/O189, O189/[23,23], O189/4, 4/O189, O189/[2,3], [2,3]/O189, O189/[2,5], [2,5]/O189, O189/[2,7], [2,7]/O189, O189/[2,13], [2,13]/O189, O189/[2,19], [2,19]/O189, O189/[2,11], [2,11]/O189, O189/[2,17], [2,17]/O189, O189/[2,23], [2,23]/O189, O189/[3,2], [3,2]/O189, O189/[3,3], [3,3]/O189, O189/[3,5], [3,5]/O189, O189/[3,7], [3,7]/O189, O189/[3,13], [3,13]/O189, O189/[3,19], [3,19]/O189, O189/[3,11], [3,11]/O189, O189/[3,17], [3,17]/O189, O189/[3,23], [3,23]/O189, O189/[5,2], [5,2]/O189, O189/[5,3], [5,3]/O189, O189/[5,5], [5,5]/O189, O189/[5,7], [5,7]/O189, O189/[5,13], [5,13]/O189, O189/[5,19], [5,19]/O189, O189/[5,11], [5,11]/O189, O189/[5,17], [5,17]/O189, O189/[5,23], [5,23]/O189, O189/[7,2], [7,2]/O189, O189/[7,3], [7,3]/O189, O189/[7,5], [7,5]/O189, O189/[7,7], [7,7]/O189, O189/[7,13], [7,13]/O189, O189/[7,19], [7,19]/O189, O189/[7,11], [7,11]/O189, O189/[7,17], [7,17]/O189, O189/[13,2], [13,2]/O189, O189/[13,3], [13,3]/O189, O189/[13,5], [13,5]/O189, O189/[13,7], [13,7]/O189, O189/[13,13], [13,13]/O189, O189/[13,19], [13,19]/O189, O189/[13,11], [13,11]/O189, O189/[13,17], [13,17]/O189, O189/[19,2], [19,2]/O189, O189/[19,3], [19,3]/O189, O189/[19,5], [19,5]/O189, O189/[19,7], [19,7]/O189, O189/[19,13], [19,13]/O189, O189/[19,19], [19,19]/O189, O189/[19,11], [19,11]/O189, O189/[19,17], [19,17]/O189, O189/[11,2], [11,2]/O189, O189/[11,3], [11,3]/O189, O189/[11,5], [11,5]/O189, O189/[11,7], [11,7]/O189, O189/[11,13], [11,13]/O189, O189/[11,19], [11,19]/O189, O189/[11,11], [11,11]/O189, O189/[11,17], [11,17]/O189, O189/[17,2], [17,2]/O189, O189/[17,3], [17,3]/O189, O189/[17,5], [17,5]/O189, O189/[17,7], [17,7]/O189, O189/[17,13], [17,13]/O189, O189/[17,19], [17,19]/O189, O189/[17,11], [17,11]/O189, O189/[17,17], [17,17]/O189, O189/[23,2], [23,2]/O189, O189/[23,3], [23,3]/O189, O189/[23,5], [23,5]/O189, O189/[23,7], [23,7]/O189, O189/[23,13], [23,13]/O189, O189/[23,19], [23,19]/O189, O189/[23,11], [23,11]/O189, O189/[23,17], [23,17]/O189, O189/2₀, 2₀/O189, O189/2₁, 2₁/O189, O189/3₀, 3₀/O189, O189/3₁, 3₁/O189, O189/5₀, 5₀/O189, O189/5₁, 5₁/O189, O189/7₀, 7₀/O189, O189/7₁, 7₁/O189, O189/13₀, 13₀/O189, O189/13₁, 13₁/O189, O189/19₀, 19₀/O189, O189/19₁, 19₁/O189, O189/11₀, 11₀/O189, O189/11₁, 11₁/O189, O189/17₀, 17₀/O189, O189/17₁, 17₁/O189, O189/23₀, 23₀/O189, O189/23₁, 23₁/O189, 1/O189, [23,23]/O190, O190/[23,23], O190/4, 4/O190, O190/[2,3], [2,3]/O190, O190/[2,5], [2,5]/O190, O190/[2,7], [2,7]/O190, O190/[2,13], [2,13]/O190, O190/[2,19], [2,19]/O190, O190/[2,11], [2,11]/O190, O190/[2,17], [2,17]/O190, O190/[2,23], [2,23]/O190, O190/[3,2], [3,2]/O190, O190/[3,3], [3,3]/O190, O190/[3,5], [3,5]/O190, O190/[3,7], [3,7]/O190, O190/[3,13], [3,13]/O190, O190/[3,19], [3,19]/O190, O190/[3,11], [3,11]/O190, O190/[3,17], [3,17]/O190, O190/[3,23], [3,23]/O190, O190/[5,2], [5,2]/O190, O190/[5,3], [5,3]/O190, O190/[5,5], [5,5]/O190, O190/[5,7], [5,7]/O190, O190/[5,13], [5,13]/O190, O190/[5,19], [5,19]/O190, O190/[5,11], [5,11]/O190, O190/[5,17], [5,17]/O190, O190/[5,23], [5,23]/O190, O190/[7,2], [7,2]/O190, O190/[7,3], [7,3]/O190, O190/[7,5], [7,5]/O190, O190/[7,7], [7,7]/O190, O190/[7,13], [7,13]/O190, O190/[7,11], [7,11]/O190, O190/[7,17], [7,17]/O190, O190/[13,2], [13,2]/O190, O190/[13,3], [13,3]/O190, O190/[13,5], [13,5]/O190, O190/[13,7], [13,7]/O190, O190/[13,13], [13,13]/O190, O190/[13,11], [13,11]/O190, O190/[13,17], [13,17]/O190, O190/[19,2], [19,2]/O190, O190/[19,3], [19,3]/O190, O190/[19,5], [19,5]/O190, O190/[19,7], [19,7]/O190, O190/[19,13], [19,13]/O190, O190/[19,11], [19,11]/O190, O190/[19,17], [19,17]/O190, O190/[11,2], [11,2]/O190, O190/[11,3], [11,3]/O190, O190/[11,5], [11,5]/O190, O190/[11,7], [11,7]/O190, O190/[11,13], [11,13]/O190, O190/[11,11], [11,11]/O190, O190/[11,17], [11,17]/O190, O190/[17,2], [17,2]/O190, O190/[17,3], [17,3]/O190, O190/[17,5], [17,5]/O190, O190/[17,7], [17,7]/O190, O190/[17,13], [17,13]/O190, O190/[17,11], [17,11]/O190, O190/[17,17], [17,17]/O190, O190/[23,2], [23,2]/O190, O190/[23,3], [23,3]/O190, O190/[23,5], [23,5]/O190, O190/[23,7], [23,7]/O190, O190/[23,13], [23,13]/O190, O190/[23,11], [23,11]/O190, O190/[23,17], [23,17]/O190, O190/2₀, 2₀/O190, O190/2₁, 2₁/O190, O190/3₀, 3₀/O190, O190/3₁, 3₁/O190, O190/5₀, 5₀/O190, O190/5₁, 5₁/O190, O190/7₀, 7₀/O190, O190/7₁, 7₁/O190, O190/13₀, 13₀/O190, O190/13₁, 13₁/O190, O190/19₀, 19₀/O190, O190/19₁, 19₁/O190, O190/11₀, 11₀/O190, O190/11₁, 11₁/O190, O190/17₀, 17₀/O190, O190/17₁, 17₁/O190, O190/23₀, 23₀/O190, O190/23₁, 23₁/O190, 1/O190, [23,23]/O191, O191/[23,23], O191/4, 4/O191, O191/[2,3], [2,3]/O191, O191/[2,5], [2,5]/O191, O191/[2,7], [2,7]/O191, O191/[2,13], [2,13]/O191, O191/[2,19], [2,19]/O191, O191/[2,11], [2,11]/O191, O191/[2,17], [2,17]/O191, O191/[3,2], [3,2]/O191, O191/[3,3], [3,3]/O191, O191/[3,5], [3,5]/O191, O191/[3,7], [3,7]/O191, O191/[3,13], [3,13]/O191, O191/[3,19], [3,19]/O191, O191/[3,11], [3,11]/O191, O191/[3,17], [3,17]/O191, O191/[5,2], [5,2]/O191, O191/[5,3], [5,3]/O191, O191/[5,5], [5,5]/O191, O191/[5,7], [5,7]/O191, O191/[5,13], [5,13]/O191, O191/[5,19], [5,19]/O191, O191/[5,11], [5,11]/O191, O191/[5,17], [5,17]/O191, O191/[7,2], [7,2]/O191, O191/[7,3], [7,3]/O191, O191/[7,5], [7,5]/O191, O191/[7,7], [7,7]/O191, O191/[7,13], [7,13]/O191, O191/[7,19], [7,19]/O191, O191/[7,11], [7,11]/O191, O191/[7,17], [7,17]/O191, O191/[13,2], [13,2]/O191, O191/[13,3], [13,3]/O191, O191/[13,5], [13,5]/O191, O191/[13,7], [13,7]/O191, O191/[13,11], [13,11]/O191, O191/[19,2], [19,2]/O191, O191/[19,3], [19,3]/O191, O191/[19,5], [19,5]/O191, O191/[19,7], [19,7]/O191, O191/[19,11], [19,11]/O191, O191/[11,2], [11,2]/O191, O191/[11,3], [11,3]/O191, O191/[11,5], [11,5]/O191, O191/[11,7], [11,7]/O191, O191/[11,11], [11,11]/O191, O191/[17,2], [17,2]/O191, O191/[17,3], [17,3]/O191, O191/[17,5], [17,5]/O191, O191/[17,7], [17,7]/O191, O191/[17,11], [17,11]/O191, O191/[23,2], [23,2]/O191, O191/[23,3], [23,3]/O191, O191/[23,5], [23,5]/O191, O191/[23,7], [23,7]/O191, [23,19]/O191, O191/[23,19], O191/[23,11], [23,11]/O191, O191/2₀, 2₀/O191, O191/2₁, 2₁/O191, O191/3₀, 3₀/O191, O191/3₁, 3₁/O191, O191/5₀, 5₀/O191, O191/5₁, 5₁/O191, O191/7₀, 7₀/O191, O191/7₁, 7₁/O191, O191/13₀, 13₀/O191, O191/13₁, 13₁/O191, O191/19₀, 19₀/O191, O191/19₁, 19₁/O191, O191/11₀, 11₀/O191, O191/11₁, 11₁/O191, O191/17₀, 17₀/O191, O191/17₁, 17₁/O191, O191/23₀, 23₀/O191, 1/O191, [23,23]/O192, O192/[23,23], O192/4, 4/O192, O192/[2,3], [2,3]/O192, O192/[2,5], [2,5]/O192, O192/[2,7], [2,7]/O192, O192/[2,13], [2,13]/O192, O192/[2,19], [2,19]/O192, O192/[2,11], [2,11]/O192, O192/[2,17], [2,17]/O192, O192/[3,2], [3,2]/O192, O192/[3,3], [3,3]/O192, O192/[3,5], [3,5]/O192, O192/[3,7], [3,7]/O192, O192/[3,13], [3,13]/O192, O192/[3,19], [3,19]/O192, O192/[3,11], [3,11]/O192, O192/[3,17], [3,17]/O192, O192/[5,2], [5,2]/O192, O192/[5,3], [5,3]/O192, O192/[5,5], [5,5]/O192, O192/[5,7], [5,7]/O192, O192/[5,13], [5,13]/O192, O192/[5,19], [5,19]/O192, O192/[5,11], [5,11]/O192, O192/[5,17], [5,17]/O192, O192/[7,2], [7,2]/O192, O192/[7,3], [7,3]/O192, O192/[7,5], [7,5]/O192, O192/[7,7], [7,7]/O192, O192/[7,13], [7,13]/O192, O192/[7,19], [7,19]/O192, O192/[7,11], [7,11]/O192, O192/[7,17], [7,17]/O192, O192/[13,2], [13,2]/O192, O192/[13,3], [13,3]/O192, O192/[13,5], [13,5]/O192, O192/[13,7], [13,7]/O192, O192/[13,13], [13,13]/O192, O192/[13,11], [13,11]/O192, O192/[13,17], [13,17]/O192, O192/[19,2], [19,2]/O192, O192/[19,3], [19,3]/O192, O192/[19,5], [19,5]/O192, O192/[19,7], [19,7]/O192, O192/[19,13], [19,13]/O192, O192/[19,11], [19,11]/O192, O192/[19,17], [19,17]/O192, O192/[11,2], [11,2]/O192, O192/[11,3], [11,3]/O192, O192/[11,5], [11,5]/O192, O192/[11,7], [11,7]/O192, O192/[11,13], [11,13]/O192, O192/[11,11], [11,11]/O192, O192/[11,17], [11,17]/O192, O192/[17,2], [17,2]/O192, O192/[17,3], [17,3]/O192, O192/[17,5], [17,5]/O192, O192/[17,7], [17,7]/O192, O192/[17,13], [17,13]/O192, O192/[17,11], [17,11]/O192, O192/[17,17], [17,17]/O192, O192/[23,2], [23,2]/O192, O192/[23,3], [23,3]/O192, O192/[23,5], [23,5]/O192, O192/[23,7], [23,7]/O192, O192/[23,13], [23,13]/O192, [23,19]/O192, O192/[23,19], O192/[23,11], [23,11]/O192, O192/[23,17], [23,17]/O192, O192/2₀, 2₀/O192, O192/2₁, 2₁/O192, O192/3₀, 3₀/O192, O192/3₁, 3₁/O192, O192/5₀, 5₀/O192, O192/5₁, 5₁/O192, O192/7₀, 7₀/O192, O192/7₁, 7₁/O192, O192/13₀, 13₀/O192, O192/13₁, 13₁/O192, O192/19₀, 19₀/O192, O192/19₁, 19₁/O192, O192/11₀, 11₀/O192, O192/11₁, 11₁/O192, O192/17₀, 17₀/O192, O192/17₁, 17₁/O192, O192/23₀, 23₀/O192, 1/O192, [23,23]/O193, O193/[23,23], O193/4, 4/O193, O193/[2,3], [2,3]/O193, O193/[2,5], [2,5]/O193, O193/[2,7], [2,7]/O193, O193/[2,13], [2,13]/O193, O193/[2,19], [2,19]/O193, O193/[2,11], [2,11]/O193, O193/[2,17], [2,17]/O193, O193/[2,23], [2,23]/O193, O193/[3,2], [3,2]/O193, O193/[3,3], [3,3]/O193, O193/[3,5], [3,5]/O193, O193/[3,7], [3,7]/O193, O193/[3,13], [3,13]/O193, O193/[3,19], [3,19]/O193, O193/[3,11], [3,11]/O193, O193/[3,17], [3,17]/O193, O193/[3,23], [3,23]/O193, O193/[5,2], [5,2]/O193, O193/[5,3], [5,3]/O193, O193/[5,5], [5,5]/O193, O193/[5,7], [5,7]/O193, O193/[5,13], [5,13]/O193, O193/[5,19], [5,19]/O193, O193/[5,11], [5,11]/O193, O193/[5,17], [5,17]/O193, O193/[5,23], [5,23]/O193, O193/[7,2], [7,2]/O193, O193/[7,3], [7,3]/O193, O193/[7,5], [7,5]/O193, O193/[7,7], [7,7]/O193, O193/[7,13], [7,13]/O193, O193/[7,19], [7,19]/O193, O193/[7,11], [7,11]/O193, O193/[7,17], [7,17]/O193, O193/[7,23], [7,23]/O193, O193/[13,2], [13,2]/O193, O193/[13,3], [13,3]/O193, O193/[13,5], [13,5]/O193, O193/[13,7], [13,7]/O193, O193/[13,13], [13,13]/O193, O193/[13,19], [13,19]/O193, O193/[13,11], [13,11]/O193, O193/[13,17], [13,17]/O193, O193/[19,2], [19,2]/O193, O193/[19,3], [19,3]/O193, O193/[19,5], [19,5]/O193, O193/[19,7], [19,7]/O193, O193/[19,13], [19,13]/O193, O193/[19,19], [19,19]/O193, O193/[19,11], [19,11]/O193, O193/[19,17], [19,17]/O193, [19,23]/O193, O193/[19,23], O193/[11,2], [11,2]/O193, O193/[11,3], [11,3]/O193, O193/[11,5], [11,5]/O193, O193/[11,7], [11,7]/O193, O193/[11,13], [11,13]/O193, O193/[11,19], [11,19]/O193, O193/[11,11], [11,11]/O193, O193/[11,17], [11,17]/O193, O193/[17,2], [17,2]/O193, O193/[17,3], [17,3]/O193, O193/[17,5], [17,5]/O193, O193/[17,7], [17,7]/O193, O193/[17,13], [17,13]/O193, O193/[17,19], [17,19]/O193, O193/[17,11], [17,11]/O193, O193/[17,17], [17,17]/O193, O193/2₀, 2₀/O193, O193/2₁, 2₁/O193, O193/3₀, 3₀/O193, O193/3₁, 3₁/O193, O193/5₀, 5₀/O193, O193/5₁, 5₁/O193, O193/7₀, 7₀/O193, O193/7₁, 7₁/O193, O193/13₀, 13₀/O193, O193/13₁, 13₁/O193, O193/19₀, 19₀/O193, O193/19₁, 19₁/O193, O193/11₀, 11₀/O193, O193/11₁, 11₁/O193, O193/17₀, 17₀/O193, O193/17₁, 17₁/O193, O193/23₁, 23₁/O193, 1/O193, [23,23]/O194, O194/[23,23], O194/4, 4/O194, O194/[2,3], [2,3]/O194, O194/[2,5], [2,5]/O194, O194/[2,7], [2,7]/O194, O194/[2,13], [2,13]/O194, O194/[2,19], [2,19]/O194, O194/[2,11], [2,11]/O194, O194/[2,17], [2,17]/O194, O194/[2,23], [2,23]/O194, O194/[3,2], [3,2]/O194, O194/[3,3], [3,3]/O194, O194/[3,5], [3,5]/O194, O194/[3,7], [3,7]/O194, O194/[3,13], [3,13]/O194, O194/[3,19], [3,19]/O194, O194/[3,11], [3,11]/O194, O194/[3,17], [3,17]/O194, O194/[3,23], [3,23]/O194, O194/[5,2], [5,2]/O194, O194/[5,3], [5,3]/O194, O194/[5,5], [5,5]/O194, O194/[5,7], [5,7]/O194, O194/[5,13], [5,13]/O194, O194/[5,19], [5,19]/O194, O194/[5,11], [5,11]/O194, O194/[5,17], [5,17]/O194, O194/[5,23], [5,23]/O194, O194/[7,2], [7,2]/O194, O194/[7,3], [7,3]/O194, O194/[7,5], [7,5]/O194, O194/[7,7], [7,7]/O194, O194/[7,13], [7,13]/O194, O194/[7,19], [7,19]/O194, O194/[7,11], [7,11]/O194, O194/[7,17], [7,17]/O194, O194/[7,23], [7,23]/O194, O194/[13,2], [13,2]/O194, O194/[13,3], [13,3]/O194, O194/[13,5], [13,5]/O194, O194/[13,7], [13,7]/O194, O194/[13,13], [13,13]/O194, O194/[13,11], [13,11]/O194, O194/[13,17], [13,17]/O194, O194/[19,2], [19,2]/O194, O194/[19,3], [19,3]/O194, O194/[19,5], [19,5]/O194, O194/[19,7], [19,7]/O194, O194/[19,13], [19,13]/O194, O194/[19,11], [19,11]/O194, O194/[19,17], [19,17]/O194, [19,23]/O194, O194/[19,23], O194/[11,2], [11,2]/O194, O194/[11,3], [11,3]/O194, O194/[11,5], [11,5]/O194, O194/[11,7], [11,7]/O194, O194/[11,13], [11,13]/O194, O194/[11,11], [11,11]/O194, O194/[11,17], [11,17]/O194, O194/[17,2], [17,2]/O194, O194/[17,3], [17,3]/O194, O194/[17,5], [17,5]/O194, O194/[17,7], [17,7]/O194, O194/[17,13], [17,13]/O194, O194/[17,11], [17,11]/O194, O194/[17,17], [17,17]/O194, O194/2₀, 2₀/O194, O194/2₁, 2₁/O194, O194/3₀, 3₀/O194, O194/3₁, 3₁/O194, O194/5₀, 5₀/O194, O194/5₁, 5₁/O194, O194/7₀, 7₀/O194, O194/7₁, 7₁/O194, O194/13₀, 13₀/O194, O194/13₁, 13₁/O194, O194/19₀, 19₀/O194, O194/19₁, 19₁/O194, O194/11₀, 11₀/O194, O194/11₁, 11₁/O194, O194/17₀, 17₀/O194, O194/17₁, 17₁/O194, O194/23₁, 23₁/O194, 1/O194, [23,23]/O195, O195/[23,23], O195/4, 4/O195, O195/[2,3], [2,3]/O195, O195/[2,5], [2,5]/O195, O195/[2,7], [2,7]/O195, O195/[2,13], [2,13]/O195, O195/[2,19], [2,19]/O195, O195/[2,11], [2,11]/O195, O195/[2,17], [2,17]/O195, O195/[2,23], [2,23]/O195, O195/[3,2], [3,2]/O195, O195/[3,3], [3,3]/O195, O195/[3,5], [3,5]/O195, O195/[3,7], [3,7]/O195, O195/[3,13], [3,13]/O195, O195/[3,19], [3,19]/O195, O195/[3,11], [3,11]/O195, O195/[3,17], [3,17]/O195, O195/[3,23], [3,23]/O195, O195/[5,2], [5,2]/O195, O195/[5,3], [5,3]/O195, O195/[5,5], [5,5]/O195, O195/[5,7], [5,7]/O195, O195/[5,13], [5,13]/O195, O195/[5,19], [5,19]/O195, O195/[5,11], [5,11]/O195, O195/[5,17], [5,17]/O195, O195/[5,23], [5,23]/O195, O195/[7,2], [7,2]/O195, O195/[7,3], [7,3]/O195, O195/[7,5], [7,5]/O195, O195/[7,7], [7,7]/O195, O195/[7,13], [7,13]/O195, O195/[7,19], [7,19]/O195, O195/[7,11], [7,11]/O195, O195/[7,17], [7,17]/O195, O195/[7,23], [7,23]/O195, [13,23]/O195, O195/[13,23], [19,23]/O195, O195/[19,23], O195/[11,2], [11,2]/O195, O195/[11,3], [11,3]/O195, O195/[11,5], [11,5]/O195, O195/[11,7], [11,7]/O195, O195/[11,13], [11,13]/O195, O195/[11,19], [11,19]/O195, O195/[11,11], [11,11]/O195, O195/[11,17], [11,17]/O195, [11,23]/O195, O195/[11,23], [17,23]/O195, O195/[17,23], O195/2₀, 2₀/O195, O195/2₁, 2₁/O195, O195/3₀, 3₀/O195, O195/3₁, 3₁/O195, O195/5₀, 5₀/O195, O195/5₁, 5₁/O195, O195/7₀, 7₀/O195, O195/7₁, 7₁/O195, O195/13₁, 13₁/O195, O195/19₁, 19₁/O195, O195/11₀, 11₀/O195, O195/11₁, 11₁/O195, O195/17₁, 17₁/O195, O195/23₁, 23₁/O195, 1/O195, [23,23]/O196, O196/[23,23], O196/4, 4/O196, O196/[2,3], [2,3]/O196, O196/[2,5], [2,5]/O196, O196/[2,7], [2,7]/O196, O196/[2,13], [2,13]/O196, O196/[2,19], [2,19]/O196, O196/[2,11], [2,11]/O196, O196/[2,17], [2,17]/O196, O196/[2,23], [2,23]/O196, O196/[3,2], [3,2]/O196, O196/[3,3], [3,3]/O196, O196/[3,5], [3,5]/O196, O196/[3,7], [3,7]/O196, O196/[3,13], [3,13]/O196, O196/[3,19], [3,19]/O196, O196/[3,11], [3,11]/O196, O196/[3,17], [3,17]/O196, O196/[3,23], [3,23]/O196, O196/[5,2], [5,2]/O196, O196/[5,3], [5,3]/O196, O196/[5,5], [5,5]/O196, O196/[5,7], [5,7]/O196, O196/[5,13], [5,13]/O196, O196/[5,19], [5,19]/O196, O196/[5,11], [5,11]/O196, O196/[5,17], [5,17]/O196, O196/[5,23], [5,23]/O196, O196/[7,2], [7,2]/O196, O196/[7,3], [7,3]/O196, O196/[7,5], [7,5]/O196, O196/[7,7], [7,7]/O196, O196/[7,13], [7,13]/O196, O196/[7,19], [7,19]/O196, O196/[7,11], [7,11]/O196, O196/[7,17], [7,17]/O196, O196/[7,23], [7,23]/O196, O196/[13,2], [13,2]/O196, O196/[13,3], [13,3]/O196, O196/[13,5], [13,5]/O196, O196/[13,7], [13,7]/O196, O196/[13,13], [13,13]/O196, O196/[13,19], [13,19]/O196, O196/[13,11], [13,11]/O196, O196/[13,17], [13,17]/O196, [19,23]/O196, O196/[19,23], O196/[11,2], [11,2]/O196, O196/[11,3], [11,3]/O196, O196/[11,5], [11,5]/O196, O196/[11,7], [11,7]/O196, O196/[11,13], [11,13]/O196, O196/[11,19], [11,19]/O196, O196/[11,11], [11,11]/O196, O196/[11,17], [11,17]/O196, O196/[17,2], [17,2]/O196, O196/[17,3], [17,3]/O196, O196/[17,5], [17,5]/O196, O196/[17,7], [17,7]/O196, O196/[17,13], [17,13]/O196, O196/[17,19], [17,19]/O196, O196/[17,11], [17,11]/O196, O196/[17,17], [17,17]/O196, [17,23]/O196, O196/[17,23], O196/2₀, 2₀/O196, O196/2₁, 2₁/O196, O196/3₀, 3₀/O196, O196/3₁, 3₁/O196, O196/5₀, 5₀/O196, O196/5₁, 5₁/O196, O196/7₀, 7₀/O196, O196/7₁, 7₁/O196, O196/13₀, 13₀/O196, O196/13₁, 13₁/O196, O196/19₁, 19₁/O196, O196/11₀, 11₀/O196, O196/11₁, 11₁/O196, O196/17₀, 17₀/O196, O196/17₁, 17₁/O196, O196/23₁, 23₁/O196, 1/O196, [23,23]/O197, O197/[23,23], O197/4, 4/O197, O197/[2,3], [2,3]/O197, O197/[2,5], [2,5]/O197, O197/[2,7], [2,7]/O197, O197/[2,13], [2,13]/O197, O197/[2,19], [2,19]/O197, O197/[2,11], [2,11]/O197, O197/[2,17], [2,17]/O197, O197/[2,23], [2,23]/O197, O197/[3,2], [3,2]/O197, O197/[3,3], [3,3]/O197, O197/[3,5], [3,5]/O197, O197/[3,7], [3,7]/O197, O197/[3,13], [3,13]/O197, O197/[3,19], [3,19]/O197, O197/[3,11], [3,11]/O197, O197/[3,17], [3,17]/O197, O197/[3,23], [3,23]/O197, O197/[5,2], [5,2]/O197, O197/[5,3], [5,3]/O197, O197/[5,5], [5,5]/O197, O197/[5,7], [5,7]/O197, O197/[5,13], [5,13]/O197, O197/[5,19], [5,19]/O197, O197/[5,11], [5,11]/O197, O197/[5,17], [5,17]/O197, O197/[5,23], [5,23]/O197, O197/[7,2], [7,2]/O197, O197/[7,3], [7,3]/O197, O197/[7,5], [7,5]/O197, O197/[7,7], [7,7]/O197, O197/[7,13], [7,13]/O197, O197/[7,19], [7,19]/O197, O197/[7,11], [7,11]/O197, O197/[7,17], [7,17]/O197, O197/[7,23], [7,23]/O197, O197/[13,2], [13,2]/O197, O197/[13,3], [13,3]/O197, O197/[13,5], [13,5]/O197, O197/[13,7], [13,7]/O197, O197/[13,13], [13,13]/O197, O197/[13,19], [13,19]/O197, O197/[13,11], [13,11]/O197, O197/[13,17], [13,17]/O197, O197/[19,2], [19,2]/O197, O197/[19,3], [19,3]/O197, O197/[19,5], [19,5]/O197, O197/[19,7], [19,7]/O197, O197/[19,13], [19,13]/O197, O197/[19,19], [19,19]/O197, O197/[19,11], [19,11]/O197, O197/[19,17], [19,17]/O197, O197/[11,2], [11,2]/O197, O197/[11,3], [11,3]/O197, O197/[11,5], [11,5]/O197, O197/[11,7], [11,7]/O197, O197/[11,13], [11,13]/O197, O197/[11,19], [11,19]/O197, O197/[11,11], [11,11]/O197, O197/[11,17], [11,17]/O197, O197/[17,2], [17,2]/O197, O197/[17,3], [17,3]/O197, O197/[17,5], [17,5]/O197, O197/[17,7], [17,7]/O197, O197/[17,13], [17,13]/O197, O197/[17,19], [17,19]/O197, O197/[17,11], [17,11]/O197, O197/[17,17], [17,17]/O197, O197/[23,2], [23,2]/O197, O197/[23,3], [23,3]/O197, O197/[23,5], [23,5]/O197, O197/[23,7], [23,7]/O197, O197/[23,13], [23,13]/O197, O197/[23,19], [23,19]/O197, O197/[23,11], [23,11]/O197, O197/[23,17], [23,17]/O197, O197/2₀, 2₀/O197, O197/2₁, 2₁/O197, O197/3₀, 3₀/O197, O197/3₁, 3₁/O197, O197/5₀, 5₀/O197, O197/5₁, 5₁/O197, O197/7₀, 7₀/O197, O197/7₁, 7₁/O197, O197/13₀, 13₀/O197, O197/13₁, 13₁/O197, O197/19₀, 19₀/O197, O197/19₁, 19₁/O197, O197/11₀, 11₀/O197, O197/11₁, 11₁/O197, O197/17₀, 17₀/O197, O197/17₁, 17₁/O197, O197/23₀, 23₀/O197, O197/23₁, 23₁/O197, 1/O197, [23,23]/O198, O198/[23,23], O198/4, 4/O198, O198/[2,3], [2,3]/O198, O198/[2,5], [2,5]/O198, O198/[2,7], [2,7]/O198, O198/[2,13], [2,13]/O198, O198/[2,19], [2,19]/O198, O198/[2,11], [2,11]/O198, O198/[2,17], [2,17]/O198, O198/[2,23], [2,23]/O198, O198/[3,2], [3,2]/O198, O198/[3,3], [3,3]/O198, O198/[3,5], [3,5]/O198, O198/[3,7], [3,7]/O198, O198/[3,13], [3,13]/O198, O198/[3,19], [3,19]/O198, O198/[3,11], [3,11]/O198, O198/[3,17], [3,17]/O198, O198/[3,23], [3,23]/O198, O198/[5,2], [5,2]/O198, O198/[5,3], [5,3]/O198, O198/[5,5], [5,5]/O198, O198/[5,7], [5,7]/O198, O198/[5,13], [5,13]/O198, O198/[5,19], [5,19]/O198, O198/[5,11], [5,11]/O198, O198/[5,17], [5,17]/O198, O198/[5,23], [5,23]/O198, O198/[7,2], [7,2]/O198, O198/[7,3], [7,3]/O198, O198/[7,5], [7,5]/O198, O198/[7,7], [7,7]/O198, O198/[7,13], [7,13]/O198, O198/[7,19], [7,19]/O198, O198/[7,11], [7,11]/O198, O198/[7,17], [7,17]/O198, O198/[7,23], [7,23]/O198, O198/[13,2], [13,2]/O198, O198/[13,3], [13,3]/O198, O198/[13,5], [13,5]/O198, O198/[13,7], [13,7]/O198, O198/[13,13], [13,13]/O198, O198/[13,11], [13,11]/O198, O198/[13,17], [13,17]/O198, O198/[19,2], [19,2]/O198, O198/[19,3], [19,3]/O198, O198/[19,5], [19,5]/O198, O198/[19,7], [19,7]/O198, O198/[19,13], [19,13]/O198, O198/[19,11], [19,11]/O198, O198/[19,17], [19,17]/O198, O198/[11,2], [11,2]/O198, O198/[11,3], [11,3]/O198, O198/[11,5], [11,5]/O198, O198/[11,7], [11,7]/O198, O198/[11,13], [11,13]/O198, O198/[11,11], [11,11]/O198, O198/[11,17], [11,17]/O198, O198/[17,2], [17,2]/O198, O198/[17,3], [17,3]/O198, O198/[17,5], [17,5]/O198, O198/[17,7], [17,7]/O198, O198/[17,13], [17,13]/O198, O198/[17,11], [17,11]/O198, O198/[17,17], [17,17]/O198, O198/[23,2], [23,2]/O198, O198/[23,3], [23,3]/O198, O198/[23,5], [23,5]/O198, O198/[23,7], [23,7]/O198, O198/[23,13], [23,13]/O198, O198/[23,11], [23,11]/O198, O198/[23,17], [23,17]/O198, O198/2₀, 2₀/O198, O198/2₁, 2₁/O198, O198/3₀, 3₀/O198, O198/3₁, 3₁/O198, O198/5₀, 5₀/O198, O198/5₁, 5₁/O198, O198/7₀, 7₀/O198, O198/7₁, 7₁/O198, O198/13₀, 13₀/O198, O198/13₁, 13₁/O198, O198/19₀, 19₀/O198, O198/19₁, 19₁/O198, O198/11₀, 11₀/O198, O198/11₁, 11₁/O198, O198/17₀, 17₀/O198, O198/17₁, 17₁/O198, O198/23₀, 23₀/O198, O198/23₁, 23₁/O198, 1/O198, [23,23]/O199, O199/[23,23], O199/4, 4/O199, O199/[2,3], [2,3]/O199, O199/[2,5], [2,5]/O199, O199/[2,7], [2,7]/O199, O199/[2,13], [2,13]/O199, O199/[2,19], [2,19]/O199, O199/[2,11], [2,11]/O199, O199/[2,17], [2,17]/O199, O199/[2,23], [2,23]/O199, O199/[3,2], [3,2]/O199, O199/[3,3], [3,3]/O199, O199/[3,5], [3,5]/O199, O199/[3,7], [3,7]/O199, O199/[3,13], [3,13]/O199, O199/[3,19], [3,19]/O199, O199/[3,11], [3,11]/O199, O199/[3,17], [3,17]/O199, O199/[3,23], [3,23]/O199, O199/[5,2], [5,2]/O199, O199/[5,3], [5,3]/O199, O199/[5,5], [5,5]/O199, O199/[5,7], [5,7]/O199, O199/[5,13], [5,13]/O199, O199/[5,19], [5,19]/O199, O199/[5,11], [5,11]/O199, O199/[5,17], [5,17]/O199, O199/[5,23], [5,23]/O199, O199/[7,2], [7,2]/O199, O199/[7,3], [7,3]/O199, O199/[7,5], [7,5]/O199, O199/[7,7], [7,7]/O199, O199/[7,13], [7,13]/O199, O199/[7,19], [7,19]/O199, O199/[7,11], [7,11]/O199, O199/[7,17], [7,17]/O199, O199/[7,23], [7,23]/O199, O199/[13,2], [13,2]/O199, O199/[13,3], [13,3]/O199, O199/[13,5], [13,5]/O199, O199/[13,7], [13,7]/O199, O199/[13,13], [13,13]/O199, O199/[13,11], [13,11]/O199, [13,23]/O199, O199/[13,23], [19,23]/O199, O199/[19,23], O199/[11,2], [11,2]/O199, O199/[11,3], [11,3]/O199, O199/[11,5], [11,5]/O199, O199/[11,7], [11,7]/O199, O199/[11,13], [11,13]/O199, O199/[11,19], [11,19]/O199, O199/[11,11], [11,11]/O199, O199/[11,17], [11,17]/O199, O199/[11,23], [11,23]/O199, [17,23]/O199, O199/[17,23], O199/2₀, 2₀/O199, O199/2₁, 2₁/O199, O199/3₀, 3₀/O199, O199/3₁, 3₁/O199, O199/5₀, 5₀/O199, O199/5₁, 5₁/O199, O199/7₀, 7₀/O199, O199/7₁, 7₁/O199, O199/13₀, 13₀/O199, O199/13₁, 13₁/O199, O199/19₁, 19₁/O199, O199/11₀, 11₀/O199, O199/11₁, 11₁/O199, O199/17₁, 17₁/O199, O199/23₁, 23₁/O199, 1/O199, [23,23]/O200, O200/[23,23], O200/4, 4/O200, O200/[2,3], [2,3]/O200, O200/[2,5], [2,5]/O200, O200/[2,7], [2,7]/O200, O200/[2,13], [2,13]/O200, O200/[2,19], [2,19]/O200, O200/[2,11], [2,11]/O200, O200/[2,17], [2,17]/O200, O200/[3,2], [3,2]/O200, O200/[3,3], [3,3]/O200, O200/[3,5], [3,5]/O200, O200/[3,7], [3,7]/O200, O200/[3,13], [3,13]/O200, O200/[3,19], [3,19]/O200, O200/[3,11], [3,11]/O200, O200/[3,17], [3,17]/O200, O200/[5,2], [5,2]/O200, O200/[5,3], [5,3]/O200, O200/[5,5], [5,5]/O200, O200/[5,7], [5,7]/O200, O200/[5,13], [5,13]/O200, O200/[5,19], [5,19]/O200, O200/[5,11], [5,11]/O200, O200/[5,17], [5,17]/O200, O200/[7,2], [7,2]/O200, O200/[7,3], [7,3]/O200, O200/[7,5], [7,5]/O200, O200/[7,7], [7,7]/O200, O200/[7,13], [7,13]/O200, O200/[7,19], [7,19]/O200, O200/[7,11], [7,11]/O200, O200/[7,17], [7,17]/O200, O200/[13,2], [13,2]/O200, O200/[13,3], [13,3]/O200, O200/[13,5], [13,5]/O200, O200/[13,7], [13,7]/O200, O200/[13,13], [13,13]/O200, O200/[13,19], [13,19]/O200, O200/[13,11], [13,11]/O200, O200/[13,17], [13,17]/O200, O200/[19,2], [19,2]/O200, O200/[19,3], [19,3]/O200, O200/[19,5], [19,5]/O200, O200/[19,7], [19,7]/O200, O200/[19,13], [19,13]/O200, O200/[19,11], [19,11]/O200, O200/[11,2], [11,2]/O200, O200/[11,3], [11,3]/O200, O200/[11,5], [11,5]/O200, O200/[11,7], [11,7]/O200, O200/[11,13], [11,13]/O200, O200/[11,19], [11,19]/O200, O200/[11,11], [11,11]/O200, O200/[11,17], [11,17]/O200, O200/[17,2], [17,2]/O200, O200/[17,3], [17,3]/O200, O200/[17,5], [17,5]/O200, O200/[17,7], [17,7]/O200, O200/[17,13], [17,13]/O200, O200/[17,11], [17,11]/O200, O200/[23,2], [23,2]/O200, O200/[23,3], [23,3]/O200, O200/[23,5], [23,5]/O200, O200/[23,7], [23,7]/O200, O200/[23,13], [23,13]/O200, [23,19]/O200, O200/[23,19], O200/[23,11], [23,11]/O200, O200/2₀, 2₀/O200, O200/2₁, 2₁/O200, O200/3₀, 3₀/O200, O200/3₁, 3₁/O200, O200/5₀, 5₀/O200, O200/5₁, 5₁/O200, O200/7₀, 7₀/O200, O200/7₁, 7₁/O200, O200/13₀, 13₀/O200, O200/13₁, 13₁/O200, O200/19₀, 19₀/O200, O200/19₁, 19₁/O200, O200/11₀, 11₀/O200, O200/11₁, 11₁/O200, O200/17₀, 17₀/O200, O200/17₁, 17₁/O200, O200/23₀, 23₀/O200, 1/O200, [23,23]/O201, O201/[23,23], O201/4, 4/O201, O201/[2,3], [2,3]/O201, O201/[2,5], [2,5]/O201, O201/[2,7], [2,7]/O201, O201/[2,13], [2,13]/O201, O201/[2,19], [2,19]/O201, O201/[2,11], [2,11]/O201, O201/[2,17], [2,17]/O201, O201/[3,2], [3,2]/O201, O201/[3,3], [3,3]/O201, O201/[3,5], [3,5]/O201, O201/[3,7], [3,7]/O201, O201/[3,13], [3,13]/O201, O201/[3,19], [3,19]/O201, O201/[3,11], [3,11]/O201, O201/[3,17], [3,17]/O201, O201/[5,2], [5,2]/O201, O201/[5,3], [5,3]/O201, O201/[5,5], [5,5]/O201, O201/[5,7], [5,7]/O201, O201/[5,13], [5,13]/O201, O201/[5,19], [5,19]/O201, O201/[5,11], [5,11]/O201, O201/[5,17], [5,17]/O201, O201/[7,2], [7,2]/O201, O201/[7,3], [7,3]/O201, O201/[7,5], [7,5]/O201, O201/[7,7], [7,7]/O201, O201/[7,13], [7,13]/O201, O201/[7,19], [7,19]/O201, O201/[7,11], [7,11]/O201, O201/[7,17], [7,17]/O201, O201/[13,2], [13,2]/O201, O201/[13,3], [13,3]/O201, O201/[13,5], [13,5]/O201, O201/[13,7], [13,7]/O201, O201/[13,13], [13,13]/O201, O201/[13,19], [13,19]/O201, O201/[13,11], [13,11]/O201, O201/[13,17], [13,17]/O201, O201/[19,2], [19,2]/O201, O201/[19,3], [19,3]/O201, O201/[19,5], [19,5]/O201, O201/[19,7], [19,7]/O201, O201/[19,13], [19,13]/O201, O201/[19,11], [19,11]/O201, O201/[19,17], [19,17]/O201, O201/[11,2], [11,2]/O201, O201/[11,3], [11,3]/O201, O201/[11,5], [11,5]/O201, O201/[11,7], [11,7]/O201, O201/[11,13], [11,13]/O201, O201/[11,19], [11,19]/O201, O201/[11,11], [11,11]/O201, O201/[11,17], [11,17]/O201, O201/[17,2], [17,2]/O201, O201/[17,3], [17,3]/O201, O201/[17,5], [17,5]/O201, O201/[17,7], [17,7]/O201, O201/[17,13], [17,13]/O201, O201/[17,11], [17,11]/O201, O201/[17,17], [17,17]/O201, O201/[23,2], [23,2]/O201, O201/[23,3], [23,3]/O201, O201/[23,5], [23,5]/O201, O201/[23,7], [23,7]/O201, O201/[23,13], [23,13]/O201, [23,19]/O201, O201/[23,19], O201/[23,11], [23,11]/O201, O201/[23,17], [23,17]/O201, O201/2₀, 2₀/O201, O201/2₁, 2₁/O201, O201/3₀, 3₀/O201, O201/3₁, 3₁/O201, O201/5₀, 5₀/O201, O201/5₁, 5₁/O201, O201/7₀, 7₀/O201, O201/7₁, 7₁/O201, O201/13₀, 13₀/O201, O201/13₁, 13₁/O201, O201/19₀, 19₀/O201, O201/19₁, 19₁/O201, O201/11₀, 11₀/O201, O201/11₁, 11₁/O201, O201/17₀, 17₀/O201, O201/17₁, 17₁/O201, O201/23₀, 23₀/O201, 1/O201, [23,23]/O202, O202/[23,23], O202/4, 4/O202, O202/[2,3], [2,3]/O202, O202/[2,5], [2,5]/O202, O202/[2,7], [2,7]/O202, O202/[2,13], [2,13]/O202, O202/[2,19], [2,19]/O202, O202/[2,11], [2,11]/O202, O202/[2,17], [2,17]/O202, O202/[2,23], [2,23]/O202, O202/[3,2], [3,2]/O202, O202/[3,3], [3,3]/O202, O202/[3,5], [3,5]/O202, O202/[3,7], [3,7]/O202, O202/[3,13], [3,13]/O202, O202/[3,19], [3,19]/O202, O202/[3,11], [3,11]/O202, O202/[3,17], [3,17]/O202, O202/[3,23], [3,23]/O202, O202/[5,2], [5,2]/O202, O202/[5,3], [5,3]/O202, O202/[5,5], [5,5]/O202, O202/[5,7], [5,7]/O202, O202/[5,13], [5,13]/O202, O202/[5,19], [5,19]/O202, O202/[5,11], [5,11]/O202, O202/[5,17], [5,17]/O202, O202/[5,23], [5,23]/O202, O202/[7,2], [7,2]/O202, O202/[7,3], [7,3]/O202, O202/[7,5], [7,5]/O202, O202/[7,7], [7,7]/O202, O202/[7,13], [7,13]/O202, O202/[7,19], [7,19]/O202, O202/[7,11], [7,11]/O202, O202/[7,17], [7,17]/O202, O202/[7,23], [7,23]/O202, O202/[13,2], [13,2]/O202, O202/[13,3], [13,3]/O202, O202/[13,5], [13,5]/O202, O202/[13,7], [13,7]/O202, O202/[13,13], [13,13]/O202, O202/[13,19], [13,19]/O202, O202/[13,11], [13,11]/O202, O202/[13,17], [13,17]/O202, O202/[13,23], [13,23]/O202, O202/[19,2], [19,2]/O202, O202/[19,3], [19,3]/O202, O202/[19,5], [19,5]/O202, O202/[19,7], [19,7]/O202, O202/[19,13], [19,13]/O202, O202/[19,19], [19,19]/O202, O202/[19,11], [19,11]/O202, O202/[19,17], [19,17]/O202, [19,23]/O202, O202/[19,23], O202/[11,2], [11,2]/O202, O202/[11,3], [11,3]/O202, O202/[11,5], [11,5]/O202, O202/[11,7], [11,7]/O202, O202/[11,13], [11,13]/O202, O202/[11,19], [11,19]/O202, O202/[11,11], [11,11]/O202, O202/[11,17], [11,17]/O202, O202/[11,23], [11,23]/O202, O202/[17,2], [17,2]/O202, O202/[17,3], [17,3]/O202, O202/[17,5], [17,5]/O202, O202/[17,7], [17,7]/O202, O202/[17,13], [17,13]/O202, O202/[17,19], [17,19]/O202, O202/[17,11], [17,11]/O202, O202/[17,17], [17,17]/O202, O202/2₀, 2₀/O202, O202/2₁, 2₁/O202, O202/3₀, 3₀/O202, O202/3₁, 3₁/O202, O202/5₀, 5₀/O202, O202/5₁, 5₁/O202, O202/7₀, 7₀/O202, O202/7₁, 7₁/O202, O202/13₀, 13₀/O202, O202/13₁, 13₁/O202, O202/19₀, 19₀/O202, O202/19₁, 19₁/O202, O202/11₀, 11₀/O202, O202/11₁, 11₁/O202, O202/17₀, 17₀/O202, O202/17₁, 17₁/O202, O202/23₁, 23₁/O202, 1/O202, [23,23]/O203, O203/[23,23], O203/4, 4/O203, O203/[2,3], [2,3]/O203, O203/[2,5], [2,5]/O203, O203/[2,7], [2,7]/O203, O203/[2,13], [2,13]/O203, O203/[2,19], [2,19]/O203, O203/[2,11], [2,11]/O203, O203/[2,17], [2,17]/O203, O203/[2,23], [2,23]/O203, O203/[3,2], [3,2]/O203, O203/[3,3], [3,3]/O203, O203/[3,5], [3,5]/O203, O203/[3,7], [3,7]/O203, O203/[3,13], [3,13]/O203, O203/[3,19], [3,19]/O203, O203/[3,11], [3,11]/O203, O203/[3,17], [3,17]/O203, O203/[3,23], [3,23]/O203, O203/[5,2], [5,2]/O203, O203/[5,3], [5,3]/O203, O203/[5,5], [5,5]/O203, O203/[5,7], [5,7]/O203, O203/[5,13], [5,13]/O203, O203/[5,19], [5,19]/O203, O203/[5,11], [5,11]/O203, O203/[5,17], [5,17]/O203, O203/[5,23], [5,23]/O203, O203/[7,2], [7,2]/O203, O203/[7,3], [7,3]/O203, O203/[7,5], [7,5]/O203, O203/[7,7], [7,7]/O203, O203/[7,13], [7,13]/O203, O203/[7,19], [7,19]/O203, O203/[7,11], [7,11]/O203, O203/[7,17], [7,17]/O203, O203/[7,23], [7,23]/O203, O203/[13,2], [13,2]/O203, O203/[13,3], [13,3]/O203, O203/[13,5], [13,5]/O203, O203/[13,7], [13,7]/O203, O203/[13,13], [13,13]/O203, O203/[13,19], [13,19]/O203, O203/[13,11], [13,11]/O203, O203/[13,17], [13,17]/O203, O203/[13,23], [13,23]/O203, [19,23]/O203, O203/[19,23], O203/[11,2], [11,2]/O203, O203/[11,3], [11,3]/O203, O203/[11,5], [11,5]/O203, O203/[11,7], [11,7]/O203, O203/[11,13], [11,13]/O203, O203/[11,19], [11,19]/O203, O203/[11,11], [11,11]/O203, O203/[11,17], [11,17]/O203, O203/[11,23], [11,23]/O203, O203/[17,2], [17,2]/O203, O203/[17,3], [17,3]/O203, O203/[17,5], [17,5]/O203, O203/[17,7], [17,7]/O203, O203/[17,13], [17,13]/O203, O203/[17,19], [17,19]/O203, O203/[17,11], [17,11]/O203, O203/[17,17], [17,17]/O203, [17,23]/O203, O203/[17,23], O203/2₀, 2₀/O203, O203/2₁, 2₁/O203, O203/3₀, 3₀/O203, O203/3₁, 3₁/O203, O203/5₀, 5₀/O203, O203/5₁, 5₁/O203, O203/7₀, 7₀/O203, O203/7₁, 7₁/O203, O203/13₀, 13₀/O203, O203/13₁, 13₁/O203, O203/19₁, 19₁/O203, O203/11₀, 11₀/O203, O203/11₁, 11₁/O203, O203/17₀, 17₀/O203, O203/17₁, 17₁/O203, O203/23₁, 23₁/O203, 1/O203, [23,23]/O204, O204/[23,23], O204/4, 4/O204, O204/[2,3], [2,3]/O204, O204/[2,5], [2,5]/O204, O204/[2,7], [2,7]/O204, O204/[2,13], [2,13]/O204, O204/[2,19], [2,19]/O204, O204/[2,11], [2,11]/O204, O204/[2,17], [2,17]/O204, O204/[2,23], [2,23]/O204, O204/[3,2], [3,2]/O204, O204/[3,3], [3,3]/O204, O204/[3,5], [3,5]/O204, O204/[3,7], [3,7]/O204, O204/[3,13], [3,13]/O204, O204/[3,19], [3,19]/O204, O204/[3,11], [3,11]/O204, O204/[3,17], [3,17]/O204, O204/[3,23], [3,23]/O204, O204/[5,2], [5,2]/O204, O204/[5,3], [5,3]/O204, O204/[5,5], [5,5]/O204, O204/[5,7], [5,7]/O204, O204/[5,13], [5,13]/O204, O204/[5,19], [5,19]/O204, O204/[5,11], [5,11]/O204, O204/[5,17], [5,17]/O204, O204/[5,23], [5,23]/O204, O204/[7,2], [7,2]/O204, O204/[7,3], [7,3]/O204, O204/[7,5], [7,5]/O204, O204/[7,7], [7,7]/O204, O204/[7,13], [7,13]/O204, O204/[7,19], [7,19]/O204, O204/[7,11], [7,11]/O204, O204/[7,17], [7,17]/O204, O204/[7,23], [7,23]/O204, O204/[13,2], [13,2]/O204, O204/[13,3], [13,3]/O204, O204/[13,5], [13,5]/O204, O204/[13,7], [13,7]/O204, O204/[13,13], [13,13]/O204, O204/[13,19], [13,19]/O204, O204/[13,11], [13,11]/O204, O204/[13,17], [13,17]/O204, O204/[13,23], [13,23]/O204, [19,23]/O204, O204/[19,23], O204/[11,2], [11,2]/O204, O204/[11,3], [11,3]/O204, O204/[11,5], [11,5]/O204, O204/[11,7], [11,7]/O204, O204/[11,13], [11,13]/O204, O204/[11,19], [11,19]/O204, O204/[11,11], [11,11]/O204, O204/[11,17], [11,17]/O204, O204/[11,23], [11,23]/O204, O204/[17,2], [17,2]/O204, O204/[17,3], [17,3]/O204, O204/[17,5], [17,5]/O204, O204/[17,7], [17,7]/O204, O204/[17,13], [17,13]/O204, O204/[17,11], [17,11]/O204, O204/[17,17], [17,17]/O204, [17,23]/O204, O204/[17,23], O204/2₀, 2₀/O204, O204/2₁, 2₁/O204, O204/3₀, 3₀/O204, O204/3₁, 3₁/O204, O204/5₀, 5₀/O204, O204/5₁, 5₁/O204, O204/7₀, 7₀/O204, O204/7₁, 7₁/O204, O204/13₀, 13₀/O204, O204/13₁, 13₁/O204, O204/19₁, 19₁/O204, O204/11₀, 11₀/O204, O204/11₁, 11₁/O204, O204/17₀, 17₀/O204, O204/17₁, 17₁/O204, O204/23₁, 23₁/O204, 1/O204, [23,23]/O205, O205/[23,23], O205/4, 4/O205, O205/[2,3], [2,3]/O205, O205/[2,5], [2,5]/O205, O205/[2,7], [2,7]/O205, O205/[2,13], [2,13]/O205, O205/[2,19], [2,19]/O205, O205/[2,11], [2,11]/O205, O205/[2,17], [2,17]/O205, O205/[2,23], [2,23]/O205, O205/[3,2], [3,2]/O205, O205/[3,3], [3,3]/O205, O205/[3,5], [3,5]/O205, O205/[3,7], [3,7]/O205, O205/[3,13], [3,13]/O205, O205/[3,19], [3,19]/O205, O205/[3,11], [3,11]/O205, O205/[3,17], [3,17]/O205, O205/[3,23], [3,23]/O205, O205/[5,2], [5,2]/O205, O205/[5,3], [5,3]/O205, O205/[5,5], [5,5]/O205, O205/[5,7], [5,7]/O205, O205/[5,13], [5,13]/O205, O205/[5,19], [5,19]/O205, O205/[5,11], [5,11]/O205, O205/[5,17], [5,17]/O205, O205/[5,23], [5,23]/O205, O205/[7,2], [7,2]/O205, O205/[7,3], [7,3]/O205, O205/[7,5], [7,5]/O205, O205/[7,7], [7,7]/O205, O205/[7,13], [7,13]/O205, O205/[7,19], [7,19]/O205, O205/[7,11], [7,11]/O205, O205/[7,17], [7,17]/O205, O205/[7,23], [7,23]/O205, O205/[13,2], [13,2]/O205, O205/[13,3], [13,3]/O205, O205/[13,5], [13,5]/O205, O205/[13,7], [13,7]/O205, O205/[13,13], [13,13]/O205, O205/[13,19], [13,19]/O205, O205/[13,11], [13,11]/O205, O205/[13,17], [13,17]/O205, O205/[13,23], [13,23]/O205, O205/[19,2], [19,2]/O205, O205/[19,3], [19,3]/O205, O205/[19,5], [19,5]/O205, O205/[19,7], [19,7]/O205, O205/[19,13], [19,13]/O205, O205/[19,11], [19,11]/O205, O205/[11,2], [11,2]/O205, O205/[11,3], [11,3]/O205, O205/[11,5], [11,5]/O205, O205/[11,7], [11,7]/O205, O205/[11,13], [11,13]/O205, O205/[11,19], [11,19]/O205, O205/[11,11], [11,11]/O205, O205/[11,17], [11,17]/O205, O205/[11,23], [11,23]/O205, O205/[17,2], [17,2]/O205, O205/[17,3], [17,3]/O205, O205/[17,5], [17,5]/O205, O205/[17,7], [17,7]/O205, O205/[17,13], [17,13]/O205, O205/[17,11], [17,11]/O205, O205/[23,2], [23,2]/O205, O205/[23,3], [23,3]/O205, O205/[23,5], [23,5]/O205, O205/[23,7], [23,7]/O205, O205/[23,13], [23,13]/O205, O205/[23,11], [23,11]/O205, O205/2₀, 2₀/O205, O205/2₁, 2₁/O205, O205/3₀, 3₀/O205, O205/3₁, 3₁/O205, O205/5₀, 5₀/O205, O205/5₁, 5₁/O205, O205/7₀, 7₀/O205, O205/7₁, 7₁/O205, O205/13₀, 13₀/O205, O205/13₁, 13₁/O205, O205/19₀, 19₀/O205, O205/19₁, 19₁/O205, O205/11₀, 11₀/O205, O205/11₁, 11₁/O205, O205/17₀, 17₀/O205, O205/17₁, 17₁/O205, O205/23₀, 23₀/O205, O205/23₁, 23₁/O205, 1/O205, [23,23]/O206, O206/[23,23], O206/4, 4/O206, O206/[2,3], [2,3]/O206, O206/[2,5], [2,5]/O206, O206/[2,7], [2,7]/O206, O206/[2,13], [2,13]/O206, O206/[2,19], [2,19]/O206, O206/[2,11], [2,11]/O206, O206/[2,17], [2,17]/O206, O206/[2,23], [2,23]/O206, O206/[3,2], [3,2]/O206, O206/[3,3], [3,3]/O206, O206/[3,5], [3,5]/O206, O206/[3,7], [3,7]/O206, O206/[3,13], [3,13]/O206, O206/[3,19], [3,19]/O206, O206/[3,11], [3,11]/O206, O206/[3,17], [3,17]/O206, O206/[3,23], [3,23]/O206, O206/[5,2], [5,2]/O206, O206/[5,3], [5,3]/O206, O206/[5,5], [5,5]/O206, O206/[5,7], [5,7]/O206, O206/[5,13], [5,13]/O206, O206/[5,19], [5,19]/O206, O206/[5,11], [5,11]/O206, O206/[5,17], [5,17]/O206, O206/[5,23], [5,23]/O206, O206/[7,2], [7,2]/O206, O206/[7,3], [7,3]/O206, O206/[7,5], [7,5]/O206, O206/[7,7], [7,7]/O206, O206/[7,13], [7,13]/O206, O206/[7,19], [7,19]/O206, O206/[7,11], [7,11]/O206, O206/[7,17], [7,17]/O206, O206/[7,23], [7,23]/O206, O206/[13,2], [13,2]/O206, O206/[13,3], [13,3]/O206, O206/[13,5], [13,5]/O206, O206/[13,7], [13,7]/O206, O206/[13,13], [13,13]/O206, O206/[13,19], [13,19]/O206, O206/[13,11], [13,11]/O206, O206/[13,17], [13,17]/O206, O206/[13,23], [13,23]/O206, O206/[19,2], [19,2]/O206, O206/[19,3], [19,3]/O206, O206/[19,5], [19,5]/O206, O206/[19,7], [19,7]/O206, O206/[19,13], [19,13]/O206, O206/[19,19], [19,19]/O206, O206/[19,11], [19,11]/O206, O206/[19,17], [19,17]/O206, O206/[11,2], [11,2]/O206, O206/[11,3], [11,3]/O206, O206/[11,5], [11,5]/O206, O206/[11,7], [11,7]/O206, O206/[11,13], [11,13]/O206, O206/[11,19], [11,19]/O206, O206/[11,11], [11,11]/O206, O206/[11,17], [11,17]/O206, O206/[11,23], [11,23]/O206, O206/[17,2], [17,2]/O206, O206/[17,3], [17,3]/O206, O206/[17,5], [17,5]/O206, O206/[17,7], [17,7]/O206, O206/[17,13], [17,13]/O206, O206/[17,19], [17,19]/O206, O206/[17,11], [17,11]/O206, O206/[17,17], [17,17]/O206, O206/[23,2], [23,2]/O206, O206/[23,3], [23,3]/O206, O206/[23,5], [23,5]/O206, O206/[23,7], [23,7]/O206, O206/[23,13], [23,13]/O206, O206/[23,19], [23,19]/O206, O206/[23,11], [23,11]/O206, O206/[23,17], [23,17]/O206, O206/2₀, 2₀/O206, O206/2₁, 2₁/O206, O206/3₀, 3₀/O206, O206/3₁, 3₁/O206, O206/5₀, 5₀/O206, O206/5₁, 5₁/O206, O206/7₀, 7₀/O206, O206/7₁, 7₁/O206, O206/13₀, 13₀/O206, O206/13₁, 13₁/O206, O206/19₀, 19₀/O206, O206/19₁, 19₁/O206, O206/11₀, 11₀/O206, O206/11₁, 11₁/O206, O206/17₀, 17₀/O206, O206/17₁, 17₁/O206, O206/23₀, 23₀/O206, O206/23₁, 23₁/O206, 1/O206, [23,23]/O207, O207/[23,23], O207/4, 4/O207, O207/[2,3], [2,3]/O207, O207/[2,5], [2,5]/O207, O207/[2,7], [2,7]/O207, O207/[2,13], [2,13]/O207, O207/[2,19], [2,19]/O207, O207/[2,11], [2,11]/O207, O207/[2,17], [2,17]/O207, O207/[2,23], [2,23]/O207, O207/[3,2], [3,2]/O207, O207/[3,3], [3,3]/O207, O207/[3,5], [3,5]/O207, O207/[3,7], [3,7]/O207, O207/[3,13], [3,13]/O207, O207/[3,19], [3,19]/O207, O207/[3,11], [3,11]/O207, O207/[3,17], [3,17]/O207, O207/[3,23], [3,23]/O207, O207/[5,2], [5,2]/O207, O207/[5,3], [5,3]/O207, O207/[5,5], [5,5]/O207, O207/[5,7], [5,7]/O207, O207/[5,13], [5,13]/O207, O207/[5,19], [5,19]/O207, O207/[5,11], [5,11]/O207, O207/[5,17], [5,17]/O207, O207/[5,23], [5,23]/O207, O207/[7,2], [7,2]/O207, O207/[7,3], [7,3]/O207, O207/[7,5], [7,5]/O207, O207/[7,7], [7,7]/O207, O207/[7,13], [7,13]/O207, O207/[7,19], [7,19]/O207, O207/[7,11], [7,11]/O207, O207/[7,17], [7,17]/O207, O207/[7,23], [7,23]/O207, O207/[13,2], [13,2]/O207, O207/[13,3], [13,3]/O207, O207/[13,5], [13,5]/O207, O207/[13,7], [13,7]/O207, O207/[13,13], [13,13]/O207, O207/[13,19], [13,19]/O207, O207/[13,11], [13,11]/O207, O207/[13,17], [13,17]/O207, O207/[13,23], [13,23]/O207, O207/[19,2], [19,2]/O207, O207/[19,3], [19,3]/O207, O207/[19,5], [19,5]/O207, O207/[19,7], [19,7]/O207, O207/[19,13], [19,13]/O207, O207/[19,11], [19,11]/O207, O207/[19,17], [19,17]/O207, O207/[11,2], [11,2]/O207, O207/[11,3], [11,3]/O207, O207/[11,5], [11,5]/O207, O207/[11,7], [11,7]/O207, O207/[11,13], [11,13]/O207, O207/[11,19], [11,19]/O207, O207/[11,11], [11,11]/O207, O207/[11,17], [11,17]/O207, O207/[11,23], [11,23]/O207, O207/[17,2], [17,2]/O207, O207/[17,3], [17,3]/O207, O207/[17,5], [17,5]/O207, O207/[17,7], [17,7]/O207, O207/[17,13], [17,13]/O207, O207/[17,11], [17,11]/O207, O207/[17,17], [17,17]/O207, O207/[23,2], [23,2]/O207, O207/[23,3], [23,3]/O207, O207/[23,5], [23,5]/O207, O207/[23,7], [23,7]/O207, O207/[23,13], [23,13]/O207, O207/[23,11], [23,11]/O207, O207/[23,17], [23,17]/O207, O207/2₀, 2₀/O207, O207/2₁, 2₁/O207, O207/3₀, 3₀/O207, O207/3₁, 3₁/O207, O207/5₀, 5₀/O207, O207/5₁, 5₁/O207, O207/7₀, 7₀/O207, O207/7₁, 7₁/O207, O207/13₀, 13₀/O207, O207/13₁, 13₁/O207, O207/19₀, 19₀/O207, O207/19₁, 19₁/O207, O207/11₀, 11₀/O207, O207/11₁, 11₁/O207, O207/17₀, 17₀/O207, O207/17₁, 17₁/O207, O207/23₀, 23₀/O207, O207/23₁, 23₁/O207, 1/O207, [23,23]/O208, O208/[23,23], O208/4, 4/O208, O208/[2,3], [2,3]/O208, O208/[2,5], [2,5]/O208, O208/[2,7], [2,7]/O208, O208/[2,13], [2,13]/O208, O208/[2,19], [2,19]/O208, O208/[2,11], [2,11]/O208, O208/[2,17], [2,17]/O208, O208/[2,23], [2,23]/O208, O208/[3,2], [3,2]/O208, O208/[3,3], [3,3]/O208, O208/[3,5], [3,5]/O208, O208/[3,7], [3,7]/O208, O208/[3,13], [3,13]/O208, O208/[3,19], [3,19]/O208, O208/[3,11], [3,11]/O208, O208/[3,17], [3,17]/O208, O208/[3,23], [3,23]/O208, O208/[5,2], [5,2]/O208, O208/[5,3], [5,3]/O208, O208/[5,5], [5,5]/O208, O208/[5,7], [5,7]/O208, O208/[5,13], [5,13]/O208, O208/[5,19], [5,19]/O208, O208/[5,11], [5,11]/O208, O208/[5,17], [5,17]/O208, O208/[5,23], [5,23]/O208, O208/[7,2], [7,2]/O208, O208/[7,3], [7,3]/O208, O208/[7,5], [7,5]/O208, O208/[7,7], [7,7]/O208, O208/[7,13], [7,13]/O208, O208/[7,19], [7,19]/O208, O208/[7,11], [7,11]/O208, O208/[7,17], [7,17]/O208, O208/[7,23], [7,23]/O208, O208/[13,2], [13,2]/O208, O208/[13,3], [13,3]/O208, O208/[13,5], [13,5]/O208, O208/[13,7], [13,7]/O208, O208/[13,13], [13,13]/O208, O208/[13,19], [13,19]/O208, O208/[13,11], [13,11]/O208, O208/[13,17], [13,17]/O208, O208/[13,23], [13,23]/O208, [19,23]/O208, O208/[19,23], O208/[11,2], [11,2]/O208, O208/[11,3], [11,3]/O208, O208/[11,5], [11,5]/O208, O208/[11,7], [11,7]/O208, O208/[11,13], [11,13]/O208, O208/[11,19], [11,19]/O208, O208/[11,11], [11,11]/O208, O208/[11,17], [11,17]/O208, O208/[11,23], [11,23]/O208, O208/2₀, 2₀/O208, O208/2₁, 2₁/O208, O208/3₀, 3₀/O208, O208/3₁, 3₁/O208, O208/5₀, 5₀/O208, O208/5₁, 5₁/O208, O208/7₀, 7₀/O208, O208/7₁, 7₁/O208, O208/13₀, 13₀/O208, O208/13₁, 13₁/O208, O208/19₀, 19₀/O208, O208/19₁, 19₁/O208, O208/11₀, 11₀/O208, O208/11₁, 11₁/O208, O208/17₀, 17₀/O208, O208/17₁, 17₁/O208, O208/23₁, 23₁/O208, 1/O208, [23,23]/O209, O209/[23,23], O209/4, 4/O209, O209/[2,3], [2,3]/O209, O209/[2,5], [2,5]/O209, O209/[2,7], [2,7]/O209, O209/[2,13], [2,13]/O209, O209/[2,19], [2,19]/O209, O209/[2,11], [2,11]/O209, O209/[2,17], [2,17]/O209, O209/[2,23], [2,23]/O209, O209/[3,2], [3,2]/O209, O209/[3,3], [3,3]/O209, O209/[3,5], [3,5]/O209, O209/[3,7], [3,7]/O209, O209/[3,13], [3,13]/O209, O209/[3,19], [3,19]/O209, O209/[3,11], [3,11]/O209, O209/[3,17], [3,17]/O209, O209/[3,23], [3,23]/O209, O209/[5,2], [5,2]/O209, O209/[5,3], [5,3]/O209, O209/[5,5], [5,5]/O209, O209/[5,7], [5,7]/O209, O209/[5,13], [5,13]/O209, O209/[5,19], [5,19]/O209, O209/[5,11], [5,11]/O209, O209/[5,17], [5,17]/O209, O209/[5,23], [5,23]/O209, O209/[7,2], [7,2]/O209, O209/[7,3], [7,3]/O209, O209/[7,5], [7,5]/O209, O209/[7,7], [7,7]/O209, O209/[7,13], [7,13]/O209, O209/[7,19], [7,19]/O209, O209/[7,11], [7,11]/O209, O209/[7,17], [7,17]/O209, O209/[7,23], [7,23]/O209, O209/[13,2], [13,2]/O209, O209/[13,3], [13,3]/O209, O209/[13,5], [13,5]/O209, O209/[13,7], [13,7]/O209, O209/[13,13], [13,13]/O209, O209/[13,19], [13,19]/O209, O209/[13,11], [13,11]/O209, O209/[13,17], [13,17]/O209, O209/[13,23], [13,23]/O209, O209/[19,2], [19,2]/O209, O209/[19,3], [19,3]/O209, O209/[19,5], [19,5]/O209, O209/[19,7], [19,7]/O209, O209/[19,13], [19,13]/O209, O209/[19,11], [19,11]/O209, O209/[19,17], [19,17]/O209, [19,23]/O209, O209/[19,23], O209/[11,2], [11,2]/O209, O209/[11,3], [11,3]/O209, O209/[11,5], [11,5]/O209, O209/[11,7], [11,7]/O209, O209/[11,13], [11,13]/O209, O209/[11,19], [11,19]/O209, O209/[11,11], [11,11]/O209, O209/[11,17], [11,17]/O209, O209/[11,23], [11,23]/O209, O209/[17,2], [17,2]/O209, O209/[17,3], [17,3]/O209, O209/[17,5], [17,5]/O209, O209/[17,7], [17,7]/O209, O209/[17,13], [17,13]/O209, O209/[17,19], [17,19]/O209, O209/[17,11], [17,11]/O209, O209/[17,17], [17,17]/O209, O209/[17,23], [17,23]/O209, O209/2₀, 2₀/O209, O209/2₁, 2₁/O209, O209/3₀, 3₀/O209, O209/3₁, 3₁/O209, O209/5₀, 5₀/O209, O209/5₁, 5₁/O209, O209/7₀, 7₀/O209, O209/7₁, 7₁/O209, O209/13₀, 13₀/O209, O209/13₁, 13₁/O209, O209/19₀, 19₀/O209, O209/19₁, 19₁/O209, O209/11₀, 11₀/O209, O209/11₁, 11₁/O209, O209/17₀, 17₀/O209, O209/17₁, 17₁/O209, O209/23₁, 23₁/O209, 1/O209, [23,23]/O210, O210/[23,23], O210/4, 4/O210, O210/[2,3], [2,3]/O210, O210/[2,5], [2,5]/O210, O210/[2,7], [2,7]/O210, O210/[2,13], [2,13]/O210, O210/[2,19], [2,19]/O210, O210/[2,11], [2,11]/O210, O210/[2,17], [2,17]/O210, O210/[2,23], [2,23]/O210, O210/[3,2], [3,2]/O210, O210/[3,3], [3,3]/O210, O210/[3,5], [3,5]/O210, O210/[3,7], [3,7]/O210, O210/[3,13], [3,13]/O210, O210/[3,19], [3,19]/O210, O210/[3,11], [3,11]/O210, O210/[3,17], [3,17]/O210, O210/[3,23], [3,23]/O210, O210/[5,2], [5,2]/O210, O210/[5,3], [5,3]/O210, O210/[5,5], [5,5]/O210, O210/[5,7], [5,7]/O210, O210/[5,13], [5,13]/O210, O210/[5,19], [5,19]/O210, O210/[5,11], [5,11]/O210, O210/[5,17], [5,17]/O210, O210/[5,23], [5,23]/O210, O210/[7,2], [7,2]/O210, O210/[7,3], [7,3]/O210, O210/[7,5], [7,5]/O210, O210/[7,7], [7,7]/O210, O210/[7,13], [7,13]/O210, O210/[7,19], [7,19]/O210, O210/[7,11], [7,11]/O210, O210/[7,17], [7,17]/O210, O210/[7,23], [7,23]/O210, O210/[13,2], [13,2]/O210, O210/[13,3], [13,3]/O210, O210/[13,5], [13,5]/O210, O210/[13,7], [13,7]/O210, O210/[13,13], [13,13]/O210, O210/[13,19], [13,19]/O210, O210/[13,11], [13,11]/O210, O210/[13,17], [13,17]/O210, O210/[13,23], [13,23]/O210, O210/[19,2], [19,2]/O210, O210/[19,3], [19,3]/O210, O210/[19,5], [19,5]/O210, O210/[19,7], [19,7]/O210, O210/[19,13], [19,13]/O210, O210/[19,19], [19,19]/O210, O210/[19,11], [19,11]/O210, O210/[19,17], [19,17]/O210, O210/[19,23], [19,23]/O210, O210/[11,2], [11,2]/O210, O210/[11,3], [11,3]/O210, O210/[11,5], [11,5]/O210, O210/[11,7], [11,7]/O210, O210/[11,13], [11,13]/O210, O210/[11,19], [11,19]/O210, O210/[11,11], [11,11]/O210, O210/[11,17], [11,17]/O210, O210/[11,23], [11,23]/O210, O210/[17,2], [17,2]/O210, O210/[17,3], [17,3]/O210, O210/[17,5], [17,5]/O210, O210/[17,7], [17,7]/O210, O210/[17,13], [17,13]/O210, O210/[17,19], [17,19]/O210, O210/[17,11], [17,11]/O210, O210/[17,17], [17,17]/O210, O210/[17,23], [17,23]/O210, O210/[23,2], [23,2]/O210, O210/[23,3], [23,3]/O210, O210/[23,5], [23,5]/O210, O210/[23,7], [23,7]/O210, O210/[23,13], [23,13]/O210, O210/[23,19], [23,19]/O210, O210/[23,11], [23,11]/O210, O210/[23,17], [23,17]/O210, O210/2₀, 2₀/O210, O210/2₁, 2₁/O210, O210/3₀, 3₀/O210, O210/3₁, 3₁/O210, O210/5₀, 5₀/O210, O210/5₁, 5₁/O210, O210/7₀, 7₀/O210, O210/7₁, 7₁/O210, O210/13₀, 13₀/O210, O210/13₁, 13₁/O210, O210/19₀, 19₀/O210, O210/19₁, 19₁/O210, O210/11₀, 11₀/O210, O210/11₁, 11₁/O210, O210/17₀, 17₀/O210, O210/17₁, 17₁/O210, O210/23₀, 23₀/O210, O210/23₁, 23₁/O210, 1/O210, [23,23]/O211, O211/[23,23], O211/4, 4/O211, O211/[2,3], [2,3]/O211, O211/[2,5], [2,5]/O211, O211/[2,7], [2,7]/O211, O211/[2,13], [2,13]/O211, O211/[2,19], [2,19]/O211, O211/[2,11], [2,11]/O211, O211/[2,17], [2,17]/O211, O211/[2,23], [2,23]/O211, O211/[3,2], [3,2]/O211, O211/[3,3], [3,3]/O211, O211/[3,5], [3,5]/O211, O211/[3,7], [3,7]/O211, O211/[3,13], [3,13]/O211, O211/[3,19], [3,19]/O211, O211/[3,11], [3,11]/O211, O211/[3,17], [3,17]/O211, O211/[3,23], [3,23]/O211, O211/[5,2], [5,2]/O211, O211/[5,3], [5,3]/O211, O211/[5,5], [5,5]/O211, O211/[5,7], [5,7]/O211, O211/[5,13], [5,13]/O211, O211/[5,19], [5,19]/O211, O211/[5,11], [5,11]/O211, O211/[5,17], [5,17]/O211, O211/[5,23], [5,23]/O211, O211/[7,2], [7,2]/O211, O211/[7,3], [7,3]/O211, O211/[7,5], [7,5]/O211, O211/[7,7], [7,7]/O211, O211/[7,13], [7,13]/O211, O211/[7,19], [7,19]/O211, O211/[7,11], [7,11]/O211, O211/[7,17], [7,17]/O211, O211/[7,23], [7,23]/O211, O211/[13,2], [13,2]/O211, O211/[13,3], [13,3]/O211, O211/[13,5], [13,5]/O211, O211/[13,7], [13,7]/O211, O211/[13,13], [13,13]/O211, O211/[13,19], [13,19]/O211, O211/[13,11], [13,11]/O211, O211/[13,17], [13,17]/O211, O211/[13,23], [13,23]/O211, O211/[19,2], [19,2]/O211, O211/[19,3], [19,3]/O211, O211/[19,5], [19,5]/O211, O211/[19,7], [19,7]/O211, O211/[19,13], [19,13]/O211, O211/[19,19], [19,19]/O211, O211/[19,11], [19,11]/O211, O211/[19,17], [19,17]/O211, O211/[19,23], [19,23]/O211, O211/[11,2], [11,2]/O211, O211/[11,3], [11,3]/O211, O211/[11,5], [11,5]/O211, O211/[11,7], [11,7]/O211, O211/[11,13], [11,13]/O211, O211/[11,19], [11,19]/O211, O211/[11,11], [11,11]/O211, O211/[11,17], [11,17]/O211, O211/[11,23], [11,23]/O211, O211/[17,2], [17,2]/O211, O211/[17,3], [17,3]/O211, O211/[17,5], [17,5]/O211, O211/[17,7], [17,7]/O211, O211/[17,13], [17,13]/O211, O211/[17,19], [17,19]/O211, O211/[17,11], [17,11]/O211, O211/[17,17], [17,17]/O211, O211/[17,23], [17,23]/O211, O211/[23,2], [23,2]/O211, O211/[23,3], [23,3]/O211, O211/[23,5], [23,5]/O211, O211/[23,7], [23,7]/O211, O211/[23,11], [23,11]/O211, O211/2₀, 2₀/O211, O211/2₁, 2₁/O211, O211/3₀, 3₀/O211, O211/3₁, 3₁/O211, O211/5₀, 5₀/O211, O211/5₁, 5₁/O211, O211/7₀, 7₀/O211, O211/7₁, 7₁/O211, O211/13₀, 13₀/O211, O211/13₁, 13₁/O211, O211/19₀, 19₀/O211, O211/19₁, 19₁/O211, O211/11₀, 11₀/O211, O211/11₁, 11₁/O211, O211/17₀, 17₀/O211, O211/17₁, 17₁/O211, O211/23₀, 23₀/O211, O211/23₁, 23₁/O211, 1/O211, [23,23]/O212, O212/[23,23], O212/4, 4/O212, O212/[2,3], [2,3]/O212, O212/[2,5], [2,5]/O212, O212/[2,7], [2,7]/O212, O212/[2,13], [2,13]/O212, O212/[2,19], [2,19]/O212, O212/[2,11], [2,11]/O212, O212/[2,17], [2,17]/O212, O212/[2,23], [2,23]/O212, O212/[3,2], [3,2]/O212, O212/[3,3], [3,3]/O212, O212/[3,5], [3,5]/O212, O212/[3,7], [3,7]/O212, O212/[3,13], [3,13]/O212, O212/[3,19], [3,19]/O212, O212/[3,11], [3,11]/O212, O212/[3,17], [3,17]/O212, O212/[3,23], [3,23]/O212, O212/[5,2], [5,2]/O212, O212/[5,3], [5,3]/O212, O212/[5,5], [5,5]/O212, O212/[5,7], [5,7]/O212, O212/[5,13], [5,13]/O212, O212/[5,19], [5,19]/O212, O212/[5,11], [5,11]/O212, O212/[5,17], [5,17]/O212, O212/[5,23], [5,23]/O212, O212/[7,2], [7,2]/O212, O212/[7,3], [7,3]/O212, O212/[7,5], [7,5]/O212, O212/[7,7], [7,7]/O212, O212/[7,13], [7,13]/O212, O212/[7,19], [7,19]/O212, O212/[7,11], [7,11]/O212, O212/[7,17], [7,17]/O212, O212/[7,23], [7,23]/O212, O212/[13,2], [13,2]/O212, O212/[13,3], [13,3]/O212, O212/[13,5], [13,5]/O212, O212/[13,7], [13,7]/O212, O212/[13,13], [13,13]/O212, O212/[13,19], [13,19]/O212, O212/[13,11], [13,11]/O212, O212/[13,17], [13,17]/O212, O212/[13,23], [13,23]/O212, O212/[19,2], [19,2]/O212, O212/[19,3], [19,3]/O212, O212/[19,5], [19,5]/O212, O212/[19,7], [19,7]/O212, O212/[19,13], [19,13]/O212, O212/[19,19], [19,19]/O212, O212/[19,11], [19,11]/O212, O212/[19,17], [19,17]/O212, O212/[19,23], [19,23]/O212, O212/[11,2], [11,2]/O212, O212/[11,3], [11,3]/O212, O212/[11,5], [11,5]/O212, O212/[11,7], [11,7]/O212, O212/[11,13], [11,13]/O212, O212/[11,19], [11,19]/O212, O212/[11,11], [11,11]/O212, O212/[11,17], [11,17]/O212, O212/[11,23], [11,23]/O212, O212/[17,2], [17,2]/O212, O212/[17,3], [17,3]/O212, O212/[17,5], [17,5]/O212, O212/[17,7], [17,7]/O212, O212/[17,13], [17,13]/O212, O212/[17,19], [17,19]/O212, O212/[17,11], [17,11]/O212, O212/[17,17], [17,17]/O212, O212/[17,23], [17,23]/O212, O212/[23,2], [23,2]/O212, O212/[23,3], [23,3]/O212, O212/[23,5], [23,5]/O212, O212/[23,7], [23,7]/O212, O212/[23,13], [23,13]/O212, O212/[23,11], [23,11]/O212, O212/[23,17], [23,17]/O212, O212/2₀, 2₀/O212, O212/2₁, 2₁/O212, O212/3₀, 3₀/O212, O212/3₁, 3₁/O212, O212/5₀, 5₀/O212, O212/5₁, 5₁/O212, O212/7₀, 7₀/O212, O212/7₁, 7₁/O212, O212/13₀, 13₀/O212, O212/13₁, 13₁/O212, O212/19₀, 19₀/O212, O212/19₁, 19₁/O212, O212/11₀, 11₀/O212, O212/11₁, 11₁/O212, O212/17₀, 17₀/O212, O212/17₁, 17₁/O212, O212/23₀, 23₀/O212, O212/23₁, 23₁/O212, 1/O212, [23,23]/O213, O213/[23,23], O213/4, 4/O213, O213/[2,3], [2,3]/O213, O213/[2,5], [2,5]/O213, O213/[2,7], [2,7]/O213, O213/[2,13], [2,13]/O213, O213/[2,19], [2,19]/O213, O213/[2,11], [2,11]/O213, O213/[2,17], [2,17]/O213, O213/[2,23], [2,23]/O213, O213/[3,2], [3,2]/O213, O213/[3,3], [3,3]/O213, O213/[3,5], [3,5]/O213, O213/[3,7], [3,7]/O213, O213/[3,13], [3,13]/O213, O213/[3,19], [3,19]/O213, O213/[3,11], [3,11]/O213, O213/[3,17], [3,17]/O213, O213/[3,23], [3,23]/O213, O213/[5,2], [5,2]/O213, O213/[5,3], [5,3]/O213, O213/[5,5], [5,5]/O213, O213/[5,7], [5,7]/O213, O213/[5,13], [5,13]/O213, O213/[5,19], [5,19]/O213, O213/[5,11], [5,11]/O213, O213/[5,17], [5,17]/O213, O213/[5,23], [5,23]/O213, O213/[7,2], [7,2]/O213, O213/[7,3], [7,3]/O213, O213/[7,5], [7,5]/O213, O213/[7,7], [7,7]/O213, O213/[7,13], [7,13]/O213, O213/[7,19], [7,19]/O213, O213/[7,11], [7,11]/O213, O213/[7,17], [7,17]/O213, O213/[7,23], [7,23]/O213, O213/[13,2], [13,2]/O213, O213/[13,3], [13,3]/O213, O213/[13,5], [13,5]/O213, O213/[13,7], [13,7]/O213, O213/[13,13], [13,13]/O213, O213/[13,19], [13,19]/O213, O213/[13,11], [13,11]/O213, O213/[13,17], [13,17]/O213, O213/[13,23], [13,23]/O213, O213/[19,2], [19,2]/O213, O213/[19,3], [19,3]/O213, O213/[19,5], [19,5]/O213, O213/[19,7], [19,7]/O213, O213/[19,13], [19,13]/O213, O213/[19,19], [19,19]/O213, O213/[19,11], [19,11]/O213, O213/[19,17], [19,17]/O213, O213/[19,23], [19,23]/O213, O213/[11,2], [11,2]/O213, O213/[11,3], [11,3]/O213, O213/[11,5], [11,5]/O213, O213/[11,7], [11,7]/O213, O213/[11,13], [11,13]/O213, O213/[11,19], [11,19]/O213, O213/[11,11], [11,11]/O213, O213/[11,17], [11,17]/O213, O213/[11,23], [11,23]/O213, O213/[17,2], [17,2]/O213, O213/[17,3], [17,3]/O213, O213/[17,5], [17,5]/O213, O213/[17,7], [17,7]/O213, O213/[17,13], [17,13]/O213, O213/[17,19], [17,19]/O213, O213/[17,11], [17,11]/O213, O213/[17,17], [17,17]/O213, O213/[17,23], [17,23]/O213, O213/2₀, 2₀/O213, O213/2₁, 2₁/O213, O213/3₀, 3₀/O213, O213/3₁, 3₁/O213, O213/5₀, 5₀/O213, O213/5₁, 5₁/O213, O213/7₀, 7₀/O213, O213/7₁, 7₁/O213, O213/13₀, 13₀/O213, O213/13₁, 13₁/O213, O213/19₀, 19₀/O213, O213/19₁, 19₁/O213, O213/11₀, 11₀/O213, O213/11₁, 11₁/O213, O213/17₀, 17₀/O213, O213/17₁, 17₁/O213, O213/23₀, 23₀/O213, O213/23₁, 23₁/O213, 1/O213, [23,23]/O214, O214/[23,23], O214/4, 4/O214, O214/[2,3], [2,3]/O214, O214/[2,5], [2,5]/O214, O214/[2,7], [2,7]/O214, O214/[2,13], [2,13]/O214, O214/[2,19], [2,19]/O214, O214/[2,11], [2,11]/O214, O214/[2,17], [2,17]/O214, O214/[2,23], [2,23]/O214, O214/[3,2], [3,2]/O214, O214/[3,3], [3,3]/O214, O214/[3,5], [3,5]/O214, O214/[3,7], [3,7]/O214, O214/[3,13], [3,13]/O214, O214/[3,19], [3,19]/O214, O214/[3,11], [3,11]/O214, O214/[3,17], [3,17]/O214, O214/[3,23], [3,23]/O214, O214/[5,2], [5,2]/O214, O214/[5,3], [5,3]/O214, O214/[5,5], [5,5]/O214, O214/[5,7], [5,7]/O214, O214/[5,13], [5,13]/O214, O214/[5,19], [5,19]/O214, O214/[5,11], [5,11]/O214, O214/[5,17], [5,17]/O214, O214/[5,23], [5,23]/O214, O214/[7,2], [7,2]/O214, O214/[7,3], [7,3]/O214, O214/[7,5], [7,5]/O214, O214/[7,7], [7,7]/O214, O214/[7,13], [7,13]/O214, O214/[7,19], [7,19]/O214, O214/[7,11], [7,11]/O214, O214/[7,17], [7,17]/O214, O214/[7,23], [7,23]/O214, O214/[13,2], [13,2]/O214, O214/[13,3], [13,3]/O214, O214/[13,5], [13,5]/O214, O214/[13,7], [13,7]/O214, O214/[13,13], [13,13]/O214, O214/[13,11], [13,11]/O214, O214/[13,17], [13,17]/O214, [19,23]/O214, O214/[19,23], O214/[11,2], [11,2]/O214, O214/[11,3], [11,3]/O214, O214/[11,5], [11,5]/O214, O214/[11,7], [11,7]/O214, O214/[11,13], [11,13]/O214, O214/[11,19], [11,19]/O214, O214/[11,11], [11,11]/O214, O214/[11,17], [11,17]/O214, O214/[11,23], [11,23]/O214, O214/[17,2], [17,2]/O214, O214/[17,3], [17,3]/O214, O214/[17,5], [17,5]/O214, O214/[17,7], [17,7]/O214, O214/[17,13], [17,13]/O214, O214/[17,11], [17,11]/O214, O214/[17,17], [17,17]/O214, [17,23]/O214, O214/[17,23], O214/2₀, 2₀/O214, O214/2₁, 2₁/O214, O214/3₀, 3₀/O214, O214/3₁, 3₁/O214, O214/5₀, 5₀/O214, O214/5₁, 5₁/O214, O214/7₀, 7₀/O214, O214/7₁, 7₁/O214, O214/13₀, 13₀/O214, O214/13₁, 13₁/O214, O214/19₁, 19₁/O214, O214/11₀, 11₀/O214, O214/11₁, 11₁/O214, O214/17₀, 17₀/O214, O214/17₁, 17₁/O214, O214/23₁, 23₁/O214, 1/O214, [23,23]/O215, O215/[23,23], O215/4, 4/O215, O215/[2,3], [2,3]/O215, O215/[2,5], [2,5]/O215, O215/[2,7], [2,7]/O215, O215/[2,13], [2,13]/O215, O215/[2,19], [2,19]/O215, O215/[2,11], [2,11]/O215, O215/[2,17], [2,17]/O215, O215/[2,23], [2,23]/O215, O215/[3,2], [3,2]/O215, O215/[3,3], [3,3]/O215, O215/[3,5], [3,5]/O215, O215/[3,7], [3,7]/O215, O215/[3,13], [3,13]/O215, O215/[3,19], [3,19]/O215, O215/[3,11], [3,11]/O215, O215/[3,17], [3,17]/O215, O215/[3,23], [3,23]/O215, O215/[5,2], [5,2]/O215, O215/[5,3], [5,3]/O215, O215/[5,5], [5,5]/O215, O215/[5,7], [5,7]/O215, O215/[5,13], [5,13]/O215, O215/[5,19], [5,19]/O215, O215/[5,11], [5,11]/O215, O215/[5,17], [5,17]/O215, O215/[5,23], [5,23]/O215, O215/[7,2], [7,2]/O215, O215/[7,3], [7,3]/O215, O215/[7,5], [7,5]/O215, O215/[7,7], [7,7]/O215, O215/[7,13], [7,13]/O215, O215/[7,19], [7,19]/O215, O215/[7,11], [7,11]/O215, O215/[7,17], [7,17]/O215, O215/[7,23], [7,23]/O215, O215/[13,2], [13,2]/O215, O215/[13,3], [13,3]/O215, O215/[13,5], [13,5]/O215, O215/[13,7], [13,7]/O215, O215/[13,11], [13,11]/O215, O215/[19,2], [19,2]/O215, O215/[19,3], [19,3]/O215, O215/[19,5], [19,5]/O215, O215/[19,7], [19,7]/O215, O215/[19,11], [19,11]/O215, O215/[11,2], [11,2]/O215, O215/[11,3], [11,3]/O215, O215/[11,5], [11,5]/O215, O215/[11,7], [11,7]/O215, O215/[11,13], [11,13]/O215, O215/[11,19], [11,19]/O215, O215/[11,11], [11,11]/O215, O215/[11,17], [11,17]/O215, O215/[11,23], [11,23]/O215, O215/[17,2], [17,2]/O215, O215/[17,3], [17,3]/O215, O215/[17,5], [17,5]/O215, O215/[17,7], [17,7]/O215, O215/[17,11], [17,11]/O215, O215/[23,2], [23,2]/O215, O215/[23,3], [23,3]/O215, O215/[23,5], [23,5]/O215, O215/[23,7], [23,7]/O215, O215/[23,11], [23,11]/O215, O215/2₀, 2₀/O215, O215/2₁, 2₁/O215, O215/3₀, 3₀/O215, O215/3₁, 3₁/O215, O215/5₀, 5₀/O215, O215/5₁, 5₁/O215, O215/7₀, 7₀/O215, O215/7₁, 7₁/O215, O215/13₀, 13₀/O215, O215/13₁, 13₁/O215, O215/19₀, 19₀/O215, O215/19₁, 19₁/O215, O215/11₀, 11₀/O215, O215/11₁, 11₁/O215, O215/17₀, 17₀/O215, O215/17₁, 17₁/O215, O215/23₀, 23₀/O215, O215/23₁, 23₁/O215, 1/O215, [23,23]/O216, O216/[23,23], O216/4, 4/O216, O216/[2,3], [2,3]/O216, O216/[2,5], [2,5]/O216, O216/[2,7], [2,7]/O216, O216/[2,13], [2,13]/O216, O216/[2,19], [2,19]/O216, O216/[2,11], [2,11]/O216, O216/[2,17], [2,17]/O216, O216/[2,23], [2,23]/O216, O216/[3,2], [3,2]/O216, O216/[3,3], [3,3]/O216, O216/[3,5], [3,5]/O216, O216/[3,7], [3,7]/O216, O216/[3,13], [3,13]/O216, O216/[3,19], [3,19]/O216, O216/[3,11], [3,11]/O216, O216/[3,17], [3,17]/O216, O216/[3,23], [3,23]/O216, O216/[5,2], [5,2]/O216, O216/[5,3], [5,3]/O216, O216/[5,5], [5,5]/O216, O216/[5,7], [5,7]/O216, O216/[5,13], [5,13]/O216, O216/[5,19], [5,19]/O216, O216/[5,11], [5,11]/O216, O216/[5,17], [5,17]/O216, O216/[5,23], [5,23]/O216, O216/[7,2], [7,2]/O216, O216/[7,3], [7,3]/O216, O216/[7,5], [7,5]/O216, O216/[7,7], [7,7]/O216, O216/[7,13], [7,13]/O216, O216/[7,19], [7,19]/O216, O216/[7,11], [7,11]/O216, O216/[7,17], [7,17]/O216, O216/[7,23], [7,23]/O216, [19,23]/O216, O216/[19,23], O216/[11,2], [11,2]/O216, O216/[11,3], [11,3]/O216, O216/[11,5], [11,5]/O216, O216/[11,7], [11,7]/O216, O216/[11,13], [11,13]/O216, O216/[11,19], [11,19]/O216, O216/[11,11], [11,11]/O216, O216/[11,17], [11,17]/O216, O216/[11,23], [11,23]/O216, O216/2₀, 2₀/O216, O216/2₁, 2₁/O216, O216/3₀, 3₀/O216, O216/3₁, 3₁/O216, O216/5₀, 5₀/O216, O216/5₁, 5₁/O216, O216/7₀, 7₀/O216, O216/7₁, 7₁/O216, O216/13₀, 13₀/O216, O216/13₁, 13₁/O216, O216/19₀, 19₀/O216, O216/19₁, 19₁/O216, O216/11₀, 11₀/O216, O216/11₁, 11₁/O216, O216/17₀, 17₀/O216, O216/17₁, 17₁/O216, O216/23₁, 23₁/O216, 1/O216, [23,23]/O217, O217/[23,23], O217/4, 4/O217, O217/[2,3], [2,3]/O217, O217/[2,5], [2,5]/O217, O217/[2,7], [2,7]/O217, O217/[2,13], [2,13]/O217, O217/[2,19], [2,19]/O217, O217/[2,11], [2,11]/O217, O217/[2,17], [2,17]/O217, O217/[2,23], [2,23]/O217, O217/[3,2], [3,2]/O217, O217/[3,3], [3,3]/O217, O217/[3,5], [3,5]/O217, O217/[3,7], [3,7]/O217, O217/[3,13], [3,13]/O217, O217/[3,19], [3,19]/O217, O217/[3,11], [3,11]/O217, O217/[3,17], [3,17]/O217, O217/[3,23], [3,23]/O217, O217/[5,2], [5,2]/O217, O217/[5,3], [5,3]/O217, O217/[5,5], [5,5]/O217, O217/[5,7], [5,7]/O217, O217/[5,13], [5,13]/O217, O217/[5,19], [5,19]/O217, O217/[5,11], [5,11]/O217, O217/[5,17], [5,17]/O217, O217/[5,23], [5,23]/O217, O217/[7,2], [7,2]/O217, O217/[7,3], [7,3]/O217, O217/[7,5], [7,5]/O217, O217/[7,7], [7,7]/O217, O217/[7,13], [7,13]/O217, O217/[7,19], [7,19]/O217, O217/[7,11], [7,11]/O217, O217/[7,17], [7,17]/O217, O217/[7,23], [7,23]/O217, O217/[13,2], [13,2]/O217, O217/[13,3], [13,3]/O217, O217/[13,5], [13,5]/O217, O217/[13,7], [13,7]/O217, O217/[13,13], [13,13]/O217, O217/[13,19], [13,19]/O217, O217/[13,11], [13,11]/O217, O217/[13,17], [13,17]/O217, O217/[13,23], [13,23]/O217, O217/[19,2], [19,2]/O217, O217/[19,3], [19,3]/O217, O217/[19,5], [19,5]/O217, O217/[19,7], [19,7]/O217, O217/[19,13], [19,13]/O217, O217/[19,11], [19,11]/O217, O217/[19,17], [19,17]/O217, O217/[11,2], [11,2]/O217, O217/[11,3], [11,3]/O217, O217/[11,5], [11,5]/O217, O217/[11,7], [11,7]/O217, O217/[11,13], [11,13]/O217, O217/[11,19], [11,19]/O217, O217/[11,11], [11,11]/O217, O217/[11,17], [11,17]/O217, O217/[11,23], [11,23]/O217, O217/[17,2], [17,2]/O217, O217/[17,3], [17,3]/O217, O217/[17,5], [17,5]/O217, O217/[17,7], [17,7]/O217, O217/[17,13], [17,13]/O217, O217/[17,19], [17,19]/O217, O217/[17,11], [17,11]/O217, O217/[17,17], [17,17]/O217, O217/[17,23], [17,23]/O217, O217/[23,2], [23,2]/O217, O217/[23,3], [23,3]/O217, O217/[23,5], [23,5]/O217, O217/[23,7], [23,7]/O217, O217/[23,13], [23,13]/O217, O217/[23,11], [23,11]/O217, O217/[23,17], [23,17]/O217, O217/2₀, 2₀/O217, O217/2₁, 2₁/O217, O217/3₀, 3₀/O217, O217/3₁, 3₁/O217, O217/5₀, 5₀/O217, O217/5₁, 5₁/O217, O217/7₀, 7₀/O217, O217/7₁, 7₁/O217, O217/13₀, 13₀/O217, O217/13₁, 13₁/O217, O217/19₀, 19₀/O217, O217/19₁, 19₁/O217, O217/11₀, 11₀/O217, O217/11₁, 11₁/O217, O217/17₀, 17₀/O217, O217/17₁, 17₁/O217, O217/23₀, 23₀/O217, O217/23₁, 23₁/O217, 1/O217, [23,23]/O218, O218/[23,23], O218/4, 4/O218, O218/[2,3], [2,3]/O218, O218/[2,5], [2,5]/O218, O218/[2,7], [2,7]/O218, O218/[2,13], [2,13]/O218, O218/[2,19], [2,19]/O218, O218/[2,11], [2,11]/O218, O218/[2,17], [2,17]/O218, O218/[2,23], [2,23]/O218, O218/[3,2], [3,2]/O218, O218/[3,3], [3,3]/O218, O218/[3,5], [3,5]/O218, O218/[3,7], [3,7]/O218, O218/[3,13], [3,13]/O218, O218/[3,19], [3,19]/O218, O218/[3,11], [3,11]/O218, O218/[3,17], [3,17]/O218, O218/[3,23], [3,23]/O218, O218/[5,2], [5,2]/O218, O218/[5,3], [5,3]/O218, O218/[5,5], [5,5]/O218, O218/[5,7], [5,7]/O218, O218/[5,13], [5,13]/O218, O218/[5,19], [5,19]/O218, O218/[5,11], [5,11]/O218, O218/[5,17], [5,17]/O218, O218/[5,23], [5,23]/O218, O218/[7,2], [7,2]/O218, O218/[7,3], [7,3]/O218, O218/[7,5], [7,5]/O218, O218/[7,7], [7,7]/O218, O218/[7,13], [7,13]/O218, O218/[7,19], [7,19]/O218, O218/[7,11], [7,11]/O218, O218/[7,17], [7,17]/O218, O218/[7,23], [7,23]/O218, O218/[13,2], [13,2]/O218, O218/[13,3], [13,3]/O218, O218/[13,5], [13,5]/O218, O218/[13,7], [13,7]/O218, O218/[13,13], [13,13]/O218, O218/[13,19], [13,19]/O218, O218/[13,11], [13,11]/O218, O218/[13,17], [13,17]/O218, O218/[13,23], [13,23]/O218, [19,23]/O218, O218/[19,23], O218/[11,2], [11,2]/O218, O218/[11,3], [11,3]/O218, O218/[11,5], [11,5]/O218, O218/[11,7], [11,7]/O218, O218/[11,13], [11,13]/O218, O218/[11,19], [11,19]/O218, O218/[11,11], [11,11]/O218, O218/[11,17], [11,17]/O218, O218/[11,23], [11,23]/O218, O218/[17,2], [17,2]/O218, O218/[17,3], [17,3]/O218, O218/[17,5], [17,5]/O218, O218/[17,7], [17,7]/O218, O218/[17,13], [17,13]/O218, O218/[17,19], [17,19]/O218, O218/[17,11], [17,11]/O218, O218/[17,17], [17,17]/O218, O218/[17,23], [17,23]/O218, O218/2₀, 2₀/O218, O218/2₁, 2₁/O218, O218/3₀, 3₀/O218, O218/3₁, 3₁/O218, O218/5₀, 5₀/O218, O218/5₁, 5₁/O218, O218/7₀, 7₀/O218, O218/7₁, 7₁/O218, O218/13₀, 13₀/O218, O218/13₁, 13₁/O218, O218/19₀, 19₀/O218, O218/19₁, 19₁/O218, O218/11₀, 11₀/O218, O218/11₁, 11₁/O218, O218/17₀, 17₀/O218, O218/17₁, 17₁/O218, O218/23₁, 23₁/O218, 1/O218), Pq([23,23]/4, 4/[23,23], [23,23]/[2,3], [2,3]/[23,23], [23,23]/[2,5], [2,5]/[23,23], [23,23]/[2,7], [2,7]/[23,23], [23,23]/[2,13], [2,13]/[23,23], [23,23]/[2,19], [2,19]/[23,23], [23,23]/[2,11], [2,11]/[23,23], [23,23]/[2,17], [2,17]/[23,23], [23,23]/[2,23], [2,23]/[23,23], [23,23]/[3,2], [3,2]/[23,23], [23,23]/[3,3], [3,3]/[23,23], [23,23]/[3,5], [3,5]/[23,23], [23,23]/[3,7], [3,7]/[23,23], [23,23]/[3,13], [3,13]/[23,23], [23,23]/[3,19], [3,19]/[23,23], [23,23]/[3,11], [3,11]/[23,23], [23,23]/[3,17], [3,17]/[23,23], [23,23]/[3,23], [3,23]/[23,23], [23,23]/[5,2], [5,2]/[23,23], [23,23]/[5,3], [5,3]/[23,23], [23,23]/[5,5], [5,5]/[23,23], [23,23]/[5,7], [5,7]/[23,23], [23,23]/[5,13], [5,13]/[23,23], [23,23]/[5,19], [5,19]/[23,23], [23,23]/[5,11], [5,11]/[23,23], [23,23]/[5,17], [5,17]/[23,23], [23,23]/[5,23], [5,23]/[23,23], [23,23]/[7,2], [7,2]/[23,23], [23,23]/[7,3], [7,3]/[23,23], [23,23]/[7,5], [7,5]/[23,23], [23,23]/[7,7], [7,7]/[23,23], [23,23]/[7,13], [7,13]/[23,23], [23,23]/[7,19], [7,19]/[23,23], [23,23]/[7,11], [7,11]/[23,23], [23,23]/[7,17], [7,17]/[23,23], [23,23]/[7,23], [7,23]/[23,23], [23,23]/[13,2], [13,2]/[23,23], [23,23]/[13,3], [13,3]/[23,23], [23,23]/[13,5], [13,5]/[23,23], [23,23]/[13,7], [13,7]/[23,23], [23,23]/[13,13], [13,13]/[23,23], [23,23]/[13,19], [13,19]/[23,23], [23,23]/[13,11], [13,11]/[23,23], [23,23]/[13,17], [13,17]/[23,23], [23,23]/[13,23], [13,23]/[23,23], [23,23]/[19,2], [19,2]/[23,23], [23,23]/[19,3], [19,3]/[23,23], [23,23]/[19,5], [19,5]/[23,23], [23,23]/[19,7], [19,7]/[23,23], [23,23]/[19,13], [19,13]/[23,23], [23,23]/[19,19], [19,19]/[23,23], [23,23]/[19,11], [19,11]/[23,23], [23,23]/[19,17], [19,17]/[23,23], [23,23]/[19,23], [19,23]/[23,23], [23,23]/[11,2], [11,2]/[23,23], [23,23]/[11,3], [11,3]/[23,23], [23,23]/[11,5], [11,5]/[23,23], [23,23]/[11,7], [11,7]/[23,23], [23,23]/[11,13], [11,13]/[23,23], [23,23]/[11,19], [11,19]/[23,23], [23,23]/[11,11], [11,11]/[23,23], [23,23]/[11,17], [11,17]/[23,23], [23,23]/[11,23], [11,23]/[23,23], [23,23]/[17,2], [17,2]/[23,23], [23,23]/[17,3], [17,3]/[23,23], [23,23]/[17,5], [17,5]/[23,23], [23,23]/[17,7], [17,7]/[23,23], [23,23]/[17,13], [17,13]/[23,23], [23,23]/[17,19], [17,19]/[23,23], [23,23]/[17,11], [17,11]/[23,23], [23,23]/[17,17], [17,17]/[23,23], [23,23]/[17,23], [17,23]/[23,23], [23,23]/[23,2], [23,2]/[23,23], [23,23]/[23,3], [23,3]/[23,23], [23,23]/[23,5], [23,5]/[23,23], [23,23]/[23,7], [23,7]/[23,23], [23,23]/[23,13], [23,13]/[23,23], [23,23]/[23,19], [23,19]/[23,23], [23,23]/[23,11], [23,11]/[23,23], [23,23]/[23,17], [23,17]/[23,23], [23,23]/2₀, 2₀/[23,23], [23,23]/2₁, 2₁/[23,23], [23,23]/3₀, 3₀/[23,23], [23,23]/3₁, 3₁/[23,23], [23,23]/5₀, 5₀/[23,23], [23,23]/5₁, 5₁/[23,23], [23,23]/7₀, 7₀/[23,23], [23,23]/7₁, 7₁/[23,23], [23,23]/13₀, 13₀/[23,23], [23,23]/13₁, 13₁/[23,23], [23,23]/19₀, 19₀/[23,23], [23,23]/19₁, 19₁/[23,23], [23,23]/11₀, 11₀/[23,23], [23,23]/11₁, 11₁/[23,23], [23,23]/17₀, 17₀/[23,23], [23,23]/17₁, 17₁/[23,23], [[23,23]/23₀, [2,23]/2₀, [3,23]/3₀, [5,23]/5₀, [7,23]/7₀, [13,23]/13₀, [19,23]/19₀, [11,23]/11₀, [17,23]/17₀], [23₀/[23,23], 2₀/[2,23], 3₀/[3,23], 5₀/[5,23], 7₀/[7,23], 13₀/[13,23], 19₀/[19,23], 11₀/[11,23], 17₀/[17,23], 1/23₁], [[23,23]/23₁, [23,2]/2₁, [23,3]/3₁, [23,5]/5₁, [23,7]/7₁, [23,13]/13₁, [23,19]/19₁, [23,11]/11₁, [23,17]/17₁], [23₁/[23,23], 2₁/[23,2], 3₁/[23,3], 5₁/[23,5], 7₁/[23,7], 13₁/[23,13], 19₁/[23,19], 11₁/[23,11], 17₁/[23,17], 1/23₀], 1/[23,23], [2,3]/4, 4/[2,3], [2,5]/4, 4/[2,5], [2,7]/4, 4/[2,7], [2,13]/4, 4/[2,13], [2,19]/4, 4/[2,19], [2,11]/4, 4/[2,11], [2,17]/4, 4/[2,17], [2,23]/4, 4/[2,23], [3,2]/4, 4/[3,2], [3,3]/4, 4/[3,3], [3,5]/4, 4/[3,5], [3,7]/4, 4/[3,7], [3,13]/4, 4/[3,13], [3,19]/4, 4/[3,19], [3,11]/4, 4/[3,11], [3,17]/4, 4/[3,17], [3,23]/4, 4/[3,23], [5,2]/4, 4/[5,2], [5,3]/4, 4/[5,3], [5,5]/4, 4/[5,5], [5,7]/4, 4/[5,7], [5,13]/4, 4/[5,13], [5,19]/4, 4/[5,19], [5,11]/4, 4/[5,11], [5,17]/4, 4/[5,17], [5,23]/4, 4/[5,23], [7,2]/4, 4/[7,2], [7,3]/4, 4/[7,3], [7,5]/4, 4/[7,5], [7,7]/4, 4/[7,7], [7,13]/4, 4/[7,13], [7,19]/4, 4/[7,19], [7,11]/4, 4/[7,11], [7,17]/4, 4/[7,17], [7,23]/4, 4/[7,23], [13,2]/4, 4/[13,2], [13,3]/4, 4/[13,3], [13,5]/4, 4/[13,5], [13,7]/4, 4/[13,7], [13,13]/4, 4/[13,13], [13,19]/4, 4/[13,19], [13,11]/4, 4/[13,11], [13,17]/4, 4/[13,17], [13,23]/4, 4/[13,23], [19,2]/4, 4/[19,2], [19,3]/4, 4/[19,3], [19,5]/4, 4/[19,5], [19,7]/4, 4/[19,7], [19,13]/4, 4/[19,13], [19,19]/4, 4/[19,19], [19,11]/4, 4/[19,11], [19,17]/4, 4/[19,17], [19,23]/4, 4/[19,23], [11,2]/4, 4/[11,2], [11,3]/4, 4/[11,3], [11,5]/4, 4/[11,5], [11,7]/4, 4/[11,7], [11,13]/4, 4/[11,13], [11,19]/4, 4/[11,19], [11,11]/4, 4/[11,11], [11,17]/4, 4/[11,17], [11,23]/4, 4/[11,23], [17,2]/4, 4/[17,2], [17,3]/4, 4/[17,3], [17,5]/4, 4/[17,5], [17,7]/4, 4/[17,7], [17,13]/4, 4/[17,13], [17,19]/4, 4/[17,19], [17,11]/4, 4/[17,11], [17,17]/4, 4/[17,17], [17,23]/4, 4/[17,23], [23,2]/4, 4/[23,2], [23,3]/4, 4/[23,3], [23,5]/4, 4/[23,5], [23,7]/4, 4/[23,7], [23,13]/4, 4/[23,13], [23,19]/4, 4/[23,19], [23,11]/4, 4/[23,11], [23,17]/4, 4/[23,17], [4/2₀, [3,2]/3₀, [5,2]/5₀, [7,2]/7₀, [13,2]/13₀, [19,2]/19₀, [11,2]/11₀, [17,2]/17₀, [23,2]/23₀], [2₀/4, 3₀/[3,2], 5₀/[5,2], 7₀/[7,2], 13₀/[13,2], 19₀/[19,2], 11₀/[11,2], 17₀/[17,2], 23₀/[23,2], 1/2₁], [4/2₁, [2,3]/3₁, [2,5]/5₁, [2,7]/7₁, [2,13]/13₁, [2,19]/19₁, [2,11]/11₁, [2,17]/17₁, [2,23]/23₁], [2₁/4, 3₁/[2,3], 5₁/[2,5], 7₁/[2,7], 13₁/[2,13], 19₁/[2,19], 11₁/[2,11], 17₁/[2,17], 23₁/[2,23], 1/2₀], 1/4, [2,5]/[2,3], [2,3]/[2,5], [2,7]/[2,3], [2,3]/[2,7], [2,13]/[2,3], [2,3]/[2,13], [2,19]/[2,3], [2,3]/[2,19], [2,11]/[2,3], [2,3]/[2,11], [2,17]/[2,3], [2,3]/[2,17], [2,23]/[2,3], [2,3]/[2,23], [3,3]/[2,3], [2,3]/[3,3], [3,5]/[2,3], [2,3]/[3,5], [3,7]/[2,3], [2,3]/[3,7], [3,13]/[2,3], [2,3]/[3,13], [3,19]/[2,3], [2,3]/[3,19], [3,11]/[2,3], [2,3]/[3,11], [3,17]/[2,3], [2,3]/[3,17], [3,23]/[2,3], [2,3]/[3,23], [5,3]/[2,3], [2,3]/[5,3], [5,5]/[2,3], [2,3]/[5,5], [5,7]/[2,3], [2,3]/[5,7], [5,13]/[2,3], [2,3]/[5,13], [5,19]/[2,3], [2,3]/[5,19], [5,11]/[2,3], [2,3]/[5,11], [5,17]/[2,3], [2,3]/[5,17], [5,23]/[2,3], [2,3]/[5,23], [7,3]/[2,3], [2,3]/[7,3], [7,5]/[2,3], [2,3]/[7,5], [7,7]/[2,3], [2,3]/[7,7], [7,13]/[2,3], [2,3]/[7,13], [7,19]/[2,3], [2,3]/[7,19], [7,11]/[2,3], [2,3]/[7,11], [7,17]/[2,3], [2,3]/[7,17], [7,23]/[2,3], [2,3]/[7,23], [13,3]/[2,3], [2,3]/[13,3], [13,5]/[2,3], [2,3]/[13,5], [13,7]/[2,3], [2,3]/[13,7], [13,13]/[2,3], [2,3]/[13,13], [13,19]/[2,3], [2,3]/[13,19], [13,11]/[2,3], [2,3]/[13,11], [13,17]/[2,3], [2,3]/[13,17], [13,23]/[2,3], [2,3]/[13,23], [19,3]/[2,3], [2,3]/[19,3], [19,5]/[2,3], [2,3]/[19,5], [19,7]/[2,3], [2,3]/[19,7], [19,13]/[2,3], [2,3]/[19,13], [19,19]/[2,3], [2,3]/[19,19], [19,11]/[2,3], [2,3]/[19,11], [19,17]/[2,3], [2,3]/[19,17], [19,23]/[2,3], [2,3]/[19,23], [11,3]/[2,3], [2,3]/[11,3], [11,5]/[2,3], [2,3]/[11,5], [11,7]/[2,3], [2,3]/[11,7], [11,13]/[2,3], [2,3]/[11,13], [11,19]/[2,3], [2,3]/[11,19], [11,11]/[2,3], [2,3]/[11,11], [11,17]/[2,3], [2,3]/[11,17], [11,23]/[2,3], [2,3]/[11,23], [17,3]/[2,3], [2,3]/[17,3], [17,5]/[2,3], [2,3]/[17,5], [17,7]/[2,3], [2,3]/[17,7], [17,13]/[2,3], [2,3]/[17,13], [17,19]/[2,3], [2,3]/[17,19], [17,11]/[2,3], [2,3]/[17,11], [17,17]/[2,3], [2,3]/[17,17], [17,23]/[2,3], [2,3]/[17,23], [23,3]/[2,3], [2,3]/[23,3], [23,5]/[2,3], [2,3]/[23,5], [23,7]/[2,3], [2,3]/[23,7], [23,13]/[2,3], [2,3]/[23,13], [23,19]/[2,3], [2,3]/[23,19], [23,11]/[2,3], [2,3]/[23,11], [23,17]/[2,3], [2,3]/[23,17], [[2,3]/2₀, [3,3]/3₀, [5,3]/5₀, [7,3]/7₀, [13,3]/13₀, [19,3]/19₀, [11,3]/11₀, [17,3]/17₀, [23,3]/23₀], [2₀/[2,3], 3₀/[3,3], 5₀/[5,3], 7₀/[7,3], 13₀/[13,3], 19₀/[19,3], 11₀/[11,3], 17₀/[17,3], 23₀/[23,3], 1/3₁], [2,3]/2₁, 2₁/[2,3], 1/[2,3], [2,7]/[2,5], [2,5]/[2,7], [2,13]/[2,5], [2,5]/[2,13], [2,19]/[2,5], [2,5]/[2,19], [2,11]/[2,5], [2,5]/[2,11], [2,17]/[2,5], [2,5]/[2,17], [2,23]/[2,5], [2,5]/[2,23], [3,5]/[2,5], [2,5]/[3,5], [3,7]/[2,5], [2,5]/[3,7], [3,13]/[2,5], [2,5]/[3,13], [3,19]/[2,5], [2,5]/[3,19], [3,11]/[2,5], [2,5]/[3,11], [3,17]/[2,5], [2,5]/[3,17], [3,23]/[2,5], [2,5]/[3,23], [5,5]/[2,5], [2,5]/[5,5], [5,7]/[2,5], [2,5]/[5,7], [5,13]/[2,5], [2,5]/[5,13], [5,19]/[2,5], [2,5]/[5,19], [5,11]/[2,5], [2,5]/[5,11], [5,17]/[2,5], [2,5]/[5,17], [5,23]/[2,5], [2,5]/[5,23], [7,5]/[2,5], [2,5]/[7,5], [7,7]/[2,5], [2,5]/[7,7], [7,13]/[2,5], [2,5]/[7,13], [7,19]/[2,5], [2,5]/[7,19], [7,11]/[2,5], [2,5]/[7,11], [7,17]/[2,5], [2,5]/[7,17], [7,23]/[2,5], [2,5]/[7,23], [13,5]/[2,5], [2,5]/[13,5], [13,7]/[2,5], [2,5]/[13,7], [13,13]/[2,5], [2,5]/[13,13], [13,19]/[2,5], [2,5]/[13,19], [13,11]/[2,5], [2,5]/[13,11], [13,17]/[2,5], [2,5]/[13,17], [13,23]/[2,5], [2,5]/[13,23], [19,5]/[2,5], [2,5]/[19,5], [19,7]/[2,5], [2,5]/[19,7], [19,13]/[2,5], [2,5]/[19,13], [19,19]/[2,5], [2,5]/[19,19], [19,11]/[2,5], [2,5]/[19,11], [19,17]/[2,5], [2,5]/[19,17], [19,23]/[2,5], [2,5]/[19,23], [11,5]/[2,5], [2,5]/[11,5], [11,7]/[2,5], [2,5]/[11,7], [11,13]/[2,5], [2,5]/[11,13], [11,19]/[2,5], [2,5]/[11,19], [11,11]/[2,5], [2,5]/[11,11], [11,17]/[2,5], [2,5]/[11,17], [11,23]/[2,5], [2,5]/[11,23], [17,5]/[2,5], [2,5]/[17,5], [17,7]/[2,5], [2,5]/[17,7], [17,13]/[2,5], [2,5]/[17,13], [17,19]/[2,5], [2,5]/[17,19], [17,11]/[2,5], [2,5]/[17,11], [17,17]/[2,5], [2,5]/[17,17], [17,23]/[2,5], [2,5]/[17,23], [23,5]/[2,5], [2,5]/[23,5], [23,7]/[2,5], [2,5]/[23,7], [23,13]/[2,5], [2,5]/[23,13], [23,19]/[2,5], [2,5]/[23,19], [23,11]/[2,5], [2,5]/[23,11], [23,17]/[2,5], [2,5]/[23,17], [[2,5]/2₀, [3,5]/3₀, [5,5]/5₀, [7,5]/7₀, [13,5]/13₀, [19,5]/19₀, [11,5]/11₀, [17,5]/17₀, [23,5]/23₀], [2₀/[2,5], 3₀/[3,5], 5₀/[5,5], 7₀/[7,5], 13₀/[13,5], 19₀/[19,5], 11₀/[11,5], 17₀/[17,5], 23₀/[23,5], 1/5₁], [2,5]/2₁, 2₁/[2,5], [2,5]/3₁, 3₁/[2,5], 1/[2,5], [2,13]/[2,7], [2,7]/[2,13], [2,19]/[2,7], [2,7]/[2,19], [2,11]/[2,7], [2,7]/[2,11], [2,17]/[2,7], [2,7]/[2,17], [2,23]/[2,7], [2,7]/[2,23], [3,7]/[2,7], [2,7]/[3,7], [3,13]/[2,7], [2,7]/[3,13], [3,19]/[2,7], [2,7]/[3,19], [3,11]/[2,7], [2,7]/[3,11], [3,17]/[2,7], [2,7]/[3,17], [3,23]/[2,7], [2,7]/[3,23], [5,7]/[2,7], [2,7]/[5,7], [5,13]/[2,7], [2,7]/[5,13], [5,19]/[2,7], [2,7]/[5,19], [5,11]/[2,7], [2,7]/[5,11], [5,17]/[2,7], [2,7]/[5,17], [5,23]/[2,7], [2,7]/[5,23], [7,7]/[2,7], [2,7]/[7,7], [7,13]/[2,7], [2,7]/[7,13], [7,19]/[2,7], [2,7]/[7,19], [7,11]/[2,7], [2,7]/[7,11], [7,17]/[2,7], [2,7]/[7,17], [7,23]/[2,7], [2,7]/[7,23], [13,7]/[2,7], [2,7]/[13,7], [13,13]/[2,7], [2,7]/[13,13], [13,19]/[2,7], [2,7]/[13,19], [13,11]/[2,7], [2,7]/[13,11], [13,17]/[2,7], [2,7]/[13,17], [13,23]/[2,7], [2,7]/[13,23], [19,7]/[2,7], [2,7]/[19,7], [19,13]/[2,7], [2,7]/[19,13], [19,19]/[2,7], [2,7]/[19,19], [19,11]/[2,7], [2,7]/[19,11], [19,17]/[2,7], [2,7]/[19,17], [19,23]/[2,7], [2,7]/[19,23], [11,7]/[2,7], [2,7]/[11,7], [11,13]/[2,7], [2,7]/[11,13], [11,19]/[2,7], [2,7]/[11,19], [11,11]/[2,7], [2,7]/[11,11], [11,17]/[2,7], [2,7]/[11,17], [11,23]/[2,7], [2,7]/[11,23], [17,7]/[2,7], [2,7]/[17,7], [17,13]/[2,7], [2,7]/[17,13], [17,19]/[2,7], [2,7]/[17,19], [17,11]/[2,7], [2,7]/[17,11], [17,17]/[2,7], [2,7]/[17,17], [17,23]/[2,7], [2,7]/[17,23], [23,7]/[2,7], [2,7]/[23,7], [23,13]/[2,7], [2,7]/[23,13], [23,19]/[2,7], [2,7]/[23,19], [23,11]/[2,7], [2,7]/[23,11], [23,17]/[2,7], [2,7]/[23,17], [[2,7]/2₀, [3,7]/3₀, [5,7]/5₀, [7,7]/7₀, [13,7]/13₀, [19,7]/19₀, [11,7]/11₀, [17,7]/17₀, [23,7]/23₀], [2₀/[2,7], 3₀/[3,7], 5₀/[5,7], 7₀/[7,7], 13₀/[13,7], 19₀/[19,7], 11₀/[11,7], 17₀/[17,7], 23₀/[23,7], 1/7₁], [2,7]/2₁, 2₁/[2,7], [2,7]/3₁, 3₁/[2,7], [2,7]/5₁, 5₁/[2,7], 1/[2,7], [2,19]/[2,13], [2,13]/[2,19], [2,13]/[2,11], [2,11]/[2,13], [2,17]/[2,13], [2,13]/[2,17], [2,23]/[2,13], [2,13]/[2,23], [3,13]/[2,13], [2,13]/[3,13], [3,19]/[2,13], [2,13]/[3,19], [3,17]/[2,13], [2,13]/[3,17], [3,23]/[2,13], [2,13]/[3,23], [5,13]/[2,13], [2,13]/[5,13], [5,19]/[2,13], [2,13]/[5,19], [5,17]/[2,13], [2,13]/[5,17], [5,23]/[2,13], [2,13]/[5,23], [7,13]/[2,13], [2,13]/[7,13], [7,19]/[2,13], [2,13]/[7,19], [7,17]/[2,13], [2,13]/[7,17], [7,23]/[2,13], [2,13]/[7,23], [13,13]/[2,13], [2,13]/[13,13], [13,19]/[2,13], [2,13]/[13,19], [13,17]/[2,13], [2,13]/[13,17], [13,23]/[2,13], [2,13]/[13,23], [19,13]/[2,13], [2,13]/[19,13], [19,19]/[2,13], [2,13]/[19,19], [19,17]/[2,13], [2,13]/[19,17], [19,23]/[2,13], [2,13]/[19,23], [11,13]/[2,13], [2,13]/[11,13], [11,19]/[2,13], [2,13]/[11,19], [11,17]/[2,13], [2,13]/[11,17], [11,23]/[2,13], [2,13]/[11,23], [17,13]/[2,13], [2,13]/[17,13], [17,19]/[2,13], [2,13]/[17,19], [17,17]/[2,13], [2,13]/[17,17], [17,23]/[2,13], [2,13]/[17,23], [23,13]/[2,13], [2,13]/[23,13], [23,19]/[2,13], [2,13]/[23,19], [23,17]/[2,13], [2,13]/[23,17], [[2,13]/2₀, [3,13]/3₀, [5,13]/5₀, [7,13]/7₀, [13,13]/13₀, [19,13]/19₀, [11,13]/11₀, [17,13]/17₀, [23,13]/23₀], [2₀/[2,13], 3₀/[3,13], 5₀/[5,13], 7₀/[7,13], 13₀/[13,13], 19₀/[19,13], 11₀/[11,13], 17₀/[17,13], 23₀/[23,13], 1/13₁], [2,13]/2₁, 2₁/[2,13], [2,13]/3₁, 3₁/[2,13], [2,13]/5₁, 5₁/[2,13], [2,13]/7₁, 7₁/[2,13], [2,13]/11₁, 11₁/[2,13], 1/[2,13], [2,19]/[2,11], [2,11]/[2,19], [2,19]/[2,17], [2,17]/[2,19], [2,23]/[2,19], [2,19]/[2,23], [3,19]/[2,19], [2,19]/[3,19], [3,23]/[2,19], [2,19]/[3,23], [5,19]/[2,19], [2,19]/[5,19], [5,23]/[2,19], [2,19]/[5,23], [7,19]/[2,19], [2,19]/[7,19], [7,23]/[2,19], [2,19]/[7,23], [13,19]/[2,19], [2,19]/[13,19], [13,23]/[2,19], [2,19]/[13,23], [19,19]/[2,19], [2,19]/[19,19], [19,23]/[2,19], [2,19]/[19,23], [11,19]/[2,19], [2,19]/[11,19], [11,23]/[2,19], [2,19]/[11,23], [17,19]/[2,19], [2,19]/[17,19], [17,23]/[2,19], [2,19]/[17,23], [23,19]/[2,19], [2,19]/[23,19], [[2,19]/2₀, [3,19]/3₀, [5,19]/5₀, [7,19]/7₀, [13,19]/13₀, [19,19]/19₀, [11,19]/11₀, [17,19]/17₀, [23,19]/23₀], [2₀/[2,19], 3₀/[3,19], 5₀/[5,19], 7₀/[7,19], 13₀/[13,19], 19₀/[19,19], 11₀/[11,19], 17₀/[17,19], 23₀/[23,19], 1/19₁], [2,19]/2₁, 2₁/[2,19], [2,19]/3₁, 3₁/[2,19], [2,19]/5₁, 5₁/[2,19], [2,19]/7₁, 7₁/[2,19], [2,19]/13₁, 13₁/[2,19], [2,19]/11₁, 11₁/[2,19], [2,19]/17₁, 17₁/[2,19], 1/[2,19], [2,17]/[2,11], [2,11]/[2,17], [2,23]/[2,11], [2,11]/[2,23], [3,13]/[2,11], [2,11]/[3,13], [3,19]/[2,11], [2,11]/[3,19], [3,11]/[2,11], [2,11]/[3,11], [3,17]/[2,11], [2,11]/[3,17], [3,23]/[2,11], [2,11]/[3,23], [5,13]/[2,11], [2,11]/[5,13], [5,19]/[2,11], [2,11]/[5,19], [5,11]/[2,11], [2,11]/[5,11], [5,17]/[2,11], [2,11]/[5,17], [5,23]/[2,11], [2,11]/[5,23], [7,13]/[2,11], [2,11]/[7,13], [7,19]/[2,11], [2,11]/[7,19], [7,11]/[2,11], [2,11]/[7,11], [7,17]/[2,11], [2,11]/[7,17], [7,23]/[2,11], [2,11]/[7,23], [13,13]/[2,11], [2,11]/[13,13], [13,19]/[2,11], [2,11]/[13,19], [13,11]/[2,11], [2,11]/[13,11], [13,17]/[2,11], [2,11]/[13,17], [13,23]/[2,11], [2,11]/[13,23], [19,13]/[2,11], [2,11]/[19,13], [19,19]/[2,11], [2,11]/[19,19], [19,11]/[2,11], [2,11]/[19,11], [19,17]/[2,11], [2,11]/[19,17], [19,23]/[2,11], [2,11]/[19,23], [11,13]/[2,11], [2,11]/[11,13], [11,19]/[2,11], [2,11]/[11,19], [11,11]/[2,11], [2,11]/[11,11], [11,17]/[2,11], [2,11]/[11,17], [11,23]/[2,11], [2,11]/[11,23], [17,13]/[2,11], [2,11]/[17,13], [17,19]/[2,11], [2,11]/[17,19], [17,11]/[2,11], [2,11]/[17,11], [17,17]/[2,11], [2,11]/[17,17], [17,23]/[2,11], [2,11]/[17,23], [23,13]/[2,11], [2,11]/[23,13], [23,19]/[2,11], [2,11]/[23,19], [23,11]/[2,11], [2,11]/[23,11], [23,17]/[2,11], [2,11]/[23,17], [[2,11]/2₀, [3,11]/3₀, [5,11]/5₀, [7,11]/7₀, [13,11]/13₀, [19,11]/19₀, [11,11]/11₀, [17,11]/17₀, [23,11]/23₀], [2₀/[2,11], 3₀/[3,11], 5₀/[5,11], 7₀/[7,11], 13₀/[13,11], 19₀/[19,11], 11₀/[11,11], 17₀/[17,11], 23₀/[23,11], 1/11₁], [2,11]/2₁, 2₁/[2,11], [2,11]/3₁, 3₁/[2,11], [2,11]/5₁, 5₁/[2,11], [2,11]/7₁, 7₁/[2,11], 1/[2,11], [2,23]/[2,17], [2,17]/[2,23], [3,19]/[2,17], [2,17]/[3,19], [3,17]/[2,17], [2,17]/[3,17], [3,23]/[2,17], [2,17]/[3,23], [5,19]/[2,17], [2,17]/[5,19], [5,17]/[2,17], [2,17]/[5,17], [5,23]/[2,17], [2,17]/[5,23], [7,19]/[2,17], [2,17]/[7,19], [7,17]/[2,17], [2,17]/[7,17], [7,23]/[2,17], [2,17]/[7,23], [13,19]/[2,17], [2,17]/[13,19], [13,17]/[2,17], [2,17]/[13,17], [13,23]/[2,17], [2,17]/[13,23], [19,19]/[2,17], [2,17]/[19,19], [19,17]/[2,17], [2,17]/[19,17], [19,23]/[2,17], [2,17]/[19,23], [11,19]/[2,17], [2,17]/[11,19], [11,17]/[2,17], [2,17]/[11,17], [11,23]/[2,17], [2,17]/[11,23], [17,19]/[2,17], [2,17]/[17,19], [17,17]/[2,17], [2,17]/[17,17], [17,23]/[2,17], [2,17]/[17,23], [23,19]/[2,17], [2,17]/[23,19], [23,17]/[2,17], [2,17]/[23,17], [[2,17]/2₀, [3,17]/3₀, [5,17]/5₀, [7,17]/7₀, [13,17]/13₀, [19,17]/19₀, [11,17]/11₀, [17,17]/17₀, [23,17]/23₀], [2₀/[2,17], 3₀/[3,17], 5₀/[5,17], 7₀/[7,17], 13₀/[13,17], 19₀/[19,17], 11₀/[11,17], 17₀/[17,17], 23₀/[23,17], 1/17₁], [2,17]/2₁, 2₁/[2,17], [2,17]/3₁, 3₁/[2,17], [2,17]/5₁, 5₁/[2,17], [2,17]/7₁, 7₁/[2,17], [2,17]/13₁, 13₁/[2,17], [2,17]/11₁, 11₁/[2,17], 1/[2,17], [3,23]/[2,23], [2,23]/[3,23], [5,23]/[2,23], [2,23]/[5,23], [7,23]/[2,23], [2,23]/[7,23], [13,23]/[2,23], [2,23]/[13,23], [19,23]/[2,23], [2,23]/[19,23], [11,23]/[2,23], [2,23]/[11,23], [17,23]/[2,23], [2,23]/[17,23], [2,23]/2₁, 2₁/[2,23], [2,23]/3₁, 3₁/[2,23], [2,23]/5₁, 5₁/[2,23], [2,23]/7₁, 7₁/[2,23], [2,23]/13₁, 13₁/[2,23], [2,23]/19₁, 19₁/[2,23], [2,23]/11₁, 11₁/[2,23], [2,23]/17₁, 17₁/[2,23], 1/[2,23], [3,3]/[3,2], [3,2]/[3,3], [3,5]/[3,2], [3,2]/[3,5], [3,7]/[3,2], [3,2]/[3,7], [3,13]/[3,2], [3,2]/[3,13], [3,19]/[3,2], [3,2]/[3,19], [3,11]/[3,2], [3,2]/[3,11], [3,17]/[3,2], [3,2]/[3,17], [3,23]/[3,2], [3,2]/[3,23], [5,2]/[3,2], [3,2]/[5,2], [5,3]/[3,2], [3,2]/[5,3], [5,5]/[3,2], [3,2]/[5,5], [5,7]/[3,2], [3,2]/[5,7], [5,13]/[3,2], [3,2]/[5,13], [5,19]/[3,2], [3,2]/[5,19], [5,11]/[3,2], [3,2]/[5,11], [5,17]/[3,2], [3,2]/[5,17], [5,23]/[3,2], [3,2]/[5,23], [7,2]/[3,2], [3,2]/[7,2], [7,3]/[3,2], [3,2]/[7,3], [7,5]/[3,2], [3,2]/[7,5], [7,7]/[3,2], [3,2]/[7,7], [7,13]/[3,2], [3,2]/[7,13], [7,19]/[3,2], [3,2]/[7,19], [7,11]/[3,2], [3,2]/[7,11], [7,17]/[3,2], [3,2]/[7,17], [7,23]/[3,2], [3,2]/[7,23], [13,2]/[3,2], [3,2]/[13,2], [13,3]/[3,2], [3,2]/[13,3], [13,5]/[3,2], [3,2]/[13,5], [13,7]/[3,2], [3,2]/[13,7], [13,13]/[3,2], [3,2]/[13,13], [13,19]/[3,2], [3,2]/[13,19], [13,11]/[3,2], [3,2]/[13,11], [13,17]/[3,2], [3,2]/[13,17], [13,23]/[3,2], [3,2]/[13,23], [19,2]/[3,2], [3,2]/[19,2], [19,3]/[3,2], [3,2]/[19,3], [19,5]/[3,2], [3,2]/[19,5], [19,7]/[3,2], [3,2]/[19,7], [19,13]/[3,2], [3,2]/[19,13], [19,19]/[3,2], [3,2]/[19,19], [19,11]/[3,2], [3,2]/[19,11], [19,17]/[3,2], [3,2]/[19,17], [19,23]/[3,2], [3,2]/[19,23], [11,2]/[3,2], [3,2]/[11,2], [11,3]/[3,2], [3,2]/[11,3], [11,5]/[3,2], [3,2]/[11,5], [11,7]/[3,2], [3,2]/[11,7], [11,13]/[3,2], [3,2]/[11,13], [11,19]/[3,2], [3,2]/[11,19], [11,11]/[3,2], [3,2]/[11,11], [11,17]/[3,2], [3,2]/[11,17], [11,23]/[3,2], [3,2]/[11,23], [17,2]/[3,2], [3,2]/[17,2], [17,3]/[3,2], [3,2]/[17,3], [17,5]/[3,2], [3,2]/[17,5], [17,7]/[3,2], [3,2]/[17,7], [17,13]/[3,2], [3,2]/[17,13], [17,19]/[3,2], [3,2]/[17,19], [17,11]/[3,2], [3,2]/[17,11], [17,17]/[3,2], [3,2]/[17,17], [17,23]/[3,2], [3,2]/[17,23], [23,2]/[3,2], [3,2]/[23,2], [23,3]/[3,2], [3,2]/[23,3], [23,5]/[3,2], [3,2]/[23,5], [23,7]/[3,2], [3,2]/[23,7], [23,13]/[3,2], [3,2]/[23,13], [23,19]/[3,2], [3,2]/[23,19], [23,11]/[3,2], [3,2]/[23,11], [23,17]/[3,2], [3,2]/[23,17], [3,2]/2₀, 2₀/[3,2], [[3,2]/2₁, [3,3]/3₁, [3,5]/5₁, [3,7]/7₁, [3,13]/13₁, [3,19]/19₁, [3,11]/11₁, [3,17]/17₁, [3,23]/23₁], [2₁/[3,2], 3₁/[3,3], 5₁/[3,5], 7₁/[3,7], 13₁/[3,13], 19₁/[3,19], 11₁/[3,11], 17₁/[3,17], 23₁/[3,23], 1/3₀], 1/[3,2], [3,5]/[3,3], [3,3]/[3,5], [3,7]/[3,3], [3,3]/[3,7], [3,13]/[3,3], [3,3]/[3,13], [3,19]/[3,3], [3,3]/[3,19], [3,11]/[3,3], [3,3]/[3,11], [3,17]/[3,3], [3,3]/[3,17], [3,23]/[3,3], [3,3]/[3,23], [5,3]/[3,3], [3,3]/[5,3], [5,5]/[3,3], [3,3]/[5,5], [5,7]/[3,3], [3,3]/[5,7], [5,13]/[3,3], [3,3]/[5,13], [5,19]/[3,3], [3,3]/[5,19], [5,11]/[3,3], [3,3]/[5,11], [5,17]/[3,3], [3,3]/[5,17], [5,23]/[3,3], [3,3]/[5,23], [7,3]/[3,3], [3,3]/[7,3], [7,5]/[3,3], [3,3]/[7,5], [7,7]/[3,3], [3,3]/[7,7], [7,13]/[3,3], [3,3]/[7,13], [7,19]/[3,3], [3,3]/[7,19], [7,11]/[3,3], [3,3]/[7,11], [7,17]/[3,3], [3,3]/[7,17], [7,23]/[3,3], [3,3]/[7,23], [13,3]/[3,3], [3,3]/[13,3], [13,5]/[3,3], [3,3]/[13,5], [13,7]/[3,3], [3,3]/[13,7], [13,13]/[3,3], [3,3]/[13,13], [13,19]/[3,3], [3,3]/[13,19], [13,11]/[3,3], [3,3]/[13,11], [13,17]/[3,3], [3,3]/[13,17], [13,23]/[3,3], [3,3]/[13,23], [19,3]/[3,3], [3,3]/[19,3], [19,5]/[3,3], [3,3]/[19,5], [19,7]/[3,3], [3,3]/[19,7], [19,13]/[3,3], [3,3]/[19,13], [19,19]/[3,3], [3,3]/[19,19], [19,11]/[3,3], [3,3]/[19,11], [19,17]/[3,3], [3,3]/[19,17], [19,23]/[3,3], [3,3]/[19,23], [11,3]/[3,3], [3,3]/[11,3], [11,5]/[3,3], [3,3]/[11,5], [11,7]/[3,3], [3,3]/[11,7], [11,13]/[3,3], [3,3]/[11,13], [11,19]/[3,3], [3,3]/[11,19], [11,11]/[3,3], [3,3]/[11,11], [11,17]/[3,3], [3,3]/[11,17], [11,23]/[3,3], [3,3]/[11,23], [17,3]/[3,3], [3,3]/[17,3], [17,5]/[3,3], [3,3]/[17,5], [17,7]/[3,3], [3,3]/[17,7], [17,13]/[3,3], [3,3]/[17,13], [17,19]/[3,3], [3,3]/[17,19], [17,11]/[3,3], [3,3]/[17,11], [17,17]/[3,3], [3,3]/[17,17], [17,23]/[3,3], [3,3]/[17,23], [23,3]/[3,3], [3,3]/[23,3], [23,5]/[3,3], [3,3]/[23,5], [23,7]/[3,3], [3,3]/[23,7], [23,13]/[3,3], [3,3]/[23,13], [23,19]/[3,3], [3,3]/[23,19], [23,11]/[3,3], [3,3]/[23,11], [23,17]/[3,3], [3,3]/[23,17], [3,3]/2₀, 2₀/[3,3], [3,3]/2₁, 2₁/[3,3], 1/[3,3], [3,7]/[3,5], [3,5]/[3,7], [3,13]/[3,5], [3,5]/[3,13], [3,19]/[3,5], [3,5]/[3,19], [3,11]/[3,5], [3,5]/[3,11], [3,17]/[3,5], [3,5]/[3,17], [3,23]/[3,5], [3,5]/[3,23], [5,5]/[3,5], [3,5]/[5,5], [5,7]/[3,5], [3,5]/[5,7], [5,13]/[3,5], [3,5]/[5,13], [5,19]/[3,5], [3,5]/[5,19], [5,11]/[3,5], [3,5]/[5,11], [5,17]/[3,5], [3,5]/[5,17], [5,23]/[3,5], [3,5]/[5,23], [7,5]/[3,5], [3,5]/[7,5], [7,7]/[3,5], [3,5]/[7,7], [7,13]/[3,5], [3,5]/[7,13], [7,19]/[3,5], [3,5]/[7,19], [7,11]/[3,5], [3,5]/[7,11], [7,17]/[3,5], [3,5]/[7,17], [7,23]/[3,5], [3,5]/[7,23], [13,5]/[3,5], [3,5]/[13,5], [13,7]/[3,5], [3,5]/[13,7], [13,13]/[3,5], [3,5]/[13,13], [13,19]/[3,5], [3,5]/[13,19], [13,11]/[3,5], [3,5]/[13,11], [13,17]/[3,5], [3,5]/[13,17], [13,23]/[3,5], [3,5]/[13,23], [19,5]/[3,5], [3,5]/[19,5], [19,7]/[3,5], [3,5]/[19,7], [19,13]/[3,5], [3,5]/[19,13], [19,19]/[3,5], [3,5]/[19,19], [19,11]/[3,5], [3,5]/[19,11], [19,17]/[3,5], [3,5]/[19,17], [19,23]/[3,5], [3,5]/[19,23], [11,5]/[3,5], [3,5]/[11,5], [11,7]/[3,5], [3,5]/[11,7], [11,13]/[3,5], [3,5]/[11,13], [11,19]/[3,5], [3,5]/[11,19], [11,11]/[3,5], [3,5]/[11,11], [11,17]/[3,5], [3,5]/[11,17], [11,23]/[3,5], [3,5]/[11,23], [17,5]/[3,5], [3,5]/[17,5], [17,7]/[3,5], [3,5]/[17,7], [17,13]/[3,5], [3,5]/[17,13], [17,19]/[3,5], [3,5]/[17,19], [17,11]/[3,5], [3,5]/[17,11], [17,17]/[3,5], [3,5]/[17,17], [17,23]/[3,5], [3,5]/[17,23], [23,5]/[3,5], [3,5]/[23,5], [23,7]/[3,5], [3,5]/[23,7], [23,13]/[3,5], [3,5]/[23,13], [23,19]/[3,5], [3,5]/[23,19], [23,11]/[3,5], [3,5]/[23,11], [23,17]/[3,5], [3,5]/[23,17], [3,5]/2₀, 2₀/[3,5], [3,5]/2₁, 2₁/[3,5], [3,5]/3₁, 3₁/[3,5], 1/[3,5], [3,13]/[3,7], [3,7]/[3,13], [3,19]/[3,7], [3,7]/[3,19], [3,11]/[3,7], [3,7]/[3,11], [3,17]/[3,7], [3,7]/[3,17], [3,23]/[3,7], [3,7]/[3,23], [5,7]/[3,7], [3,7]/[5,7], [5,13]/[3,7], [3,7]/[5,13], [5,19]/[3,7], [3,7]/[5,19], [5,11]/[3,7], [3,7]/[5,11], [5,17]/[3,7], [3,7]/[5,17], [5,23]/[3,7], [3,7]/[5,23], [7,7]/[3,7], [3,7]/[7,7], [7,13]/[3,7], [3,7]/[7,13], [7,19]/[3,7], [3,7]/[7,19], [7,11]/[3,7], [3,7]/[7,11], [7,17]/[3,7], [3,7]/[7,17], [7,23]/[3,7], [3,7]/[7,23], [13,7]/[3,7], [3,7]/[13,7], [13,13]/[3,7], [3,7]/[13,13], [13,19]/[3,7], [3,7]/[13,19], [13,11]/[3,7], [3,7]/[13,11], [13,17]/[3,7], [3,7]/[13,17], [13,23]/[3,7], [3,7]/[13,23], [19,7]/[3,7], [3,7]/[19,7], [19,13]/[3,7], [3,7]/[19,13], [19,19]/[3,7], [3,7]/[19,19], [19,11]/[3,7], [3,7]/[19,11], [19,17]/[3,7], [3,7]/[19,17], [19,23]/[3,7], [3,7]/[19,23], [11,7]/[3,7], [3,7]/[11,7], [11,13]/[3,7], [3,7]/[11,13], [11,19]/[3,7], [3,7]/[11,19], [11,11]/[3,7], [3,7]/[11,11], [11,17]/[3,7], [3,7]/[11,17], [11,23]/[3,7], [3,7]/[11,23], [17,7]/[3,7], [3,7]/[17,7], [17,13]/[3,7], [3,7]/[17,13], [17,19]/[3,7], [3,7]/[17,19], [17,11]/[3,7], [3,7]/[17,11], [17,17]/[3,7], [3,7]/[17,17], [17,23]/[3,7], [3,7]/[17,23], [23,7]/[3,7], [3,7]/[23,7], [23,13]/[3,7], [3,7]/[23,13], [23,19]/[3,7], [3,7]/[23,19], [23,11]/[3,7], [3,7]/[23,11], [23,17]/[3,7], [3,7]/[23,17], [3,7]/2₀, 2₀/[3,7], [3,7]/2₁, 2₁/[3,7], [3,7]/3₁, 3₁/[3,7], [3,7]/5₁, 5₁/[3,7], 1/[3,7], [3,19]/[3,13], [3,13]/[3,19], [3,13]/[3,11], [3,11]/[3,13], [3,17]/[3,13], [3,13]/[3,17], [3,23]/[3,13], [3,13]/[3,23], [5,13]/[3,13], [3,13]/[5,13], [5,19]/[3,13], [3,13]/[5,19], [5,17]/[3,13], [3,13]/[5,17], [5,23]/[3,13], [3,13]/[5,23], [7,13]/[3,13], [3,13]/[7,13], [7,19]/[3,13], [3,13]/[7,19], [7,17]/[3,13], [3,13]/[7,17], [7,23]/[3,13], [3,13]/[7,23], [13,13]/[3,13], [3,13]/[13,13], [13,19]/[3,13], [3,13]/[13,19], [13,17]/[3,13], [3,13]/[13,17], [13,23]/[3,13], [3,13]/[13,23], [19,13]/[3,13], [3,13]/[19,13], [19,19]/[3,13], [3,13]/[19,19], [19,17]/[3,13], [3,13]/[19,17], [19,23]/[3,13], [3,13]/[19,23], [11,13]/[3,13], [3,13]/[11,13], [11,19]/[3,13], [3,13]/[11,19], [11,17]/[3,13], [3,13]/[11,17], [11,23]/[3,13], [3,13]/[11,23], [17,13]/[3,13], [3,13]/[17,13], [17,19]/[3,13], [3,13]/[17,19], [17,17]/[3,13], [3,13]/[17,17], [17,23]/[3,13], [3,13]/[17,23], [23,13]/[3,13], [3,13]/[23,13], [23,19]/[3,13], [3,13]/[23,19], [23,17]/[3,13], [3,13]/[23,17], [3,13]/2₀, 2₀/[3,13], [3,13]/2₁, 2₁/[3,13], [3,13]/3₁, 3₁/[3,13], [3,13]/5₁, 5₁/[3,13], [3,13]/7₁, 7₁/[3,13], [3,13]/11₁, 11₁/[3,13], 1/[3,13], [3,19]/[3,11], [3,11]/[3,19], [3,19]/[3,17], [3,17]/[3,19], [3,23]/[3,19], [3,19]/[3,23], [5,19]/[3,19], [3,19]/[5,19], [5,23]/[3,19], [3,19]/[5,23], [7,19]/[3,19], [3,19]/[7,19], [7,23]/[3,19], [3,19]/[7,23], [13,19]/[3,19], [3,19]/[13,19], [13,23]/[3,19], [3,19]/[13,23], [19,19]/[3,19], [3,19]/[19,19], [19,23]/[3,19], [3,19]/[19,23], [11,19]/[3,19], [3,19]/[11,19], [11,23]/[3,19], [3,19]/[11,23], [17,19]/[3,19], [3,19]/[17,19], [17,23]/[3,19], [3,19]/[17,23], [23,19]/[3,19], [3,19]/[23,19], [3,19]/2₀, 2₀/[3,19], [3,19]/2₁, 2₁/[3,19], [3,19]/3₁, 3₁/[3,19], [3,19]/5₁, 5₁/[3,19], [3,19]/7₁, 7₁/[3,19], [3,19]/13₁, 13₁/[3,19], [3,19]/11₁, 11₁/[3,19], [3,19]/17₁, 17₁/[3,19], 1/[3,19], [3,17]/[3,11], [3,11]/[3,17], [3,23]/[3,11], [3,11]/[3,23], [5,13]/[3,11], [3,11]/[5,13], [5,19]/[3,11], [3,11]/[5,19], [5,11]/[3,11], [3,11]/[5,11], [5,17]/[3,11], [3,11]/[5,17], [5,23]/[3,11], [3,11]/[5,23], [7,13]/[3,11], [3,11]/[7,13], [7,19]/[3,11], [3,11]/[7,19], [7,11]/[3,11], [3,11]/[7,11], [7,17]/[3,11], [3,11]/[7,17], [7,23]/[3,11], [3,11]/[7,23], [13,13]/[3,11], [3,11]/[13,13], [13,19]/[3,11], [3,11]/[13,19], [13,11]/[3,11], [3,11]/[13,11], [13,17]/[3,11], [3,11]/[13,17], [13,23]/[3,11], [3,11]/[13,23], [19,13]/[3,11], [3,11]/[19,13], [19,19]/[3,11], [3,11]/[19,19], [19,11]/[3,11], [3,11]/[19,11], [19,17]/[3,11], [3,11]/[19,17], [19,23]/[3,11], [3,11]/[19,23], [11,13]/[3,11], [3,11]/[11,13], [11,19]/[3,11], [3,11]/[11,19], [11,11]/[3,11], [3,11]/[11,11], [11,17]/[3,11], [3,11]/[11,17], [11,23]/[3,11], [3,11]/[11,23], [17,13]/[3,11], [3,11]/[17,13], [17,19]/[3,11], [3,11]/[17,19], [17,11]/[3,11], [3,11]/[17,11], [17,17]/[3,11], [3,11]/[17,17], [17,23]/[3,11], [3,11]/[17,23], [23,13]/[3,11], [3,11]/[23,13], [23,19]/[3,11], [3,11]/[23,19], [23,11]/[3,11], [3,11]/[23,11], [23,17]/[3,11], [3,11]/[23,17], [3,11]/2₀, 2₀/[3,11], [3,11]/2₁, 2₁/[3,11], [3,11]/3₁, 3₁/[3,11], [3,11]/5₁, 5₁/[3,11], [3,11]/7₁, 7₁/[3,11], 1/[3,11], [3,23]/[3,17], [3,17]/[3,23], [5,19]/[3,17], [3,17]/[5,19], [5,17]/[3,17], [3,17]/[5,17], [5,23]/[3,17], [3,17]/[5,23], [7,19]/[3,17], [3,17]/[7,19], [7,17]/[3,17], [3,17]/[7,17], [7,23]/[3,17], [3,17]/[7,23], [13,19]/[3,17], [3,17]/[13,19], [13,17]/[3,17], [3,17]/[13,17], [13,23]/[3,17], [3,17]/[13,23], [19,19]/[3,17], [3,17]/[19,19], [19,17]/[3,17], [3,17]/[19,17], [19,23]/[3,17], [3,17]/[19,23], [11,19]/[3,17], [3,17]/[11,19], [11,17]/[3,17], [3,17]/[11,17], [11,23]/[3,17], [3,17]/[11,23], [17,19]/[3,17], [3,17]/[17,19], [17,17]/[3,17], [3,17]/[17,17], [17,23]/[3,17], [3,17]/[17,23], [23,19]/[3,17], [3,17]/[23,19], [23,17]/[3,17], [3,17]/[23,17], [3,17]/2₀, 2₀/[3,17], [3,17]/2₁, 2₁/[3,17], [3,17]/3₁, 3₁/[3,17], [3,17]/5₁, 5₁/[3,17], [3,17]/7₁, 7₁/[3,17], [3,17]/13₁, 13₁/[3,17], [3,17]/11₁, 11₁/[3,17], 1/[3,17], [5,23]/[3,23], [3,23]/[5,23], [7,23]/[3,23], [3,23]/[7,23], [13,23]/[3,23], [3,23]/[13,23], [19,23]/[3,23], [3,23]/[19,23], [11,23]/[3,23], [3,23]/[11,23], [17,23]/[3,23], [3,23]/[17,23], [3,23]/2₀, 2₀/[3,23], [3,23]/2₁, 2₁/[3,23], [3,23]/3₁, 3₁/[3,23], [3,23]/5₁, 5₁/[3,23], [3,23]/7₁, 7₁/[3,23], [3,23]/13₁, 13₁/[3,23], [3,23]/19₁, 19₁/[3,23], [3,23]/11₁, 11₁/[3,23], [3,23]/17₁, 17₁/[3,23], 1/[3,23], [5,3]/[5,2], [5,2]/[5,3], [5,5]/[5,2], [5,2]/[5,5], [5,7]/[5,2], [5,2]/[5,7], [5,13]/[5,2], [5,2]/[5,13], [5,19]/[5,2], [5,2]/[5,19], [5,11]/[5,2], [5,2]/[5,11], [5,17]/[5,2], [5,2]/[5,17], [5,23]/[5,2], [5,2]/[5,23], [7,2]/[5,2], [5,2]/[7,2], [7,3]/[5,2], [5,2]/[7,3], [7,5]/[5,2], [5,2]/[7,5], [7,7]/[5,2], [5,2]/[7,7], [7,13]/[5,2], [5,2]/[7,13], [7,19]/[5,2], [5,2]/[7,19], [7,11]/[5,2], [5,2]/[7,11], [7,17]/[5,2], [5,2]/[7,17], [7,23]/[5,2], [5,2]/[7,23], [13,2]/[5,2], [5,2]/[13,2], [13,3]/[5,2], [5,2]/[13,3], [13,5]/[5,2], [5,2]/[13,5], [13,7]/[5,2], [5,2]/[13,7], [13,13]/[5,2], [5,2]/[13,13], [13,19]/[5,2], [5,2]/[13,19], [13,11]/[5,2], [5,2]/[13,11], [13,17]/[5,2], [5,2]/[13,17], [13,23]/[5,2], [5,2]/[13,23], [19,2]/[5,2], [5,2]/[19,2], [19,3]/[5,2], [5,2]/[19,3], [19,5]/[5,2], [5,2]/[19,5], [19,7]/[5,2], [5,2]/[19,7], [19,13]/[5,2], [5,2]/[19,13], [19,19]/[5,2], [5,2]/[19,19], [19,11]/[5,2], [5,2]/[19,11], [19,17]/[5,2], [5,2]/[19,17], [19,23]/[5,2], [5,2]/[19,23], [11,2]/[5,2], [5,2]/[11,2], [11,3]/[5,2], [5,2]/[11,3], [11,5]/[5,2], [5,2]/[11,5], [11,7]/[5,2], [5,2]/[11,7], [11,13]/[5,2], [5,2]/[11,13], [11,19]/[5,2], [5,2]/[11,19], [11,11]/[5,2], [5,2]/[11,11], [11,17]/[5,2], [5,2]/[11,17], [11,23]/[5,2], [5,2]/[11,23], [17,2]/[5,2], [5,2]/[17,2], [17,3]/[5,2], [5,2]/[17,3], [17,5]/[5,2], [5,2]/[17,5], [17,7]/[5,2], [5,2]/[17,7], [17,13]/[5,2], [5,2]/[17,13], [17,19]/[5,2], [5,2]/[17,19], [17,11]/[5,2], [5,2]/[17,11], [17,17]/[5,2], [5,2]/[17,17], [17,23]/[5,2], [5,2]/[17,23], [23,2]/[5,2], [5,2]/[23,2], [23,3]/[5,2], [5,2]/[23,3], [23,5]/[5,2], [5,2]/[23,5], [23,7]/[5,2], [5,2]/[23,7], [23,13]/[5,2], [5,2]/[23,13], [23,19]/[5,2], [5,2]/[23,19], [23,11]/[5,2], [5,2]/[23,11], [23,17]/[5,2], [5,2]/[23,17], [5,2]/2₀, 2₀/[5,2], [[5,2]/2₁, [5,3]/3₁, [5,5]/5₁, [5,7]/7₁, [5,13]/13₁, [5,19]/19₁, [5,11]/11₁, [5,17]/17₁, [5,23]/23₁], [2₁/[5,2], 3₁/[5,3], 5₁/[5,5], 7₁/[5,7], 13₁/[5,13], 19₁/[5,19], 11₁/[5,11], 17₁/[5,17], 23₁/[5,23], 1/5₀], [5,2]/3₀, 3₀/[5,2], 1/[5,2], [5,5]/[5,3], [5,3]/[5,5], [5,7]/[5,3], [5,3]/[5,7], [5,13]/[5,3], [5,3]/[5,13], [5,19]/[5,3], [5,3]/[5,19], [5,11]/[5,3], [5,3]/[5,11], [5,17]/[5,3], [5,3]/[5,17], [5,23]/[5,3], [5,3]/[5,23], [7,3]/[5,3], [5,3]/[7,3], [7,5]/[5,3], [5,3]/[7,5], [7,7]/[5,3], [5,3]/[7,7], [7,13]/[5,3], [5,3]/[7,13], [7,19]/[5,3], [5,3]/[7,19], [7,11]/[5,3], [5,3]/[7,11], [7,17]/[5,3], [5,3]/[7,17], [7,23]/[5,3], [5,3]/[7,23], [13,3]/[5,3], [5,3]/[13,3], [13,5]/[5,3], [5,3]/[13,5], [13,7]/[5,3], [5,3]/[13,7], [13,13]/[5,3], [5,3]/[13,13], [13,19]/[5,3], [5,3]/[13,19], [13,11]/[5,3], [5,3]/[13,11], [13,17]/[5,3], [5,3]/[13,17], [13,23]/[5,3], [5,3]/[13,23], [19,3]/[5,3], [5,3]/[19,3], [19,5]/[5,3], [5,3]/[19,5], [19,7]/[5,3], [5,3]/[19,7], [19,13]/[5,3], [5,3]/[19,13], [19,19]/[5,3], [5,3]/[19,19], [19,11]/[5,3], [5,3]/[19,11], [19,17]/[5,3], [5,3]/[19,17], [19,23]/[5,3], [5,3]/[19,23], [11,3]/[5,3], [5,3]/[11,3], [11,5]/[5,3], [5,3]/[11,5], [11,7]/[5,3], [5,3]/[11,7], [11,13]/[5,3], [5,3]/[11,13], [11,19]/[5,3], [5,3]/[11,19], [11,11]/[5,3], [5,3]/[11,11], [11,17]/[5,3], [5,3]/[11,17], [11,23]/[5,3], [5,3]/[11,23], [17,3]/[5,3], [5,3]/[17,3], [17,5]/[5,3], [5,3]/[17,5], [17,7]/[5,3], [5,3]/[17,7], [17,13]/[5,3], [5,3]/[17,13], [17,19]/[5,3], [5,3]/[17,19], [17,11]/[5,3], [5,3]/[17,11], [17,17]/[5,3], [5,3]/[17,17], [17,23]/[5,3], [5,3]/[17,23], [23,3]/[5,3], [5,3]/[23,3], [23,5]/[5,3], [5,3]/[23,5], [23,7]/[5,3], [5,3]/[23,7], [23,13]/[5,3], [5,3]/[23,13], [23,19]/[5,3], [5,3]/[23,19], [23,11]/[5,3], [5,3]/[23,11], [23,17]/[5,3], [5,3]/[23,17], [5,3]/2₀, 2₀/[5,3], [5,3]/2₁, 2₁/[5,3], [5,3]/3₀, 3₀/[5,3], 1/[5,3], [5,7]/[5,5], [5,5]/[5,7], [5,13]/[5,5], [5,5]/[5,13], [5,19]/[5,5], [5,5]/[5,19], [5,11]/[5,5], [5,5]/[5,11], [5,17]/[5,5], [5,5]/[5,17], [5,23]/[5,5], [5,5]/[5,23], [7,5]/[5,5], [5,5]/[7,5], [7,7]/[5,5], [5,5]/[7,7], [7,13]/[5,5], [5,5]/[7,13], [7,19]/[5,5], [5,5]/[7,19], [7,11]/[5,5], [5,5]/[7,11], [7,17]/[5,5], [5,5]/[7,17], [7,23]/[5,5], [5,5]/[7,23], [13,5]/[5,5], [5,5]/[13,5], [13,7]/[5,5], [5,5]/[13,7], [13,13]/[5,5], [5,5]/[13,13], [13,19]/[5,5], [5,5]/[13,19], [13,11]/[5,5], [5,5]/[13,11], [13,17]/[5,5], [5,5]/[13,17], [13,23]/[5,5], [5,5]/[13,23], [19,5]/[5,5], [5,5]/[19,5], [19,7]/[5,5], [5,5]/[19,7], [19,13]/[5,5], [5,5]/[19,13], [19,19]/[5,5], [5,5]/[19,19], [19,11]/[5,5], [5,5]/[19,11], [19,17]/[5,5], [5,5]/[19,17], [19,23]/[5,5], [5,5]/[19,23], [11,5]/[5,5], [5,5]/[11,5], [11,7]/[5,5], [5,5]/[11,7], [11,13]/[5,5], [5,5]/[11,13], [11,19]/[5,5], [5,5]/[11,19], [11,11]/[5,5], [5,5]/[11,11], [11,17]/[5,5], [5,5]/[11,17], [11,23]/[5,5], [5,5]/[11,23], [17,5]/[5,5], [5,5]/[17,5], [17,7]/[5,5], [5,5]/[17,7], [17,13]/[5,5], [5,5]/[17,13], [17,19]/[5,5], [5,5]/[17,19], [17,11]/[5,5], [5,5]/[17,11], [17,17]/[5,5], [5,5]/[17,17], [17,23]/[5,5], [5,5]/[17,23], [23,5]/[5,5], [5,5]/[23,5], [23,7]/[5,5], [5,5]/[23,7], [23,13]/[5,5], [5,5]/[23,13], [23,19]/[5,5], [5,5]/[23,19], [23,11]/[5,5], [5,5]/[23,11], [23,17]/[5,5], [5,5]/[23,17], [5,5]/2₀, 2₀/[5,5], [5,5]/2₁, 2₁/[5,5], [5,5]/3₀, 3₀/[5,5], [5,5]/3₁, 3₁/[5,5], 1/[5,5], [5,13]/[5,7], [5,7]/[5,13], [5,19]/[5,7], [5,7]/[5,19], [5,11]/[5,7], [5,7]/[5,11], [5,17]/[5,7], [5,7]/[5,17], [5,23]/[5,7], [5,7]/[5,23], [7,7]/[5,7], [5,7]/[7,7], [7,13]/[5,7], [5,7]/[7,13], [7,19]/[5,7], [5,7]/[7,19], [7,11]/[5,7], [5,7]/[7,11], [7,17]/[5,7], [5,7]/[7,17], [7,23]/[5,7], [5,7]/[7,23], [13,7]/[5,7], [5,7]/[13,7], [13,13]/[5,7], [5,7]/[13,13], [13,19]/[5,7], [5,7]/[13,19], [13,11]/[5,7], [5,7]/[13,11], [13,17]/[5,7], [5,7]/[13,17], [13,23]/[5,7], [5,7]/[13,23], [19,7]/[5,7], [5,7]/[19,7], [19,13]/[5,7], [5,7]/[19,13], [19,19]/[5,7], [5,7]/[19,19], [19,11]/[5,7], [5,7]/[19,11], [19,17]/[5,7], [5,7]/[19,17], [19,23]/[5,7], [5,7]/[19,23], [11,7]/[5,7], [5,7]/[11,7], [11,13]/[5,7], [5,7]/[11,13], [11,19]/[5,7], [5,7]/[11,19], [11,11]/[5,7], [5,7]/[11,11], [11,17]/[5,7], [5,7]/[11,17], [11,23]/[5,7], [5,7]/[11,23], [17,7]/[5,7], [5,7]/[17,7], [17,13]/[5,7], [5,7]/[17,13], [17,19]/[5,7], [5,7]/[17,19], [17,11]/[5,7], [5,7]/[17,11], [17,17]/[5,7], [5,7]/[17,17], [17,23]/[5,7], [5,7]/[17,23], [23,7]/[5,7], [5,7]/[23,7], [23,13]/[5,7], [5,7]/[23,13], [23,19]/[5,7], [5,7]/[23,19], [23,11]/[5,7], [5,7]/[23,11], [23,17]/[5,7], [5,7]/[23,17], [5,7]/2₀, 2₀/[5,7], [5,7]/2₁, 2₁/[5,7], [5,7]/3₀, 3₀/[5,7], [5,7]/3₁, 3₁/[5,7], [5,7]/5₁, 5₁/[5,7], 1/[5,7], [5,19]/[5,13], [5,13]/[5,19], [5,13]/[5,11], [5,11]/[5,13], [5,17]/[5,13], [5,13]/[5,17], [5,23]/[5,13], [5,13]/[5,23], [7,13]/[5,13], [5,13]/[7,13], [7,19]/[5,13], [5,13]/[7,19], [7,17]/[5,13], [5,13]/[7,17], [7,23]/[5,13], [5,13]/[7,23], [13,13]/[5,13], [5,13]/[13,13], [13,19]/[5,13], [5,13]/[13,19], [13,17]/[5,13], [5,13]/[13,17], [13,23]/[5,13], [5,13]/[13,23], [19,13]/[5,13], [5,13]/[19,13], [19,19]/[5,13], [5,13]/[19,19], [19,17]/[5,13], [5,13]/[19,17], [19,23]/[5,13], [5,13]/[19,23], [11,13]/[5,13], [5,13]/[11,13], [11,19]/[5,13], [5,13]/[11,19], [11,17]/[5,13], [5,13]/[11,17], [11,23]/[5,13], [5,13]/[11,23], [17,13]/[5,13], [5,13]/[17,13], [17,19]/[5,13], [5,13]/[17,19], [17,17]/[5,13], [5,13]/[17,17], [17,23]/[5,13], [5,13]/[17,23], [23,13]/[5,13], [5,13]/[23,13], [23,19]/[5,13], [5,13]/[23,19], [23,17]/[5,13], [5,13]/[23,17], [5,13]/2₀, 2₀/[5,13], [5,13]/2₁, 2₁/[5,13], [5,13]/3₀, 3₀/[5,13], [5,13]/3₁, 3₁/[5,13], [5,13]/5₁, 5₁/[5,13], [5,13]/7₁, 7₁/[5,13], [5,13]/11₁, 11₁/[5,13], 1/[5,13], [5,19]/[5,11], [5,11]/[5,19], [5,19]/[5,17], [5,17]/[5,19], [5,23]/[5,19], [5,19]/[5,23], [7,19]/[5,19], [5,19]/[7,19], [7,23]/[5,19], [5,19]/[7,23], [13,19]/[5,19], [5,19]/[13,19], [13,23]/[5,19], [5,19]/[13,23], [19,19]/[5,19], [5,19]/[19,19], [19,23]/[5,19], [5,19]/[19,23], [11,19]/[5,19], [5,19]/[11,19], [11,23]/[5,19], [5,19]/[11,23], [17,19]/[5,19], [5,19]/[17,19], [17,23]/[5,19], [5,19]/[17,23], [23,19]/[5,19], [5,19]/[23,19], [5,19]/2₀, 2₀/[5,19], [5,19]/2₁, 2₁/[5,19], [5,19]/3₀, 3₀/[5,19], [5,19]/3₁, 3₁/[5,19], [5,19]/5₁, 5₁/[5,19], [5,19]/7₁, 7₁/[5,19], [5,19]/13₁, 13₁/[5,19], [5,19]/11₁, 11₁/[5,19], [5,19]/17₁, 17₁/[5,19], 1/[5,19], [5,17]/[5,11], [5,11]/[5,17], [5,23]/[5,11], [5,11]/[5,23], [7,13]/[5,11], [5,11]/[7,13], [7,19]/[5,11], [5,11]/[7,19], [7,11]/[5,11], [5,11]/[7,11], [7,17]/[5,11], [5,11]/[7,17], [7,23]/[5,11], [5,11]/[7,23], [13,13]/[5,11], [5,11]/[13,13], [13,19]/[5,11], [5,11]/[13,19], [13,11]/[5,11], [5,11]/[13,11], [13,17]/[5,11], [5,11]/[13,17], [13,23]/[5,11], [5,11]/[13,23], [19,13]/[5,11], [5,11]/[19,13], [19,19]/[5,11], [5,11]/[19,19], [19,11]/[5,11], [5,11]/[19,11], [19,17]/[5,11], [5,11]/[19,17], [19,23]/[5,11], [5,11]/[19,23], [11,13]/[5,11], [5,11]/[11,13], [11,19]/[5,11], [5,11]/[11,19], [11,11]/[5,11], [5,11]/[11,11], [11,17]/[5,11], [5,11]/[11,17], [11,23]/[5,11], [5,11]/[11,23], [17,13]/[5,11], [5,11]/[17,13], [17,19]/[5,11], [5,11]/[17,19], [17,11]/[5,11], [5,11]/[17,11], [17,17]/[5,11], [5,11]/[17,17], [17,23]/[5,11], [5,11]/[17,23], [23,13]/[5,11], [5,11]/[23,13], [23,19]/[5,11], [5,11]/[23,19], [23,11]/[5,11], [5,11]/[23,11], [23,17]/[5,11], [5,11]/[23,17], [5,11]/2₀, 2₀/[5,11], [5,11]/2₁, 2₁/[5,11], [5,11]/3₀, 3₀/[5,11], [5,11]/3₁, 3₁/[5,11], [5,11]/5₁, 5₁/[5,11], [5,11]/7₁, 7₁/[5,11], 1/[5,11], [5,23]/[5,17], [5,17]/[5,23], [7,19]/[5,17], [5,17]/[7,19], [7,17]/[5,17], [5,17]/[7,17], [7,23]/[5,17], [5,17]/[7,23], [13,19]/[5,17], [5,17]/[13,19], [13,17]/[5,17], [5,17]/[13,17], [13,23]/[5,17], [5,17]/[13,23], [19,19]/[5,17], [5,17]/[19,19], [19,17]/[5,17], [5,17]/[19,17], [19,23]/[5,17], [5,17]/[19,23], [11,19]/[5,17], [5,17]/[11,19], [11,17]/[5,17], [5,17]/[11,17], [11,23]/[5,17], [5,17]/[11,23], [17,19]/[5,17], [5,17]/[17,19], [17,17]/[5,17], [5,17]/[17,17], [17,23]/[5,17], [5,17]/[17,23], [23,19]/[5,17], [5,17]/[23,19], [23,17]/[5,17], [5,17]/[23,17], [5,17]/2₀, 2₀/[5,17], [5,17]/2₁, 2₁/[5,17], [5,17]/3₀, 3₀/[5,17], [5,17]/3₁, 3₁/[5,17], [5,17]/5₁, 5₁/[5,17], [5,17]/7₁, 7₁/[5,17], [5,17]/13₁, 13₁/[5,17], [5,17]/11₁, 11₁/[5,17], 1/[5,17], [7,23]/[5,23], [5,23]/[7,23], [13,23]/[5,23], [5,23]/[13,23], [19,23]/[5,23], [5,23]/[19,23], [11,23]/[5,23], [5,23]/[11,23], [17,23]/[5,23], [5,23]/[17,23], [5,23]/2₀, 2₀/[5,23], [5,23]/2₁, 2₁/[5,23], [5,23]/3₀, 3₀/[5,23], [5,23]/3₁, 3₁/[5,23], [5,23]/5₁, 5₁/[5,23], [5,23]/7₁, 7₁/[5,23], [5,23]/13₁, 13₁/[5,23], [5,23]/19₁, 19₁/[5,23], [5,23]/11₁, 11₁/[5,23], [5,23]/17₁, 17₁/[5,23], 1/[5,23], [7,3]/[7,2], [7,2]/[7,3], [7,5]/[7,2], [7,2]/[7,5], [7,7]/[7,2], [7,2]/[7,7], [7,13]/[7,2], [7,2]/[7,13], [7,19]/[7,2], [7,2]/[7,19], [7,11]/[7,2], [7,2]/[7,11], [7,17]/[7,2], [7,2]/[7,17], [7,23]/[7,2], [7,2]/[7,23], [13,2]/[7,2], [7,2]/[13,2], [13,3]/[7,2], [7,2]/[13,3], [13,5]/[7,2], [7,2]/[13,5], [13,7]/[7,2], [7,2]/[13,7], [13,13]/[7,2], [7,2]/[13,13], [13,19]/[7,2], [7,2]/[13,19], [13,11]/[7,2], [7,2]/[13,11], [13,17]/[7,2], [7,2]/[13,17], [13,23]/[7,2], [7,2]/[13,23], [19,2]/[7,2], [7,2]/[19,2], [19,3]/[7,2], [7,2]/[19,3], [19,5]/[7,2], [7,2]/[19,5], [19,7]/[7,2], [7,2]/[19,7], [19,13]/[7,2], [7,2]/[19,13], [19,19]/[7,2], [7,2]/[19,19], [19,11]/[7,2], [7,2]/[19,11], [19,17]/[7,2], [7,2]/[19,17], [19,23]/[7,2], [7,2]/[19,23], [11,2]/[7,2], [7,2]/[11,2], [11,3]/[7,2], [7,2]/[11,3], [11,5]/[7,2], [7,2]/[11,5], [11,7]/[7,2], [7,2]/[11,7], [11,13]/[7,2], [7,2]/[11,13], [11,19]/[7,2], [7,2]/[11,19], [11,11]/[7,2], [7,2]/[11,11], [11,17]/[7,2], [7,2]/[11,17], [11,23]/[7,2], [7,2]/[11,23], [17,2]/[7,2], [7,2]/[17,2], [17,3]/[7,2], [7,2]/[17,3], [17,5]/[7,2], [7,2]/[17,5], [17,7]/[7,2], [7,2]/[17,7], [17,13]/[7,2], [7,2]/[17,13], [17,19]/[7,2], [7,2]/[17,19], [17,11]/[7,2], [7,2]/[17,11], [17,17]/[7,2], [7,2]/[17,17], [17,23]/[7,2], [7,2]/[17,23], [23,2]/[7,2], [7,2]/[23,2], [23,3]/[7,2], [7,2]/[23,3], [23,5]/[7,2], [7,2]/[23,5], [23,7]/[7,2], [7,2]/[23,7], [23,13]/[7,2], [7,2]/[23,13], [23,19]/[7,2], [7,2]/[23,19], [23,11]/[7,2], [7,2]/[23,11], [23,17]/[7,2], [7,2]/[23,17], [7,2]/2₀, 2₀/[7,2], [[7,2]/2₁, [7,3]/3₁, [7,5]/5₁, [7,7]/7₁, [7,13]/13₁, [7,19]/19₁, [7,11]/11₁, [7,17]/17₁, [7,23]/23₁], [2₁/[7,2], 3₁/[7,3], 5₁/[7,5], 7₁/[7,7], 13₁/[7,13], 19₁/[7,19], 11₁/[7,11], 17₁/[7,17], 23₁/[7,23], 1/7₀], [7,2]/3₀, 3₀/[7,2], [7,2]/5₀, 5₀/[7,2], 1/[7,2], [7,5]/[7,3], [7,3]/[7,5], [7,7]/[7,3], [7,3]/[7,7], [7,13]/[7,3], [7,3]/[7,13], [7,19]/[7,3], [7,3]/[7,19], [7,11]/[7,3], [7,3]/[7,11], [7,17]/[7,3], [7,3]/[7,17], [7,23]/[7,3], [7,3]/[7,23], [13,3]/[7,3], [7,3]/[13,3], [13,5]/[7,3], [7,3]/[13,5], [13,7]/[7,3], [7,3]/[13,7], [13,13]/[7,3], [7,3]/[13,13], [13,19]/[7,3], [7,3]/[13,19], [13,11]/[7,3], [7,3]/[13,11], [13,17]/[7,3], [7,3]/[13,17], [13,23]/[7,3], [7,3]/[13,23], [19,3]/[7,3], [7,3]/[19,3], [19,5]/[7,3], [7,3]/[19,5], [19,7]/[7,3], [7,3]/[19,7], [19,13]/[7,3], [7,3]/[19,13], [19,19]/[7,3], [7,3]/[19,19], [19,11]/[7,3], [7,3]/[19,11], [19,17]/[7,3], [7,3]/[19,17], [19,23]/[7,3], [7,3]/[19,23], [11,3]/[7,3], [7,3]/[11,3], [11,5]/[7,3], [7,3]/[11,5], [11,7]/[7,3], [7,3]/[11,7], [11,13]/[7,3], [7,3]/[11,13], [11,19]/[7,3], [7,3]/[11,19], [11,11]/[7,3], [7,3]/[11,11], [11,17]/[7,3], [7,3]/[11,17], [11,23]/[7,3], [7,3]/[11,23], [17,3]/[7,3], [7,3]/[17,3], [17,5]/[7,3], [7,3]/[17,5], [17,7]/[7,3], [7,3]/[17,7], [17,13]/[7,3], [7,3]/[17,13], [17,19]/[7,3], [7,3]/[17,19], [17,11]/[7,3], [7,3]/[17,11], [17,17]/[7,3], [7,3]/[17,17], [17,23]/[7,3], [7,3]/[17,23], [23,3]/[7,3], [7,3]/[23,3], [23,5]/[7,3], [7,3]/[23,5], [23,7]/[7,3], [7,3]/[23,7], [23,13]/[7,3], [7,3]/[23,13], [23,19]/[7,3], [7,3]/[23,19], [23,11]/[7,3], [7,3]/[23,11], [23,17]/[7,3], [7,3]/[23,17], [7,3]/2₀, 2₀/[7,3], [7,3]/2₁, 2₁/[7,3], [7,3]/3₀, 3₀/[7,3], [7,3]/5₀, 5₀/[7,3], 1/[7,3], [7,7]/[7,5], [7,5]/[7,7], [7,13]/[7,5], [7,5]/[7,13], [7,19]/[7,5], [7,5]/[7,19], [7,11]/[7,5], [7,5]/[7,11], [7,17]/[7,5], [7,5]/[7,17], [7,23]/[7,5], [7,5]/[7,23], [13,5]/[7,5], [7,5]/[13,5], [13,7]/[7,5], [7,5]/[13,7], [13,13]/[7,5], [7,5]/[13,13], [13,19]/[7,5], [7,5]/[13,19], [13,11]/[7,5], [7,5]/[13,11], [13,17]/[7,5], [7,5]/[13,17], [13,23]/[7,5], [7,5]/[13,23], [19,5]/[7,5], [7,5]/[19,5], [19,7]/[7,5], [7,5]/[19,7], [19,13]/[7,5], [7,5]/[19,13], [19,19]/[7,5], [7,5]/[19,19], [19,11]/[7,5], [7,5]/[19,11], [19,17]/[7,5], [7,5]/[19,17], [19,23]/[7,5], [7,5]/[19,23], [11,5]/[7,5], [7,5]/[11,5], [11,7]/[7,5], [7,5]/[11,7], [11,13]/[7,5], [7,5]/[11,13], [11,19]/[7,5], [7,5]/[11,19], [11,11]/[7,5], [7,5]/[11,11], [11,17]/[7,5], [7,5]/[11,17], [11,23]/[7,5], [7,5]/[11,23], [17,5]/[7,5], [7,5]/[17,5], [17,7]/[7,5], [7,5]/[17,7], [17,13]/[7,5], [7,5]/[17,13], [17,19]/[7,5], [7,5]/[17,19], [17,11]/[7,5], [7,5]/[17,11], [17,17]/[7,5], [7,5]/[17,17], [17,23]/[7,5], [7,5]/[17,23], [23,5]/[7,5], [7,5]/[23,5], [23,7]/[7,5], [7,5]/[23,7], [23,13]/[7,5], [7,5]/[23,13], [23,19]/[7,5], [7,5]/[23,19], [23,11]/[7,5], [7,5]/[23,11], [23,17]/[7,5], [7,5]/[23,17], [7,5]/2₀, 2₀/[7,5], [7,5]/2₁, 2₁/[7,5], [7,5]/3₀, 3₀/[7,5], [7,5]/3₁, 3₁/[7,5], [7,5]/5₀, 5₀/[7,5], 1/[7,5], [7,13]/[7,7], [7,7]/[7,13], [7,19]/[7,7], [7,7]/[7,19], [7,11]/[7,7], [7,7]/[7,11], [7,17]/[7,7], [7,7]/[7,17], [7,23]/[7,7], [7,7]/[7,23], [13,7]/[7,7], [7,7]/[13,7], [13,13]/[7,7], [7,7]/[13,13], [13,19]/[7,7], [7,7]/[13,19], [13,11]/[7,7], [7,7]/[13,11], [13,17]/[7,7], [7,7]/[13,17], [13,23]/[7,7], [7,7]/[13,23], [19,7]/[7,7], [7,7]/[19,7], [19,13]/[7,7], [7,7]/[19,13], [19,19]/[7,7], [7,7]/[19,19], [19,11]/[7,7], [7,7]/[19,11], [19,17]/[7,7], [7,7]/[19,17], [19,23]/[7,7], [7,7]/[19,23], [11,7]/[7,7], [7,7]/[11,7], [11,13]/[7,7], [7,7]/[11,13], [11,19]/[7,7], [7,7]/[11,19], [11,11]/[7,7], [7,7]/[11,11], [11,17]/[7,7], [7,7]/[11,17], [11,23]/[7,7], [7,7]/[11,23], [17,7]/[7,7], [7,7]/[17,7], [17,13]/[7,7], [7,7]/[17,13], [17,19]/[7,7], [7,7]/[17,19], [17,11]/[7,7], [7,7]/[17,11], [17,17]/[7,7], [7,7]/[17,17], [17,23]/[7,7], [7,7]/[17,23], [23,7]/[7,7], [7,7]/[23,7], [23,13]/[7,7], [7,7]/[23,13], [23,19]/[7,7], [7,7]/[23,19], [23,11]/[7,7], [7,7]/[23,11], [23,17]/[7,7], [7,7]/[23,17], [7,7]/2₀, 2₀/[7,7], [7,7]/2₁, 2₁/[7,7], [7,7]/3₀, 3₀/[7,7], [7,7]/3₁, 3₁/[7,7], [7,7]/5₀, 5₀/[7,7], [7,7]/5₁, 5₁/[7,7], 1/[7,7], [7,19]/[7,13], [7,13]/[7,19], [7,13]/[7,11], [7,11]/[7,13], [7,17]/[7,13], [7,13]/[7,17], [7,23]/[7,13], [7,13]/[7,23], [13,13]/[7,13], [7,13]/[13,13], [13,19]/[7,13], [7,13]/[13,19], [13,17]/[7,13], [7,13]/[13,17], [13,23]/[7,13], [7,13]/[13,23], [19,13]/[7,13], [7,13]/[19,13], [19,19]/[7,13], [7,13]/[19,19], [19,17]/[7,13], [7,13]/[19,17], [19,23]/[7,13], [7,13]/[19,23], [11,13]/[7,13], [7,13]/[11,13], [11,19]/[7,13], [7,13]/[11,19], [11,17]/[7,13], [7,13]/[11,17], [11,23]/[7,13], [7,13]/[11,23], [17,13]/[7,13], [7,13]/[17,13], [17,19]/[7,13], [7,13]/[17,19], [17,17]/[7,13], [7,13]/[17,17], [17,23]/[7,13], [7,13]/[17,23], [23,13]/[7,13], [7,13]/[23,13], [23,19]/[7,13], [7,13]/[23,19], [23,17]/[7,13], [7,13]/[23,17], [7,13]/2₀, 2₀/[7,13], [7,13]/2₁, 2₁/[7,13], [7,13]/3₀, 3₀/[7,13], [7,13]/3₁, 3₁/[7,13], [7,13]/5₀, 5₀/[7,13], [7,13]/5₁, 5₁/[7,13], [7,13]/7₁, 7₁/[7,13], [7,13]/11₁, 11₁/[7,13], 1/[7,13], [7,19]/[7,11], [7,11]/[7,19], [7,19]/[7,17], [7,17]/[7,19], [7,23]/[7,19], [7,19]/[7,23], [13,19]/[7,19], [7,19]/[13,19], [13,23]/[7,19], [7,19]/[13,23], [19,19]/[7,19], [7,19]/[19,19], [19,23]/[7,19], [7,19]/[19,23], [11,19]/[7,19], [7,19]/[11,19], [11,23]/[7,19], [7,19]/[11,23], [17,19]/[7,19], [7,19]/[17,19], [17,23]/[7,19], [7,19]/[17,23], [23,19]/[7,19], [7,19]/[23,19], [7,19]/2₀, 2₀/[7,19], [7,19]/2₁, 2₁/[7,19], [7,19]/3₀, 3₀/[7,19], [7,19]/3₁, 3₁/[7,19], [7,19]/5₀, 5₀/[7,19], [7,19]/5₁, 5₁/[7,19], [7,19]/7₁, 7₁/[7,19], [7,19]/13₁, 13₁/[7,19], [7,19]/11₁, 11₁/[7,19], [7,19]/17₁, 17₁/[7,19], 1/[7,19], [7,17]/[7,11], [7,11]/[7,17], [7,23]/[7,11], [7,11]/[7,23], [13,13]/[7,11], [7,11]/[13,13], [13,19]/[7,11], [7,11]/[13,19], [13,11]/[7,11], [7,11]/[13,11], [13,17]/[7,11], [7,11]/[13,17], [13,23]/[7,11], [7,11]/[13,23], [19,13]/[7,11], [7,11]/[19,13], [19,19]/[7,11], [7,11]/[19,19], [19,11]/[7,11], [7,11]/[19,11], [19,17]/[7,11], [7,11]/[19,17], [19,23]/[7,11], [7,11]/[19,23], [11,13]/[7,11], [7,11]/[11,13], [11,19]/[7,11], [7,11]/[11,19], [11,11]/[7,11], [7,11]/[11,11], [11,17]/[7,11], [7,11]/[11,17], [11,23]/[7,11], [7,11]/[11,23], [17,13]/[7,11], [7,11]/[17,13], [17,19]/[7,11], [7,11]/[17,19], [17,11]/[7,11], [7,11]/[17,11], [17,17]/[7,11], [7,11]/[17,17], [17,23]/[7,11], [7,11]/[17,23], [23,13]/[7,11], [7,11]/[23,13], [23,19]/[7,11], [7,11]/[23,19], [23,11]/[7,11], [7,11]/[23,11], [23,17]/[7,11], [7,11]/[23,17], [7,11]/2₀, 2₀/[7,11], [7,11]/2₁, 2₁/[7,11], [7,11]/3₀, 3₀/[7,11], [7,11]/3₁, 3₁/[7,11], [7,11]/5₀, 5₀/[7,11], [7,11]/5₁, 5₁/[7,11], [7,11]/7₁, 7₁/[7,11], 1/[7,11], [7,23]/[7,17], [7,17]/[7,23], [13,19]/[7,17], [7,17]/[13,19], [13,17]/[7,17], [7,17]/[13,17], [13,23]/[7,17], [7,17]/[13,23], [19,19]/[7,17], [7,17]/[19,19], [19,17]/[7,17], [7,17]/[19,17], [19,23]/[7,17], [7,17]/[19,23], [11,19]/[7,17], [7,17]/[11,19], [11,17]/[7,17], [7,17]/[11,17], [11,23]/[7,17], [7,17]/[11,23], [17,19]/[7,17], [7,17]/[17,19], [17,17]/[7,17], [7,17]/[17,17], [17,23]/[7,17], [7,17]/[17,23], [23,19]/[7,17], [7,17]/[23,19], [23,17]/[7,17], [7,17]/[23,17], [7,17]/2₀, 2₀/[7,17], [7,17]/2₁, 2₁/[7,17], [7,17]/3₀, 3₀/[7,17], [7,17]/3₁, 3₁/[7,17], [7,17]/5₀, 5₀/[7,17], [7,17]/5₁, 5₁/[7,17], [7,17]/7₁, 7₁/[7,17], [7,17]/13₁, 13₁/[7,17], [7,17]/11₁, 11₁/[7,17], 1/[7,17], [13,23]/[7,23], [7,23]/[13,23], [19,23]/[7,23], [7,23]/[19,23], [11,23]/[7,23], [7,23]/[11,23], [17,23]/[7,23], [7,23]/[17,23], [7,23]/2₀, 2₀/[7,23], [7,23]/2₁, 2₁/[7,23], [7,23]/3₀, 3₀/[7,23], [7,23]/3₁, 3₁/[7,23], [7,23]/5₀, 5₀/[7,23], [7,23]/5₁, 5₁/[7,23], [7,23]/7₁, 7₁/[7,23], [7,23]/13₁, 13₁/[7,23], [7,23]/19₁, 19₁/[7,23], [7,23]/11₁, 11₁/[7,23], [7,23]/17₁, 17₁/[7,23], 1/[7,23], [13,3]/[13,2], [13,2]/[13,3], [13,5]/[13,2], [13,2]/[13,5], [13,7]/[13,2], [13,2]/[13,7], [13,13]/[13,2], [13,2]/[13,13], [13,19]/[13,2], [13,2]/[13,19], [13,11]/[13,2], [13,2]/[13,11], [13,17]/[13,2], [13,2]/[13,17], [13,23]/[13,2], [13,2]/[13,23], [19,2]/[13,2], [13,2]/[19,2], [19,3]/[13,2], [13,2]/[19,3], [19,5]/[13,2], [13,2]/[19,5], [19,7]/[13,2], [13,2]/[19,7], [19,13]/[13,2], [13,2]/[19,13], [19,19]/[13,2], [13,2]/[19,19], [19,11]/[13,2], [13,2]/[19,11], [19,17]/[13,2], [13,2]/[19,17], [19,23]/[13,2], [13,2]/[19,23], [13,2]/[11,2], [11,2]/[13,2], [17,2]/[13,2], [13,2]/[17,2], [17,3]/[13,2], [13,2]/[17,3], [17,5]/[13,2], [13,2]/[17,5], [17,7]/[13,2], [13,2]/[17,7], [17,13]/[13,2], [13,2]/[17,13], [17,19]/[13,2], [13,2]/[17,19], [17,11]/[13,2], [13,2]/[17,11], [17,17]/[13,2], [13,2]/[17,17], [17,23]/[13,2], [13,2]/[17,23], [23,2]/[13,2], [13,2]/[23,2], [23,3]/[13,2], [13,2]/[23,3], [23,5]/[13,2], [13,2]/[23,5], [23,7]/[13,2], [13,2]/[23,7], [23,13]/[13,2], [13,2]/[23,13], [23,19]/[13,2], [13,2]/[23,19], [23,11]/[13,2], [13,2]/[23,11], [23,17]/[13,2], [13,2]/[23,17], [13,2]/2₀, 2₀/[13,2], [[13,2]/2₁, [13,3]/3₁, [13,5]/5₁, [13,7]/7₁, [13,13]/13₁, [13,19]/19₁, [13,11]/11₁, [13,17]/17₁, [13,23]/23₁], [2₁/[13,2], 3₁/[13,3], 5₁/[13,5], 7₁/[13,7], 13₁/[13,13], 19₁/[13,19], 11₁/[13,11], 17₁/[13,17], 23₁/[13,23], 1/13₀], [13,2]/3₀, 3₀/[13,2], [13,2]/5₀, 5₀/[13,2], [13,2]/7₀, 7₀/[13,2], [13,2]/11₀, 11₀/[13,2], 1/[13,2], [13,5]/[13,3], [13,3]/[13,5], [13,7]/[13,3], [13,3]/[13,7], [13,13]/[13,3], [13,3]/[13,13], [13,19]/[13,3], [13,3]/[13,19], [13,11]/[13,3], [13,3]/[13,11], [13,17]/[13,3], [13,3]/[13,17], [13,23]/[13,3], [13,3]/[13,23], [19,3]/[13,3], [13,3]/[19,3], [19,5]/[13,3], [13,3]/[19,5], [19,7]/[13,3], [13,3]/[19,7], [19,13]/[13,3], [13,3]/[19,13], [19,19]/[13,3], [13,3]/[19,19], [19,11]/[13,3], [13,3]/[19,11], [19,17]/[13,3], [13,3]/[19,17], [19,23]/[13,3], [13,3]/[19,23], [13,3]/[11,2], [11,2]/[13,3], [13,3]/[11,3], [11,3]/[13,3], [17,3]/[13,3], [13,3]/[17,3], [17,5]/[13,3], [13,3]/[17,5], [17,7]/[13,3], [13,3]/[17,7], [17,13]/[13,3], [13,3]/[17,13], [17,19]/[13,3], [13,3]/[17,19], [17,11]/[13,3], [13,3]/[17,11], [17,17]/[13,3], [13,3]/[17,17], [17,23]/[13,3], [13,3]/[17,23], [23,3]/[13,3], [13,3]/[23,3], [23,5]/[13,3], [13,3]/[23,5], [23,7]/[13,3], [13,3]/[23,7], [23,13]/[13,3], [13,3]/[23,13], [23,19]/[13,3], [13,3]/[23,19], [23,11]/[13,3], [13,3]/[23,11], [23,17]/[13,3], [13,3]/[23,17], [13,3]/2₀, 2₀/[13,3], [13,3]/2₁, 2₁/[13,3], [13,3]/3₀, 3₀/[13,3], [13,3]/5₀, 5₀/[13,3], [13,3]/7₀, 7₀/[13,3], [13,3]/11₀, 11₀/[13,3], 1/[13,3], [13,7]/[13,5], [13,5]/[13,7], [13,13]/[13,5], [13,5]/[13,13], [13,19]/[13,5], [13,5]/[13,19], [13,11]/[13,5], [13,5]/[13,11], [13,17]/[13,5], [13,5]/[13,17], [13,23]/[13,5], [13,5]/[13,23], [19,5]/[13,5], [13,5]/[19,5], [19,7]/[13,5], [13,5]/[19,7], [19,13]/[13,5], [13,5]/[19,13], [19,19]/[13,5], [13,5]/[19,19], [19,11]/[13,5], [13,5]/[19,11], [19,17]/[13,5], [13,5]/[19,17], [19,23]/[13,5], [13,5]/[19,23], [13,5]/[11,2], [11,2]/[13,5], [13,5]/[11,3], [11,3]/[13,5], [13,5]/[11,5], [11,5]/[13,5], [17,5]/[13,5], [13,5]/[17,5], [17,7]/[13,5], [13,5]/[17,7], [17,13]/[13,5], [13,5]/[17,13], [17,19]/[13,5], [13,5]/[17,19], [17,11]/[13,5], [13,5]/[17,11], [17,17]/[13,5], [13,5]/[17,17], [17,23]/[13,5], [13,5]/[17,23], [23,5]/[13,5], [13,5]/[23,5], [23,7]/[13,5], [13,5]/[23,7], [23,13]/[13,5], [13,5]/[23,13], [23,19]/[13,5], [13,5]/[23,19], [23,11]/[13,5], [13,5]/[23,11], [23,17]/[13,5], [13,5]/[23,17], [13,5]/2₀, 2₀/[13,5], [13,5]/2₁, 2₁/[13,5], [13,5]/3₀, 3₀/[13,5], [13,5]/3₁, 3₁/[13,5], [13,5]/5₀, 5₀/[13,5], [13,5]/7₀, 7₀/[13,5], [13,5]/11₀, 11₀/[13,5], 1/[13,5], [13,13]/[13,7], [13,7]/[13,13], [13,19]/[13,7], [13,7]/[13,19], [13,11]/[13,7], [13,7]/[13,11], [13,17]/[13,7], [13,7]/[13,17], [13,23]/[13,7], [13,7]/[13,23], [19,7]/[13,7], [13,7]/[19,7], [19,13]/[13,7], [13,7]/[19,13], [19,19]/[13,7], [13,7]/[19,19], [19,11]/[13,7], [13,7]/[19,11], [19,17]/[13,7], [13,7]/[19,17], [19,23]/[13,7], [13,7]/[19,23], [13,7]/[11,2], [11,2]/[13,7], [13,7]/[11,3], [11,3]/[13,7], [13,7]/[11,5], [11,5]/[13,7], [13,7]/[11,7], [11,7]/[13,7], [17,7]/[13,7], [13,7]/[17,7], [17,13]/[13,7], [13,7]/[17,13], [17,19]/[13,7], [13,7]/[17,19], [17,11]/[13,7], [13,7]/[17,11], [17,17]/[13,7], [13,7]/[17,17], [17,23]/[13,7], [13,7]/[17,23], [23,7]/[13,7], [13,7]/[23,7], [23,13]/[13,7], [13,7]/[23,13], [23,19]/[13,7], [13,7]/[23,19], [23,11]/[13,7], [13,7]/[23,11], [23,17]/[13,7], [13,7]/[23,17], [13,7]/2₀, 2₀/[13,7], [13,7]/2₁, 2₁/[13,7], [13,7]/3₀, 3₀/[13,7], [13,7]/3₁, 3₁/[13,7], [13,7]/5₀, 5₀/[13,7], [13,7]/5₁, 5₁/[13,7], [13,7]/7₀, 7₀/[13,7], [13,7]/11₀, 11₀/[13,7], 1/[13,7], [13,19]/[13,13], [13,13]/[13,19], [13,13]/[13,11], [13,11]/[13,13], [13,17]/[13,13], [13,13]/[13,17], [13,23]/[13,13], [13,13]/[13,23], [19,13]/[13,13], [13,13]/[19,13], [19,19]/[13,13], [13,13]/[19,19], [19,17]/[13,13], [13,13]/[19,17], [19,23]/[13,13], [13,13]/[19,23], [13,13]/[11,2], [11,2]/[13,13], [13,13]/[11,3], [11,3]/[13,13], [13,13]/[11,5], [11,5]/[13,13], [13,13]/[11,7], [11,7]/[13,13], [13,13]/[11,13], [11,13]/[13,13], [13,13]/[11,11], [11,11]/[13,13], [17,13]/[13,13], [13,13]/[17,13], [17,19]/[13,13], [13,13]/[17,19], [17,17]/[13,13], [13,13]/[17,17], [17,23]/[13,13], [13,13]/[17,23], [23,13]/[13,13], [13,13]/[23,13], [23,19]/[13,13], [13,13]/[23,19], [23,17]/[13,13], [13,13]/[23,17], [13,13]/2₀, 2₀/[13,13], [13,13]/2₁, 2₁/[13,13], [13,13]/3₀, 3₀/[13,13], [13,13]/3₁, 3₁/[13,13], [13,13]/5₀, 5₀/[13,13], [13,13]/5₁, 5₁/[13,13], [13,13]/7₀, 7₀/[13,13], [13,13]/7₁, 7₁/[13,13], [13,13]/11₀, 11₀/[13,13], [13,13]/11₁, 11₁/[13,13], 1/[13,13], [13,19]/[13,11], [13,11]/[13,19], [13,19]/[13,17], [13,17]/[13,19], [13,23]/[13,19], [13,19]/[13,23], [19,19]/[13,19], [13,19]/[19,19], [19,23]/[13,19], [13,19]/[19,23], [13,19]/[11,2], [11,2]/[13,19], [13,19]/[11,3], [11,3]/[13,19], [13,19]/[11,5], [11,5]/[13,19], [13,19]/[11,7], [11,7]/[13,19], [13,19]/[11,13], [11,13]/[13,19], [13,19]/[11,19], [11,19]/[13,19], [13,19]/[11,11], [11,11]/[13,19], [13,19]/[11,17], [11,17]/[13,19], [17,19]/[13,19], [13,19]/[17,19], [17,23]/[13,19], [13,19]/[17,23], [23,19]/[13,19], [13,19]/[23,19], [13,19]/2₀, 2₀/[13,19], [13,19]/2₁, 2₁/[13,19], [13,19]/3₀, 3₀/[13,19], [13,19]/3₁, 3₁/[13,19], [13,19]/5₀, 5₀/[13,19], [13,19]/5₁, 5₁/[13,19], [13,19]/7₀, 7₀/[13,19], [13,19]/7₁, 7₁/[13,19], [13,19]/13₁, 13₁/[13,19], [13,19]/11₀, 11₀/[13,19], [13,19]/11₁, 11₁/[13,19], [13,19]/17₁, 17₁/[13,19], 1/[13,19], [13,17]/[13,11], [13,11]/[13,17], [13,23]/[13,11], [13,11]/[13,23], [19,13]/[13,11], [13,11]/[19,13], [19,19]/[13,11], [13,11]/[19,19], [19,11]/[13,11], [13,11]/[19,11], [19,17]/[13,11], [13,11]/[19,17], [19,23]/[13,11], [13,11]/[19,23], [13,11]/[11,2], [11,2]/[13,11], [13,11]/[11,3], [11,3]/[13,11], [13,11]/[11,5], [11,5]/[13,11], [13,11]/[11,7], [11,7]/[13,11], [13,11]/[11,11], [11,11]/[13,11], [17,13]/[13,11], [13,11]/[17,13], [17,19]/[13,11], [13,11]/[17,19], [17,11]/[13,11], [13,11]/[17,11], [17,17]/[13,11], [13,11]/[17,17], [17,23]/[13,11], [13,11]/[17,23], [23,13]/[13,11], [13,11]/[23,13], [23,19]/[13,11], [13,11]/[23,19], [23,11]/[13,11], [13,11]/[23,11], [23,17]/[13,11], [13,11]/[23,17], [13,11]/2₀, 2₀/[13,11], [13,11]/2₁, 2₁/[13,11], [13,11]/3₀, 3₀/[13,11], [13,11]/3₁, 3₁/[13,11], [13,11]/5₀, 5₀/[13,11], [13,11]/5₁, 5₁/[13,11], [13,11]/7₀, 7₀/[13,11], [13,11]/7₁, 7₁/[13,11], [13,11]/11₀, 11₀/[13,11], 1/[13,11], [13,23]/[13,17], [13,17]/[13,23], [19,19]/[13,17], [13,17]/[19,19], [19,17]/[13,17], [13,17]/[19,17], [19,23]/[13,17], [13,17]/[19,23], [13,17]/[11,2], [11,2]/[13,17], [13,17]/[11,3], [11,3]/[13,17], [13,17]/[11,5], [11,5]/[13,17], [13,17]/[11,7], [11,7]/[13,17], [13,17]/[11,13], [11,13]/[13,17], [13,17]/[11,11], [11,11]/[13,17], [13,17]/[11,17], [11,17]/[13,17], [17,19]/[13,17], [13,17]/[17,19], [17,17]/[13,17], [13,17]/[17,17], [17,23]/[13,17], [13,17]/[17,23], [23,19]/[13,17], [13,17]/[23,19], [23,17]/[13,17], [13,17]/[23,17], [13,17]/2₀, 2₀/[13,17], [13,17]/2₁, 2₁/[13,17], [13,17]/3₀, 3₀/[13,17], [13,17]/3₁, 3₁/[13,17], [13,17]/5₀, 5₀/[13,17], [13,17]/5₁, 5₁/[13,17], [13,17]/7₀, 7₀/[13,17], [13,17]/7₁, 7₁/[13,17], [13,17]/13₁, 13₁/[13,17], [13,17]/11₀, 11₀/[13,17], [13,17]/11₁, 11₁/[13,17], 1/[13,17], [19,23]/[13,23], [13,23]/[19,23], [13,23]/[11,2], [11,2]/[13,23], [13,23]/[11,3], [11,3]/[13,23], [13,23]/[11,5], [11,5]/[13,23], [13,23]/[11,7], [11,7]/[13,23], [13,23]/[11,13], [11,13]/[13,23], [13,23]/[11,19], [11,19]/[13,23], [13,23]/[11,11], [11,11]/[13,23], [13,23]/[11,17], [11,17]/[13,23], [13,23]/[11,23], [11,23]/[13,23], [17,23]/[13,23], [13,23]/[17,23], [13,23]/2₀, 2₀/[13,23], [13,23]/2₁, 2₁/[13,23], [13,23]/3₀, 3₀/[13,23], [13,23]/3₁, 3₁/[13,23], [13,23]/5₀, 5₀/[13,23], [13,23]/5₁, 5₁/[13,23], [13,23]/7₀, 7₀/[13,23], [13,23]/7₁, 7₁/[13,23], [13,23]/13₁, 13₁/[13,23], [13,23]/19₁, 19₁/[13,23], [13,23]/11₀, 11₀/[13,23], [13,23]/11₁, 11₁/[13,23], [13,23]/17₁, 17₁/[13,23], 1/[13,23], [19,3]/[19,2], [19,2]/[19,3], [19,5]/[19,2], [19,2]/[19,5], [19,7]/[19,2], [19,2]/[19,7], [19,13]/[19,2], [19,2]/[19,13], [19,19]/[19,2], [19,2]/[19,19], [19,11]/[19,2], [19,2]/[19,11], [19,17]/[19,2], [19,2]/[19,17], [19,23]/[19,2], [19,2]/[19,23], [19,2]/[11,2], [11,2]/[19,2], [19,2]/[17,2], [17,2]/[19,2], [23,2]/[19,2], [19,2]/[23,2], [23,3]/[19,2], [19,2]/[23,3], [23,5]/[19,2], [19,2]/[23,5], [23,7]/[19,2], [19,2]/[23,7], [23,13]/[19,2], [19,2]/[23,13], [23,19]/[19,2], [19,2]/[23,19], [23,11]/[19,2], [19,2]/[23,11], [23,17]/[19,2], [19,2]/[23,17], [19,2]/2₀, 2₀/[19,2], [[19,2]/2₁, [19,3]/3₁, [19,5]/5₁, [19,7]/7₁, [19,13]/13₁, [19,19]/19₁, [19,11]/11₁, [19,17]/17₁, [19,23]/23₁], [2₁/[19,2], 3₁/[19,3], 5₁/[19,5], 7₁/[19,7], 13₁/[19,13], 19₁/[19,19], 11₁/[19,11], 17₁/[19,17], 23₁/[19,23], 1/19₀], [19,2]/3₀, 3₀/[19,2], [19,2]/5₀, 5₀/[19,2], [19,2]/7₀, 7₀/[19,2], [19,2]/13₀, 13₀/[19,2], [19,2]/11₀, 11₀/[19,2], [19,2]/17₀, 17₀/[19,2], 1/[19,2], [19,5]/[19,3], [19,3]/[19,5], [19,7]/[19,3], [19,3]/[19,7], [19,13]/[19,3], [19,3]/[19,13], [19,19]/[19,3], [19,3]/[19,19], [19,11]/[19,3], [19,3]/[19,11], [19,17]/[19,3], [19,3]/[19,17], [19,23]/[19,3], [19,3]/[19,23], [19,3]/[11,2], [11,2]/[19,3], [19,3]/[11,3], [11,3]/[19,3], [19,3]/[17,2], [17,2]/[19,3], [19,3]/[17,3], [17,3]/[19,3], [23,3]/[19,3], [19,3]/[23,3], [23,5]/[19,3], [19,3]/[23,5], [23,7]/[19,3], [19,3]/[23,7], [23,13]/[19,3], [19,3]/[23,13], [23,19]/[19,3], [19,3]/[23,19], [23,11]/[19,3], [19,3]/[23,11], [23,17]/[19,3], [19,3]/[23,17], [19,3]/2₀, 2₀/[19,3], [19,3]/2₁, 2₁/[19,3], [19,3]/3₀, 3₀/[19,3], [19,3]/5₀, 5₀/[19,3], [19,3]/7₀, 7₀/[19,3], [19,3]/13₀, 13₀/[19,3], [19,3]/11₀, 11₀/[19,3], [19,3]/17₀, 17₀/[19,3], 1/[19,3], [19,7]/[19,5], [19,5]/[19,7], [19,13]/[19,5], [19,5]/[19,13], [19,19]/[19,5], [19,5]/[19,19], [19,11]/[19,5], [19,5]/[19,11], [19,17]/[19,5], [19,5]/[19,17], [19,23]/[19,5], [19,5]/[19,23], [19,5]/[11,2], [11,2]/[19,5], [19,5]/[11,3], [11,3]/[19,5], [19,5]/[11,5], [11,5]/[19,5], [19,5]/[17,2], [17,2]/[19,5], [19,5]/[17,3], [17,3]/[19,5], [19,5]/[17,5], [17,5]/[19,5], [23,5]/[19,5], [19,5]/[23,5], [23,7]/[19,5], [19,5]/[23,7], [23,13]/[19,5], [19,5]/[23,13], [23,19]/[19,5], [19,5]/[23,19], [23,11]/[19,5], [19,5]/[23,11], [23,17]/[19,5], [19,5]/[23,17], [19,5]/2₀, 2₀/[19,5], [19,5]/2₁, 2₁/[19,5], [19,5]/3₀, 3₀/[19,5], [19,5]/3₁, 3₁/[19,5], [19,5]/5₀, 5₀/[19,5], [19,5]/7₀, 7₀/[19,5], [19,5]/13₀, 13₀/[19,5], [19,5]/11₀, 11₀/[19,5], [19,5]/17₀, 17₀/[19,5], 1/[19,5], [19,13]/[19,7], [19,7]/[19,13], [19,19]/[19,7], [19,7]/[19,19], [19,11]/[19,7], [19,7]/[19,11], [19,17]/[19,7], [19,7]/[19,17], [19,23]/[19,7], [19,7]/[19,23], [19,7]/[11,2], [11,2]/[19,7], [19,7]/[11,3], [11,3]/[19,7], [19,7]/[11,5], [11,5]/[19,7], [19,7]/[11,7], [11,7]/[19,7], [19,7]/[17,2], [17,2]/[19,7], [19,7]/[17,3], [17,3]/[19,7], [19,7]/[17,5], [17,5]/[19,7], [19,7]/[17,7], [17,7]/[19,7], [23,7]/[19,7], [19,7]/[23,7], [23,13]/[19,7], [19,7]/[23,13], [23,19]/[19,7], [19,7]/[23,19], [23,11]/[19,7], [19,7]/[23,11], [23,17]/[19,7], [19,7]/[23,17], [19,7]/2₀, 2₀/[19,7], [19,7]/2₁, 2₁/[19,7], [19,7]/3₀, 3₀/[19,7], [19,7]/3₁, 3₁/[19,7], [19,7]/5₀, 5₀/[19,7], [19,7]/5₁, 5₁/[19,7], [19,7]/7₀, 7₀/[19,7], [19,7]/13₀, 13₀/[19,7], [19,7]/11₀, 11₀/[19,7], [19,7]/17₀, 17₀/[19,7], 1/[19,7], [19,19]/[19,13], [19,13]/[19,19], [19,13]/[19,11], [19,11]/[19,13], [19,17]/[19,13], [19,13]/[19,17], [19,23]/[19,13], [19,13]/[19,23], [19,13]/[11,2], [11,2]/[19,13], [19,13]/[11,3], [11,3]/[19,13], [19,13]/[11,5], [11,5]/[19,13], [19,13]/[11,7], [11,7]/[19,13], [19,13]/[11,13], [11,13]/[19,13], [19,13]/[11,11], [11,11]/[19,13], [19,13]/[17,2], [17,2]/[19,13], [19,13]/[17,3], [17,3]/[19,13], [19,13]/[17,5], [17,5]/[19,13], [19,13]/[17,7], [17,7]/[19,13], [19,13]/[17,13], [17,13]/[19,13], [19,13]/[17,11], [17,11]/[19,13], [23,13]/[19,13], [19,13]/[23,13], [23,19]/[19,13], [19,13]/[23,19], [23,17]/[19,13], [19,13]/[23,17], [19,13]/2₀, 2₀/[19,13], [19,13]/2₁, 2₁/[19,13], [19,13]/3₀, 3₀/[19,13], [19,13]/3₁, 3₁/[19,13], [19,13]/5₀, 5₀/[19,13], [19,13]/5₁, 5₁/[19,13], [19,13]/7₀, 7₀/[19,13], [19,13]/7₁, 7₁/[19,13], [19,13]/13₀, 13₀/[19,13], [19,13]/11₀, 11₀/[19,13], [19,13]/11₁, 11₁/[19,13], [19,13]/17₀, 17₀/[19,13], 1/[19,13], [19,19]/[19,11], [19,11]/[19,19], [19,19]/[19,17], [19,17]/[19,19], [19,23]/[19,19], [19,19]/[19,23], [19,19]/[11,2], [11,2]/[19,19], [19,19]/[11,3], [11,3]/[19,19], [19,19]/[11,5], [11,5]/[19,19], [19,19]/[11,7], [11,7]/[19,19], [19,19]/[11,13], [11,13]/[19,19], [19,19]/[11,19], [11,19]/[19,19], [19,19]/[11,11], [11,11]/[19,19], [19,19]/[11,17], [11,17]/[19,19], [19,19]/[17,2], [17,2]/[19,19], [19,19]/[17,3], [17,3]/[19,19], [19,19]/[17,5], [17,5]/[19,19], [19,19]/[17,7], [17,7]/[19,19], [19,19]/[17,13], [17,13]/[19,19], [19,19]/[17,19], [17,19]/[19,19], [19,19]/[17,11], [17,11]/[19,19], [19,19]/[17,17], [17,17]/[19,19], [23,19]/[19,19], [19,19]/[23,19], [19,19]/2₀, 2₀/[19,19], [19,19]/2₁, 2₁/[19,19], [19,19]/3₀, 3₀/[19,19], [19,19]/3₁, 3₁/[19,19], [19,19]/5₀, 5₀/[19,19], [19,19]/5₁, 5₁/[19,19], [19,19]/7₀, 7₀/[19,19], [19,19]/7₁, 7₁/[19,19], [19,19]/13₀, 13₀/[19,19], [19,19]/13₁, 13₁/[19,19], [19,19]/11₀, 11₀/[19,19], [19,19]/11₁, 11₁/[19,19], [19,19]/17₀, 17₀/[19,19], [19,19]/17₁, 17₁/[19,19], 1/[19,19], [19,17]/[19,11], [19,11]/[19,17], [19,23]/[19,11], [19,11]/[19,23], [19,11]/[11,2], [11,2]/[19,11], [19,11]/[11,3], [11,3]/[19,11], [19,11]/[11,5], [11,5]/[19,11], [19,11]/[11,7], [11,7]/[19,11], [19,11]/[11,11], [11,11]/[19,11], [19,11]/[17,2], [17,2]/[19,11], [19,11]/[17,3], [17,3]/[19,11], [19,11]/[17,5], [17,5]/[19,11], [19,11]/[17,7], [17,7]/[19,11], [19,11]/[17,11], [17,11]/[19,11], [23,13]/[19,11], [19,11]/[23,13], [23,19]/[19,11], [19,11]/[23,19], [23,11]/[19,11], [19,11]/[23,11], [23,17]/[19,11], [19,11]/[23,17], [19,11]/2₀, 2₀/[19,11], [19,11]/2₁, 2₁/[19,11], [19,11]/3₀, 3₀/[19,11], [19,11]/3₁, 3₁/[19,11], [19,11]/5₀, 5₀/[19,11], [19,11]/5₁, 5₁/[19,11], [19,11]/7₀, 7₀/[19,11], [19,11]/7₁, 7₁/[19,11], [19,11]/13₀, 13₀/[19,11], [19,11]/11₀, 11₀/[19,11], [19,11]/17₀, 17₀/[19,11], 1/[19,11], [19,23]/[19,17], [19,17]/[19,23], [19,17]/[11,2], [11,2]/[19,17], [19,17]/[11,3], [11,3]/[19,17], [19,17]/[11,5], [11,5]/[19,17], [19,17]/[11,7], [11,7]/[19,17], [19,17]/[11,13], [11,13]/[19,17], [19,17]/[11,11], [11,11]/[19,17], [19,17]/[11,17], [11,17]/[19,17], [19,17]/[17,2], [17,2]/[19,17], [19,17]/[17,3], [17,3]/[19,17], [19,17]/[17,5], [17,5]/[19,17], [19,17]/[17,7], [17,7]/[19,17], [19,17]/[17,13], [17,13]/[19,17], [19,17]/[17,11], [17,11]/[19,17], [19,17]/[17,17], [17,17]/[19,17], [23,19]/[19,17], [19,17]/[23,19], [23,17]/[19,17], [19,17]/[23,17], [19,17]/2₀, 2₀/[19,17], [19,17]/2₁, 2₁/[19,17], [19,17]/3₀, 3₀/[19,17], [19,17]/3₁, 3₁/[19,17], [19,17]/5₀, 5₀/[19,17], [19,17]/5₁, 5₁/[19,17], [19,17]/7₀, 7₀/[19,17], [19,17]/7₁, 7₁/[19,17], [19,17]/13₀, 13₀/[19,17], [19,17]/13₁, 13₁/[19,17], [19,17]/11₀, 11₀/[19,17], [19,17]/11₁, 11₁/[19,17], [19,17]/17₀, 17₀/[19,17], 1/[19,17], [19,23]/[11,2], [11,2]/[19,23], [19,23]/[11,3], [11,3]/[19,23], [19,23]/[11,5], [11,5]/[19,23], [19,23]/[11,7], [11,7]/[19,23], [19,23]/[11,13], [11,13]/[19,23], [19,23]/[11,19], [11,19]/[19,23], [19,23]/[11,11], [11,11]/[19,23], [19,23]/[11,17], [11,17]/[19,23], [19,23]/[11,23], [11,23]/[19,23], [19,23]/[17,2], [17,2]/[19,23], [19,23]/[17,3], [17,3]/[19,23], [19,23]/[17,5], [17,5]/[19,23], [19,23]/[17,7], [17,7]/[19,23], [19,23]/[17,13], [17,13]/[19,23], [19,23]/[17,19], [17,19]/[19,23], [19,23]/[17,11], [17,11]/[19,23], [19,23]/[17,17], [17,17]/[19,23], [19,23]/[17,23], [17,23]/[19,23], [19,23]/2₀, 2₀/[19,23], [19,23]/2₁, 2₁/[19,23], [19,23]/3₀, 3₀/[19,23], [19,23]/3₁, 3₁/[19,23], [19,23]/5₀, 5₀/[19,23], [19,23]/5₁, 5₁/[19,23], [19,23]/7₀, 7₀/[19,23], [19,23]/7₁, 7₁/[19,23], [19,23]/13₀, 13₀/[19,23], [19,23]/13₁, 13₁/[19,23], [19,23]/19₁, 19₁/[19,23], [19,23]/11₀, 11₀/[19,23], [19,23]/11₁, 11₁/[19,23], [19,23]/17₀, 17₀/[19,23], [19,23]/17₁, 17₁/[19,23], 1/[19,23], [11,3]/[11,2], [11,2]/[11,3], [11,5]/[11,2], [11,2]/[11,5], [11,7]/[11,2], [11,2]/[11,7], [11,13]/[11,2], [11,2]/[11,13], [11,19]/[11,2], [11,2]/[11,19], [11,11]/[11,2], [11,2]/[11,11], [11,17]/[11,2], [11,2]/[11,17], [11,23]/[11,2], [11,2]/[11,23], [17,2]/[11,2], [11,2]/[17,2], [17,3]/[11,2], [11,2]/[17,3], [17,5]/[11,2], [11,2]/[17,5], [17,7]/[11,2], [11,2]/[17,7], [17,13]/[11,2], [11,2]/[17,13], [17,19]/[11,2], [11,2]/[17,19], [17,11]/[11,2], [11,2]/[17,11], [17,17]/[11,2], [11,2]/[17,17], [17,23]/[11,2], [11,2]/[17,23], [23,2]/[11,2], [11,2]/[23,2], [23,3]/[11,2], [11,2]/[23,3], [23,5]/[11,2], [11,2]/[23,5], [23,7]/[11,2], [11,2]/[23,7], [23,13]/[11,2], [11,2]/[23,13], [23,19]/[11,2], [11,2]/[23,19], [23,11]/[11,2], [11,2]/[23,11], [23,17]/[11,2], [11,2]/[23,17], [11,2]/2₀, 2₀/[11,2], [[11,2]/2₁, [11,3]/3₁, [11,5]/5₁, [11,7]/7₁, [11,13]/13₁, [11,19]/19₁, [11,11]/11₁, [11,17]/17₁, [11,23]/23₁], [2₁/[11,2], 3₁/[11,3], 5₁/[11,5], 7₁/[11,7], 13₁/[11,13], 19₁/[11,19], 11₁/[11,11], 17₁/[11,17], 23₁/[11,23], 1/11₀], [11,2]/3₀, 3₀/[11,2], [11,2]/5₀, 5₀/[11,2], [11,2]/7₀, 7₀/[11,2], 1/[11,2], [11,5]/[11,3], [11,3]/[11,5], [11,7]/[11,3], [11,3]/[11,7], [11,13]/[11,3], [11,3]/[11,13], [11,19]/[11,3], [11,3]/[11,19], [11,11]/[11,3], [11,3]/[11,11], [11,17]/[11,3], [11,3]/[11,17], [11,23]/[11,3], [11,3]/[11,23], [17,3]/[11,3], [11,3]/[17,3], [17,5]/[11,3], [11,3]/[17,5], [17,7]/[11,3], [11,3]/[17,7], [17,13]/[11,3], [11,3]/[17,13], [17,19]/[11,3], [11,3]/[17,19], [17,11]/[11,3], [11,3]/[17,11], [17,17]/[11,3], [11,3]/[17,17], [17,23]/[11,3], [11,3]/[17,23], [23,3]/[11,3], [11,3]/[23,3], [23,5]/[11,3], [11,3]/[23,5], [23,7]/[11,3], [11,3]/[23,7], [23,13]/[11,3], [11,3]/[23,13], [23,19]/[11,3], [11,3]/[23,19], [23,11]/[11,3], [11,3]/[23,11], [23,17]/[11,3], [11,3]/[23,17], [11,3]/2₀, 2₀/[11,3], [11,3]/2₁, 2₁/[11,3], [11,3]/3₀, 3₀/[11,3], [11,3]/5₀, 5₀/[11,3], [11,3]/7₀, 7₀/[11,3], 1/[11,3], [11,7]/[11,5], [11,5]/[11,7], [11,13]/[11,5], [11,5]/[11,13], [11,19]/[11,5], [11,5]/[11,19], [11,11]/[11,5], [11,5]/[11,11], [11,17]/[11,5], [11,5]/[11,17], [11,23]/[11,5], [11,5]/[11,23], [17,5]/[11,5], [11,5]/[17,5], [17,7]/[11,5], [11,5]/[17,7], [17,13]/[11,5], [11,5]/[17,13], [17,19]/[11,5], [11,5]/[17,19], [17,11]/[11,5], [11,5]/[17,11], [17,17]/[11,5], [11,5]/[17,17], [17,23]/[11,5], [11,5]/[17,23], [23,5]/[11,5], [11,5]/[23,5], [23,7]/[11,5], [11,5]/[23,7], [23,13]/[11,5], [11,5]/[23,13], [23,19]/[11,5], [11,5]/[23,19], [23,11]/[11,5], [11,5]/[23,11], [23,17]/[11,5], [11,5]/[23,17], [11,5]/2₀, 2₀/[11,5], [11,5]/2₁, 2₁/[11,5], [11,5]/3₀, 3₀/[11,5], [11,5]/3₁, 3₁/[11,5], [11,5]/5₀, 5₀/[11,5], [11,5]/7₀, 7₀/[11,5], 1/[11,5], [11,13]/[11,7], [11,7]/[11,13], [11,19]/[11,7], [11,7]/[11,19], [11,11]/[11,7], [11,7]/[11,11], [11,17]/[11,7], [11,7]/[11,17], [11,23]/[11,7], [11,7]/[11,23], [17,7]/[11,7], [11,7]/[17,7], [17,13]/[11,7], [11,7]/[17,13], [17,19]/[11,7], [11,7]/[17,19], [17,11]/[11,7], [11,7]/[17,11], [17,17]/[11,7], [11,7]/[17,17], [17,23]/[11,7], [11,7]/[17,23], [23,7]/[11,7], [11,7]/[23,7], [23,13]/[11,7], [11,7]/[23,13], [23,19]/[11,7], [11,7]/[23,19], [23,11]/[11,7], [11,7]/[23,11], [23,17]/[11,7], [11,7]/[23,17], [11,7]/2₀, 2₀/[11,7], [11,7]/2₁, 2₁/[11,7], [11,7]/3₀, 3₀/[11,7], [11,7]/3₁, 3₁/[11,7], [11,7]/5₀, 5₀/[11,7], [11,7]/5₁, 5₁/[11,7], [11,7]/7₀, 7₀/[11,7], 1/[11,7], [11,19]/[11,13], [11,13]/[11,19], [11,13]/[11,11], [11,11]/[11,13], [11,17]/[11,13], [11,13]/[11,17], [11,23]/[11,13], [11,13]/[11,23], [17,13]/[11,13], [11,13]/[17,13], [17,19]/[11,13], [11,13]/[17,19], [17,17]/[11,13], [11,13]/[17,17], [17,23]/[11,13], [11,13]/[17,23], [23,13]/[11,13], [11,13]/[23,13], [23,19]/[11,13], [11,13]/[23,19], [23,17]/[11,13], [11,13]/[23,17], [11,13]/2₀, 2₀/[11,13], [11,13]/2₁, 2₁/[11,13], [11,13]/3₀, 3₀/[11,13], [11,13]/3₁, 3₁/[11,13], [11,13]/5₀, 5₀/[11,13], [11,13]/5₁, 5₁/[11,13], [11,13]/7₀, 7₀/[11,13], [11,13]/7₁, 7₁/[11,13], [11,13]/11₁, 11₁/[11,13], 1/[11,13], [11,19]/[11,11], [11,11]/[11,19], [11,19]/[11,17], [11,17]/[11,19], [11,23]/[11,19], [11,19]/[11,23], [17,19]/[11,19], [11,19]/[17,19], [17,23]/[11,19], [11,19]/[17,23], [23,19]/[11,19], [11,19]/[23,19], [11,19]/2₀, 2₀/[11,19], [11,19]/2₁, 2₁/[11,19], [11,19]/3₀, 3₀/[11,19], [11,19]/3₁, 3₁/[11,19], [11,19]/5₀, 5₀/[11,19], [11,19]/5₁, 5₁/[11,19], [11,19]/7₀, 7₀/[11,19], [11,19]/7₁, 7₁/[11,19], [11,19]/13₁, 13₁/[11,19], [11,19]/11₁, 11₁/[11,19], [11,19]/17₁, 17₁/[11,19], 1/[11,19], [11,17]/[11,11], [11,11]/[11,17], [11,23]/[11,11], [11,11]/[11,23], [17,13]/[11,11], [11,11]/[17,13], [17,19]/[11,11], [11,11]/[17,19], [17,11]/[11,11], [11,11]/[17,11], [17,17]/[11,11], [11,11]/[17,17], [17,23]/[11,11], [11,11]/[17,23], [23,13]/[11,11], [11,11]/[23,13], [23,19]/[11,11], [11,11]/[23,19], [23,11]/[11,11], [11,11]/[23,11], [23,17]/[11,11], [11,11]/[23,17], [11,11]/2₀, 2₀/[11,11], [11,11]/2₁, 2₁/[11,11], [11,11]/3₀, 3₀/[11,11], [11,11]/3₁, 3₁/[11,11], [11,11]/5₀, 5₀/[11,11], [11,11]/5₁, 5₁/[11,11], [11,11]/7₀, 7₀/[11,11], [11,11]/7₁, 7₁/[11,11], 1/[11,11], [11,23]/[11,17], [11,17]/[11,23], [17,19]/[11,17], [11,17]/[17,19], [17,17]/[11,17], [11,17]/[17,17], [17,23]/[11,17], [11,17]/[17,23], [23,19]/[11,17], [11,17]/[23,19], [23,17]/[11,17], [11,17]/[23,17], [11,17]/2₀, 2₀/[11,17], [11,17]/2₁, 2₁/[11,17], [11,17]/3₀, 3₀/[11,17], [11,17]/3₁, 3₁/[11,17], [11,17]/5₀, 5₀/[11,17], [11,17]/5₁, 5₁/[11,17], [11,17]/7₀, 7₀/[11,17], [11,17]/7₁, 7₁/[11,17], [11,17]/13₁, 13₁/[11,17], [11,17]/11₁, 11₁/[11,17], 1/[11,17], [17,23]/[11,23], [11,23]/[17,23], [11,23]/2₀, 2₀/[11,23], [11,23]/2₁, 2₁/[11,23], [11,23]/3₀, 3₀/[11,23], [11,23]/3₁, 3₁/[11,23], [11,23]/5₀, 5₀/[11,23], [11,23]/5₁, 5₁/[11,23], [11,23]/7₀, 7₀/[11,23], [11,23]/7₁, 7₁/[11,23], [11,23]/13₁, 13₁/[11,23], [11,23]/19₁, 19₁/[11,23], [11,23]/11₁, 11₁/[11,23], [11,23]/17₁, 17₁/[11,23], 1/[11,23], [17,3]/[17,2], [17,2]/[17,3], [17,5]/[17,2], [17,2]/[17,5], [17,7]/[17,2], [17,2]/[17,7], [17,13]/[17,2], [17,2]/[17,13], [17,19]/[17,2], [17,2]/[17,19], [17,11]/[17,2], [17,2]/[17,11], [17,17]/[17,2], [17,2]/[17,17], [17,23]/[17,2], [17,2]/[17,23], [23,2]/[17,2], [17,2]/[23,2], [23,3]/[17,2], [17,2]/[23,3], [23,5]/[17,2], [17,2]/[23,5], [23,7]/[17,2], [17,2]/[23,7], [23,13]/[17,2], [17,2]/[23,13], [23,19]/[17,2], [17,2]/[23,19], [23,11]/[17,2], [17,2]/[23,11], [23,17]/[17,2], [17,2]/[23,17], [17,2]/2₀, 2₀/[17,2], [[17,2]/2₁, [17,3]/3₁, [17,5]/5₁, [17,7]/7₁, [17,13]/13₁, [17,19]/19₁, [17,11]/11₁, [17,17]/17₁, [17,23]/23₁], [2₁/[17,2], 3₁/[17,3], 5₁/[17,5], 7₁/[17,7], 13₁/[17,13], 19₁/[17,19], 11₁/[17,11], 17₁/[17,17], 23₁/[17,23], 1/17₀], [17,2]/3₀, 3₀/[17,2], [17,2]/5₀, 5₀/[17,2], [17,2]/7₀, 7₀/[17,2], [17,2]/13₀, 13₀/[17,2], [17,2]/11₀, 11₀/[17,2], 1/[17,2], [17,5]/[17,3], [17,3]/[17,5], [17,7]/[17,3], [17,3]/[17,7], [17,13]/[17,3], [17,3]/[17,13], [17,19]/[17,3], [17,3]/[17,19], [17,11]/[17,3], [17,3]/[17,11], [17,17]/[17,3], [17,3]/[17,17], [17,23]/[17,3], [17,3]/[17,23], [23,3]/[17,3], [17,3]/[23,3], [23,5]/[17,3], [17,3]/[23,5], [23,7]/[17,3], [17,3]/[23,7], [23,13]/[17,3], [17,3]/[23,13], [23,19]/[17,3], [17,3]/[23,19], [23,11]/[17,3], [17,3]/[23,11], [23,17]/[17,3], [17,3]/[23,17], [17,3]/2₀, 2₀/[17,3], [17,3]/2₁, 2₁/[17,3], [17,3]/3₀, 3₀/[17,3], [17,3]/5₀, 5₀/[17,3], [17,3]/7₀, 7₀/[17,3], [17,3]/13₀, 13₀/[17,3], [17,3]/11₀, 11₀/[17,3], 1/[17,3], [17,7]/[17,5], [17,5]/[17,7], [17,13]/[17,5], [17,5]/[17,13], [17,19]/[17,5], [17,5]/[17,19], [17,11]/[17,5], [17,5]/[17,11], [17,17]/[17,5], [17,5]/[17,17], [17,23]/[17,5], [17,5]/[17,23], [23,5]/[17,5], [17,5]/[23,5], [23,7]/[17,5], [17,5]/[23,7], [23,13]/[17,5], [17,5]/[23,13], [23,19]/[17,5], [17,5]/[23,19], [23,11]/[17,5], [17,5]/[23,11], [23,17]/[17,5], [17,5]/[23,17], [17,5]/2₀, 2₀/[17,5], [17,5]/2₁, 2₁/[17,5], [17,5]/3₀, 3₀/[17,5], [17,5]/3₁, 3₁/[17,5], [17,5]/5₀, 5₀/[17,5], [17,5]/7₀, 7₀/[17,5], [17,5]/13₀, 13₀/[17,5], [17,5]/11₀, 11₀/[17,5], 1/[17,5], [17,13]/[17,7], [17,7]/[17,13], [17,19]/[17,7], [17,7]/[17,19], [17,11]/[17,7], [17,7]/[17,11], [17,17]/[17,7], [17,7]/[17,17], [17,23]/[17,7], [17,7]/[17,23], [23,7]/[17,7], [17,7]/[23,7], [23,13]/[17,7], [17,7]/[23,13], [23,19]/[17,7], [17,7]/[23,19], [23,11]/[17,7], [17,7]/[23,11], [23,17]/[17,7], [17,7]/[23,17], [17,7]/2₀, 2₀/[17,7], [17,7]/2₁, 2₁/[17,7], [17,7]/3₀, 3₀/[17,7], [17,7]/3₁, 3₁/[17,7], [17,7]/5₀, 5₀/[17,7], [17,7]/5₁, 5₁/[17,7], [17,7]/7₀, 7₀/[17,7], [17,7]/13₀, 13₀/[17,7], [17,7]/11₀, 11₀/[17,7], 1/[17,7], [17,19]/[17,13], [17,13]/[17,19], [17,13]/[17,11], [17,11]/[17,13], [17,17]/[17,13], [17,13]/[17,17], [17,23]/[17,13], [17,13]/[17,23], [23,13]/[17,13], [17,13]/[23,13], [23,19]/[17,13], [17,13]/[23,19], [23,17]/[17,13], [17,13]/[23,17], [17,13]/2₀, 2₀/[17,13], [17,13]/2₁, 2₁/[17,13], [17,13]/3₀, 3₀/[17,13], [17,13]/3₁, 3₁/[17,13], [17,13]/5₀, 5₀/[17,13], [17,13]/5₁, 5₁/[17,13], [17,13]/7₀, 7₀/[17,13], [17,13]/7₁, 7₁/[17,13], [17,13]/13₀, 13₀/[17,13], [17,13]/11₀, 11₀/[17,13], [17,13]/11₁, 11₁/[17,13], 1/[17,13], [17,19]/[17,11], [17,11]/[17,19], [17,19]/[17,17], [17,17]/[17,19], [17,23]/[17,19], [17,19]/[17,23], [23,19]/[17,19], [17,19]/[23,19], [17,19]/2₀, 2₀/[17,19], [17,19]/2₁, 2₁/[17,19], [17,19]/3₀, 3₀/[17,19], [17,19]/3₁, 3₁/[17,19], [17,19]/5₀, 5₀/[17,19], [17,19]/5₁, 5₁/[17,19], [17,19]/7₀, 7₀/[17,19], [17,19]/7₁, 7₁/[17,19], [17,19]/13₀, 13₀/[17,19], [17,19]/13₁, 13₁/[17,19], [17,19]/11₀, 11₀/[17,19], [17,19]/11₁, 11₁/[17,19], [17,19]/17₁, 17₁/[17,19], 1/[17,19], [17,17]/[17,11], [17,11]/[17,17], [17,23]/[17,11], [17,11]/[17,23], [23,13]/[17,11], [17,11]/[23,13], [23,19]/[17,11], [17,11]/[23,19], [23,11]/[17,11], [17,11]/[23,11], [23,17]/[17,11], [17,11]/[23,17], [17,11]/2₀, 2₀/[17,11], [17,11]/2₁, 2₁/[17,11], [17,11]/3₀, 3₀/[17,11], [17,11]/3₁, 3₁/[17,11], [17,11]/5₀, 5₀/[17,11], [17,11]/5₁, 5₁/[17,11], [17,11]/7₀, 7₀/[17,11], [17,11]/7₁, 7₁/[17,11], [17,11]/13₀, 13₀/[17,11], [17,11]/11₀, 11₀/[17,11], 1/[17,11], [17,23]/[17,17], [17,17]/[17,23], [23,19]/[17,17], [17,17]/[23,19], [23,17]/[17,17], [17,17]/[23,17], [17,17]/2₀, 2₀/[17,17], [17,17]/2₁, 2₁/[17,17], [17,17]/3₀, 3₀/[17,17], [17,17]/3₁, 3₁/[17,17], [17,17]/5₀, 5₀/[17,17], [17,17]/5₁, 5₁/[17,17], [17,17]/7₀, 7₀/[17,17], [17,17]/7₁, 7₁/[17,17], [17,17]/13₀, 13₀/[17,17], [17,17]/13₁, 13₁/[17,17], [17,17]/11₀, 11₀/[17,17], [17,17]/11₁, 11₁/[17,17], 1/[17,17], [17,23]/2₀, 2₀/[17,23], [17,23]/2₁, 2₁/[17,23], [17,23]/3₀, 3₀/[17,23], [17,23]/3₁, 3₁/[17,23], [17,23]/5₀, 5₀/[17,23], [17,23]/5₁, 5₁/[17,23], [17,23]/7₀, 7₀/[17,23], [17,23]/7₁, 7₁/[17,23], [17,23]/13₀, 13₀/[17,23], [17,23]/13₁, 13₁/[17,23], [17,23]/19₁, 19₁/[17,23], [17,23]/11₀, 11₀/[17,23], [17,23]/11₁, 11₁/[17,23], [17,23]/17₁, 17₁/[17,23], 1/[17,23], [23,3]/[23,2], [23,2]/[23,3], [23,5]/[23,2], [23,2]/[23,5], [23,7]/[23,2], [23,2]/[23,7], [23,13]/[23,2], [23,2]/[23,13], [23,19]/[23,2], [23,2]/[23,19], [23,11]/[23,2], [23,2]/[23,11], [23,17]/[23,2], [23,2]/[23,17], [23,2]/2₀, 2₀/[23,2], [23,2]/3₀, 3₀/[23,2], [23,2]/5₀, 5₀/[23,2], [23,2]/7₀, 7₀/[23,2], [23,2]/13₀, 13₀/[23,2], [23,2]/19₀, 19₀/[23,2], [23,2]/11₀, 11₀/[23,2], [23,2]/17₀, 17₀/[23,2], 1/[23,2], [23,5]/[23,3], [23,3]/[23,5], [23,7]/[23,3], [23,3]/[23,7], [23,13]/[23,3], [23,3]/[23,13], [23,19]/[23,3], [23,3]/[23,19], [23,11]/[23,3], [23,3]/[23,11], [23,17]/[23,3], [23,3]/[23,17], [23,3]/2₀, 2₀/[23,3], [23,3]/2₁, 2₁/[23,3], [23,3]/3₀, 3₀/[23,3], [23,3]/5₀, 5₀/[23,3], [23,3]/7₀, 7₀/[23,3], [23,3]/13₀, 13₀/[23,3], [23,3]/19₀, 19₀/[23,3], [23,3]/11₀, 11₀/[23,3], [23,3]/17₀, 17₀/[23,3], 1/[23,3], [23,7]/[23,5], [23,5]/[23,7], [23,13]/[23,5], [23,5]/[23,13], [23,19]/[23,5], [23,5]/[23,19], [23,11]/[23,5], [23,5]/[23,11], [23,17]/[23,5], [23,5]/[23,17], [23,5]/2₀, 2₀/[23,5], [23,5]/2₁, 2₁/[23,5], [23,5]/3₀, 3₀/[23,5], [23,5]/3₁, 3₁/[23,5], [23,5]/5₀, 5₀/[23,5], [23,5]/7₀, 7₀/[23,5], [23,5]/13₀, 13₀/[23,5], [23,5]/19₀, 19₀/[23,5], [23,5]/11₀, 11₀/[23,5], [23,5]/17₀, 17₀/[23,5], 1/[23,5], [23,13]/[23,7], [23,7]/[23,13], [23,19]/[23,7], [23,7]/[23,19], [23,11]/[23,7], [23,7]/[23,11], [23,17]/[23,7], [23,7]/[23,17], [23,7]/2₀, 2₀/[23,7], [23,7]/2₁, 2₁/[23,7], [23,7]/3₀, 3₀/[23,7], [23,7]/3₁, 3₁/[23,7], [23,7]/5₀, 5₀/[23,7], [23,7]/5₁, 5₁/[23,7], [23,7]/7₀, 7₀/[23,7], [23,7]/13₀, 13₀/[23,7], [23,7]/19₀, 19₀/[23,7], [23,7]/11₀, 11₀/[23,7], [23,7]/17₀, 17₀/[23,7], 1/[23,7], [23,19]/[23,13], [23,13]/[23,19], [23,13]/[23,11], [23,11]/[23,13], [23,17]/[23,13], [23,13]/[23,17], [23,13]/2₀, 2₀/[23,13], [23,13]/2₁, 2₁/[23,13], [23,13]/3₀, 3₀/[23,13], [23,13]/3₁, 3₁/[23,13], [23,13]/5₀, 5₀/[23,13], [23,13]/5₁, 5₁/[23,13], [23,13]/7₀, 7₀/[23,13], [23,13]/7₁, 7₁/[23,13], [23,13]/13₀, 13₀/[23,13], [23,13]/19₀, 19₀/[23,13], [23,13]/11₀, 11₀/[23,13], [23,13]/11₁, 11₁/[23,13], [23,13]/17₀, 17₀/[23,13], 1/[23,13], [23,19]/[23,11], [23,11]/[23,19], [23,19]/[23,17], [23,17]/[23,19], [23,19]/2₀, 2₀/[23,19], [23,19]/2₁, 2₁/[23,19], [23,19]/3₀, 3₀/[23,19], [23,19]/3₁, 3₁/[23,19], [23,19]/5₀, 5₀/[23,19], [23,19]/5₁, 5₁/[23,19], [23,19]/7₀, 7₀/[23,19], [23,19]/7₁, 7₁/[23,19], [23,19]/13₀, 13₀/[23,19], [23,19]/13₁, 13₁/[23,19], [23,19]/19₀, 19₀/[23,19], [23,19]/11₀, 11₀/[23,19], [23,19]/11₁, 11₁/[23,19], [23,19]/17₀, 17₀/[23,19], [23,19]/17₁, 17₁/[23,19], 1/[23,19], [23,17]/[23,11], [23,11]/[23,17], [23,11]/2₀, 2₀/[23,11], [23,11]/2₁, 2₁/[23,11], [23,11]/3₀, 3₀/[23,11], [23,11]/3₁, 3₁/[23,11], [23,11]/5₀, 5₀/[23,11], [23,11]/5₁, 5₁/[23,11], [23,11]/7₀, 7₀/[23,11], [23,11]/7₁, 7₁/[23,11], [23,11]/13₀, 13₀/[23,11], [23,11]/19₀, 19₀/[23,11], [23,11]/11₀, 11₀/[23,11], [23,11]/17₀, 17₀/[23,11], 1/[23,11], [23,17]/2₀, 2₀/[23,17], [23,17]/2₁, 2₁/[23,17], [23,17]/3₀, 3₀/[23,17], [23,17]/3₁, 3₁/[23,17], [23,17]/5₀, 5₀/[23,17], [23,17]/5₁, 5₁/[23,17], [23,17]/7₀, 7₀/[23,17], [23,17]/7₁, 7₁/[23,17], [23,17]/13₀, 13₀/[23,17], [23,17]/13₁, 13₁/[23,17], [23,17]/19₀, 19₀/[23,17], [23,17]/11₀, 11₀/[23,17], [23,17]/11₁, 11₁/[23,17], [23,17]/17₀, 17₀/[23,17], 1/[23,17], 3₀/2₀, 2₀/3₀, 5₀/2₀, 2₀/5₀, 7₀/2₀, 2₀/7₀, 13₀/2₀, 2₀/13₀, 19₀/2₀, 2₀/19₀, 11₀/2₀, 2₀/11₀, 17₀/2₀, 2₀/17₀, 23₀/2₀, 2₀/23₀, 3₁/2₁, 2₁/3₁, 5₁/2₁, 2₁/5₁, 7₁/2₁, 2₁/7₁, 13₁/2₁, 2₁/13₁, 19₁/2₁, 2₁/19₁, 11₁/2₁, 2₁/11₁, 17₁/2₁, 2₁/17₁, 23₁/2₁, 2₁/23₁, 5₀/3₀, 3₀/5₀, 7₀/3₀, 3₀/7₀, 13₀/3₀, 3₀/13₀, 19₀/3₀, 3₀/19₀, 11₀/3₀, 3₀/11₀, 17₀/3₀, 3₀/17₀, 23₀/3₀, 3₀/23₀, 5₁/3₁, 3₁/5₁, 7₁/3₁, 3₁/7₁, 13₁/3₁, 3₁/13₁, 19₁/3₁, 3₁/19₁, 11₁/3₁, 3₁/11₁, 17₁/3₁, 3₁/17₁, 23₁/3₁, 3₁/23₁, 7₀/5₀, 5₀/7₀, 13₀/5₀, 5₀/13₀, 19₀/5₀, 5₀/19₀, 11₀/5₀, 5₀/11₀, 17₀/5₀, 5₀/17₀, 23₀/5₀, 5₀/23₀, 7₁/5₁, 5₁/7₁, 13₁/5₁, 5₁/13₁, 19₁/5₁, 5₁/19₁, 11₁/5₁, 5₁/11₁, 17₁/5₁, 5₁/17₁, 23₁/5₁, 5₁/23₁, 13₀/7₀, 7₀/13₀, 19₀/7₀, 7₀/19₀, 11₀/7₀, 7₀/11₀, 17₀/7₀, 7₀/17₀, 23₀/7₀, 7₀/23₀, 13₁/7₁, 7₁/13₁, 19₁/7₁, 7₁/19₁, 11₁/7₁, 7₁/11₁, 17₁/7₁, 7₁/17₁, 23₁/7₁, 7₁/23₁, 19₀/13₀, 13₀/19₀, 13₀/11₀, 11₀/13₀, 17₀/13₀, 13₀/17₀, 23₀/13₀, 13₀/23₀, 19₁/13₁, 13₁/19₁, 13₁/11₁, 11₁/13₁, 17₁/13₁, 13₁/17₁, 23₁/13₁, 13₁/23₁, 19₀/11₀, 11₀/19₀, 19₀/17₀, 17₀/19₀, 23₀/19₀, 19₀/23₀, 19₁/11₁, 11₁/19₁, 19₁/17₁, 17₁/19₁, 23₁/19₁, 19₁/23₁, 17₀/11₀, 11₀/17₀, 23₀/11₀, 11₀/23₀, 17₁/11₁, 11₁/17₁, 23₁/11₁, 11₁/23₁, 23₀/17₀, 17₀/23₀, 23₁/17₁, 17₁/23₁), Pn(119)}
re-met relations: R*([23,23]/8, 8/[23,23], 8/4, 4/8, 8/[2,3], [2,3]/8, 8/[3,2], [3,2]/8, [3,3]/8, 8/[3,3], [3,5]/8, 8/[3,5], [3,7]/8, 8/[3,7], [3,13]/8, 8/[3,13], [3,19]/8, 8/[3,19], [3,11]/8, 8/[3,11], [3,17]/8, 8/[3,17], [3,23]/8, 8/[3,23], [5,3]/8, 8/[5,3], [5,5]/8, 8/[5,5], [5,7]/8, 8/[5,7], [5,13]/8, 8/[5,13], [5,19]/8, 8/[5,19], [5,11]/8, 8/[5,11], [5,17]/8, 8/[5,17], [5,23]/8, 8/[5,23], [7,3]/8, 8/[7,3], [7,5]/8, 8/[7,5], [7,7]/8, 8/[7,7], [7,13]/8, 8/[7,13], [7,19]/8, 8/[7,19], [7,11]/8, 8/[7,11], [7,17]/8, 8/[7,17], [7,23]/8, 8/[7,23], [13,3]/8, 8/[13,3], [13,5]/8, 8/[13,5], [13,7]/8, 8/[13,7], [13,13]/8, 8/[13,13], [13,19]/8, 8/[13,19], [13,11]/8, 8/[13,11], [13,17]/8, 8/[13,17], [13,23]/8, 8/[13,23], [19,3]/8, 8/[19,3], [19,5]/8, 8/[19,5], [19,7]/8, 8/[19,7], [19,13]/8, 8/[19,13], [19,19]/8, 8/[19,19], [19,11]/8, 8/[19,11], [19,17]/8, 8/[19,17], [19,23]/8, 8/[19,23], [11,3]/8, 8/[11,3], [11,5]/8, 8/[11,5], [11,7]/8, 8/[11,7], [11,13]/8, 8/[11,13], [11,19]/8, 8/[11,19], [11,11]/8, 8/[11,11], [11,17]/8, 8/[11,17], [11,23]/8, 8/[11,23], [17,3]/8, 8/[17,3], [17,5]/8, 8/[17,5], [17,7]/8, 8/[17,7], [17,13]/8, 8/[17,13], [17,19]/8, 8/[17,19], [17,11]/8, 8/[17,11], [17,17]/8, 8/[17,17], [17,23]/8, 8/[17,23], [23,3]/8, 8/[23,3], [23,5]/8, 8/[23,5], [23,7]/8, 8/[23,7], [23,13]/8, 8/[23,13], [23,19]/8, 8/[23,19], [23,11]/8, 8/[23,11], [23,17]/8, 8/[23,17], 8/2₀, 2₀/8, 8/2₁, 2₁/8, 8/3₀, 3₀/8, 8/3₁, 3₁/8, 1/8, [23,23]/[2,2,3], [2,2,3]/[23,23], [2,2,3]/4, 4/[2,2,3], [2,2,3]/[2,3], [2,3]/[2,2,3], [2,2,3]/[3,2], [3,2]/[2,2,3], [2,2,3]/[5,2], [5,2]/[2,2,3], [5,3]/[2,2,3], [2,2,3]/[5,3], [5,5]/[2,2,3], [2,2,3]/[5,5], [5,7]/[2,2,3], [2,2,3]/[5,7], [5,13]/[2,2,3], [2,2,3]/[5,13], [5,19]/[2,2,3], [2,2,3]/[5,19], [5,11]/[2,2,3], [2,2,3]/[5,11], [5,17]/[2,2,3], [2,2,3]/[5,17], [5,23]/[2,2,3], [2,2,3]/[5,23], [7,3]/[2,2,3], [2,2,3]/[7,3], [7,5]/[2,2,3], [2,2,3]/[7,5], [7,7]/[2,2,3], [2,2,3]/[7,7], [7,13]/[2,2,3], [2,2,3]/[7,13], [7,19]/[2,2,3], [2,2,3]/[7,19], [7,11]/[2,2,3], [2,2,3]/[7,11], [7,17]/[2,2,3], [2,2,3]/[7,17], [7,23]/[2,2,3], [2,2,3]/[7,23], [13,3]/[2,2,3], [2,2,3]/[13,3], [13,5]/[2,2,3], [2,2,3]/[13,5], [13,7]/[2,2,3], [2,2,3]/[13,7], [13,13]/[2,2,3], [2,2,3]/[13,13], [13,19]/[2,2,3], [2,2,3]/[13,19], [13,11]/[2,2,3], [2,2,3]/[13,11], [13,17]/[2,2,3], [2,2,3]/[13,17], [13,23]/[2,2,3], [2,2,3]/[13,23], [19,3]/[2,2,3], [2,2,3]/[19,3], [19,5]/[2,2,3], [2,2,3]/[19,5], [19,7]/[2,2,3], [2,2,3]/[19,7], [19,13]/[2,2,3], [2,2,3]/[19,13], [19,19]/[2,2,3], [2,2,3]/[19,19], [19,11]/[2,2,3], [2,2,3]/[19,11], [19,17]/[2,2,3], [2,2,3]/[19,17], [19,23]/[2,2,3], [2,2,3]/[19,23], [11,3]/[2,2,3], [2,2,3]/[11,3], [11,5]/[2,2,3], [2,2,3]/[11,5], [11,7]/[2,2,3], [2,2,3]/[11,7], [11,13]/[2,2,3], [2,2,3]/[11,13], [11,19]/[2,2,3], [2,2,3]/[11,19], [11,11]/[2,2,3], [2,2,3]/[11,11], [11,17]/[2,2,3], [2,2,3]/[11,17], [11,23]/[2,2,3], [2,2,3]/[11,23], [17,3]/[2,2,3], [2,2,3]/[17,3], [17,5]/[2,2,3], [2,2,3]/[17,5], [17,7]/[2,2,3], [2,2,3]/[17,7], [17,13]/[2,2,3], [2,2,3]/[17,13], [17,19]/[2,2,3], [2,2,3]/[17,19], [17,11]/[2,2,3], [2,2,3]/[17,11], [17,17]/[2,2,3], [2,2,3]/[17,17], [17,23]/[2,2,3], [2,2,3]/[17,23], [23,3]/[2,2,3], [2,2,3]/[23,3], [23,5]/[2,2,3], [2,2,3]/[23,5], [23,7]/[2,2,3], [2,2,3]/[23,7], [23,13]/[2,2,3], [2,2,3]/[23,13], [23,19]/[2,2,3], [2,2,3]/[23,19], [23,11]/[2,2,3], [2,2,3]/[23,11], [23,17]/[2,2,3], [2,2,3]/[23,17], [2,2,3]/2₀, 2₀/[2,2,3], [2,2,3]/2₁, 2₁/[2,2,3], [2,2,3]/3₀, 3₀/[2,2,3], [2,2,3]/3₁, 3₁/[2,2,3], [2,2,3]/5₀, 5₀/[2,2,3], 1/[2,2,3], [23,23]/[8,2], [8,2]/[23,23], [8,2]/4, 4/[8,2], [8,2]/[2,3], [2,3]/[8,2], [8,2]/[3,2], [3,2]/[8,2], [8,2]/[5,2], [5,2]/[8,2], [8,2]/[7,2], [7,2]/[8,2], [7,3]/[8,2], [8,2]/[7,3], [7,5]/[8,2], [8,2]/[7,5], [7,7]/[8,2], [8,2]/[7,7], [7,13]/[8,2], [8,2]/[7,13], [7,19]/[8,2], [8,2]/[7,19], [7,11]/[8,2], [8,2]/[7,11], [7,17]/[8,2], [8,2]/[7,17], [7,23]/[8,2], [8,2]/[7,23], [13,3]/[8,2], [8,2]/[13,3], [13,5]/[8,2], [8,2]/[13,5], [13,7]/[8,2], [8,2]/[13,7], [13,13]/[8,2], [8,2]/[13,13], [13,19]/[8,2], [8,2]/[13,19], [13,11]/[8,2], [8,2]/[13,11], [13,17]/[8,2], [8,2]/[13,17], [13,23]/[8,2], [8,2]/[13,23], [19,3]/[8,2], [8,2]/[19,3], [19,5]/[8,2], [8,2]/[19,5], [19,7]/[8,2], [8,2]/[19,7], [19,13]/[8,2], [8,2]/[19,13], [19,19]/[8,2], [8,2]/[19,19], [19,11]/[8,2], [8,2]/[19,11], [19,17]/[8,2], [8,2]/[19,17], [19,23]/[8,2], [8,2]/[19,23], [11,3]/[8,2], [8,2]/[11,3], [11,5]/[8,2], [8,2]/[11,5], [11,7]/[8,2], [8,2]/[11,7], [11,13]/[8,2], [8,2]/[11,13], [11,19]/[8,2], [8,2]/[11,19], [11,11]/[8,2], [8,2]/[11,11], [11,17]/[8,2], [8,2]/[11,17], [11,23]/[8,2], [8,2]/[11,23], [17,3]/[8,2], [8,2]/[17,3], [17,5]/[8,2], [8,2]/[17,5], [17,7]/[8,2], [8,2]/[17,7], [17,13]/[8,2], [8,2]/[17,13], [17,19]/[8,2], [8,2]/[17,19], [17,11]/[8,2], [8,2]/[17,11], [17,17]/[8,2], [8,2]/[17,17], [17,23]/[8,2], [8,2]/[17,23], [23,3]/[8,2], [8,2]/[23,3], [23,5]/[8,2], [8,2]/[23,5], [23,7]/[8,2], [8,2]/[23,7], [23,13]/[8,2], [8,2]/[23,13], [23,19]/[8,2], [8,2]/[23,19], [23,11]/[8,2], [8,2]/[23,11], [23,17]/[8,2], [8,2]/[23,17], [8,2]/2₀, 2₀/[8,2], [8,2]/2₁, 2₁/[8,2], [8,2]/3₀, 3₀/[8,2], [8,2]/3₁, 3₁/[8,2], [8,2]/5₀, 5₀/[8,2], [8,2]/7₀, 7₀/[8,2], 1/[8,2], [23,23]/[7,4], [7,4]/[23,23], [7,4]/4, 4/[7,4], [7,4]/[2,3], [2,3]/[7,4], [7,4]/[3,2], [3,2]/[7,4], [7,4]/[5,2], [5,2]/[7,4], [7,4]/[7,2], [7,2]/[7,4], [7,4]/[13,2], [13,2]/[7,4], [13,3]/[7,4], [7,4]/[13,3], [13,5]/[7,4], [7,4]/[13,5], [13,7]/[7,4], [7,4]/[13,7], [13,13]/[7,4], [7,4]/[13,13], [13,19]/[7,4], [7,4]/[13,19], [13,11]/[7,4], [7,4]/[13,11], [13,17]/[7,4], [7,4]/[13,17], [13,23]/[7,4], [7,4]/[13,23], [19,3]/[7,4], [7,4]/[19,3], [19,5]/[7,4], [7,4]/[19,5], [19,7]/[7,4], [7,4]/[19,7], [19,13]/[7,4], [7,4]/[19,13], [19,19]/[7,4], [7,4]/[19,19], [19,11]/[7,4], [7,4]/[19,11], [19,17]/[7,4], [7,4]/[19,17], [19,23]/[7,4], [7,4]/[19,23], [7,4]/[11,2], [11,2]/[7,4], [17,3]/[7,4], [7,4]/[17,3], [17,5]/[7,4], [7,4]/[17,5], [17,7]/[7,4], [7,4]/[17,7], [17,13]/[7,4], [7,4]/[17,13], [17,19]/[7,4], [7,4]/[17,19], [17,11]/[7,4], [7,4]/[17,11], [17,17]/[7,4], [7,4]/[17,17], [17,23]/[7,4], [7,4]/[17,23], [23,3]/[7,4], [7,4]/[23,3], [23,5]/[7,4], [7,4]/[23,5], [23,7]/[7,4], [7,4]/[23,7], [23,13]/[7,4], [7,4]/[23,13], [23,19]/[7,4], [7,4]/[23,19], [23,11]/[7,4], [7,4]/[23,11], [23,17]/[7,4], [7,4]/[23,17], [7,4]/2₀, 2₀/[7,4], [7,4]/2₁, 2₁/[7,4], [7,4]/3₀, 3₀/[7,4], [7,4]/3₁, 3₁/[7,4], [7,4]/5₀, 5₀/[7,4], [7,4]/7₀, 7₀/[7,4], [7,4]/13₀, 13₀/[7,4], [7,4]/11₀, 11₀/[7,4], 1/[7,4], [23,23]/[8,5], [8,5]/[23,23], [8,5]/4, 4/[8,5], [8,5]/[2,3], [2,3]/[8,5], [8,5]/[3,2], [3,2]/[8,5], [8,5]/[5,2], [5,2]/[8,5], [8,5]/[7,2], [7,2]/[8,5], [8,5]/[13,2], [13,2]/[8,5], [8,5]/[19,2], [19,2]/[8,5], [19,3]/[8,5], [8,5]/[19,3], [19,5]/[8,5], [8,5]/[19,5], [19,7]/[8,5], [8,5]/[19,7], [19,13]/[8,5], [8,5]/[19,13], [19,19]/[8,5], [8,5]/[19,19], [19,11]/[8,5], [8,5]/[19,11], [19,17]/[8,5], [8,5]/[19,17], [19,23]/[8,5], [8,5]/[19,23], [8,5]/[11,2], [11,2]/[8,5], [8,5]/[17,2], [17,2]/[8,5], [23,3]/[8,5], [8,5]/[23,3], [23,5]/[8,5], [8,5]/[23,5], [23,7]/[8,5], [8,5]/[23,7], [23,13]/[8,5], [8,5]/[23,13], [23,19]/[8,5], [8,5]/[23,19], [23,11]/[8,5], [8,5]/[23,11], [23,17]/[8,5], [8,5]/[23,17], [8,5]/2₀, 2₀/[8,5], [8,5]/2₁, 2₁/[8,5], [8,5]/3₀, 3₀/[8,5], [8,5]/3₁, 3₁/[8,5], [8,5]/5₀, 5₀/[8,5], [8,5]/7₀, 7₀/[8,5], [8,5]/13₀, 13₀/[8,5], [8,5]/19₀, 19₀/[8,5], [8,5]/11₀, 11₀/[8,5], [8,5]/17₀, 17₀/[8,5], 1/[8,5], [23,23]/[[2,3],4], [[2,3],4]/[23,23], [[2,3],4]/4, 4/[[2,3],4], [[2,3],4]/[2,3], [2,3]/[[2,3],4], [[2,3],4]/[3,2], [3,2]/[[2,3],4], [[2,3],4]/[5,2], [5,2]/[[2,3],4], [[2,3],4]/[7,2], [7,2]/[[2,3],4], [13,3]/[[2,3],4], [[2,3],4]/[13,3], [13,5]/[[2,3],4], [[2,3],4]/[13,5], [13,7]/[[2,3],4], [[2,3],4]/[13,7], [13,13]/[[2,3],4], [[2,3],4]/[13,13], [13,19]/[[2,3],4], [[2,3],4]/[13,19], [13,11]/[[2,3],4], [[2,3],4]/[13,11], [13,17]/[[2,3],4], [[2,3],4]/[13,17], [13,23]/[[2,3],4], [[2,3],4]/[13,23], [19,3]/[[2,3],4], [[2,3],4]/[19,3], [19,5]/[[2,3],4], [[2,3],4]/[19,5], [19,7]/[[2,3],4], [[2,3],4]/[19,7], [19,13]/[[2,3],4], [[2,3],4]/[19,13], [19,19]/[[2,3],4], [[2,3],4]/[19,19], [19,11]/[[2,3],4], [[2,3],4]/[19,11], [19,17]/[[2,3],4], [[2,3],4]/[19,17], [19,23]/[[2,3],4], [[2,3],4]/[19,23], [[2,3],4]/[11,2], [11,2]/[[2,3],4], [11,3]/[[2,3],4], [[2,3],4]/[11,3], [11,5]/[[2,3],4], [[2,3],4]/[11,5], [11,7]/[[2,3],4], [[2,3],4]/[11,7], [11,13]/[[2,3],4], [[2,3],4]/[11,13], [11,19]/[[2,3],4], [[2,3],4]/[11,19], [11,11]/[[2,3],4], [[2,3],4]/[11,11], [11,17]/[[2,3],4], [[2,3],4]/[11,17], [11,23]/[[2,3],4], [[2,3],4]/[11,23], [17,3]/[[2,3],4], [[2,3],4]/[17,3], [17,5]/[[2,3],4], [[2,3],4]/[17,5], [17,7]/[[2,3],4], [[2,3],4]/[17,7], [17,13]/[[2,3],4], [[2,3],4]/[17,13], [17,19]/[[2,3],4], [[2,3],4]/[17,19], [17,11]/[[2,3],4], [[2,3],4]/[17,11], [17,17]/[[2,3],4], [[2,3],4]/[17,17], [17,23]/[[2,3],4], [[2,3],4]/[17,23], [23,3]/[[2,3],4], [[2,3],4]/[23,3], [23,5]/[[2,3],4], [[2,3],4]/[23,5], [23,7]/[[2,3],4], [[2,3],4]/[23,7], [23,13]/[[2,3],4], [[2,3],4]/[23,13], [23,19]/[[2,3],4], [[2,3],4]/[23,19], [23,11]/[[2,3],4], [[2,3],4]/[23,11], [23,17]/[[2,3],4], [[2,3],4]/[23,17], [[2,3],4]/2₀, 2₀/[[2,3],4], [[2,3],4]/2₁, 2₁/[[2,3],4], [[2,3],4]/3₀, 3₀/[[2,3],4], [[2,3],4]/3₁, 3₁/[[2,3],4], [[2,3],4]/5₀, 5₀/[[2,3],4], [[2,3],4]/7₀, 7₀/[[2,3],4], [[2,3],4]/11₀, 11₀/[[2,3],4], 1/[[2,3],4], [23,23]/[[3,3],4], [[3,3],4]/[23,23], [[3,3],4]/4, 4/[[3,3],4], [[3,3],4]/[2,3], [2,3]/[[3,3],4], [[3,3],4]/[3,2], [3,2]/[[3,3],4], [[3,3],4]/[5,2], [5,2]/[[3,3],4], [[3,3],4]/[7,2], [7,2]/[[3,3],4], [[3,3],4]/[13,2], [13,2]/[[3,3],4], [19,3]/[[3,3],4], [[3,3],4]/[19,3], [19,5]/[[3,3],4], [[3,3],4]/[19,5], [19,7]/[[3,3],4], [[3,3],4]/[19,7], [19,13]/[[3,3],4], [[3,3],4]/[19,13], [19,19]/[[3,3],4], [[3,3],4]/[19,19], [19,11]/[[3,3],4], [[3,3],4]/[19,11], [19,17]/[[3,3],4], [[3,3],4]/[19,17], [19,23]/[[3,3],4], [[3,3],4]/[19,23], [[3,3],4]/[11,2], [11,2]/[[3,3],4], [[3,3],4]/[17,2], [17,2]/[[3,3],4], [17,3]/[[3,3],4], [[3,3],4]/[17,3], [17,5]/[[3,3],4], [[3,3],4]/[17,5], [17,7]/[[3,3],4], [[3,3],4]/[17,7], [17,13]/[[3,3],4], [[3,3],4]/[17,13], [17,19]/[[3,3],4], [[3,3],4]/[17,19], [17,11]/[[3,3],4], [[3,3],4]/[17,11], [17,17]/[[3,3],4], [[3,3],4]/[17,17], [17,23]/[[3,3],4], [[3,3],4]/[17,23], [23,3]/[[3,3],4], [[3,3],4]/[23,3], [23,5]/[[3,3],4], [[3,3],4]/[23,5], [23,7]/[[3,3],4], [[3,3],4]/[23,7], [23,13]/[[3,3],4], [[3,3],4]/[23,13], [23,19]/[[3,3],4], [[3,3],4]/[23,19], [23,11]/[[3,3],4], [[3,3],4]/[23,11], [23,17]/[[3,3],4], [[3,3],4]/[23,17], [[3,3],4]/2₀, 2₀/[[3,3],4], [[3,3],4]/2₁, 2₁/[[3,3],4], [[3,3],4]/3₀, 3₀/[[3,3],4], [[3,3],4]/3₁, 3₁/[[3,3],4], [[3,3],4]/5₀, 5₀/[[3,3],4], [[3,3],4]/7₀, 7₀/[[3,3],4], [[3,3],4]/13₀, 13₀/[[3,3],4], [[3,3],4]/11₀, 11₀/[[3,3],4], [[3,3],4]/17₀, 17₀/[[3,3],4], 1/[[3,3],4], [23,23]/[8,[2,3]], [8,[2,3]]/[23,23], [8,[2,3]]/4, 4/[8,[2,3]], [8,[2,3]]/[2,3], [2,3]/[8,[2,3]], [8,[2,3]]/[3,2], [3,2]/[8,[2,3]], [8,[2,3]]/[5,2], [5,2]/[8,[2,3]], [8,[2,3]]/[7,2], [7,2]/[8,[2,3]], [8,[2,3]]/[13,2], [13,2]/[8,[2,3]], [8,[2,3]]/[19,2], [19,2]/[8,[2,3]], [8,[2,3]]/[11,2], [11,2]/[8,[2,3]], [8,[2,3]]/[17,2], [17,2]/[8,[2,3]], [8,[2,3]]/[23,2], [23,2]/[8,[2,3]], [23,3]/[8,[2,3]], [8,[2,3]]/[23,3], [23,5]/[8,[2,3]], [8,[2,3]]/[23,5], [23,7]/[8,[2,3]], [8,[2,3]]/[23,7], [23,13]/[8,[2,3]], [8,[2,3]]/[23,13], [23,19]/[8,[2,3]], [8,[2,3]]/[23,19], [23,11]/[8,[2,3]], [8,[2,3]]/[23,11], [23,17]/[8,[2,3]], [8,[2,3]]/[23,17], [8,[2,3]]/2₀, 2₀/[8,[2,3]], [8,[2,3]]/2₁, 2₁/[8,[2,3]], [8,[2,3]]/3₀, 3₀/[8,[2,3]], [8,[2,3]]/3₁, 3₁/[8,[2,3]], [8,[2,3]]/5₀, 5₀/[8,[2,3]], [8,[2,3]]/7₀, 7₀/[8,[2,3]], [8,[2,3]]/13₀, 13₀/[8,[2,3]], [8,[2,3]]/19₀, 19₀/[8,[2,3]], [8,[2,3]]/11₀, 11₀/[8,[2,3]], [8,[2,3]]/17₀, 17₀/[8,[2,3]], [8,[2,3]]/23₀, 23₀/[8,[2,3]], 1/[8,[2,3]], [23,23]/[5,4], [5,4]/[23,23], [5,4]/4, 4/[5,4], [5,4]/[2,3], [2,3]/[5,4], [2,19]/[5,4], [5,4]/[2,19], [2,17]/[5,4], [5,4]/[2,17], [2,23]/[5,4], [5,4]/[2,23], [3,19]/[5,4], [5,4]/[3,19], [3,17]/[5,4], [5,4]/[3,17], [3,23]/[5,4], [5,4]/[3,23], [5,19]/[5,4], [5,4]/[5,19], [5,17]/[5,4], [5,4]/[5,17], [5,23]/[5,4], [5,4]/[5,23], [7,19]/[5,4], [5,4]/[7,19], [7,17]/[5,4], [5,4]/[7,17], [7,23]/[5,4], [5,4]/[7,23], [13,19]/[5,4], [5,4]/[13,19], [13,17]/[5,4], [5,4]/[13,17], [13,23]/[5,4], [5,4]/[13,23], [19,19]/[5,4], [5,4]/[19,19], [19,17]/[5,4], [5,4]/[19,17], [19,23]/[5,4], [5,4]/[19,23], [11,19]/[5,4], [5,4]/[11,19], [11,17]/[5,4], [5,4]/[11,17], [11,23]/[5,4], [5,4]/[11,23], [17,19]/[5,4], [5,4]/[17,19], [17,17]/[5,4], [5,4]/[17,17], [17,23]/[5,4], [5,4]/[17,23], [23,19]/[5,4], [5,4]/[23,19], [23,17]/[5,4], [5,4]/[23,17], [5,4]/2₀, 2₀/[5,4], [5,4]/2₁, 2₁/[5,4], [5,4]/3₁, 3₁/[5,4], [5,4]/5₁, 5₁/[5,4], [5,4]/7₁, 7₁/[5,4], [5,4]/13₁, 13₁/[5,4], [5,4]/11₁, 11₁/[5,4], [5,4]/17₁, 17₁/[5,4], 1/[5,4], [23,23]/[3,3,3], [3,3,3]/[23,23], [3,3,3]/4, 4/[3,3,3], [3,3,3]/[2,3], [2,3]/[3,3,3], [23,3]/[3,3,3], [3,3,3]/[23,3], [23,5]/[3,3,3], [3,3,3]/[23,5], [23,7]/[3,3,3], [3,3,3]/[23,7], [23,13]/[3,3,3], [3,3,3]/[23,13], [23,19]/[3,3,3], [3,3,3]/[23,19], [23,11]/[3,3,3], [3,3,3]/[23,11], [23,17]/[3,3,3], [3,3,3]/[23,17], [3,3,3]/2₀, 2₀/[3,3,3], [3,3,3]/2₁, 2₁/[3,3,3], [3,3,3]/3₀, 3₀/[3,3,3], [3,3,3]/3₁, 3₁/[3,3,3], [3,3,3]/5₀, 5₀/[3,3,3], [3,3,3]/7₀, 7₀/[3,3,3], [3,3,3]/13₀, 13₀/[3,3,3], [3,3,3]/19₀, 19₀/[3,3,3], [3,3,3]/11₀, 11₀/[3,3,3], [3,3,3]/17₀, 17₀/[3,3,3], [3,3,3]/23₀, 23₀/[3,3,3], 1/[3,3,3], [23,23]/[8,4], [8,4]/[23,23], [8,4]/4, 4/[8,4], [8,4]/[2,3], [2,3]/[8,4], [8,4]/[2,5], [2,5]/[8,4], [8,4]/[3,2], [3,2]/[8,4], [8,4]/[5,2], [5,2]/[8,4], [8,4]/[7,2], [7,2]/[8,4], [8,4]/[13,2], [13,2]/[8,4], [13,5]/[8,4], [8,4]/[13,5], [13,7]/[8,4], [8,4]/[13,7], [13,13]/[8,4], [8,4]/[13,13], [13,19]/[8,4], [8,4]/[13,19], [13,11]/[8,4], [8,4]/[13,11], [13,17]/[8,4], [8,4]/[13,17], [13,23]/[8,4], [8,4]/[13,23], [19,5]/[8,4], [8,4]/[19,5], [19,7]/[8,4], [8,4]/[19,7], [19,13]/[8,4], [8,4]/[19,13], [19,19]/[8,4], [8,4]/[19,19], [19,11]/[8,4], [8,4]/[19,11], [19,17]/[8,4], [8,4]/[19,17], [19,23]/[8,4], [8,4]/[19,23], [8,4]/[11,2], [11,2]/[8,4], [17,5]/[8,4], [8,4]/[17,5], [17,7]/[8,4], [8,4]/[17,7], [17,13]/[8,4], [8,4]/[17,13], [17,19]/[8,4], [8,4]/[17,19], [17,11]/[8,4], [8,4]/[17,11], [17,17]/[8,4], [8,4]/[17,17], [17,23]/[8,4], [8,4]/[17,23], [23,5]/[8,4], [8,4]/[23,5], [23,7]/[8,4], [8,4]/[23,7], [23,13]/[8,4], [8,4]/[23,13], [23,19]/[8,4], [8,4]/[23,19], [23,11]/[8,4], [8,4]/[23,11], [23,17]/[8,4], [8,4]/[23,17], [8,4]/2₀, 2₀/[8,4], [8,4]/2₁, 2₁/[8,4], [8,4]/3₀, 3₀/[8,4], [8,4]/3₁, 3₁/[8,4], [8,4]/5₀, 5₀/[8,4], [8,4]/5₁, 5₁/[8,4], [8,4]/7₀, 7₀/[8,4], [8,4]/13₀, 13₀/[8,4], [8,4]/11₀, 11₀/[8,4], 1/[8,4], [23,23]/43, 43/[23,23], 43/4, 4/43, 43/[2,3], [2,3]/43, 43/[2,5], [2,5]/43, 43/[3,2], [3,2]/43, 43/[3,3], [3,3]/43, 43/[5,2], [5,2]/43, 43/[5,3], [5,3]/43, 43/[7,2], [7,2]/43, 43/[7,3], [7,3]/43, 43/[13,2], [13,2]/43, 43/[13,3], [13,3]/43, [13,5]/43, 43/[13,5], [13,7]/43, 43/[13,7], [13,13]/43, 43/[13,13], [13,19]/43, 43/[13,19], [13,11]/43, 43/[13,11], [13,17]/43, 43/[13,17], [13,23]/43, 43/[13,23], [19,5]/43, 43/[19,5], [19,7]/43, 43/[19,7], [19,13]/43, 43/[19,13], [19,19]/43, 43/[19,19], [19,11]/43, 43/[19,11], [19,17]/43, 43/[19,17], [19,23]/43, 43/[19,23], 43/[11,2], [11,2]/43, 43/[11,3], [11,3]/43, [17,5]/43, 43/[17,5], [17,7]/43, 43/[17,7], [17,13]/43, 43/[17,13], [17,19]/43, 43/[17,19], [17,11]/43, 43/[17,11], [17,17]/43, 43/[17,17], [17,23]/43, 43/[17,23], [23,5]/43, 43/[23,5], [23,7]/43, 43/[23,7], [23,13]/43, 43/[23,13], [23,19]/43, 43/[23,19], [23,11]/43, 43/[23,11], [23,17]/43, 43/[23,17], 43/2₀, 2₀/43, 43/2₁, 2₁/43, 43/3₀, 3₀/43, 43/3₁, 3₁/43, 43/5₀, 5₀/43, 43/5₁, 5₁/43, 43/7₀, 7₀/43, 43/13₀, 13₀/43, 43/11₀, 11₀/43, 1/43, [23,23]/[11,4], [11,4]/[23,23], [11,4]/4, 4/[11,4], [11,4]/[2,3], [2,3]/[11,4], [11,4]/[2,5], [2,5]/[11,4], [11,4]/[3,2], [3,2]/[11,4], [11,4]/[5,2], [5,2]/[11,4], [11,4]/[7,2], [7,2]/[11,4], [11,4]/[13,2], [13,2]/[11,4], [11,4]/[19,2], [19,2]/[11,4], [19,5]/[11,4], [11,4]/[19,5], [19,7]/[11,4], [11,4]/[19,7], [19,13]/[11,4], [11,4]/[19,13], [19,19]/[11,4], [11,4]/[19,19], [19,11]/[11,4], [11,4]/[19,11], [19,17]/[11,4], [11,4]/[19,17], [19,23]/[11,4], [11,4]/[19,23], [11,4]/[11,2], [11,2]/[11,4], [11,4]/[17,2], [17,2]/[11,4], [23,5]/[11,4], [11,4]/[23,5], [23,7]/[11,4], [11,4]/[23,7], [23,13]/[11,4], [11,4]/[23,13], [23,19]/[11,4], [11,4]/[23,19], [23,11]/[11,4], [11,4]/[23,11], [23,17]/[11,4], [11,4]/[23,17], [11,4]/2₀, 2₀/[11,4], [11,4]/2₁, 2₁/[11,4], [11,4]/3₀, 3₀/[11,4], [11,4]/3₁, 3₁/[11,4], [11,4]/5₀, 5₀/[11,4], [11,4]/5₁, 5₁/[11,4], [11,4]/7₀, 7₀/[11,4], [11,4]/13₀, 13₀/[11,4], [11,4]/19₀, 19₀/[11,4], [11,4]/11₀, 11₀/[11,4], [11,4]/17₀, 17₀/[11,4], 1/[11,4], [23,23]/61, 61/[23,23], 61/4, 4/61, 61/[2,3], [2,3]/61, 61/[2,5], [2,5]/61, 61/[3,2], [3,2]/61, 61/[3,3], [3,3]/61, 61/[5,2], [5,2]/61, 61/[5,3], [5,3]/61, 61/[7,2], [7,2]/61, 61/[7,3], [7,3]/61, 61/[13,2], [13,2]/61, 61/[13,3], [13,3]/61, 61/[19,2], [19,2]/61, 61/[19,3], [19,3]/61, [19,5]/61, 61/[19,5], [19,7]/61, 61/[19,7], [19,13]/61, 61/[19,13], [19,19]/61, 61/[19,19], [19,11]/61, 61/[19,11], [19,17]/61, 61/[19,17], [19,23]/61, 61/[19,23], 61/[11,2], [11,2]/61, 61/[11,3], [11,3]/61, 61/[17,2], [17,2]/61, 61/[17,3], [17,3]/61, [23,5]/61, 61/[23,5], [23,7]/61, 61/[23,7], [23,13]/61, 61/[23,13], [23,19]/61, 61/[23,19], [23,11]/61, 61/[23,11], [23,17]/61, 61/[23,17], 61/2₀, 2₀/61, 61/2₁, 2₁/61, 61/3₀, 3₀/61, 61/3₁, 3₁/61, 61/5₀, 5₀/61, 61/5₁, 5₁/61, 61/7₀, 7₀/61, 61/13₀, 13₀/61, 61/19₀, 19₀/61, 61/11₀, 11₀/61, 61/17₀, 17₀/61, 1/61, [23,23]/37, 37/[23,23], 37/4, 4/37, 37/[2,3], [2,3]/37, 37/[2,5], [2,5]/37, 37/[3,2], [3,2]/37, 37/[3,3], [3,3]/37, 37/[5,2], [5,2]/37, 37/[5,3], [5,3]/37, 37/[7,2], [7,2]/37, 37/[7,3], [7,3]/37, [13,5]/37, 37/[13,5], [13,7]/37, 37/[13,7], [13,13]/37, 37/[13,13], [13,19]/37, 37/[13,19], [13,11]/37, 37/[13,11], [13,17]/37, 37/[13,17], [13,23]/37, 37/[13,23], [19,5]/37, 37/[19,5], [19,7]/37, 37/[19,7], [19,13]/37, 37/[19,13], [19,19]/37, 37/[19,19], [19,11]/37, 37/[19,11], [19,17]/37, 37/[19,17], [19,23]/37, 37/[19,23], 37/[11,2], [11,2]/37, 37/[11,3], [11,3]/37, [11,5]/37, 37/[11,5], [11,7]/37, 37/[11,7], [11,13]/37, 37/[11,13], [11,19]/37, 37/[11,19], [11,11]/37, 37/[11,11], [11,17]/37, 37/[11,17], [11,23]/37, 37/[11,23], [17,5]/37, 37/[17,5], [17,7]/37, 37/[17,7], [17,13]/37, 37/[17,13], [17,19]/37, 37/[17,19], [17,11]/37, 37/[17,11], [17,17]/37, 37/[17,17], [17,23]/37, 37/[17,23], [23,5]/37, 37/[23,5], [23,7]/37, 37/[23,7], [23,13]/37, 37/[23,13], [23,19]/37, 37/[23,19], [23,11]/37, 37/[23,11], [23,17]/37, 37/[23,17], 37/2₀, 2₀/37, 37/2₁, 2₁/37, 37/3₀, 3₀/37, 37/3₁, 3₁/37, 37/5₀, 5₀/37, 37/5₁, 5₁/37, 37/7₀, 7₀/37, 37/11₀, 11₀/37, 1/37, [23,23]/[13,4], [13,4]/[23,23], [13,4]/4, 4/[13,4], [13,4]/[2,3], [2,3]/[13,4], [13,4]/[2,5], [2,5]/[13,4], [13,4]/[3,2], [3,2]/[13,4], [13,4]/[5,2], [5,2]/[13,4], [13,4]/[7,2], [7,2]/[13,4], [13,4]/[13,2], [13,2]/[13,4], [13,4]/[19,2], [19,2]/[13,4], [13,4]/[11,2], [11,2]/[13,4], [13,4]/[17,2], [17,2]/[13,4], [13,4]/[23,2], [23,2]/[13,4], [23,5]/[13,4], [13,4]/[23,5], [23,7]/[13,4], [13,4]/[23,7], [23,13]/[13,4], [13,4]/[23,13], [23,19]/[13,4], [13,4]/[23,19], [23,11]/[13,4], [13,4]/[23,11], [23,17]/[13,4], [13,4]/[23,17], [13,4]/2₀, 2₀/[13,4], [13,4]/2₁, 2₁/[13,4], [13,4]/3₀, 3₀/[13,4], [13,4]/3₁, 3₁/[13,4], [13,4]/5₀, 5₀/[13,4], [13,4]/5₁, 5₁/[13,4], [13,4]/7₀, 7₀/[13,4], [13,4]/13₀, 13₀/[13,4], [13,4]/19₀, 19₀/[13,4], [13,4]/11₀, 11₀/[13,4], [13,4]/17₀, 17₀/[13,4], [13,4]/23₀, 23₀/[13,4], 1/[13,4], [23,23]/73, 73/[23,23], 73/4, 4/73, 73/[2,3], [2,3]/73, 73/[2,5], [2,5]/73, 73/[3,2], [3,2]/73, 73/[3,3], [3,3]/73, 73/[5,2], [5,2]/73, 73/[5,3], [5,3]/73, 73/[7,2], [7,2]/73, 73/[7,3], [7,3]/73, 73/[13,2], [13,2]/73, 73/[13,3], [13,3]/73, 73/[19,2], [19,2]/73, 73/[19,3], [19,3]/73, 73/[11,2], [11,2]/73, 73/[11,3], [11,3]/73, 73/[17,2], [17,2]/73, 73/[17,3], [17,3]/73, 73/[23,2], [23,2]/73, 73/[23,3], [23,3]/73, [23,5]/73, 73/[23,5], [23,7]/73, 73/[23,7], [23,13]/73, 73/[23,13], [23,19]/73, 73/[23,19], [23,11]/73, 73/[23,11], [23,17]/73, 73/[23,17], 73/2₀, 2₀/73, 73/2₁, 2₁/73, 73/3₀, 3₀/73, 73/3₁, 3₁/73, 73/5₀, 5₀/73, 73/5₁, 5₁/73, 73/7₀, 7₀/73, 73/13₀, 13₀/73, 73/19₀, 19₀/73, 73/11₀, 11₀/73, 73/17₀, 17₀/73, 73/23₀, 23₀/73, 1/73, [23,23]/[2,3,3], [2,3,3]/[23,23], [2,3,3]/4, 4/[2,3,3], [2,3,3]/[2,3], [2,3]/[2,3,3], [2,3,3]/[2,5], [2,5]/[2,3,3], [2,13]/[2,3,3], [2,3,3]/[2,13], [2,19]/[2,3,3], [2,3,3]/[2,19], [2,17]/[2,3,3], [2,3,3]/[2,17], [2,23]/[2,3,3], [2,3,3]/[2,23], [3,13]/[2,3,3], [2,3,3]/[3,13], [3,19]/[2,3,3], [2,3,3]/[3,19], [3,17]/[2,3,3], [2,3,3]/[3,17], [3,23]/[2,3,3], [2,3,3]/[3,23], [5,13]/[2,3,3], [2,3,3]/[5,13], [5,19]/[2,3,3], [2,3,3]/[5,19], [5,17]/[2,3,3], [2,3,3]/[5,17], [5,23]/[2,3,3], [2,3,3]/[5,23], [7,13]/[2,3,3], [2,3,3]/[7,13], [7,19]/[2,3,3], [2,3,3]/[7,19], [7,17]/[2,3,3], [2,3,3]/[7,17], [7,23]/[2,3,3], [2,3,3]/[7,23], [13,13]/[2,3,3], [2,3,3]/[13,13], [13,19]/[2,3,3], [2,3,3]/[13,19], [13,17]/[2,3,3], [2,3,3]/[13,17], [13,23]/[2,3,3], [2,3,3]/[13,23], [19,13]/[2,3,3], [2,3,3]/[19,13], [19,19]/[2,3,3], [2,3,3]/[19,19], [19,17]/[2,3,3], [2,3,3]/[19,17], [19,23]/[2,3,3], [2,3,3]/[19,23], [11,13]/[2,3,3], [2,3,3]/[11,13], [11,19]/[2,3,3], [2,3,3]/[11,19], [11,17]/[2,3,3], [2,3,3]/[11,17], [11,23]/[2,3,3], [2,3,3]/[11,23], [17,13]/[2,3,3], [2,3,3]/[17,13], [17,19]/[2,3,3], [2,3,3]/[17,19], [17,17]/[2,3,3], [2,3,3]/[17,17], [17,23]/[2,3,3], [2,3,3]/[17,23], [23,13]/[2,3,3], [2,3,3]/[23,13], [23,19]/[2,3,3], [2,3,3]/[23,19], [23,17]/[2,3,3], [2,3,3]/[23,17], [2,3,3]/2₀, 2₀/[2,3,3], [2,3,3]/2₁, 2₁/[2,3,3], [2,3,3]/3₁, 3₁/[2,3,3], [2,3,3]/5₁, 5₁/[2,3,3], [2,3,3]/7₁, 7₁/[2,3,3], [2,3,3]/13₁, 13₁/[2,3,3], [2,3,3]/11₁, 11₁/[2,3,3], 1/[2,3,3], [23,23]/31, 31/[23,23], 31/4, 4/31, 31/[2,3], [2,3]/31, 31/[2,5], [2,5]/31, [23,5]/31, 31/[23,5], [23,7]/31, 31/[23,7], [23,13]/31, 31/[23,13], [23,19]/31, 31/[23,19], [23,11]/31, 31/[23,11], [23,17]/31, 31/[23,17], 31/2₀, 2₀/31, 31/2₁, 2₁/31, 31/3₀, 3₀/31, 31/3₁, 3₁/31, 31/5₀, 5₀/31, 31/5₁, 5₁/31, 31/7₀, 7₀/31, 31/13₀, 13₀/31, 31/19₀, 19₀/31, 31/11₀, 11₀/31, 31/17₀, 17₀/31, 31/23₀, 23₀/31, 1/31, [23,23]/29, 29/[23,23], 29/4, 4/29, 29/[2,3], [2,3]/29, 29/[2,5], [2,5]/29, 29/[2,7], [2,7]/29, 29/[3,2], [3,2]/29, 29/[3,3], [3,3]/29, 29/[3,5], [3,5]/29, 29/[5,2], [5,2]/29, 29/[5,3], [5,3]/29, 29/[5,5], [5,5]/29, [5,7]/29, 29/[5,7], [5,13]/29, 29/[5,13], [5,19]/29, 29/[5,19], [5,11]/29, 29/[5,11], [5,17]/29, 29/[5,17], [5,23]/29, 29/[5,23], [7,7]/29, 29/[7,7], [7,13]/29, 29/[7,13], [7,19]/29, 29/[7,19], [7,11]/29, 29/[7,11], [7,17]/29, 29/[7,17], [7,23]/29, 29/[7,23], [13,7]/29, 29/[13,7], [13,13]/29, 29/[13,13], [13,19]/29, 29/[13,19], [13,11]/29, 29/[13,11], [13,17]/29, 29/[13,17], [13,23]/29, 29/[13,23], [19,7]/29, 29/[19,7], [19,13]/29, 29/[19,13], [19,19]/29, 29/[19,19], [19,11]/29, 29/[19,11], [19,17]/29, 29/[19,17], [19,23]/29, 29/[19,23], [11,7]/29, 29/[11,7], [11,13]/29, 29/[11,13], [11,19]/29, 29/[11,19], [11,11]/29, 29/[11,11], [11,17]/29, 29/[11,17], [11,23]/29, 29/[11,23], [17,7]/29, 29/[17,7], [17,13]/29, 29/[17,13], [17,19]/29, 29/[17,19], [17,11]/29, 29/[17,11], [17,17]/29, 29/[17,17], [17,23]/29, 29/[17,23], [23,7]/29, 29/[23,7], [23,13]/29, 29/[23,13], [23,19]/29, 29/[23,19], [23,11]/29, 29/[23,11], [23,17]/29, 29/[23,17], 29/2₀, 2₀/29, 29/2₁, 2₁/29, 29/3₀, 3₀/29, 29/3₁, 3₁/29, 29/5₀, 5₀/29, 29/5₁, 5₁/29, 29/7₁, 7₁/29, 1/29, [23,23]/47, 47/[23,23], 47/4, 4/47, 47/[2,3], [2,3]/47, 47/[2,5], [2,5]/47, 47/[2,7], [2,7]/47, 47/[3,2], [3,2]/47, 47/[3,3], [3,3]/47, 47/[5,2], [5,2]/47, 47/[5,3], [5,3]/47, 47/[7,2], [7,2]/47, 47/[7,3], [7,3]/47, 47/[13,2], [13,2]/47, 47/[13,3], [13,3]/47, [13,7]/47, 47/[13,7], [13,13]/47, 47/[13,13], [13,19]/47, 47/[13,19], [13,11]/47, 47/[13,11], [13,17]/47, 47/[13,17], [13,23]/47, 47/[13,23], [19,7]/47, 47/[19,7], [19,13]/47, 47/[19,13], [19,19]/47, 47/[19,19], [19,11]/47, 47/[19,11], [19,17]/47, 47/[19,17], [19,23]/47, 47/[19,23], 47/[11,2], [11,2]/47, 47/[11,3], [11,3]/47, [17,7]/47, 47/[17,7], [17,13]/47, 47/[17,13], [17,19]/47, 47/[17,19], [17,11]/47, 47/[17,11], [17,17]/47, 47/[17,17], [17,23]/47, 47/[17,23], [23,7]/47, 47/[23,7], [23,13]/47, 47/[23,13], [23,19]/47, 47/[23,19], [23,11]/47, 47/[23,11], [23,17]/47, 47/[23,17], 47/2₀, 2₀/47, 47/2₁, 2₁/47, 47/3₀, 3₀/47, 47/3₁, 3₁/47, 47/5₀, 5₀/47, 47/5₁, 5₁/47, 47/7₀, 7₀/47, 47/7₁, 7₁/47, 47/13₀, 13₀/47, 47/11₀, 11₀/47, 1/47, [23,23]/[11,[3,3]], [11,[3,3]]/[23,23], [11,[3,3]]/4, 4/[11,[3,3]], [11,[3,3]]/[2,3], [2,3]/[11,[3,3]], [11,[3,3]]/[2,5], [2,5]/[11,[3,3]], [11,[3,3]]/[2,7], [2,7]/[11,[3,3]], [11,[3,3]]/[3,2], [3,2]/[11,[3,3]], [11,[3,3]]/[3,3], [3,3]/[11,[3,3]], [11,[3,3]]/[3,5], [3,5]/[11,[3,3]], [11,[3,3]]/[5,2], [5,2]/[11,[3,3]], [11,[3,3]]/[5,3], [5,3]/[11,[3,3]], [11,[3,3]]/[5,5], [5,5]/[11,[3,3]], [11,[3,3]]/[7,2], [7,2]/[11,[3,3]], [11,[3,3]]/[7,3], [7,3]/[11,[3,3]], [11,[3,3]]/[7,5], [7,5]/[11,[3,3]], [11,[3,3]]/[13,2], [13,2]/[11,[3,3]], [11,[3,3]]/[13,3], [13,3]/[11,[3,3]], [11,[3,3]]/[13,5], [13,5]/[11,[3,3]], [11,[3,3]]/[19,2], [19,2]/[11,[3,3]], [11,[3,3]]/[19,3], [19,3]/[11,[3,3]], [11,[3,3]]/[19,5], [19,5]/[11,[3,3]], [19,7]/[11,[3,3]], [11,[3,3]]/[19,7], [19,13]/[11,[3,3]], [11,[3,3]]/[19,13], [19,19]/[11,[3,3]], [11,[3,3]]/[19,19], [19,11]/[11,[3,3]], [11,[3,3]]/[19,11], [19,17]/[11,[3,3]], [11,[3,3]]/[19,17], [19,23]/[11,[3,3]], [11,[3,3]]/[19,23], [11,[3,3]]/[11,2], [11,2]/[11,[3,3]], [11,[3,3]]/[11,3], [11,3]/[11,[3,3]], [11,[3,3]]/[11,5], [11,5]/[11,[3,3]], [11,[3,3]]/[17,2], [17,2]/[11,[3,3]], [11,[3,3]]/[17,3], [17,3]/[11,[3,3]], [11,[3,3]]/[17,5], [17,5]/[11,[3,3]], [23,7]/[11,[3,3]], [11,[3,3]]/[23,7], [23,13]/[11,[3,3]], [11,[3,3]]/[23,13], [23,19]/[11,[3,3]], [11,[3,3]]/[23,19], [23,11]/[11,[3,3]], [11,[3,3]]/[23,11], [23,17]/[11,[3,3]], [11,[3,3]]/[23,17], [11,[3,3]]/2₀, 2₀/[11,[3,3]], [11,[3,3]]/2₁, 2₁/[11,[3,3]], [11,[3,3]]/3₀, 3₀/[11,[3,3]], [11,[3,3]]/3₁, 3₁/[11,[3,3]], [11,[3,3]]/5₀, 5₀/[11,[3,3]], [11,[3,3]]/5₁, 5₁/[11,[3,3]], [11,[3,3]]/7₀, 7₀/[11,[3,3]], [11,[3,3]]/7₁, 7₁/[11,[3,3]], [11,[3,3]]/13₀, 13₀/[11,[3,3]], [11,[3,3]]/19₀, 19₀/[11,[3,3]], [11,[3,3]]/11₀, 11₀/[11,[3,3]], [11,[3,3]]/17₀, 17₀/[11,[3,3]], 1/[11,[3,3]], [23,23]/41, 41/[23,23], 41/4, 4/41, 41/[2,3], [2,3]/41, 41/[2,5], [2,5]/41, 41/[2,7], [2,7]/41, 41/[3,2], [3,2]/41, 41/[3,3], [3,3]/41, 41/[5,2], [5,2]/41, 41/[5,3], [5,3]/41, 41/[7,2], [7,2]/41, 41/[7,3], [7,3]/41, [13,7]/41, 41/[13,7], [13,13]/41, 41/[13,13], [13,19]/41, 41/[13,19], [13,11]/41, 41/[13,11], [13,17]/41, 41/[13,17], [13,23]/41, 41/[13,23], [19,7]/41, 41/[19,7], [19,13]/41, 41/[19,13], [19,19]/41, 41/[19,19], [19,11]/41, 41/[19,11], [19,17]/41, 41/[19,17], [19,23]/41, 41/[19,23], 41/[11,2], [11,2]/41, 41/[11,3], [11,3]/41, [11,7]/41, 41/[11,7], [11,13]/41, 41/[11,13], [11,19]/41, 41/[11,19], [11,11]/41, 41/[11,11], [11,17]/41, 41/[11,17], [11,23]/41, 41/[11,23], [17,7]/41, 41/[17,7], [17,13]/41, 41/[17,13], [17,19]/41, 41/[17,19], [17,11]/41, 41/[17,11], [17,17]/41, 41/[17,17], [17,23]/41, 41/[17,23], [23,7]/41, 41/[23,7], [23,13]/41, 41/[23,13], [23,19]/41, 41/[23,19], [23,11]/41, 41/[23,11], [23,17]/41, 41/[23,17], 41/2₀, 2₀/41, 41/2₁, 2₁/41, 41/3₀, 3₀/41, 41/3₁, 3₁/41, 41/5₀, 5₀/41, 41/5₁, 5₁/41, 41/7₀, 7₀/41, 41/7₁, 7₁/41, 41/11₀, 11₀/41, 1/41, [23,23]/59, 59/[23,23], 59/4, 4/59, 59/[2,3], [2,3]/59, 59/[2,5], [2,5]/59, 59/[2,7], [2,7]/59, 59/[3,2], [3,2]/59, 59/[3,3], [3,3]/59, 59/[3,5], [3,5]/59, 59/[5,2], [5,2]/59, 59/[5,3], [5,3]/59, 59/[5,5], [5,5]/59, 59/[7,2], [7,2]/59, 59/[7,3], [7,3]/59, 59/[7,5], [7,5]/59, [13,7]/59, 59/[13,7], [13,13]/59, 59/[13,13], [13,19]/59, 59/[13,19], [13,11]/59, 59/[13,11], [13,17]/59, 59/[13,17], [13,23]/59, 59/[13,23], [19,7]/59, 59/[19,7], [19,13]/59, 59/[19,13], [19,19]/59, 59/[19,19], [19,11]/59, 59/[19,11], [19,17]/59, 59/[19,17], [19,23]/59, 59/[19,23], 59/[11,2], [11,2]/59, 59/[11,3], [11,3]/59, 59/[11,5], [11,5]/59, [11,7]/59, 59/[11,7], [11,13]/59, 59/[11,13], [11,19]/59, 59/[11,19], [11,11]/59, 59/[11,11], [11,17]/59, 59/[11,17], [11,23]/59, 59/[11,23], [17,7]/59, 59/[17,7], [17,13]/59, 59/[17,13], [17,19]/59, 59/[17,19], [17,11]/59, 59/[17,11], [17,17]/59, 59/[17,17], [17,23]/59, 59/[17,23], [23,7]/59, 59/[23,7], [23,13]/59, 59/[23,13], [23,19]/59, 59/[23,19], [23,11]/59, 59/[23,11], [23,17]/59, 59/[23,17], 59/2₀, 2₀/59, 59/2₁, 2₁/59, 59/3₀, 3₀/59, 59/3₁, 3₁/59, 59/5₀, 5₀/59, 59/5₁, 5₁/59, 59/7₀, 7₀/59, 59/7₁, 7₁/59, 59/11₀, 11₀/59, 1/59, [23,23]/89, 89/[23,23], 89/4, 4/89, 89/[2,3], [2,3]/89, 89/[2,5], [2,5]/89, 89/[2,7], [2,7]/89, 89/[3,2], [3,2]/89, 89/[3,3], [3,3]/89, 89/[3,5], [3,5]/89, 89/[5,2], [5,2]/89, 89/[5,3], [5,3]/89, 89/[5,5], [5,5]/89, 89/[7,2], [7,2]/89, 89/[7,3], [7,3]/89, 89/[7,5], [7,5]/89, 89/[13,2], [13,2]/89, 89/[13,3], [13,3]/89, 89/[13,5], [13,5]/89, [19,7]/89, 89/[19,7], [19,13]/89, 89/[19,13], [19,19]/89, 89/[19,19], [19,11]/89, 89/[19,11], [19,17]/89, 89/[19,17], [19,23]/89, 89/[19,23], 89/[11,2], [11,2]/89, 89/[11,3], [11,3]/89, 89/[11,5], [11,5]/89, 89/[17,2], [17,2]/89, 89/[17,3], [17,3]/89, 89/[17,5], [17,5]/89, [17,7]/89, 89/[17,7], [17,13]/89, 89/[17,13], [17,19]/89, 89/[17,19], [17,11]/89, 89/[17,11], [17,17]/89, 89/[17,17], [17,23]/89, 89/[17,23], [23,7]/89, 89/[23,7], [23,13]/89, 89/[23,13], [23,19]/89, 89/[23,19], [23,11]/89, 89/[23,11], [23,17]/89, 89/[23,17], 89/2₀, 2₀/89, 89/2₁, 2₁/89, 89/3₀, 3₀/89, 89/3₁, 3₁/89, 89/5₀, 5₀/89, 89/5₁, 5₁/89, 89/7₀, 7₀/89, 89/7₁, 7₁/89, 89/13₀, 13₀/89, 89/11₀, 11₀/89, 89/17₀, 17₀/89, 1/89, [23,23]/[8,7], [8,7]/[23,23], [8,7]/4, 4/[8,7], [8,7]/[2,3], [2,3]/[8,7], [8,7]/[2,5], [2,5]/[8,7], [8,7]/[2,7], [2,7]/[8,7], [8,7]/[3,2], [3,2]/[8,7], [8,7]/[5,2], [5,2]/[8,7], [8,7]/[7,2], [7,2]/[8,7], [8,7]/[13,2], [13,2]/[8,7], [8,7]/[19,2], [19,2]/[8,7], [8,7]/[11,2], [11,2]/[8,7], [8,7]/[17,2], [17,2]/[8,7], [8,7]/[23,2], [23,2]/[8,7], [23,7]/[8,7], [8,7]/[23,7], [23,13]/[8,7], [8,7]/[23,13], [23,19]/[8,7], [8,7]/[23,19], [23,11]/[8,7], [8,7]/[23,11], [23,17]/[8,7], [8,7]/[23,17], [8,7]/2₀, 2₀/[8,7], [8,7]/2₁, 2₁/[8,7], [8,7]/3₀, 3₀/[8,7], [8,7]/3₁, 3₁/[8,7], [8,7]/5₀, 5₀/[8,7], [8,7]/5₁, 5₁/[8,7], [8,7]/7₀, 7₀/[8,7], [8,7]/7₁, 7₁/[8,7], [8,7]/13₀, 13₀/[8,7], [8,7]/19₀, 19₀/[8,7], [8,7]/11₀, 11₀/[8,7], [8,7]/17₀, 17₀/[8,7], [8,7]/23₀, 23₀/[8,7], 1/[8,7], [23,23]/[[2,3],5], [[2,3],5]/[23,23], [[2,3],5]/4, 4/[[2,3],5], [[2,3],5]/[2,3], [2,3]/[[2,3],5], [[2,3],5]/[2,5], [2,5]/[[2,3],5], [[2,3],5]/[2,7], [2,7]/[[2,3],5], [2,23]/[[2,3],5], [[2,3],5]/[2,23], [3,23]/[[2,3],5], [[2,3],5]/[3,23], [5,23]/[[2,3],5], [[2,3],5]/[5,23], [7,23]/[[2,3],5], [[2,3],5]/[7,23], [13,23]/[[2,3],5], [[2,3],5]/[13,23], [19,23]/[[2,3],5], [[2,3],5]/[19,23], [11,23]/[[2,3],5], [[2,3],5]/[11,23], [17,23]/[[2,3],5], [[2,3],5]/[17,23], [[2,3],5]/2₀, 2₀/[[2,3],5], [[2,3],5]/2₁, 2₁/[[2,3],5], [[2,3],5]/3₁, 3₁/[[2,3],5], [[2,3],5]/5₁, 5₁/[[2,3],5], [[2,3],5]/7₁, 7₁/[[2,3],5], [[2,3],5]/13₁, 13₁/[[2,3],5], [[2,3],5]/19₁, 19₁/[[2,3],5], [[2,3],5]/11₁, 11₁/[[2,3],5], [[2,3],5]/17₁, 17₁/[[2,3],5], [[2,3],5]/23₁, 23₁/[[2,3],5], 1/[[2,3],5], [23,23]/[[3,3,3],3], [[3,3,3],3]/[23,23], [[3,3,3],3]/4, 4/[[3,3,3],3], [[3,3,3],3]/[2,3], [2,3]/[[3,3,3],3], [[3,3,3],3]/[2,5], [2,5]/[[3,3,3],3], [[3,3,3],3]/[2,7], [2,7]/[[3,3,3],3], [[3,3,3],3]/[2,13], [2,13]/[[3,3,3],3], [[3,3,3],3]/[2,11], [2,11]/[[3,3,3],3], [[3,3,3],3]/[3,2], [3,2]/[[3,3,3],3], [[3,3,3],3]/[3,3], [3,3]/[[3,3,3],3], [[3,3,3],3]/[3,5], [3,5]/[[3,3,3],3], [[3,3,3],3]/[3,7], [3,7]/[[3,3,3],3], [[3,3,3],3]/[3,11], [3,11]/[[3,3,3],3], [[3,3,3],3]/[5,2], [5,2]/[[3,3,3],3], [[3,3,3],3]/[5,3], [5,3]/[[3,3,3],3], [[3,3,3],3]/[5,5], [5,5]/[[3,3,3],3], [[3,3,3],3]/[5,7], [5,7]/[[3,3,3],3], [[3,3,3],3]/[5,11], [5,11]/[[3,3,3],3], [[3,3,3],3]/[7,2], [7,2]/[[3,3,3],3], [[3,3,3],3]/[7,3], [7,3]/[[3,3,3],3], [[3,3,3],3]/[7,5], [7,5]/[[3,3,3],3], [[3,3,3],3]/[7,7], [7,7]/[[3,3,3],3], [7,13]/[[3,3,3],3], [[3,3,3],3]/[7,13], [7,19]/[[3,3,3],3], [[3,3,3],3]/[7,19], [[3,3,3],3]/[7,11], [7,11]/[[3,3,3],3], [7,17]/[[3,3,3],3], [[3,3,3],3]/[7,17], [7,23]/[[3,3,3],3], [[3,3,3],3]/[7,23], [13,13]/[[3,3,3],3], [[3,3,3],3]/[13,13], [13,19]/[[3,3,3],3], [[3,3,3],3]/[13,19], [13,17]/[[3,3,3],3], [[3,3,3],3]/[13,17], [13,23]/[[3,3,3],3], [[3,3,3],3]/[13,23], [19,13]/[[3,3,3],3], [[3,3,3],3]/[19,13], [19,19]/[[3,3,3],3], [[3,3,3],3]/[19,19], [19,17]/[[3,3,3],3], [[3,3,3],3]/[19,17], [19,23]/[[3,3,3],3], [[3,3,3],3]/[19,23], [11,13]/[[3,3,3],3], [[3,3,3],3]/[11,13], [11,19]/[[3,3,3],3], [[3,3,3],3]/[11,19], [11,17]/[[3,3,3],3], [[3,3,3],3]/[11,17], [11,23]/[[3,3,3],3], [[3,3,3],3]/[11,23], [17,13]/[[3,3,3],3], [[3,3,3],3]/[17,13], [17,19]/[[3,3,3],3], [[3,3,3],3]/[17,19], [17,17]/[[3,3,3],3], [[3,3,3],3]/[17,17], [17,23]/[[3,3,3],3], [[3,3,3],3]/[17,23], [23,13]/[[3,3,3],3], [[3,3,3],3]/[23,13], [23,19]/[[3,3,3],3], [[3,3,3],3]/[23,19], [23,17]/[[3,3,3],3], [[3,3,3],3]/[23,17], [[3,3,3],3]/2₀, 2₀/[[3,3,3],3], [[3,3,3],3]/2₁, 2₁/[[3,3,3],3], [[3,3,3],3]/3₀, 3₀/[[3,3,3],3], [[3,3,3],3]/3₁, 3₁/[[3,3,3],3], [[3,3,3],3]/5₀, 5₀/[[3,3,3],3], [[3,3,3],3]/5₁, 5₁/[[3,3,3],3], [[3,3,3],3]/7₀, 7₀/[[3,3,3],3], [[3,3,3],3]/7₁, 7₁/[[3,3,3],3], [[3,3,3],3]/13₁, 13₁/[[3,3,3],3], [[3,3,3],3]/11₁, 11₁/[[3,3,3],3], 1/[[3,3,3],3], [23,23]/103, 103/[23,23], 103/4, 4/103, 103/[2,3], [2,3]/103, 103/[2,5], [2,5]/103, 103/[2,7], [2,7]/103, 103/[2,13], [2,13]/103, 103/[2,11], [2,11]/103, 103/[3,2], [3,2]/103, 103/[3,3], [3,3]/103, 103/[3,5], [3,5]/103, 103/[3,7], [3,7]/103, 103/[5,2], [5,2]/103, 103/[5,3], [5,3]/103, 103/[5,5], [5,5]/103, 103/[5,7], [5,7]/103, 103/[7,2], [7,2]/103, 103/[7,3], [7,3]/103, 103/[7,5], [7,5]/103, 103/[7,7], [7,7]/103, 103/[13,2], [13,2]/103, 103/[13,3], [13,3]/103, 103/[13,5], [13,5]/103, 103/[13,7], [13,7]/103, [13,13]/103, 103/[13,13], [13,19]/103, 103/[13,19], [13,17]/103, 103/[13,17], [13,23]/103, 103/[13,23], [19,13]/103, 103/[19,13], [19,19]/103, 103/[19,19], [19,17]/103, 103/[19,17], [19,23]/103, 103/[19,23], 103/[11,2], [11,2]/103, 103/[11,3], [11,3]/103, 103/[11,5], [11,5]/103, 103/[11,7], [11,7]/103, [17,13]/103, 103/[17,13], [17,19]/103, 103/[17,19], [17,17]/103, 103/[17,17], [17,23]/103, 103/[17,23], [23,13]/103, 103/[23,13], [23,19]/103, 103/[23,19], [23,17]/103, 103/[23,17], 103/2₀, 2₀/103, 103/2₁, 2₁/103, 103/3₀, 3₀/103, 103/3₁, 3₁/103, 103/5₀, 5₀/103, 103/5₁, 5₁/103, 103/7₀, 7₀/103, 103/7₁, 7₁/103, 103/13₀, 13₀/103, 103/13₁, 13₁/103, 103/11₀, 11₀/103, 103/11₁, 11₁/103, 1/103, [23,23]/[[3,7],7], [[3,7],7]/[23,23], [[3,7],7]/4, 4/[[3,7],7], [[3,7],7]/[2,3], [2,3]/[[3,7],7], [[3,7],7]/[2,5], [2,5]/[[3,7],7], [[3,7],7]/[2,7], [2,7]/[[3,7],7], [[3,7],7]/[2,13], [2,13]/[[3,7],7], [[3,7],7]/[2,11], [2,11]/[[3,7],7], [[3,7],7]/[3,2], [3,2]/[[3,7],7], [[3,7],7]/[3,3], [3,3]/[[3,7],7], [[3,7],7]/[3,5], [3,5]/[[3,7],7], [[3,7],7]/[3,7], [3,7]/[[3,7],7], [[3,7],7]/[3,11], [3,11]/[[3,7],7], [[3,7],7]/[5,2], [5,2]/[[3,7],7], [[3,7],7]/[5,3], [5,3]/[[3,7],7], [[3,7],7]/[5,5], [5,5]/[[3,7],7], [[3,7],7]/[5,7], [5,7]/[[3,7],7], [[3,7],7]/[5,11], [5,11]/[[3,7],7], [[3,7],7]/[7,2], [7,2]/[[3,7],7], [[3,7],7]/[7,3], [7,3]/[[3,7],7], [[3,7],7]/[7,5], [7,5]/[[3,7],7], [[3,7],7]/[7,7], [7,7]/[[3,7],7], [[3,7],7]/[7,11], [7,11]/[[3,7],7], [[3,7],7]/[13,2], [13,2]/[[3,7],7], [[3,7],7]/[13,3], [13,3]/[[3,7],7], [[3,7],7]/[13,5], [13,5]/[[3,7],7], [[3,7],7]/[13,7], [13,7]/[[3,7],7], [13,13]/[[3,7],7], [[3,7],7]/[13,13], [13,19]/[[3,7],7], [[3,7],7]/[13,19], [[3,7],7]/[13,11], [13,11]/[[3,7],7], [13,17]/[[3,7],7], [[3,7],7]/[13,17], [13,23]/[[3,7],7], [[3,7],7]/[13,23], [19,13]/[[3,7],7], [[3,7],7]/[19,13], [19,19]/[[3,7],7], [[3,7],7]/[19,19], [19,17]/[[3,7],7], [[3,7],7]/[19,17], [19,23]/[[3,7],7], [[3,7],7]/[19,23], [[3,7],7]/[11,2], [11,2]/[[3,7],7], [[3,7],7]/[11,3], [11,3]/[[3,7],7], [[3,7],7]/[11,5], [11,5]/[[3,7],7], [[3,7],7]/[11,7], [11,7]/[[3,7],7], [[3,7],7]/[11,11], [11,11]/[[3,7],7], [17,13]/[[3,7],7], [[3,7],7]/[17,13], [17,19]/[[3,7],7], [[3,7],7]/[17,19], [17,17]/[[3,7],7], [[3,7],7]/[17,17], [17,23]/[[3,7],7], [[3,7],7]/[17,23], [23,13]/[[3,7],7], [[3,7],7]/[23,13], [23,19]/[[3,7],7], [[3,7],7]/[23,19], [23,17]/[[3,7],7], [[3,7],7]/[23,17], [[3,7],7]/2₀, 2₀/[[3,7],7], [[3,7],7]/2₁, 2₁/[[3,7],7], [[3,7],7]/3₀, 3₀/[[3,7],7], [[3,7],7]/3₁, 3₁/[[3,7],7], [[3,7],7]/5₀, 5₀/[[3,7],7], [[3,7],7]/5₁, 5₁/[[3,7],7], [[3,7],7]/7₀, 7₀/[[3,7],7], [[3,7],7]/7₁, 7₁/[[3,7],7], [[3,7],7]/13₀, 13₀/[[3,7],7], [[3,7],7]/13₁, 13₁/[[3,7],7], [[3,7],7]/11₀, 11₀/[[3,7],7], [[3,7],7]/11₁, 11₁/[[3,7],7], 1/[[3,7],7], [23,23]/[[2,5],[2,3]], [[2,5],[2,3]]/[23,23], [[2,5],[2,3]]/4, 4/[[2,5],[2,3]], [[2,5],[2,3]]/[2,3], [2,3]/[[2,5],[2,3]], [[2,5],[2,3]]/[2,5], [2,5]/[[2,5],[2,3]], [[2,5],[2,3]]/[2,7], [2,7]/[[2,5],[2,3]], [[2,5],[2,3]]/[2,13], [2,13]/[[2,5],[2,3]], [[2,5],[2,3]]/[2,11], [2,11]/[[2,5],[2,3]], [[2,5],[2,3]]/[3,2], [3,2]/[[2,5],[2,3]], [[2,5],[2,3]]/[5,2], [5,2]/[[2,5],[2,3]], [[2,5],[2,3]]/[7,2], [7,2]/[[2,5],[2,3]], [[2,5],[2,3]]/[13,2], [13,2]/[[2,5],[2,3]], [[2,5],[2,3]]/[19,2], [19,2]/[[2,5],[2,3]], [19,13]/[[2,5],[2,3]], [[2,5],[2,3]]/[19,13], [19,19]/[[2,5],[2,3]], [[2,5],[2,3]]/[19,19], [19,17]/[[2,5],[2,3]], [[2,5],[2,3]]/[19,17], [19,23]/[[2,5],[2,3]], [[2,5],[2,3]]/[19,23], [[2,5],[2,3]]/[11,2], [11,2]/[[2,5],[2,3]], [[2,5],[2,3]]/[17,2], [17,2]/[[2,5],[2,3]], [23,13]/[[2,5],[2,3]], [[2,5],[2,3]]/[23,13], [23,19]/[[2,5],[2,3]], [[2,5],[2,3]]/[23,19], [23,17]/[[2,5],[2,3]], [[2,5],[2,3]]/[23,17], [[2,5],[2,3]]/2₀, 2₀/[[2,5],[2,3]], [[2,5],[2,3]]/2₁, 2₁/[[2,5],[2,3]], [[2,5],[2,3]]/3₀, 3₀/[[2,5],[2,3]], [[2,5],[2,3]]/3₁, 3₁/[[2,5],[2,3]], [[2,5],[2,3]]/5₀, 5₀/[[2,5],[2,3]], [[2,5],[2,3]]/5₁, 5₁/[[2,5],[2,3]], [[2,5],[2,3]]/7₀, 7₀/[[2,5],[2,3]], [[2,5],[2,3]]/7₁, 7₁/[[2,5],[2,3]], [[2,5],[2,3]]/13₀, 13₀/[[2,5],[2,3]], [[2,5],[2,3]]/13₁, 13₁/[[2,5],[2,3]], [[2,5],[2,3]]/19₀, 19₀/[[2,5],[2,3]], [[2,5],[2,3]]/11₀, 11₀/[[2,5],[2,3]], [[2,5],[2,3]]/11₁, 11₁/[[2,5],[2,3]], [[2,5],[2,3]]/17₀, 17₀/[[2,5],[2,3]], 1/[[2,5],[2,3]], [23,23]/[37,3], [37,3]/[23,23], [37,3]/4, 4/[37,3], [37,3]/[2,3], [2,3]/[37,3], [37,3]/[2,5], [2,5]/[37,3], [37,3]/[2,7], [2,7]/[37,3], [37,3]/[2,13], [2,13]/[37,3], [37,3]/[2,11], [2,11]/[37,3], [37,3]/[3,2], [3,2]/[37,3], [37,3]/[3,3], [3,3]/[37,3], [37,3]/[3,5], [3,5]/[37,3], [37,3]/[5,2], [5,2]/[37,3], [37,3]/[5,3], [5,3]/[37,3], [37,3]/[5,5], [5,5]/[37,3], [37,3]/[7,2], [7,2]/[37,3], [37,3]/[7,3], [7,3]/[37,3], [37,3]/[7,5], [7,5]/[37,3], [37,3]/[13,2], [13,2]/[37,3], [37,3]/[13,3], [13,3]/[37,3], [37,3]/[13,5], [13,5]/[37,3], [37,3]/[19,2], [19,2]/[37,3], [37,3]/[19,3], [19,3]/[37,3], [37,3]/[19,5], [19,5]/[37,3], [19,13]/[37,3], [37,3]/[19,13], [19,19]/[37,3], [37,3]/[19,19], [19,17]/[37,3], [37,3]/[19,17], [19,23]/[37,3], [37,3]/[19,23], [37,3]/[11,2], [11,2]/[37,3], [37,3]/[11,3], [11,3]/[37,3], [37,3]/[11,5], [11,5]/[37,3], [37,3]/[17,2], [17,2]/[37,3], [37,3]/[17,3], [17,3]/[37,3], [37,3]/[17,5], [17,5]/[37,3], [23,13]/[37,3], [37,3]/[23,13], [23,19]/[37,3], [37,3]/[23,19], [23,17]/[37,3], [37,3]/[23,17], [37,3]/2₀, 2₀/[37,3], [37,3]/2₁, 2₁/[37,3], [37,3]/3₀, 3₀/[37,3], [37,3]/3₁, 3₁/[37,3], [37,3]/5₀, 5₀/[37,3], [37,3]/5₁, 5₁/[37,3], [37,3]/7₀, 7₀/[37,3], [37,3]/7₁, 7₁/[37,3], [37,3]/13₀, 13₀/[37,3], [37,3]/13₁, 13₁/[37,3], [37,3]/19₀, 19₀/[37,3], [37,3]/11₀, 11₀/[37,3], [37,3]/11₁, 11₁/[37,3], [37,3]/17₀, 17₀/[37,3], 1/[37,3], [23,23]/[29,5], [29,5]/[23,23], [29,5]/4, 4/[29,5], [29,5]/[2,3], [2,3]/[29,5], [29,5]/[2,5], [2,5]/[29,5], [29,5]/[2,7], [2,7]/[29,5], [29,5]/[2,13], [2,13]/[29,5], [29,5]/[2,11], [2,11]/[29,5], [29,5]/[3,2], [3,2]/[29,5], [29,5]/[3,3], [3,3]/[29,5], [29,5]/[3,5], [3,5]/[29,5], [29,5]/[3,7], [3,7]/[29,5], [29,5]/[5,2], [5,2]/[29,5], [29,5]/[5,3], [5,3]/[29,5], [29,5]/[5,5], [5,5]/[29,5], [29,5]/[5,7], [5,7]/[29,5], [29,5]/[7,2], [7,2]/[29,5], [29,5]/[7,3], [7,3]/[29,5], [29,5]/[7,5], [7,5]/[29,5], [29,5]/[7,7], [7,7]/[29,5], [29,5]/[13,2], [13,2]/[29,5], [29,5]/[13,3], [13,3]/[29,5], [29,5]/[13,5], [13,5]/[29,5], [29,5]/[13,7], [13,7]/[29,5], [29,5]/[19,2], [19,2]/[29,5], [29,5]/[19,3], [19,3]/[29,5], [29,5]/[19,5], [19,5]/[29,5], [29,5]/[19,7], [19,7]/[29,5], [19,13]/[29,5], [29,5]/[19,13], [19,19]/[29,5], [29,5]/[19,19], [19,17]/[29,5], [29,5]/[19,17], [19,23]/[29,5], [29,5]/[19,23], [29,5]/[11,2], [11,2]/[29,5], [29,5]/[11,3], [11,3]/[29,5], [29,5]/[11,5], [11,5]/[29,5], [29,5]/[11,7], [11,7]/[29,5], [29,5]/[17,2], [17,2]/[29,5], [29,5]/[17,3], [17,3]/[29,5], [29,5]/[17,5], [17,5]/[29,5], [29,5]/[17,7], [17,7]/[29,5], [23,13]/[29,5], [29,5]/[23,13], [23,19]/[29,5], [29,5]/[23,19], [23,17]/[29,5], [29,5]/[23,17], [29,5]/2₀, 2₀/[29,5], [29,5]/2₁, 2₁/[29,5], [29,5]/3₀, 3₀/[29,5], [29,5]/3₁, 3₁/[29,5], [29,5]/5₀, 5₀/[29,5], [29,5]/5₁, 5₁/[29,5], [29,5]/7₀, 7₀/[29,5], [29,5]/7₁, 7₁/[29,5], [29,5]/13₀, 13₀/[29,5], [29,5]/13₁, 13₁/[29,5], [29,5]/19₀, 19₀/[29,5], [29,5]/11₀, 11₀/[29,5], [29,5]/11₁, 11₁/[29,5], [29,5]/17₀, 17₀/[29,5], 1/[29,5], [23,23]/[71,3], [71,3]/[23,23], [71,3]/4, 4/[71,3], [71,3]/[2,3], [2,3]/[71,3], [71,3]/[2,5], [2,5]/[71,3], [71,3]/[2,7], [2,7]/[71,3], [71,3]/[2,13], [2,13]/[71,3], [71,3]/[2,11], [2,11]/[71,3], [71,3]/[3,2], [3,2]/[71,3], [71,3]/[3,3], [3,3]/[71,3], [71,3]/[3,5], [3,5]/[71,3], [71,3]/[3,7], [3,7]/[71,3], [71,3]/[3,11], [3,11]/[71,3], [71,3]/[5,2], [5,2]/[71,3], [71,3]/[5,3], [5,3]/[71,3], [71,3]/[5,5], [5,5]/[71,3], [71,3]/[5,7], [5,7]/[71,3], [71,3]/[5,11], [5,11]/[71,3], [71,3]/[7,2], [7,2]/[71,3], [71,3]/[7,3], [7,3]/[71,3], [71,3]/[7,5], [7,5]/[71,3], [71,3]/[7,7], [7,7]/[71,3], [71,3]/[7,11], [7,11]/[71,3], [71,3]/[13,2], [13,2]/[71,3], [71,3]/[13,3], [13,3]/[71,3], [71,3]/[13,5], [13,5]/[71,3], [71,3]/[13,7], [13,7]/[71,3], [71,3]/[13,11], [13,11]/[71,3], [71,3]/[19,2], [19,2]/[71,3], [71,3]/[19,3], [19,3]/[71,3], [71,3]/[19,5], [19,5]/[71,3], [71,3]/[19,7], [19,7]/[71,3], [19,13]/[71,3], [71,3]/[19,13], [19,19]/[71,3], [71,3]/[19,19], [71,3]/[19,11], [19,11]/[71,3], [19,17]/[71,3], [71,3]/[19,17], [19,23]/[71,3], [71,3]/[19,23], [71,3]/[11,2], [11,2]/[71,3], [71,3]/[11,3], [11,3]/[71,3], [71,3]/[11,5], [11,5]/[71,3], [71,3]/[11,7], [11,7]/[71,3], [71,3]/[11,11], [11,11]/[71,3], [71,3]/[17,2], [17,2]/[71,3], [71,3]/[17,3], [17,3]/[71,3], [71,3]/[17,5], [17,5]/[71,3], [71,3]/[17,7], [17,7]/[71,3], [71,3]/[17,11], [17,11]/[71,3], [23,13]/[71,3], [71,3]/[23,13], [23,19]/[71,3], [71,3]/[23,19], [23,17]/[71,3], [71,3]/[23,17], [71,3]/2₀, 2₀/[71,3], [71,3]/2₁, 2₁/[71,3], [71,3]/3₀, 3₀/[71,3], [71,3]/3₁, 3₁/[71,3], [71,3]/5₀, 5₀/[71,3], [71,3]/5₁, 5₁/[71,3], [71,3]/7₀, 7₀/[71,3], [71,3]/7₁, 7₁/[71,3], [71,3]/13₀, 13₀/[71,3], [71,3]/13₁, 13₁/[71,3], [71,3]/19₀, 19₀/[71,3], [71,3]/11₀, 11₀/[71,3], [71,3]/11₁, 11₁/[71,3], [71,3]/17₀, 17₀/[71,3], 1/[71,3], [23,23]/53, 53/[23,23], 53/4, 4/53, 53/[2,3], [2,3]/53, 53/[2,5], [2,5]/53, 53/[2,7], [2,7]/53, 53/[2,13], [2,13]/53, 53/[2,11], [2,11]/53, 53/[3,2], [3,2]/53, 53/[3,3], [3,3]/53, 53/[5,2], [5,2]/53, 53/[5,3], [5,3]/53, 53/[7,2], [7,2]/53, 53/[7,3], [7,3]/53, [13,13]/53, 53/[13,13], [13,19]/53, 53/[13,19], [13,17]/53, 53/[13,17], [13,23]/53, 53/[13,23], [19,13]/53, 53/[19,13], [19,19]/53, 53/[19,19], [19,17]/53, 53/[19,17], [19,23]/53, 53/[19,23], 53/[11,2], [11,2]/53, 53/[11,3], [11,3]/53, [11,13]/53, 53/[11,13], [11,19]/53, 53/[11,19], [11,17]/53, 53/[11,17], [11,23]/53, 53/[11,23], [17,13]/53, 53/[17,13], [17,19]/53, 53/[17,19], [17,17]/53, 53/[17,17], [17,23]/53, 53/[17,23], [23,13]/53, 53/[23,13], [23,19]/53, 53/[23,19], [23,17]/53, 53/[23,17], 53/2₀, 2₀/53, 53/2₁, 2₁/53, 53/3₀, 3₀/53, 53/3₁, 3₁/53, 53/5₀, 5₀/53, 53/5₁, 5₁/53, 53/7₀, 7₀/53, 53/7₁, 7₁/53, 53/13₁, 13₁/53, 53/11₀, 11₀/53, 53/11₁, 11₁/53, 1/53, [23,23]/71, 71/[23,23], 71/4, 4/71, 71/[2,3], [2,3]/71, 71/[2,5], [2,5]/71, 71/[2,7], [2,7]/71, 71/[2,13], [2,13]/71, 71/[2,11], [2,11]/71, 71/[3,2], [3,2]/71, 71/[3,3], [3,3]/71, 71/[3,5], [3,5]/71, 71/[5,2], [5,2]/71, 71/[5,3], [5,3]/71, 71/[5,5], [5,5]/71, 71/[7,2], [7,2]/71, 71/[7,3], [7,3]/71, 71/[7,5], [7,5]/71, [13,13]/71, 71/[13,13], [13,19]/71, 71/[13,19], [13,17]/71, 71/[13,17], [13,23]/71, 71/[13,23], [19,13]/71, 71/[19,13], [19,19]/71, 71/[19,19], [19,17]/71, 71/[19,17], [19,23]/71, 71/[19,23], 71/[11,2], [11,2]/71, 71/[11,3], [11,3]/71, 71/[11,5], [11,5]/71, [11,13]/71, 71/[11,13], [11,19]/71, 71/[11,19], [11,17]/71, 71/[11,17], [11,23]/71, 71/[11,23], [17,13]/71, 71/[17,13], [17,19]/71, 71/[17,19], [17,17]/71, 71/[17,17], [17,23]/71, 71/[17,23], [23,13]/71, 71/[23,13], [23,19]/71, 71/[23,19], [23,17]/71, 71/[23,17], 71/2₀, 2₀/71, 71/2₁, 2₁/71, 71/3₀, 3₀/71, 71/3₁, 3₁/71, 71/5₀, 5₀/71, 71/5₁, 5₁/71, 71/7₀, 7₀/71, 71/7₁, 7₁/71, 71/13₁, 13₁/71, 71/11₀, 11₀/71, 71/11₁, 11₁/71, 1/71, [23,23]/[[5,5],5], [[5,5],5]/[23,23], [[5,5],5]/4, 4/[[5,5],5], [[5,5],5]/[2,3], [2,3]/[[5,5],5], [[5,5],5]/[2,5], [2,5]/[[5,5],5], [[5,5],5]/[2,7], [2,7]/[[5,5],5], [[5,5],5]/[2,13], [2,13]/[[5,5],5], [[5,5],5]/[2,11], [2,11]/[[5,5],5], [[5,5],5]/[3,2], [3,2]/[[5,5],5], [[5,5],5]/[3,3], [3,3]/[[5,5],5], [[5,5],5]/[3,5], [3,5]/[[5,5],5], [[5,5],5]/[3,7], [3,7]/[[5,5],5], [[5,5],5]/[3,11], [3,11]/[[5,5],5], [[5,5],5]/[5,2], [5,2]/[[5,5],5], [[5,5],5]/[5,3], [5,3]/[[5,5],5], [[5,5],5]/[5,5], [5,5]/[[5,5],5], [[5,5],5]/[5,7], [5,7]/[[5,5],5], [[5,5],5]/[5,11], [5,11]/[[5,5],5], [[5,5],5]/[7,2], [7,2]/[[5,5],5], [[5,5],5]/[7,3], [7,3]/[[5,5],5], [[5,5],5]/[7,5], [7,5]/[[5,5],5], [[5,5],5]/[7,7], [7,7]/[[5,5],5], [[5,5],5]/[7,11], [7,11]/[[5,5],5], [13,13]/[[5,5],5], [[5,5],5]/[13,13], [13,19]/[[5,5],5], [[5,5],5]/[13,19], [13,17]/[[5,5],5], [[5,5],5]/[13,17], [13,23]/[[5,5],5], [[5,5],5]/[13,23], [19,13]/[[5,5],5], [[5,5],5]/[19,13], [19,19]/[[5,5],5], [[5,5],5]/[19,19], [19,17]/[[5,5],5], [[5,5],5]/[19,17], [19,23]/[[5,5],5], [[5,5],5]/[19,23], [[5,5],5]/[11,2], [11,2]/[[5,5],5], [[5,5],5]/[11,3], [11,3]/[[5,5],5], [[5,5],5]/[11,5], [11,5]/[[5,5],5], [[5,5],5]/[11,7], [11,7]/[[5,5],5], [11,13]/[[5,5],5], [[5,5],5]/[11,13], [11,19]/[[5,5],5], [[5,5],5]/[11,19], [[5,5],5]/[11,11], [11,11]/[[5,5],5], [11,17]/[[5,5],5], [[5,5],5]/[11,17], [11,23]/[[5,5],5], [[5,5],5]/[11,23], [17,13]/[[5,5],5], [[5,5],5]/[17,13], [17,19]/[[5,5],5], [[5,5],5]/[17,19], [17,17]/[[5,5],5], [[5,5],5]/[17,17], [17,23]/[[5,5],5], [[5,5],5]/[17,23], [23,13]/[[5,5],5], [[5,5],5]/[23,13], [23,19]/[[5,5],5], [[5,5],5]/[23,19], [23,17]/[[5,5],5], [[5,5],5]/[23,17], [[5,5],5]/2₀, 2₀/[[5,5],5], [[5,5],5]/2₁, 2₁/[[5,5],5], [[5,5],5]/3₀, 3₀/[[5,5],5], [[5,5],5]/3₁, 3₁/[[5,5],5], [[5,5],5]/5₀, 5₀/[[5,5],5], [[5,5],5]/5₁, 5₁/[[5,5],5], [[5,5],5]/7₀, 7₀/[[5,5],5], [[5,5],5]/7₁, 7₁/[[5,5],5], [[5,5],5]/13₁, 13₁/[[5,5],5], [[5,5],5]/11₀, 11₀/[[5,5],5], [[5,5],5]/11₁, 11₁/[[5,5],5], 1/[[5,5],5], [23,23]/101, 101/[23,23], 101/4, 4/101, 101/[2,3], [2,3]/101, 101/[2,5], [2,5]/101, 101/[2,7], [2,7]/101, 101/[2,13], [2,13]/101, 101/[2,11], [2,11]/101, 101/[3,2], [3,2]/101, 101/[3,3], [3,3]/101, 101/[3,5], [3,5]/101, 101/[5,2], [5,2]/101, 101/[5,3], [5,3]/101, 101/[5,5], [5,5]/101, 101/[7,2], [7,2]/101, 101/[7,3], [7,3]/101, 101/[7,5], [7,5]/101, 101/[13,2], [13,2]/101, 101/[13,3], [13,3]/101, 101/[13,5], [13,5]/101, [19,13]/101, 101/[19,13], [19,19]/101, 101/[19,19], [19,17]/101, 101/[19,17], [19,23]/101, 101/[19,23], 101/[11,2], [11,2]/101, 101/[11,3], [11,3]/101, 101/[11,5], [11,5]/101, 101/[17,2], [17,2]/101, 101/[17,3], [17,3]/101, 101/[17,5], [17,5]/101, [17,13]/101, 101/[17,13], [17,19]/101, 101/[17,19], [17,17]/101, 101/[17,17], [17,23]/101, 101/[17,23], [23,13]/101, 101/[23,13], [23,19]/101, 101/[23,19], [23,17]/101, 101/[23,17], 101/2₀, 2₀/101, 101/2₁, 2₁/101, 101/3₀, 3₀/101, 101/3₁, 3₁/101, 101/5₀, 5₀/101, 101/5₁, 5₁/101, 101/7₀, 7₀/101, 101/7₁, 7₁/101, 101/13₀, 13₀/101, 101/13₁, 13₁/101, 101/11₀, 11₀/101, 101/11₁, 11₁/101, 101/17₀, 17₀/101, 1/101, [23,23]/131, 131/[23,23], 131/4, 4/131, 131/[2,3], [2,3]/131, 131/[2,5], [2,5]/131, 131/[2,7], [2,7]/131, 131/[2,13], [2,13]/131, 131/[2,11], [2,11]/131, 131/[3,2], [3,2]/131, 131/[3,3], [3,3]/131, 131/[3,5], [3,5]/131, 131/[3,7], [3,7]/131, 131/[5,2], [5,2]/131, 131/[5,3], [5,3]/131, 131/[5,5], [5,5]/131, 131/[5,7], [5,7]/131, 131/[7,2], [7,2]/131, 131/[7,3], [7,3]/131, 131/[7,5], [7,5]/131, 131/[7,7], [7,7]/131, 131/[13,2], [13,2]/131, 131/[13,3], [13,3]/131, 131/[13,5], [13,5]/131, 131/[13,7], [13,7]/131, [19,13]/131, 131/[19,13], [19,19]/131, 131/[19,19], [19,17]/131, 131/[19,17], [19,23]/131, 131/[19,23], 131/[11,2], [11,2]/131, 131/[11,3], [11,3]/131, 131/[11,5], [11,5]/131, 131/[11,7], [11,7]/131, 131/[17,2], [17,2]/131, 131/[17,3], [17,3]/131, 131/[17,5], [17,5]/131, 131/[17,7], [17,7]/131, [17,13]/131, 131/[17,13], [17,19]/131, 131/[17,19], [17,17]/131, 131/[17,17], [17,23]/131, 131/[17,23], [23,13]/131, 131/[23,13], [23,19]/131, 131/[23,19], [23,17]/131, 131/[23,17], 131/2₀, 2₀/131, 131/2₁, 2₁/131, 131/3₀, 3₀/131, 131/3₁, 3₁/131, 131/5₀, 5₀/131, 131/5₁, 5₁/131, 131/7₀, 7₀/131, 131/7₁, 7₁/131, 131/13₀, 13₀/131, 131/13₁, 13₁/131, 131/11₀, 11₀/131, 131/11₁, 11₁/131, 131/17₀, 17₀/131, 1/131, [23,23]/191, 191/[23,23], 191/4, 4/191, 191/[2,3], [2,3]/191, 191/[2,5], [2,5]/191, 191/[2,7], [2,7]/191, 191/[2,13], [2,13]/191, 191/[2,11], [2,11]/191, 191/[3,2], [3,2]/191, 191/[3,3], [3,3]/191, 191/[3,5], [3,5]/191, 191/[3,7], [3,7]/191, 191/[3,11], [3,11]/191, 191/[5,2], [5,2]/191, 191/[5,3], [5,3]/191, 191/[5,5], [5,5]/191, 191/[5,7], [5,7]/191, 191/[5,11], [5,11]/191, 191/[7,2], [7,2]/191, 191/[7,3], [7,3]/191, 191/[7,5], [7,5]/191, 191/[7,7], [7,7]/191, 191/[7,11], [7,11]/191, 191/[13,2], [13,2]/191, 191/[13,3], [13,3]/191, 191/[13,5], [13,5]/191, 191/[13,7], [13,7]/191, 191/[13,11], [13,11]/191, [19,13]/191, 191/[19,13], [19,19]/191, 191/[19,19], [19,17]/191, 191/[19,17], [19,23]/191, 191/[19,23], 191/[11,2], [11,2]/191, 191/[11,3], [11,3]/191, 191/[11,5], [11,5]/191, 191/[11,7], [11,7]/191, 191/[11,11], [11,11]/191, 191/[17,2], [17,2]/191, 191/[17,3], [17,3]/191, 191/[17,5], [17,5]/191, 191/[17,7], [17,7]/191, [17,13]/191, 191/[17,13], [17,19]/191, 191/[17,19], 191/[17,11], [17,11]/191, [17,17]/191, 191/[17,17], [17,23]/191, 191/[17,23], [23,13]/191, 191/[23,13], [23,19]/191, 191/[23,19], [23,17]/191, 191/[23,17], 191/2₀, 2₀/191, 191/2₁, 2₁/191, 191/3₀, 3₀/191, 191/3₁, 3₁/191, 191/5₀, 5₀/191, 191/5₁, 5₁/191, 191/7₀, 7₀/191, 191/7₁, 7₁/191, 191/13₀, 13₀/191, 191/13₁, 13₁/191, 191/11₀, 11₀/191, 191/11₁, 11₁/191, 191/17₀, 17₀/191, 1/191, [23,23]/[17,4], [17,4]/[23,23], [17,4]/4, 4/[17,4], [17,4]/[2,3], [2,3]/[17,4], [17,4]/[2,5], [2,5]/[17,4], [17,4]/[2,7], [2,7]/[17,4], [17,4]/[2,13], [2,13]/[17,4], [17,4]/[2,11], [2,11]/[17,4], [17,4]/[3,2], [3,2]/[17,4], [17,4]/[5,2], [5,2]/[17,4], [17,4]/[7,2], [7,2]/[17,4], [17,4]/[13,2], [13,2]/[17,4], [17,4]/[19,2], [19,2]/[17,4], [17,4]/[11,2], [11,2]/[17,4], [17,4]/[17,2], [17,2]/[17,4], [17,4]/[23,2], [23,2]/[17,4], [23,13]/[17,4], [17,4]/[23,13], [23,19]/[17,4], [17,4]/[23,19], [23,17]/[17,4], [17,4]/[23,17], [17,4]/2₀, 2₀/[17,4], [17,4]/2₁, 2₁/[17,4], [17,4]/3₀, 3₀/[17,4], [17,4]/3₁, 3₁/[17,4], [17,4]/5₀, 5₀/[17,4], [17,4]/5₁, 5₁/[17,4], [17,4]/7₀, 7₀/[17,4], [17,4]/7₁, 7₁/[17,4], [17,4]/13₀, 13₀/[17,4], [17,4]/13₁, 13₁/[17,4], [17,4]/19₀, 19₀/[17,4], [17,4]/11₀, 11₀/[17,4], [17,4]/11₁, 11₁/[17,4], [17,4]/17₀, 17₀/[17,4], [17,4]/23₀, 23₀/[17,4], 1/[17,4], [23,23]/173, 173/[23,23], 173/4, 4/173, 173/[2,3], [2,3]/173, 173/[2,5], [2,5]/173, 173/[2,7], [2,7]/173, 173/[2,13], [2,13]/173, 173/[2,11], [2,11]/173, 173/[3,2], [3,2]/173, 173/[3,3], [3,3]/173, 173/[3,5], [3,5]/173, 173/[3,7], [3,7]/173, 173/[5,2], [5,2]/173, 173/[5,3], [5,3]/173, 173/[5,5], [5,5]/173, 173/[5,7], [5,7]/173, 173/[7,2], [7,2]/173, 173/[7,3], [7,3]/173, 173/[7,5], [7,5]/173, 173/[7,7], [7,7]/173, 173/[13,2], [13,2]/173, 173/[13,3], [13,3]/173, 173/[13,5], [13,5]/173, 173/[13,7], [13,7]/173, 173/[19,2], [19,2]/173, 173/[19,3], [19,3]/173, 173/[19,5], [19,5]/173, 173/[19,7], [19,7]/173, 173/[11,2], [11,2]/173, 173/[11,3], [11,3]/173, 173/[11,5], [11,5]/173, 173/[11,7], [11,7]/173, 173/[17,2], [17,2]/173, 173/[17,3], [17,3]/173, 173/[17,5], [17,5]/173, 173/[17,7], [17,7]/173, 173/[23,2], [23,2]/173, 173/[23,3], [23,3]/173, 173/[23,5], [23,5]/173, 173/[23,7], [23,7]/173, [23,13]/173, 173/[23,13], [23,19]/173, 173/[23,19], [23,17]/173, 173/[23,17], 173/2₀, 2₀/173, 173/2₁, 2₁/173, 173/3₀, 3₀/173, 173/3₁, 3₁/173, 173/5₀, 5₀/173, 173/5₁, 5₁/173, 173/7₀, 7₀/173, 173/7₁, 7₁/173, 173/13₀, 13₀/173, 173/13₁, 13₁/173, 173/19₀, 19₀/173, 173/11₀, 11₀/173, 173/11₁, 11₁/173, 173/17₀, 17₀/173, 173/23₀, 23₀/173, 1/173, [23,23]/[[3,3],5], [[3,3],5]/[23,23], [[3,3],5]/4, 4/[[3,3],5], [[3,3],5]/[2,3], [2,3]/[[3,3],5], [[3,3],5]/[2,5], [2,5]/[[3,3],5], [[3,3],5]/[2,7], [2,7]/[[3,3],5], [[3,3],5]/[2,13], [2,13]/[[3,3],5], [[3,3],5]/[2,19], [2,19]/[[3,3],5], [[3,3],5]/[2,11], [2,11]/[[3,3],5], [[3,3],5]/[2,17], [2,17]/[[3,3],5], [[3,3],5]/[3,2], [3,2]/[[3,3],5], [[3,3],5]/[3,3], [3,3]/[[3,3],5], [[3,3],5]/[3,5], [3,5]/[[3,3],5], [[3,3],5]/[3,7], [3,7]/[[3,3],5], [3,19]/[[3,3],5], [[3,3],5]/[3,19], [3,23]/[[3,3],5], [[3,3],5]/[3,23], [5,19]/[[3,3],5], [[3,3],5]/[5,19], [5,23]/[[3,3],5], [[3,3],5]/[5,23], [7,19]/[[3,3],5], [[3,3],5]/[7,19], [7,23]/[[3,3],5], [[3,3],5]/[7,23], [13,19]/[[3,3],5], [[3,3],5]/[13,19], [13,23]/[[3,3],5], [[3,3],5]/[13,23], [19,19]/[[3,3],5], [[3,3],5]/[19,19], [19,23]/[[3,3],5], [[3,3],5]/[19,23], [11,19]/[[3,3],5], [[3,3],5]/[11,19], [11,23]/[[3,3],5], [[3,3],5]/[11,23], [17,19]/[[3,3],5], [[3,3],5]/[17,19], [17,23]/[[3,3],5], [[3,3],5]/[17,23], [23,19]/[[3,3],5], [[3,3],5]/[23,19], [[3,3],5]/2₀, 2₀/[[3,3],5], [[3,3],5]/2₁, 2₁/[[3,3],5], [[3,3],5]/3₀, 3₀/[[3,3],5], [[3,3],5]/3₁, 3₁/[[3,3],5], [[3,3],5]/5₁, 5₁/[[3,3],5], [[3,3],5]/7₁, 7₁/[[3,3],5], [[3,3],5]/13₁, 13₁/[[3,3],5], [[3,3],5]/19₁, 19₁/[[3,3],5], [[3,3],5]/11₁, 11₁/[[3,3],5], [[3,3],5]/17₁, 17₁/[[3,3],5], 1/[[3,3],5], [23,23]/[[3,3],7], [[3,3],7]/[23,23], [[3,3],7]/4, 4/[[3,3],7], [[3,3],7]/[2,3], [2,3]/[[3,3],7], [[3,3],7]/[2,5], [2,5]/[[3,3],7], [[3,3],7]/[2,7], [2,7]/[[3,3],7], [[3,3],7]/[2,13], [2,13]/[[3,3],7], [[3,3],7]/[2,19], [2,19]/[[3,3],7], [[3,3],7]/[2,11], [2,11]/[[3,3],7], [[3,3],7]/[2,17], [2,17]/[[3,3],7], [[3,3],7]/[3,2], [3,2]/[[3,3],7], [[3,3],7]/[3,3], [3,3]/[[3,3],7], [[3,3],7]/[3,5], [3,5]/[[3,3],7], [[3,3],7]/[5,2], [5,2]/[[3,3],7], [[3,3],7]/[5,3], [5,3]/[[3,3],7], [[3,3],7]/[5,5], [5,5]/[[3,3],7], [[3,3],7]/[7,2], [7,2]/[[3,3],7], [[3,3],7]/[7,3], [7,3]/[[3,3],7], [[3,3],7]/[7,5], [7,5]/[[3,3],7], [7,19]/[[3,3],7], [[3,3],7]/[7,19], [7,23]/[[3,3],7], [[3,3],7]/[7,23], [13,19]/[[3,3],7], [[3,3],7]/[13,19], [13,23]/[[3,3],7], [[3,3],7]/[13,23], [19,19]/[[3,3],7], [[3,3],7]/[19,19], [19,23]/[[3,3],7], [[3,3],7]/[19,23], [11,19]/[[3,3],7], [[3,3],7]/[11,19], [11,23]/[[3,3],7], [[3,3],7]/[11,23], [17,19]/[[3,3],7], [[3,3],7]/[17,19], [17,23]/[[3,3],7], [[3,3],7]/[17,23], [23,19]/[[3,3],7], [[3,3],7]/[23,19], [[3,3],7]/2₀, 2₀/[[3,3],7], [[3,3],7]/2₁, 2₁/[[3,3],7], [[3,3],7]/3₀, 3₀/[[3,3],7], [[3,3],7]/3₁, 3₁/[[3,3],7], [[3,3],7]/5₀, 5₀/[[3,3],7], [[3,3],7]/5₁, 5₁/[[3,3],7], [[3,3],7]/7₀, 7₀/[[3,3],7], [[3,3],7]/7₁, 7₁/[[3,3],7], [[3,3],7]/13₁, 13₁/[[3,3],7], [[3,3],7]/19₁, 19₁/[[3,3],7], [[3,3],7]/11₁, 11₁/[[3,3],7], [[3,3],7]/17₁, 17₁/[[3,3],7], 1/[[3,3],7], [23,23]/[31,3], [31,3]/[23,23], [31,3]/4, 4/[31,3], [31,3]/[2,3], [2,3]/[31,3], [31,3]/[2,5], [2,5]/[31,3], [31,3]/[2,7], [2,7]/[31,3], [31,3]/[2,13], [2,13]/[31,3], [31,3]/[2,19], [2,19]/[31,3], [31,3]/[2,11], [2,11]/[31,3], [31,3]/[2,17], [2,17]/[31,3], [31,3]/[3,2], [3,2]/[31,3], [31,3]/[3,3], [3,3]/[31,3], [31,3]/[3,5], [3,5]/[31,3], [31,3]/[3,7], [3,7]/[31,3], [31,3]/[3,11], [3,11]/[31,3], [31,3]/[5,2], [5,2]/[31,3], [31,3]/[5,3], [5,3]/[31,3], [31,3]/[5,5], [5,5]/[31,3], [31,3]/[5,7], [5,7]/[31,3], [31,3]/[5,11], [5,11]/[31,3], [31,3]/[7,2], [7,2]/[31,3], [31,3]/[7,3], [7,3]/[31,3], [31,3]/[7,5], [7,5]/[31,3], [31,3]/[7,7], [7,7]/[31,3], [7,19]/[31,3], [31,3]/[7,19], [31,3]/[7,11], [7,11]/[31,3], [7,23]/[31,3], [31,3]/[7,23], [13,19]/[31,3], [31,3]/[13,19], [13,23]/[31,3], [31,3]/[13,23], [19,19]/[31,3], [31,3]/[19,19], [19,23]/[31,3], [31,3]/[19,23], [11,19]/[31,3], [31,3]/[11,19], [11,23]/[31,3], [31,3]/[11,23], [17,19]/[31,3], [31,3]/[17,19], [17,23]/[31,3], [31,3]/[17,23], [23,19]/[31,3], [31,3]/[23,19], [31,3]/2₀, 2₀/[31,3], [31,3]/2₁, 2₁/[31,3], [31,3]/3₀, 3₀/[31,3], [31,3]/3₁, 3₁/[31,3], [31,3]/5₀, 5₀/[31,3], [31,3]/5₁, 5₁/[31,3], [31,3]/7₀, 7₀/[31,3], [31,3]/7₁, 7₁/[31,3], [31,3]/13₁, 13₁/[31,3], [31,3]/19₁, 19₁/[31,3], [31,3]/11₁, 11₁/[31,3], [31,3]/17₁, 17₁/[31,3], 1/[31,3], [23,23]/[41,3], [41,3]/[23,23], [41,3]/4, 4/[41,3], [41,3]/[2,3], [2,3]/[41,3], [41,3]/[2,5], [2,5]/[41,3], [41,3]/[2,7], [2,7]/[41,3], [41,3]/[2,13], [2,13]/[41,3], [41,3]/[2,19], [2,19]/[41,3], [41,3]/[2,11], [2,11]/[41,3], [41,3]/[2,17], [2,17]/[41,3], [41,3]/[3,2], [3,2]/[41,3], [41,3]/[3,3], [3,3]/[41,3], [41,3]/[3,5], [3,5]/[41,3], [41,3]/[3,7], [3,7]/[41,3], [41,3]/[3,13], [3,13]/[41,3], [41,3]/[3,11], [3,11]/[41,3], [41,3]/[3,17], [3,17]/[41,3], [41,3]/[5,2], [5,2]/[41,3], [41,3]/[5,3], [5,3]/[41,3], [41,3]/[5,5], [5,5]/[41,3], [41,3]/[5,7], [5,7]/[41,3], [41,3]/[5,13], [5,13]/[41,3], [41,3]/[5,11], [5,11]/[41,3], [41,3]/[5,17], [5,17]/[41,3], [41,3]/[7,2], [7,2]/[41,3], [41,3]/[7,3], [7,3]/[41,3], [41,3]/[7,5], [7,5]/[41,3], [41,3]/[7,7], [7,7]/[41,3], [41,3]/[7,13], [7,13]/[41,3], [7,19]/[41,3], [41,3]/[7,19], [41,3]/[7,11], [7,11]/[41,3], [41,3]/[7,17], [7,17]/[41,3], [7,23]/[41,3], [41,3]/[7,23], [13,19]/[41,3], [41,3]/[13,19], [13,23]/[41,3], [41,3]/[13,23], [19,19]/[41,3], [41,3]/[19,19], [19,23]/[41,3], [41,3]/[19,23], [11,19]/[41,3], [41,3]/[11,19], [11,23]/[41,3], [41,3]/[11,23], [17,19]/[41,3], [41,3]/[17,19], [17,23]/[41,3], [41,3]/[17,23], [23,19]/[41,3], [41,3]/[23,19], [41,3]/2₀, 2₀/[41,3], [41,3]/2₁, 2₁/[41,3], [41,3]/3₀, 3₀/[41,3], [41,3]/3₁, 3₁/[41,3], [41,3]/5₀, 5₀/[41,3], [41,3]/5₁, 5₁/[41,3], [41,3]/7₀, 7₀/[41,3], [41,3]/7₁, 7₁/[41,3], [41,3]/13₁, 13₁/[41,3], [41,3]/19₁, 19₁/[41,3], [41,3]/11₁, 11₁/[41,3], [41,3]/17₁, 17₁/[41,3], 1/[41,3], [23,23]/181, 181/[23,23], 181/4, 4/181, 181/[2,3], [2,3]/181, 181/[2,5], [2,5]/181, 181/[2,7], [2,7]/181, 181/[2,13], [2,13]/181, 181/[2,19], [2,19]/181, 181/[2,11], [2,11]/181, 181/[2,17], [2,17]/181, 181/[3,2], [3,2]/181, 181/[3,3], [3,3]/181, 181/[3,5], [3,5]/181, 181/[3,7], [3,7]/181, 181/[3,13], [3,13]/181, 181/[3,11], [3,11]/181, 181/[5,2], [5,2]/181, 181/[5,3], [5,3]/181, 181/[5,5], [5,5]/181, 181/[5,7], [5,7]/181, 181/[5,13], [5,13]/181, 181/[5,11], [5,11]/181, 181/[7,2], [7,2]/181, 181/[7,3], [7,3]/181, 181/[7,5], [7,5]/181, 181/[7,7], [7,7]/181, 181/[7,13], [7,13]/181, 181/[7,11], [7,11]/181, 181/[13,2], [13,2]/181, 181/[13,3], [13,3]/181, 181/[13,5], [13,5]/181, 181/[13,7], [13,7]/181, 181/[13,13], [13,13]/181, [13,19]/181, 181/[13,19], 181/[13,11], [13,11]/181, [13,23]/181, 181/[13,23], [19,19]/181, 181/[19,19], [19,23]/181, 181/[19,23], 181/[11,2], [11,2]/181, 181/[11,3], [11,3]/181, 181/[11,5], [11,5]/181, 181/[11,7], [11,7]/181, 181/[11,13], [11,13]/181, 181/[11,11], [11,11]/181, [17,19]/181, 181/[17,19], [17,23]/181, 181/[17,23], [23,19]/181, 181/[23,19], 181/2₀, 2₀/181, 181/2₁, 2₁/181, 181/3₀, 3₀/181, 181/3₁, 3₁/181, 181/5₀, 5₀/181, 181/5₁, 5₁/181, 181/7₀, 7₀/181, 181/7₁, 7₁/181, 181/13₀, 13₀/181, 181/13₁, 13₁/181, 181/19₁, 19₁/181, 181/11₀, 11₀/181, 181/11₁, 11₁/181, 181/17₁, 17₁/181, 1/181, [23,23]/[53,3], [53,3]/[23,23], [53,3]/4, 4/[53,3], [53,3]/[2,3], [2,3]/[53,3], [53,3]/[2,5], [2,5]/[53,3], [53,3]/[2,7], [2,7]/[53,3], [53,3]/[2,13], [2,13]/[53,3], [53,3]/[2,19], [2,19]/[53,3], [53,3]/[2,11], [2,11]/[53,3], [53,3]/[2,17], [2,17]/[53,3], [53,3]/[3,2], [3,2]/[53,3], [53,3]/[3,3], [3,3]/[53,3], [53,3]/[3,5], [3,5]/[53,3], [53,3]/[3,7], [3,7]/[53,3], [53,3]/[3,11], [3,11]/[53,3], [53,3]/[5,2], [5,2]/[53,3], [53,3]/[5,3], [5,3]/[53,3], [53,3]/[5,5], [5,5]/[53,3], [53,3]/[5,7], [5,7]/[53,3], [53,3]/[5,11], [5,11]/[53,3], [53,3]/[7,2], [7,2]/[53,3], [53,3]/[7,3], [7,3]/[53,3], [53,3]/[7,5], [7,5]/[53,3], [53,3]/[7,7], [7,7]/[53,3], [53,3]/[7,11], [7,11]/[53,3], [53,3]/[13,2], [13,2]/[53,3], [53,3]/[13,3], [13,3]/[53,3], [53,3]/[13,5], [13,5]/[53,3], [53,3]/[13,7], [13,7]/[53,3], [13,19]/[53,3], [53,3]/[13,19], [53,3]/[13,11], [13,11]/[53,3], [13,23]/[53,3], [53,3]/[13,23], [19,19]/[53,3], [53,3]/[19,19], [19,23]/[53,3], [53,3]/[19,23], [53,3]/[11,2], [11,2]/[53,3], [53,3]/[11,3], [11,3]/[53,3], [53,3]/[11,5], [11,5]/[53,3], [53,3]/[11,7], [11,7]/[53,3], [53,3]/[11,11], [11,11]/[53,3], [17,19]/[53,3], [53,3]/[17,19], [17,23]/[53,3], [53,3]/[17,23], [23,19]/[53,3], [53,3]/[23,19], [53,3]/2₀, 2₀/[53,3], [53,3]/2₁, 2₁/[53,3], [53,3]/3₀, 3₀/[53,3], [53,3]/3₁, 3₁/[53,3], [53,3]/5₀, 5₀/[53,3], [53,3]/5₁, 5₁/[53,3], [53,3]/7₀, 7₀/[53,3], [53,3]/7₁, 7₁/[53,3], [53,3]/13₀, 13₀/[53,3], [53,3]/13₁, 13₁/[53,3], [53,3]/19₁, 19₁/[53,3], [53,3]/11₀, 11₀/[53,3], [53,3]/11₁, 11₁/[53,3], [53,3]/17₁, 17₁/[53,3], 1/[53,3], [23,23]/[[5,5],[3,3]], [[5,5],[3,3]]/[23,23], [[5,5],[3,3]]/4, 4/[[5,5],[3,3]], [[5,5],[3,3]]/[2,3], [2,3]/[[5,5],[3,3]], [[5,5],[3,3]]/[2,5], [2,5]/[[5,5],[3,3]], [[5,5],[3,3]]/[2,7], [2,7]/[[5,5],[3,3]], [[5,5],[3,3]]/[2,13], [2,13]/[[5,5],[3,3]], [[5,5],[3,3]]/[2,19], [2,19]/[[5,5],[3,3]], [[5,5],[3,3]]/[2,11], [2,11]/[[5,5],[3,3]], [[5,5],[3,3]]/[2,17], [2,17]/[[5,5],[3,3]], [[5,5],[3,3]]/[3,2], [3,2]/[[5,5],[3,3]], [[5,5],[3,3]]/[3,3], [3,3]/[[5,5],[3,3]], [[5,5],[3,3]]/[3,5], [3,5]/[[5,5],[3,3]], [[5,5],[3,3]]/[3,7], [3,7]/[[5,5],[3,3]], [[5,5],[3,3]]/[3,13], [3,13]/[[5,5],[3,3]], [[5,5],[3,3]]/[3,11], [3,11]/[[5,5],[3,3]], [[5,5],[3,3]]/[3,17], [3,17]/[[5,5],[3,3]], [[5,5],[3,3]]/[5,2], [5,2]/[[5,5],[3,3]], [[5,5],[3,3]]/[5,3], [5,3]/[[5,5],[3,3]], [[5,5],[3,3]]/[5,5], [5,5]/[[5,5],[3,3]], [[5,5],[3,3]]/[5,7], [5,7]/[[5,5],[3,3]], [[5,5],[3,3]]/[5,13], [5,13]/[[5,5],[3,3]], [[5,5],[3,3]]/[5,11], [5,11]/[[5,5],[3,3]], [[5,5],[3,3]]/[5,17], [5,17]/[[5,5],[3,3]], [[5,5],[3,3]]/[7,2], [7,2]/[[5,5],[3,3]], [[5,5],[3,3]]/[7,3], [7,3]/[[5,5],[3,3]], [[5,5],[3,3]]/[7,5], [7,5]/[[5,5],[3,3]], [[5,5],[3,3]]/[7,7], [7,7]/[[5,5],[3,3]], [[5,5],[3,3]]/[7,13], [7,13]/[[5,5],[3,3]], [[5,5],[3,3]]/[7,11], [7,11]/[[5,5],[3,3]], [[5,5],[3,3]]/[7,17], [7,17]/[[5,5],[3,3]], [[5,5],[3,3]]/[13,2], [13,2]/[[5,5],[3,3]], [[5,5],[3,3]]/[13,3], [13,3]/[[5,5],[3,3]], [[5,5],[3,3]]/[13,5], [13,5]/[[5,5],[3,3]], [[5,5],[3,3]]/[13,7], [13,7]/[[5,5],[3,3]], [[5,5],[3,3]]/[13,13], [13,13]/[[5,5],[3,3]], [13,19]/[[5,5],[3,3]], [[5,5],[3,3]]/[13,19], [[5,5],[3,3]]/[13,11], [13,11]/[[5,5],[3,3]], [[5,5],[3,3]]/[13,17], [13,17]/[[5,5],[3,3]], [13,23]/[[5,5],[3,3]], [[5,5],[3,3]]/[13,23], [19,19]/[[5,5],[3,3]], [[5,5],[3,3]]/[19,19], [19,23]/[[5,5],[3,3]], [[5,5],[3,3]]/[19,23], [[5,5],[3,3]]/[11,2], [11,2]/[[5,5],[3,3]], [[5,5],[3,3]]/[11,3], [11,3]/[[5,5],[3,3]], [[5,5],[3,3]]/[11,5], [11,5]/[[5,5],[3,3]], [[5,5],[3,3]]/[11,7], [11,7]/[[5,5],[3,3]], [[5,5],[3,3]]/[11,13], [11,13]/[[5,5],[3,3]], [[5,5],[3,3]]/[11,11], [11,11]/[[5,5],[3,3]], [[5,5],[3,3]]/[11,17], [11,17]/[[5,5],[3,3]], [17,19]/[[5,5],[3,3]], [[5,5],[3,3]]/[17,19], [17,23]/[[5,5],[3,3]], [[5,5],[3,3]]/[17,23], [23,19]/[[5,5],[3,3]], [[5,5],[3,3]]/[23,19], [[5,5],[3,3]]/2₀, 2₀/[[5,5],[3,3]], [[5,5],[3,3]]/2₁, 2₁/[[5,5],[3,3]], [[5,5],[3,3]]/3₀, 3₀/[[5,5],[3,3]], [[5,5],[3,3]]/3₁, 3₁/[[5,5],[3,3]], [[5,5],[3,3]]/5₀, 5₀/[[5,5],[3,3]], [[5,5],[3,3]]/5₁, 5₁/[[5,5],[3,3]], [[5,5],[3,3]]/7₀, 7₀/[[5,5],[3,3]], [[5,5],[3,3]]/7₁, 7₁/[[5,5],[3,3]], [[5,5],[3,3]]/13₀, 13₀/[[5,5],[3,3]], [[5,5],[3,3]]/13₁, 13₁/[[5,5],[3,3]], [[5,5],[3,3]]/19₁, 19₁/[[5,5],[3,3]], [[5,5],[3,3]]/11₀, 11₀/[[5,5],[3,3]], [[5,5],[3,3]]/11₁, 11₁/[[5,5],[3,3]], [[5,5],[3,3]]/17₁, 17₁/[[5,5],[3,3]], 1/[[5,5],[3,3]], [23,23]/[[3,3],8], [[3,3],8]/[23,23], [[3,3],8]/4, 4/[[3,3],8], [[3,3],8]/[2,3], [2,3]/[[3,3],8], [[3,3],8]/[2,5], [2,5]/[[3,3],8], [[3,3],8]/[2,7], [2,7]/[[3,3],8], [[3,3],8]/[2,13], [2,13]/[[3,3],8], [[3,3],8]/[2,19], [2,19]/[[3,3],8], [[3,3],8]/[2,11], [2,11]/[[3,3],8], [[3,3],8]/[2,17], [2,17]/[[3,3],8], [[3,3],8]/[3,2], [3,2]/[[3,3],8], [[3,3],8]/[5,2], [5,2]/[[3,3],8], [[3,3],8]/[7,2], [7,2]/[[3,3],8], [[3,3],8]/[13,2], [13,2]/[[3,3],8], [[3,3],8]/[19,2], [19,2]/[[3,3],8], [19,19]/[[3,3],8], [[3,3],8]/[19,19], [19,23]/[[3,3],8], [[3,3],8]/[19,23], [[3,3],8]/[11,2], [11,2]/[[3,3],8], [[3,3],8]/[17,2], [17,2]/[[3,3],8], [23,19]/[[3,3],8], [[3,3],8]/[23,19], [[3,3],8]/2₀, 2₀/[[3,3],8], [[3,3],8]/2₁, 2₁/[[3,3],8], [[3,3],8]/3₀, 3₀/[[3,3],8], [[3,3],8]/3₁, 3₁/[[3,3],8], [[3,3],8]/5₀, 5₀/[[3,3],8], [[3,3],8]/5₁, 5₁/[[3,3],8], [[3,3],8]/7₀, 7₀/[[3,3],8], [[3,3],8]/7₁, 7₁/[[3,3],8], [[3,3],8]/13₀, 13₀/[[3,3],8], [[3,3],8]/13₁, 13₁/[[3,3],8], [[3,3],8]/19₀, 19₀/[[3,3],8], [[3,3],8]/19₁, 19₁/[[3,3],8], [[3,3],8]/11₀, 11₀/[[3,3],8], [[3,3],8]/11₁, 11₁/[[3,3],8], [[3,3],8]/17₀, 17₀/[[3,3],8], [[3,3],8]/17₁, 17₁/[[3,3],8], 1/[[3,3],8], [23,23]/157, 157/[23,23], 157/4, 4/157, 157/[2,3], [2,3]/157, 157/[2,5], [2,5]/157, 157/[2,7], [2,7]/157, 157/[2,13], [2,13]/157, 157/[2,19], [2,19]/157, 157/[2,11], [2,11]/157, 157/[2,17], [2,17]/157, 157/[3,2], [3,2]/157, 157/[3,3], [3,3]/157, 157/[3,5], [3,5]/157, 157/[3,7], [3,7]/157, 157/[5,2], [5,2]/157, 157/[5,3], [5,3]/157, 157/[5,5], [5,5]/157, 157/[5,7], [5,7]/157, 157/[7,2], [7,2]/157, 157/[7,3], [7,3]/157, 157/[7,5], [7,5]/157, 157/[7,7], [7,7]/157, 157/[13,2], [13,2]/157, 157/[13,3], [13,3]/157, 157/[13,5], [13,5]/157, 157/[13,7], [13,7]/157, 157/[19,2], [19,2]/157, 157/[19,3], [19,3]/157, 157/[19,5], [19,5]/157, 157/[19,7], [19,7]/157, [19,19]/157, 157/[19,19], [19,23]/157, 157/[19,23], 157/[11,2], [11,2]/157, 157/[11,3], [11,3]/157, 157/[11,5], [11,5]/157, 157/[11,7], [11,7]/157, 157/[17,2], [17,2]/157, 157/[17,3], [17,3]/157, 157/[17,5], [17,5]/157, 157/[17,7], [17,7]/157, [23,19]/157, 157/[23,19], 157/2₀, 2₀/157, 157/2₁, 2₁/157, 157/3₀, 3₀/157, 157/3₁, 3₁/157, 157/5₀, 5₀/157, 157/5₁, 5₁/157, 157/7₀, 7₀/157, 157/7₁, 7₁/157, 157/13₀, 13₀/157, 157/13₁, 13₁/157, 157/19₀, 19₀/157, 157/19₁, 19₁/157, 157/11₀, 11₀/157, 157/11₁, 11₁/157, 157/17₀, 17₀/157, 157/17₁, 17₁/157, 1/157, [23,23]/[37,7], [37,7]/[23,23], [37,7]/4, 4/[37,7], [37,7]/[2,3], [2,3]/[37,7], [37,7]/[2,5], [2,5]/[37,7], [37,7]/[2,7], [2,7]/[37,7], [37,7]/[2,13], [2,13]/[37,7], [37,7]/[2,19], [2,19]/[37,7], [37,7]/[2,11], [2,11]/[37,7], [37,7]/[2,17], [2,17]/[37,7], [37,7]/[3,2], [3,2]/[37,7], [37,7]/[3,3], [3,3]/[37,7], [37,7]/[3,5], [3,5]/[37,7], [37,7]/[3,7], [3,7]/[37,7], [37,7]/[3,13], [3,13]/[37,7], [37,7]/[3,11], [3,11]/[37,7], [37,7]/[5,2], [5,2]/[37,7], [37,7]/[5,3], [5,3]/[37,7], [37,7]/[5,5], [5,5]/[37,7], [37,7]/[5,7], [5,7]/[37,7], [37,7]/[5,13], [5,13]/[37,7], [37,7]/[5,11], [5,11]/[37,7], [37,7]/[7,2], [7,2]/[37,7], [37,7]/[7,3], [7,3]/[37,7], [37,7]/[7,5], [7,5]/[37,7], [37,7]/[7,7], [7,7]/[37,7], [37,7]/[7,13], [7,13]/[37,7], [37,7]/[7,11], [7,11]/[37,7], [37,7]/[13,2], [13,2]/[37,7], [37,7]/[13,3], [13,3]/[37,7], [37,7]/[13,5], [13,5]/[37,7], [37,7]/[13,7], [13,7]/[37,7], [37,7]/[13,13], [13,13]/[37,7], [37,7]/[13,11], [13,11]/[37,7], [37,7]/[19,2], [19,2]/[37,7], [37,7]/[19,3], [19,3]/[37,7], [37,7]/[19,5], [19,5]/[37,7], [37,7]/[19,7], [19,7]/[37,7], [37,7]/[19,13], [19,13]/[37,7], [19,19]/[37,7], [37,7]/[19,19], [37,7]/[19,11], [19,11]/[37,7], [19,23]/[37,7], [37,7]/[19,23], [37,7]/[11,2], [11,2]/[37,7], [37,7]/[11,3], [11,3]/[37,7], [37,7]/[11,5], [11,5]/[37,7], [37,7]/[11,7], [11,7]/[37,7], [37,7]/[11,13], [11,13]/[37,7], [37,7]/[11,11], [11,11]/[37,7], [37,7]/[17,2], [17,2]/[37,7], [37,7]/[17,3], [17,3]/[37,7], [37,7]/[17,5], [17,5]/[37,7], [37,7]/[17,7], [17,7]/[37,7], [37,7]/[17,13], [17,13]/[37,7], [37,7]/[17,11], [17,11]/[37,7], [23,19]/[37,7], [37,7]/[23,19], [37,7]/2₀, 2₀/[37,7], [37,7]/2₁, 2₁/[37,7], [37,7]/3₀, 3₀/[37,7], [37,7]/3₁, 3₁/[37,7], [37,7]/5₀, 5₀/[37,7], [37,7]/5₁, 5₁/[37,7], [37,7]/7₀, 7₀/[37,7], [37,7]/7₁, 7₁/[37,7], [37,7]/13₀, 13₀/[37,7], [37,7]/13₁, 13₁/[37,7], [37,7]/19₀, 19₀/[37,7], [37,7]/19₁, 19₁/[37,7], [37,7]/11₀, 11₀/[37,7], [37,7]/11₁, 11₁/[37,7], [37,7]/17₀, 17₀/[37,7], [37,7]/17₁, 17₁/[37,7], 1/[37,7], [23,23]/[109,3], [109,3]/[23,23], [109,3]/4, 4/[109,3], [109,3]/[2,3], [2,3]/[109,3], [109,3]/[2,5], [2,5]/[109,3], [109,3]/[2,7], [2,7]/[109,3], [109,3]/[2,13], [2,13]/[109,3], [109,3]/[2,19], [2,19]/[109,3], [109,3]/[2,11], [2,11]/[109,3], [109,3]/[2,17], [2,17]/[109,3], [109,3]/[3,2], [3,2]/[109,3], [109,3]/[3,3], [3,3]/[109,3], [109,3]/[3,5], [3,5]/[109,3], [109,3]/[3,7], [3,7]/[109,3], [109,3]/[3,13], [3,13]/[109,3], [109,3]/[3,11], [3,11]/[109,3], [109,3]/[3,17], [3,17]/[109,3], [109,3]/[5,2], [5,2]/[109,3], [109,3]/[5,3], [5,3]/[109,3], [109,3]/[5,5], [5,5]/[109,3], [109,3]/[5,7], [5,7]/[109,3], [109,3]/[5,13], [5,13]/[109,3], [109,3]/[5,11], [5,11]/[109,3], [109,3]/[5,17], [5,17]/[109,3], [109,3]/[7,2], [7,2]/[109,3], [109,3]/[7,3], [7,3]/[109,3], [109,3]/[7,5], [7,5]/[109,3], [109,3]/[7,7], [7,7]/[109,3], [109,3]/[7,13], [7,13]/[109,3], [109,3]/[7,11], [7,11]/[109,3], [109,3]/[7,17], [7,17]/[109,3], [109,3]/[13,2], [13,2]/[109,3], [109,3]/[13,3], [13,3]/[109,3], [109,3]/[13,5], [13,5]/[109,3], [109,3]/[13,7], [13,7]/[109,3], [109,3]/[13,13], [13,13]/[109,3], [109,3]/[13,11], [13,11]/[109,3], [109,3]/[13,17], [13,17]/[109,3], [109,3]/[19,2], [19,2]/[109,3], [109,3]/[19,3], [19,3]/[109,3], [109,3]/[19,5], [19,5]/[109,3], [109,3]/[19,7], [19,7]/[109,3], [109,3]/[19,13], [19,13]/[109,3], [19,19]/[109,3], [109,3]/[19,19], [109,3]/[19,11], [19,11]/[109,3], [109,3]/[19,17], [19,17]/[109,3], [19,23]/[109,3], [109,3]/[19,23], [109,3]/[11,2], [11,2]/[109,3], [109,3]/[11,3], [11,3]/[109,3], [109,3]/[11,5], [11,5]/[109,3], [109,3]/[11,7], [11,7]/[109,3], [109,3]/[11,13], [11,13]/[109,3], [109,3]/[11,11], [11,11]/[109,3], [109,3]/[11,17], [11,17]/[109,3], [109,3]/[17,2], [17,2]/[109,3], [109,3]/[17,3], [17,3]/[109,3], [109,3]/[17,5], [17,5]/[109,3], [109,3]/[17,7], [17,7]/[109,3], [109,3]/[17,13], [17,13]/[109,3], [109,3]/[17,11], [17,11]/[109,3], [109,3]/[17,17], [17,17]/[109,3], [23,19]/[109,3], [109,3]/[23,19], [109,3]/2₀, 2₀/[109,3], [109,3]/2₁, 2₁/[109,3], [109,3]/3₀, 3₀/[109,3], [109,3]/3₁, 3₁/[109,3], [109,3]/5₀, 5₀/[109,3], [109,3]/5₁, 5₁/[109,3], [109,3]/7₀, 7₀/[109,3], [109,3]/7₁, 7₁/[109,3], [109,3]/13₀, 13₀/[109,3], [109,3]/13₁, 13₁/[109,3], [109,3]/19₀, 19₀/[109,3], [109,3]/19₁, 19₁/[109,3], [109,3]/11₀, 11₀/[109,3], [109,3]/11₁, 11₁/[109,3], [109,3]/17₀, 17₀/[109,3], [109,3]/17₁, 17₁/[109,3], 1/[109,3], [23,23]/83, 83/[23,23], 83/4, 4/83, 83/[2,3], [2,3]/83, 83/[2,5], [2,5]/83, 83/[2,7], [2,7]/83, 83/[2,13], [2,13]/83, 83/[2,19], [2,19]/83, 83/[2,11], [2,11]/83, 83/[2,17], [2,17]/83, 83/[3,2], [3,2]/83, 83/[3,3], [3,3]/83, 83/[3,5], [3,5]/83, 83/[5,2], [5,2]/83, 83/[5,3], [5,3]/83, 83/[5,5], [5,5]/83, 83/[7,2], [7,2]/83, 83/[7,3], [7,3]/83, 83/[7,5], [7,5]/83, [13,19]/83, 83/[13,19], [13,23]/83, 83/[13,23], [19,19]/83, 83/[19,19], [19,23]/83, 83/[19,23], 83/[11,2], [11,2]/83, 83/[11,3], [11,3]/83, 83/[11,5], [11,5]/83, [11,19]/83, 83/[11,19], [11,23]/83, 83/[11,23], [17,19]/83, 83/[17,19], [17,23]/83, 83/[17,23], [23,19]/83, 83/[23,19], 83/2₀, 2₀/83, 83/2₁, 2₁/83, 83/3₀, 3₀/83, 83/3₁, 3₁/83, 83/5₀, 5₀/83, 83/5₁, 5₁/83, 83/7₀, 7₀/83, 83/7₁, 7₁/83, 83/13₁, 13₁/83, 83/19₁, 19₁/83, 83/11₀, 11₀/83, 83/11₁, 11₁/83, 83/17₁, 17₁/83, 1/83, [23,23]/[31,5], [31,5]/[23,23], [31,5]/4, 4/[31,5], [31,5]/[2,3], [2,3]/[31,5], [31,5]/[2,5], [2,5]/[31,5], [31,5]/[2,7], [2,7]/[31,5], [31,5]/[2,13], [2,13]/[31,5], [31,5]/[2,19], [2,19]/[31,5], [31,5]/[2,11], [2,11]/[31,5], [31,5]/[2,17], [2,17]/[31,5], [31,5]/[3,2], [3,2]/[31,5], [31,5]/[3,3], [3,3]/[31,5], [31,5]/[3,5], [3,5]/[31,5], [31,5]/[3,7], [3,7]/[31,5], [31,5]/[3,13], [3,13]/[31,5], [31,5]/[3,11], [3,11]/[31,5], [31,5]/[5,2], [5,2]/[31,5], [31,5]/[5,3], [5,3]/[31,5], [31,5]/[5,5], [5,5]/[31,5], [31,5]/[5,7], [5,7]/[31,5], [31,5]/[5,13], [5,13]/[31,5], [31,5]/[5,11], [5,11]/[31,5], [31,5]/[7,2], [7,2]/[31,5], [31,5]/[7,3], [7,3]/[31,5], [31,5]/[7,5], [7,5]/[31,5], [31,5]/[7,7], [7,7]/[31,5], [31,5]/[7,13], [7,13]/[31,5], [31,5]/[7,11], [7,11]/[31,5], [13,19]/[31,5], [31,5]/[13,19], [13,23]/[31,5], [31,5]/[13,23], [19,19]/[31,5], [31,5]/[19,19], [19,23]/[31,5], [31,5]/[19,23], [31,5]/[11,2], [11,2]/[31,5], [31,5]/[11,3], [11,3]/[31,5], [31,5]/[11,5], [11,5]/[31,5], [31,5]/[11,7], [11,7]/[31,5], [31,5]/[11,13], [11,13]/[31,5], [11,19]/[31,5], [31,5]/[11,19], [31,5]/[11,11], [11,11]/[31,5], [11,23]/[31,5], [31,5]/[11,23], [17,19]/[31,5], [31,5]/[17,19], [17,23]/[31,5], [31,5]/[17,23], [23,19]/[31,5], [31,5]/[23,19], [31,5]/2₀, 2₀/[31,5], [31,5]/2₁, 2₁/[31,5], [31,5]/3₀, 3₀/[31,5], [31,5]/3₁, 3₁/[31,5], [31,5]/5₀, 5₀/[31,5], [31,5]/5₁, 5₁/[31,5], [31,5]/7₀, 7₀/[31,5], [31,5]/7₁, 7₁/[31,5], [31,5]/13₁, 13₁/[31,5], [31,5]/19₁, 19₁/[31,5], [31,5]/11₀, 11₀/[31,5], [31,5]/11₁, 11₁/[31,5], [31,5]/17₁, 17₁/[31,5], 1/[31,5], [23,23]/137, 137/[23,23], 137/4, 4/137, 137/[2,3], [2,3]/137, 137/[2,5], [2,5]/137, 137/[2,7], [2,7]/137, 137/[2,13], [2,13]/137, 137/[2,19], [2,19]/137, 137/[2,11], [2,11]/137, 137/[2,17], [2,17]/137, 137/[3,2], [3,2]/137, 137/[3,3], [3,3]/137, 137/[3,5], [3,5]/137, 137/[3,7], [3,7]/137, 137/[3,11], [3,11]/137, 137/[5,2], [5,2]/137, 137/[5,3], [5,3]/137, 137/[5,5], [5,5]/137, 137/[5,7], [5,7]/137, 137/[5,11], [5,11]/137, 137/[7,2], [7,2]/137, 137/[7,3], [7,3]/137, 137/[7,5], [7,5]/137, 137/[7,7], [7,7]/137, 137/[7,11], [7,11]/137, [13,19]/137, 137/[13,19], [13,23]/137, 137/[13,23], [19,19]/137, 137/[19,19], [19,23]/137, 137/[19,23], 137/[11,2], [11,2]/137, 137/[11,3], [11,3]/137, 137/[11,5], [11,5]/137, 137/[11,7], [11,7]/137, [11,19]/137, 137/[11,19], 137/[11,11], [11,11]/137, [11,23]/137, 137/[11,23], [17,19]/137, 137/[17,19], [17,23]/137, 137/[17,23], [23,19]/137, 137/[23,19], 137/2₀, 2₀/137, 137/2₁, 2₁/137, 137/3₀, 3₀/137, 137/3₁, 3₁/137, 137/5₀, 5₀/137, 137/5₁, 5₁/137, 137/7₀, 7₀/137, 137/7₁, 7₁/137, 137/13₁, 13₁/137, 137/19₁, 19₁/137, 137/11₀, 11₀/137, 137/11₁, 11₁/137, 137/17₁, 17₁/137, 1/137, [23,23]/113, 113/[23,23], 113/4, 4/113, 113/[2,3], [2,3]/113, 113/[2,5], [2,5]/113, 113/[2,7], [2,7]/113, 113/[2,13], [2,13]/113, 113/[2,19], [2,19]/113, 113/[2,11], [2,11]/113, 113/[2,17], [2,17]/113, 113/[3,2], [3,2]/113, 113/[3,3], [3,3]/113, 113/[3,5], [3,5]/113, 113/[5,2], [5,2]/113, 113/[5,3], [5,3]/113, 113/[5,5], [5,5]/113, 113/[7,2], [7,2]/113, 113/[7,3], [7,3]/113, 113/[7,5], [7,5]/113, 113/[13,2], [13,2]/113, 113/[13,3], [13,3]/113, 113/[13,5], [13,5]/113, [19,19]/113, 113/[19,19], [19,23]/113, 113/[19,23], 113/[11,2], [11,2]/113, 113/[11,3], [11,3]/113, 113/[11,5], [11,5]/113, 113/[17,2], [17,2]/113, 113/[17,3], [17,3]/113, 113/[17,5], [17,5]/113, [17,19]/113, 113/[17,19], [17,23]/113, 113/[17,23], [23,19]/113, 113/[23,19], 113/2₀, 2₀/113, 113/2₁, 2₁/113, 113/3₀, 3₀/113, 113/3₁, 3₁/113, 113/5₀, 5₀/113, 113/5₁, 5₁/113, 113/7₀, 7₀/113, 113/7₁, 7₁/113, 113/13₀, 13₀/113, 113/13₁, 13₁/113, 113/19₁, 19₁/113, 113/11₀, 11₀/113, 113/11₁, 11₁/113, 113/17₀, 17₀/113, 113/17₁, 17₁/113, 1/113, [23,23]/233, 233/[23,23], 233/4, 4/233, 233/[2,3], [2,3]/233, 233/[2,5], [2,5]/233, 233/[2,7], [2,7]/233, 233/[2,13], [2,13]/233, 233/[2,19], [2,19]/233, 233/[2,11], [2,11]/233, 233/[2,17], [2,17]/233, 233/[3,2], [3,2]/233, 233/[3,3], [3,3]/233, 233/[3,5], [3,5]/233, 233/[3,7], [3,7]/233, 233/[3,13], [3,13]/233, 233/[3,11], [3,11]/233, 233/[5,2], [5,2]/233, 233/[5,3], [5,3]/233, 233/[5,5], [5,5]/233, 233/[5,7], [5,7]/233, 233/[5,13], [5,13]/233, 233/[5,11], [5,11]/233, 233/[7,2], [7,2]/233, 233/[7,3], [7,3]/233, 233/[7,5], [7,5]/233, 233/[7,7], [7,7]/233, 233/[7,13], [7,13]/233, 233/[7,11], [7,11]/233, 233/[13,2], [13,2]/233, 233/[13,3], [13,3]/233, 233/[13,5], [13,5]/233, 233/[13,7], [13,7]/233, 233/[13,13], [13,13]/233, 233/[13,11], [13,11]/233, [19,19]/233, 233/[19,19], [19,23]/233, 233/[19,23], 233/[11,2], [11,2]/233, 233/[11,3], [11,3]/233, 233/[11,5], [11,5]/233, 233/[11,7], [11,7]/233, 233/[11,13], [11,13]/233, 233/[11,11], [11,11]/233, 233/[17,2], [17,2]/233, 233/[17,3], [17,3]/233, 233/[17,5], [17,5]/233, 233/[17,7], [17,7]/233, 233/[17,13], [17,13]/233, [17,19]/233, 233/[17,19], 233/[17,11], [17,11]/233, [17,23]/233, 233/[17,23], [23,19]/233, 233/[23,19], 233/2₀, 2₀/233, 233/2₁, 2₁/233, 233/3₀, 3₀/233, 233/3₁, 3₁/233, 233/5₀, 5₀/233, 233/5₁, 5₁/233, 233/7₀, 7₀/233, 233/7₁, 7₁/233, 233/13₀, 13₀/233, 233/13₁, 13₁/233, 233/19₁, 19₁/233, 233/11₀, 11₀/233, 233/11₁, 11₁/233, 233/17₀, 17₀/233, 233/17₁, 17₁/233, 1/233, [23,23]/[29,7], [29,7]/[23,23], [29,7]/4, 4/[29,7], [29,7]/[2,3], [2,3]/[29,7], [29,7]/[2,5], [2,5]/[29,7], [29,7]/[2,7], [2,7]/[29,7], [29,7]/[2,13], [2,13]/[29,7], [29,7]/[2,19], [2,19]/[29,7], [29,7]/[2,11], [2,11]/[29,7], [29,7]/[2,17], [2,17]/[29,7], [29,7]/[3,2], [3,2]/[29,7], [29,7]/[3,3], [3,3]/[29,7], [29,7]/[3,5], [3,5]/[29,7], [29,7]/[3,7], [3,7]/[29,7], [29,7]/[3,11], [3,11]/[29,7], [29,7]/[5,2], [5,2]/[29,7], [29,7]/[5,3], [5,3]/[29,7], [29,7]/[5,5], [5,5]/[29,7], [29,7]/[5,7], [5,7]/[29,7], [29,7]/[5,11], [5,11]/[29,7], [29,7]/[7,2], [7,2]/[29,7], [29,7]/[7,3], [7,3]/[29,7], [29,7]/[7,5], [7,5]/[29,7], [29,7]/[7,7], [7,7]/[29,7], [29,7]/[7,11], [7,11]/[29,7], [29,7]/[13,2], [13,2]/[29,7], [29,7]/[13,3], [13,3]/[29,7], [29,7]/[13,5], [13,5]/[29,7], [29,7]/[13,7], [13,7]/[29,7], [29,7]/[13,11], [13,11]/[29,7], [19,19]/[29,7], [29,7]/[19,19], [19,23]/[29,7], [29,7]/[19,23], [29,7]/[11,2], [11,2]/[29,7], [29,7]/[11,3], [11,3]/[29,7], [29,7]/[11,5], [11,5]/[29,7], [29,7]/[11,7], [11,7]/[29,7], [29,7]/[11,11], [11,11]/[29,7], [29,7]/[17,2], [17,2]/[29,7], [29,7]/[17,3], [17,3]/[29,7], [29,7]/[17,5], [17,5]/[29,7], [29,7]/[17,7], [17,7]/[29,7], [17,19]/[29,7], [29,7]/[17,19], [29,7]/[17,11], [17,11]/[29,7], [17,23]/[29,7], [29,7]/[17,23], [23,19]/[29,7], [29,7]/[23,19], [29,7]/2₀, 2₀/[29,7], [29,7]/2₁, 2₁/[29,7], [29,7]/3₀, 3₀/[29,7], [29,7]/3₁, 3₁/[29,7], [29,7]/5₀, 5₀/[29,7], [29,7]/5₁, 5₁/[29,7], [29,7]/7₀, 7₀/[29,7], [29,7]/7₁, 7₁/[29,7], [29,7]/13₀, 13₀/[29,7], [29,7]/13₁, 13₁/[29,7], [29,7]/19₁, 19₁/[29,7], [29,7]/11₀, 11₀/[29,7], [29,7]/11₁, 11₁/[29,7], [29,7]/17₀, 17₀/[29,7], [29,7]/17₁, 17₁/[29,7], 1/[29,7], [23,23]/293, 293/[23,23], 293/4, 4/293, 293/[2,3], [2,3]/293, 293/[2,5], [2,5]/293, 293/[2,7], [2,7]/293, 293/[2,13], [2,13]/293, 293/[2,19], [2,19]/293, 293/[2,11], [2,11]/293, 293/[2,17], [2,17]/293, 293/[3,2], [3,2]/293, 293/[3,3], [3,3]/293, 293/[3,5], [3,5]/293, 293/[3,7], [3,7]/293, 293/[3,13], [3,13]/293, 293/[3,11], [3,11]/293, 293/[3,17], [3,17]/293, 293/[5,2], [5,2]/293, 293/[5,3], [5,3]/293, 293/[5,5], [5,5]/293, 293/[5,7], [5,7]/293, 293/[5,13], [5,13]/293, 293/[5,11], [5,11]/293, 293/[5,17], [5,17]/293, 293/[7,2], [7,2]/293, 293/[7,3], [7,3]/293, 293/[7,5], [7,5]/293, 293/[7,7], [7,7]/293, 293/[7,13], [7,13]/293, 293/[7,11], [7,11]/293, 293/[7,17], [7,17]/293, 293/[13,2], [13,2]/293, 293/[13,3], [13,3]/293, 293/[13,5], [13,5]/293, 293/[13,7], [13,7]/293, 293/[13,13], [13,13]/293, 293/[13,11], [13,11]/293, 293/[13,17], [13,17]/293, [19,19]/293, 293/[19,19], [19,23]/293, 293/[19,23], 293/[11,2], [11,2]/293, 293/[11,3], [11,3]/293, 293/[11,5], [11,5]/293, 293/[11,7], [11,7]/293, 293/[11,13], [11,13]/293, 293/[11,11], [11,11]/293, 293/[11,17], [11,17]/293, 293/[17,2], [17,2]/293, 293/[17,3], [17,3]/293, 293/[17,5], [17,5]/293, 293/[17,7], [17,7]/293, 293/[17,13], [17,13]/293, [17,19]/293, 293/[17,19], 293/[17,11], [17,11]/293, 293/[17,17], [17,17]/293, [17,23]/293, 293/[17,23], [23,19]/293, 293/[23,19], 293/2₀, 2₀/293, 293/2₁, 2₁/293, 293/3₀, 3₀/293, 293/3₁, 3₁/293, 293/5₀, 5₀/293, 293/5₁, 5₁/293, 293/7₀, 7₀/293, 293/7₁, 7₁/293, 293/13₀, 13₀/293, 293/13₁, 13₁/293, 293/19₁, 19₁/293, 293/11₀, 11₀/293, 293/11₁, 11₁/293, 293/17₀, 17₀/293, 293/17₁, 17₁/293, 1/293, [23,23]/[37,5], [37,5]/[23,23], [37,5]/4, 4/[37,5], [37,5]/[2,3], [2,3]/[37,5], [37,5]/[2,5], [2,5]/[37,5], [37,5]/[2,7], [2,7]/[37,5], [37,5]/[2,13], [2,13]/[37,5], [37,5]/[2,19], [2,19]/[37,5], [37,5]/[2,11], [2,11]/[37,5], [37,5]/[2,17], [2,17]/[37,5], [37,5]/[3,2], [3,2]/[37,5], [37,5]/[3,3], [3,3]/[37,5], [37,5]/[3,5], [3,5]/[37,5], [37,5]/[3,7], [3,7]/[37,5], [37,5]/[5,2], [5,2]/[37,5], [37,5]/[5,3], [5,3]/[37,5], [37,5]/[5,5], [5,5]/[37,5], [37,5]/[5,7], [5,7]/[37,5], [37,5]/[7,2], [7,2]/[37,5], [37,5]/[7,3], [7,3]/[37,5], [37,5]/[7,5], [7,5]/[37,5], [37,5]/[7,7], [7,7]/[37,5], [37,5]/[13,2], [13,2]/[37,5], [37,5]/[13,3], [13,3]/[37,5], [37,5]/[13,5], [13,5]/[37,5], [37,5]/[13,7], [13,7]/[37,5], [37,5]/[19,2], [19,2]/[37,5], [37,5]/[19,3], [19,3]/[37,5], [37,5]/[19,5], [19,5]/[37,5], [37,5]/[19,7], [19,7]/[37,5], [37,5]/[11,2], [11,2]/[37,5], [37,5]/[11,3], [11,3]/[37,5], [37,5]/[11,5], [11,5]/[37,5], [37,5]/[11,7], [11,7]/[37,5], [37,5]/[17,2], [17,2]/[37,5], [37,5]/[17,3], [17,3]/[37,5], [37,5]/[17,5], [17,5]/[37,5], [37,5]/[17,7], [17,7]/[37,5], [37,5]/[23,2], [23,2]/[37,5], [37,5]/[23,3], [23,3]/[37,5], [37,5]/[23,5], [23,5]/[37,5], [37,5]/[23,7], [23,7]/[37,5], [23,19]/[37,5], [37,5]/[23,19], [37,5]/2₀, 2₀/[37,5], [37,5]/2₁, 2₁/[37,5], [37,5]/3₀, 3₀/[37,5], [37,5]/3₁, 3₁/[37,5], [37,5]/5₀, 5₀/[37,5], [37,5]/5₁, 5₁/[37,5], [37,5]/7₀, 7₀/[37,5], [37,5]/7₁, 7₁/[37,5], [37,5]/13₀, 13₀/[37,5], [37,5]/13₁, 13₁/[37,5], [37,5]/19₀, 19₀/[37,5], [37,5]/19₁, 19₁/[37,5], [37,5]/11₀, 11₀/[37,5], [37,5]/11₁, 11₁/[37,5], [37,5]/17₀, 17₀/[37,5], [37,5]/17₁, 17₁/[37,5], [37,5]/23₀, 23₀/[37,5], 1/[37,5], [23,23]/311, 311/[23,23], 311/4, 4/311, 311/[2,3], [2,3]/311, 311/[2,5], [2,5]/311, 311/[2,7], [2,7]/311, 311/[2,13], [2,13]/311, 311/[2,19], [2,19]/311, 311/[2,11], [2,11]/311, 311/[2,17], [2,17]/311, 311/[3,2], [3,2]/311, 311/[3,3], [3,3]/311, 311/[3,5], [3,5]/311, 311/[3,7], [3,7]/311, 311/[3,13], [3,13]/311, 311/[3,11], [3,11]/311, 311/[5,2], [5,2]/311, 311/[5,3], [5,3]/311, 311/[5,5], [5,5]/311, 311/[5,7], [5,7]/311, 311/[5,13], [5,13]/311, 311/[5,11], [5,11]/311, 311/[7,2], [7,2]/311, 311/[7,3], [7,3]/311, 311/[7,5], [7,5]/311, 311/[7,7], [7,7]/311, 311/[7,13], [7,13]/311, 311/[7,11], [7,11]/311, 311/[13,2], [13,2]/311, 311/[13,3], [13,3]/311, 311/[13,5], [13,5]/311, 311/[13,7], [13,7]/311, 311/[13,13], [13,13]/311, 311/[13,11], [13,11]/311, 311/[19,2], [19,2]/311, 311/[19,3], [19,3]/311, 311/[19,5], [19,5]/311, 311/[19,7], [19,7]/311, 311/[19,13], [19,13]/311, 311/[19,11], [19,11]/311, 311/[11,2], [11,2]/311, 311/[11,3], [11,3]/311, 311/[11,5], [11,5]/311, 311/[11,7], [11,7]/311, 311/[11,13], [11,13]/311, 311/[11,11], [11,11]/311, 311/[17,2], [17,2]/311, 311/[17,3], [17,3]/311, 311/[17,5], [17,5]/311, 311/[17,7], [17,7]/311, 311/[17,13], [17,13]/311, 311/[17,11], [17,11]/311, 311/[23,2], [23,2]/311, 311/[23,3], [23,3]/311, 311/[23,5], [23,5]/311, 311/[23,7], [23,7]/311, 311/[23,13], [23,13]/311, [23,19]/311, 311/[23,19], 311/[23,11], [23,11]/311, 311/2₀, 2₀/311, 311/2₁, 2₁/311, 311/3₀, 3₀/311, 311/3₁, 3₁/311, 311/5₀, 5₀/311, 311/5₁, 5₁/311, 311/7₀, 7₀/311, 311/7₁, 7₁/311, 311/13₀, 13₀/311, 311/13₁, 13₁/311, 311/19₀, 19₀/311, 311/19₁, 19₁/311, 311/11₀, 11₀/311, 311/11₁, 11₁/311, 311/17₀, 17₀/311, 311/17₁, 17₁/311, 311/23₀, 23₀/311, 1/311, [23,23]/107, 107/[23,23], 107/4, 4/107, 107/[2,3], [2,3]/107, 107/[2,5], [2,5]/107, 107/[2,7], [2,7]/107, 107/[2,11], [2,11]/107, 107/[3,2], [3,2]/107, 107/[3,3], [3,3]/107, 107/[3,5], [3,5]/107, 107/[5,2], [5,2]/107, 107/[5,3], [5,3]/107, 107/[5,5], [5,5]/107, 107/[7,2], [7,2]/107, 107/[7,3], [7,3]/107, 107/[7,5], [7,5]/107, 107/[13,2], [13,2]/107, 107/[13,3], [13,3]/107, 107/[13,5], [13,5]/107, 107/[19,2], [19,2]/107, 107/[19,3], [19,3]/107, 107/[19,5], [19,5]/107, [19,13]/107, 107/[19,13], [19,19]/107, 107/[19,19], [19,11]/107, 107/[19,11], [19,17]/107, 107/[19,17], [19,23]/107, 107/[19,23], 107/[11,2], [11,2]/107, 107/[11,3], [11,3]/107, 107/[11,5], [11,5]/107, 107/[17,2], [17,2]/107, 107/[17,3], [17,3]/107, 107/[17,5], [17,5]/107, [23,13]/107, 107/[23,13], [23,19]/107, 107/[23,19], [23,11]/107, 107/[23,11], [23,17]/107, 107/[23,17], 107/2₀, 2₀/107, 107/2₁, 2₁/107, 107/3₀, 3₀/107, 107/3₁, 3₁/107, 107/5₀, 5₀/107, 107/5₁, 5₁/107, 107/7₀, 7₀/107, 107/7₁, 7₁/107, 107/13₀, 13₀/107, 107/19₀, 19₀/107, 107/11₀, 11₀/107, 107/11₁, 11₁/107, 107/17₀, 17₀/107, 1/107, [23,23]/[47,3], [47,3]/[23,23], [47,3]/4, 4/[47,3], [47,3]/[2,3], [2,3]/[47,3], [47,3]/[2,5], [2,5]/[47,3], [47,3]/[2,7], [2,7]/[47,3], [47,3]/[2,11], [2,11]/[47,3], [47,3]/[3,2], [3,2]/[47,3], [47,3]/[3,3], [3,3]/[47,3], [47,3]/[3,5], [3,5]/[47,3], [47,3]/[3,7], [3,7]/[47,3], [47,3]/[5,2], [5,2]/[47,3], [47,3]/[5,3], [5,3]/[47,3], [47,3]/[5,5], [5,5]/[47,3], [47,3]/[5,7], [5,7]/[47,3], [47,3]/[7,2], [7,2]/[47,3], [47,3]/[7,3], [7,3]/[47,3], [47,3]/[7,5], [7,5]/[47,3], [47,3]/[7,7], [7,7]/[47,3], [47,3]/[13,2], [13,2]/[47,3], [47,3]/[13,3], [13,3]/[47,3], [47,3]/[13,5], [13,5]/[47,3], [47,3]/[13,7], [13,7]/[47,3], [47,3]/[19,2], [19,2]/[47,3], [47,3]/[19,3], [19,3]/[47,3], [47,3]/[19,5], [19,5]/[47,3], [47,3]/[19,7], [19,7]/[47,3], [19,13]/[47,3], [47,3]/[19,13], [19,19]/[47,3], [47,3]/[19,19], [19,11]/[47,3], [47,3]/[19,11], [19,17]/[47,3], [47,3]/[19,17], [19,23]/[47,3], [47,3]/[19,23], [47,3]/[11,2], [11,2]/[47,3], [47,3]/[11,3], [11,3]/[47,3], [47,3]/[11,5], [11,5]/[47,3], [47,3]/[11,7], [11,7]/[47,3], [47,3]/[17,2], [17,2]/[47,3], [47,3]/[17,3], [17,3]/[47,3], [47,3]/[17,5], [17,5]/[47,3], [47,3]/[17,7], [17,7]/[47,3], [23,13]/[47,3], [47,3]/[23,13], [23,19]/[47,3], [47,3]/[23,19], [23,11]/[47,3], [47,3]/[23,11], [23,17]/[47,3], [47,3]/[23,17], [47,3]/2₀, 2₀/[47,3], [47,3]/2₁, 2₁/[47,3], [47,3]/3₀, 3₀/[47,3], [47,3]/3₁, 3₁/[47,3], [47,3]/5₀, 5₀/[47,3], [47,3]/5₁, 5₁/[47,3], [47,3]/7₀, 7₀/[47,3], [47,3]/7₁, 7₁/[47,3], [47,3]/13₀, 13₀/[47,3], [47,3]/19₀, 19₀/[47,3], [47,3]/11₀, 11₀/[47,3], [47,3]/11₁, 11₁/[47,3], [47,3]/17₀, 17₀/[47,3], 1/[47,3], [23,23]/67, 67/[23,23], 67/4, 4/67, 67/[2,3], [2,3]/67, 67/[2,5], [2,5]/67, 67/[2,7], [2,7]/67, 67/[2,11], [2,11]/67, 67/[3,2], [3,2]/67, 67/[3,3], [3,3]/67, 67/[3,5], [3,5]/67, 67/[5,2], [5,2]/67, 67/[5,3], [5,3]/67, 67/[5,5], [5,5]/67, 67/[7,2], [7,2]/67, 67/[7,3], [7,3]/67, 67/[7,5], [7,5]/67, [13,13]/67, 67/[13,13], [13,19]/67, 67/[13,19], [13,11]/67, 67/[13,11], [13,17]/67, 67/[13,17], [13,23]/67, 67/[13,23], [19,13]/67, 67/[19,13], [19,19]/67, 67/[19,19], [19,11]/67, 67/[19,11], [19,17]/67, 67/[19,17], [19,23]/67, 67/[19,23], 67/[11,2], [11,2]/67, 67/[11,3], [11,3]/67, 67/[11,5], [11,5]/67, [11,13]/67, 67/[11,13], [11,19]/67, 67/[11,19], [11,11]/67, 67/[11,11], [11,17]/67, 67/[11,17], [11,23]/67, 67/[11,23], [17,13]/67, 67/[17,13], [17,19]/67, 67/[17,19], [17,11]/67, 67/[17,11], [17,17]/67, 67/[17,17], [17,23]/67, 67/[17,23], [23,13]/67, 67/[23,13], [23,19]/67, 67/[23,19], [23,11]/67, 67/[23,11], [23,17]/67, 67/[23,17], 67/2₀, 2₀/67, 67/2₁, 2₁/67, 67/3₀, 3₀/67, 67/3₁, 3₁/67, 67/5₀, 5₀/67, 67/5₁, 5₁/67, 67/7₀, 7₀/67, 67/7₁, 7₁/67, 67/11₀, 11₀/67, 67/11₁, 11₁/67, 1/67, [23,23]/97, 97/[23,23], 97/4, 4/97, 97/[2,3], [2,3]/97, 97/[2,5], [2,5]/97, 97/[2,7], [2,7]/97, 97/[2,11], [2,11]/97, 97/[3,2], [3,2]/97, 97/[3,3], [3,3]/97, 97/[3,5], [3,5]/97, 97/[5,2], [5,2]/97, 97/[5,3], [5,3]/97, 97/[5,5], [5,5]/97, 97/[7,2], [7,2]/97, 97/[7,3], [7,3]/97, 97/[7,5], [7,5]/97, 97/[13,2], [13,2]/97, 97/[13,3], [13,3]/97, 97/[13,5], [13,5]/97, [19,13]/97, 97/[19,13], [19,19]/97, 97/[19,19], [19,11]/97, 97/[19,11], [19,17]/97, 97/[19,17], [19,23]/97, 97/[19,23], 97/[11,2], [11,2]/97, 97/[11,3], [11,3]/97, 97/[11,5], [11,5]/97, 97/[17,2], [17,2]/97, 97/[17,3], [17,3]/97, 97/[17,5], [17,5]/97, [17,13]/97, 97/[17,13], [17,19]/97, 97/[17,19], [17,11]/97, 97/[17,11], [17,17]/97, 97/[17,17], [17,23]/97, 97/[17,23], [23,13]/97, 97/[23,13], [23,19]/97, 97/[23,19], [23,11]/97, 97/[23,11], [23,17]/97, 97/[23,17], 97/2₀, 2₀/97, 97/2₁, 2₁/97, 97/3₀, 3₀/97, 97/3₁, 3₁/97, 97/5₀, 5₀/97, 97/5₁, 5₁/97, 97/7₀, 7₀/97, 97/7₁, 7₁/97, 97/13₀, 13₀/97, 97/11₀, 11₀/97, 97/11₁, 11₁/97, 97/17₀, 17₀/97, 1/97, [23,23]/127, 127/[23,23], 127/4, 4/127, 127/[2,3], [2,3]/127, 127/[2,5], [2,5]/127, 127/[2,7], [2,7]/127, 127/[2,11], [2,11]/127, 127/[3,2], [3,2]/127, 127/[3,3], [3,3]/127, 127/[3,5], [3,5]/127, 127/[3,7], [3,7]/127, 127/[5,2], [5,2]/127, 127/[5,3], [5,3]/127, 127/[5,5], [5,5]/127, 127/[5,7], [5,7]/127, 127/[7,2], [7,2]/127, 127/[7,3], [7,3]/127, 127/[7,5], [7,5]/127, 127/[7,7], [7,7]/127, 127/[13,2], [13,2]/127, 127/[13,3], [13,3]/127, 127/[13,5], [13,5]/127, 127/[13,7], [13,7]/127, [19,13]/127, 127/[19,13], [19,19]/127, 127/[19,19], [19,11]/127, 127/[19,11], [19,17]/127, 127/[19,17], [19,23]/127, 127/[19,23], 127/[11,2], [11,2]/127, 127/[11,3], [11,3]/127, 127/[11,5], [11,5]/127, 127/[11,7], [11,7]/127, 127/[17,2], [17,2]/127, 127/[17,3], [17,3]/127, 127/[17,5], [17,5]/127, 127/[17,7], [17,7]/127, [17,13]/127, 127/[17,13], [17,19]/127, 127/[17,19], [17,11]/127, 127/[17,11], [17,17]/127, 127/[17,17], [17,23]/127, 127/[17,23], [23,13]/127, 127/[23,13], [23,19]/127, 127/[23,19], [23,11]/127, 127/[23,11], [23,17]/127, 127/[23,17], 127/2₀, 2₀/127, 127/2₁, 2₁/127, 127/3₀, 3₀/127, 127/3₁, 3₁/127, 127/5₀, 5₀/127, 127/5₁, 5₁/127, 127/7₀, 7₀/127, 127/7₁, 7₁/127, 127/13₀, 13₀/127, 127/11₀, 11₀/127, 127/11₁, 11₁/127, 127/17₀, 17₀/127, 1/127, [23,23]/[[8,2],4], [[8,2],4]/[23,23], [[8,2],4]/4, 4/[[8,2],4], [[8,2],4]/[2,3], [2,3]/[[8,2],4], [[8,2],4]/[2,5], [2,5]/[[8,2],4], [[8,2],4]/[2,7], [2,7]/[[8,2],4], [[8,2],4]/[2,11], [2,11]/[[8,2],4], [[8,2],4]/[3,2], [3,2]/[[8,2],4], [[8,2],4]/[5,2], [5,2]/[[8,2],4], [[8,2],4]/[7,2], [7,2]/[[8,2],4], [[8,2],4]/[13,2], [13,2]/[[8,2],4], [[8,2],4]/[19,2], [19,2]/[[8,2],4], [[8,2],4]/[11,2], [11,2]/[[8,2],4], [[8,2],4]/[17,2], [17,2]/[[8,2],4], [[8,2],4]/[23,2], [23,2]/[[8,2],4], [23,13]/[[8,2],4], [[8,2],4]/[23,13], [23,19]/[[8,2],4], [[8,2],4]/[23,19], [23,11]/[[8,2],4], [[8,2],4]/[23,11], [23,17]/[[8,2],4], [[8,2],4]/[23,17], [[8,2],4]/2₀, 2₀/[[8,2],4], [[8,2],4]/2₁, 2₁/[[8,2],4], [[8,2],4]/3₀, 3₀/[[8,2],4], [[8,2],4]/3₁, 3₁/[[8,2],4], [[8,2],4]/5₀, 5₀/[[8,2],4], [[8,2],4]/5₁, 5₁/[[8,2],4], [[8,2],4]/7₀, 7₀/[[8,2],4], [[8,2],4]/7₁, 7₁/[[8,2],4], [[8,2],4]/13₀, 13₀/[[8,2],4], [[8,2],4]/19₀, 19₀/[[8,2],4], [[8,2],4]/11₀, 11₀/[[8,2],4], [[8,2],4]/11₁, 11₁/[[8,2],4], [[8,2],4]/17₀, 17₀/[[8,2],4], [[8,2],4]/23₀, 23₀/[[8,2],4], 1/[[8,2],4], [23,23]/[59,3], [59,3]/[23,23], [59,3]/4, 4/[59,3], [59,3]/[2,3], [2,3]/[59,3], [59,3]/[2,5], [2,5]/[59,3], [59,3]/[2,7], [2,7]/[59,3], [59,3]/[2,13], [2,13]/[59,3], [59,3]/[2,11], [2,11]/[59,3], [59,3]/[2,17], [2,17]/[59,3], [59,3]/[3,2], [3,2]/[59,3], [59,3]/[3,3], [3,3]/[59,3], [59,3]/[3,5], [3,5]/[59,3], [59,3]/[3,7], [3,7]/[59,3], [59,3]/[3,13], [3,13]/[59,3], [59,3]/[3,11], [3,11]/[59,3], [59,3]/[5,2], [5,2]/[59,3], [59,3]/[5,3], [5,3]/[59,3], [59,3]/[5,5], [5,5]/[59,3], [59,3]/[5,7], [5,7]/[59,3], [59,3]/[5,13], [5,13]/[59,3], [59,3]/[5,11], [5,11]/[59,3], [59,3]/[7,2], [7,2]/[59,3], [59,3]/[7,3], [7,3]/[59,3], [59,3]/[7,5], [7,5]/[59,3], [59,3]/[7,7], [7,7]/[59,3], [59,3]/[7,13], [7,13]/[59,3], [59,3]/[7,11], [7,11]/[59,3], [59,3]/[13,2], [13,2]/[59,3], [59,3]/[13,3], [13,3]/[59,3], [59,3]/[13,5], [13,5]/[59,3], [59,3]/[13,7], [13,7]/[59,3], [59,3]/[13,13], [13,13]/[59,3], [13,19]/[59,3], [59,3]/[13,19], [59,3]/[13,11], [13,11]/[59,3], [13,17]/[59,3], [59,3]/[13,17], [13,23]/[59,3], [59,3]/[13,23], [19,19]/[59,3], [59,3]/[19,19], [19,17]/[59,3], [59,3]/[19,17], [19,23]/[59,3], [59,3]/[19,23], [59,3]/[11,2], [11,2]/[59,3], [59,3]/[11,3], [11,3]/[59,3], [59,3]/[11,5], [11,5]/[59,3], [59,3]/[11,7], [11,7]/[59,3], [59,3]/[11,13], [11,13]/[59,3], [59,3]/[11,11], [11,11]/[59,3], [17,19]/[59,3], [59,3]/[17,19], [17,17]/[59,3], [59,3]/[17,17], [17,23]/[59,3], [59,3]/[17,23], [23,19]/[59,3], [59,3]/[23,19], [23,17]/[59,3], [59,3]/[23,17], [59,3]/2₀, 2₀/[59,3], [59,3]/2₁, 2₁/[59,3], [59,3]/3₀, 3₀/[59,3], [59,3]/3₁, 3₁/[59,3], [59,3]/5₀, 5₀/[59,3], [59,3]/5₁, 5₁/[59,3], [59,3]/7₀, 7₀/[59,3], [59,3]/7₁, 7₁/[59,3], [59,3]/13₀, 13₀/[59,3], [59,3]/13₁, 13₁/[59,3], [59,3]/11₀, 11₀/[59,3], [59,3]/11₁, 11₁/[59,3], [59,3]/17₁, 17₁/[59,3], 1/[59,3], [23,23]/[17,[3,3]], [17,[3,3]]/[23,23], [17,[3,3]]/4, 4/[17,[3,3]], [17,[3,3]]/[2,3], [2,3]/[17,[3,3]], [17,[3,3]]/[2,5], [2,5]/[17,[3,3]], [17,[3,3]]/[2,7], [2,7]/[17,[3,3]], [17,[3,3]]/[2,13], [2,13]/[17,[3,3]], [17,[3,3]]/[2,11], [2,11]/[17,[3,3]], [17,[3,3]]/[2,17], [2,17]/[17,[3,3]], [17,[3,3]]/[3,2], [3,2]/[17,[3,3]], [17,[3,3]]/[3,3], [3,3]/[17,[3,3]], [17,[3,3]]/[3,5], [3,5]/[17,[3,3]], [17,[3,3]]/[3,7], [3,7]/[17,[3,3]], [17,[3,3]]/[5,2], [5,2]/[17,[3,3]], [17,[3,3]]/[5,3], [5,3]/[17,[3,3]], [17,[3,3]]/[5,5], [5,5]/[17,[3,3]], [17,[3,3]]/[5,7], [5,7]/[17,[3,3]], [17,[3,3]]/[7,2], [7,2]/[17,[3,3]], [17,[3,3]]/[7,3], [7,3]/[17,[3,3]], [17,[3,3]]/[7,5], [7,5]/[17,[3,3]], [17,[3,3]]/[7,7], [7,7]/[17,[3,3]], [17,[3,3]]/[13,2], [13,2]/[17,[3,3]], [17,[3,3]]/[13,3], [13,3]/[17,[3,3]], [17,[3,3]]/[13,5], [13,5]/[17,[3,3]], [17,[3,3]]/[13,7], [13,7]/[17,[3,3]], [17,[3,3]]/[19,2], [19,2]/[17,[3,3]], [17,[3,3]]/[19,3], [19,3]/[17,[3,3]], [17,[3,3]]/[19,5], [19,5]/[17,[3,3]], [17,[3,3]]/[19,7], [19,7]/[17,[3,3]], [19,19]/[17,[3,3]], [17,[3,3]]/[19,19], [19,17]/[17,[3,3]], [17,[3,3]]/[19,17], [19,23]/[17,[3,3]], [17,[3,3]]/[19,23], [17,[3,3]]/[11,2], [11,2]/[17,[3,3]], [17,[3,3]]/[11,3], [11,3]/[17,[3,3]], [17,[3,3]]/[11,5], [11,5]/[17,[3,3]], [17,[3,3]]/[11,7], [11,7]/[17,[3,3]], [17,[3,3]]/[17,2], [17,2]/[17,[3,3]], [17,[3,3]]/[17,3], [17,3]/[17,[3,3]], [17,[3,3]]/[17,5], [17,5]/[17,[3,3]], [17,[3,3]]/[17,7], [17,7]/[17,[3,3]], [23,19]/[17,[3,3]], [17,[3,3]]/[23,19], [23,17]/[17,[3,3]], [17,[3,3]]/[23,17], [17,[3,3]]/2₀, 2₀/[17,[3,3]], [17,[3,3]]/2₁, 2₁/[17,[3,3]], [17,[3,3]]/3₀, 3₀/[17,[3,3]], [17,[3,3]]/3₁, 3₁/[17,[3,3]], [17,[3,3]]/5₀, 5₀/[17,[3,3]], [17,[3,3]]/5₁, 5₁/[17,[3,3]], [17,[3,3]]/7₀, 7₀/[17,[3,3]], [17,[3,3]]/7₁, 7₁/[17,[3,3]], [17,[3,3]]/13₀, 13₀/[17,[3,3]], [17,[3,3]]/13₁, 13₁/[17,[3,3]], [17,[3,3]]/19₀, 19₀/[17,[3,3]], [17,[3,3]]/11₀, 11₀/[17,[3,3]], [17,[3,3]]/11₁, 11₁/[17,[3,3]], [17,[3,3]]/17₀, 17₀/[17,[3,3]], [17,[3,3]]/17₁, 17₁/[17,[3,3]], 1/[17,[3,3]], [23,23]/[17,[3,5]], [17,[3,5]]/[23,23], [17,[3,5]]/4, 4/[17,[3,5]], [17,[3,5]]/[2,3], [2,3]/[17,[3,5]], [17,[3,5]]/[2,5], [2,5]/[17,[3,5]], [17,[3,5]]/[2,7], [2,7]/[17,[3,5]], [17,[3,5]]/[2,13], [2,13]/[17,[3,5]], [17,[3,5]]/[2,11], [2,11]/[17,[3,5]], [17,[3,5]]/[2,17], [2,17]/[17,[3,5]], [17,[3,5]]/[3,2], [3,2]/[17,[3,5]], [17,[3,5]]/[3,3], [3,3]/[17,[3,5]], [17,[3,5]]/[3,5], [3,5]/[17,[3,5]], [17,[3,5]]/[3,7], [3,7]/[17,[3,5]], [17,[3,5]]/[3,13], [3,13]/[17,[3,5]], [17,[3,5]]/[3,11], [3,11]/[17,[3,5]], [17,[3,5]]/[5,2], [5,2]/[17,[3,5]], [17,[3,5]]/[5,3], [5,3]/[17,[3,5]], [17,[3,5]]/[5,5], [5,5]/[17,[3,5]], [17,[3,5]]/[5,7], [5,7]/[17,[3,5]], [17,[3,5]]/[5,13], [5,13]/[17,[3,5]], [17,[3,5]]/[5,11], [5,11]/[17,[3,5]], [17,[3,5]]/[7,2], [7,2]/[17,[3,5]], [17,[3,5]]/[7,3], [7,3]/[17,[3,5]], [17,[3,5]]/[7,5], [7,5]/[17,[3,5]], [17,[3,5]]/[7,7], [7,7]/[17,[3,5]], [17,[3,5]]/[7,13], [7,13]/[17,[3,5]], [17,[3,5]]/[7,11], [7,11]/[17,[3,5]], [17,[3,5]]/[13,2], [13,2]/[17,[3,5]], [17,[3,5]]/[13,3], [13,3]/[17,[3,5]], [17,[3,5]]/[13,5], [13,5]/[17,[3,5]], [17,[3,5]]/[13,7], [13,7]/[17,[3,5]], [17,[3,5]]/[13,13], [13,13]/[17,[3,5]], [17,[3,5]]/[13,11], [13,11]/[17,[3,5]], [17,[3,5]]/[19,2], [19,2]/[17,[3,5]], [17,[3,5]]/[19,3], [19,3]/[17,[3,5]], [17,[3,5]]/[19,5], [19,5]/[17,[3,5]], [17,[3,5]]/[19,7], [19,7]/[17,[3,5]], [17,[3,5]]/[19,13], [19,13]/[17,[3,5]], [19,19]/[17,[3,5]], [17,[3,5]]/[19,19], [17,[3,5]]/[19,11], [19,11]/[17,[3,5]], [19,17]/[17,[3,5]], [17,[3,5]]/[19,17], [19,23]/[17,[3,5]], [17,[3,5]]/[19,23], [17,[3,5]]/[11,2], [11,2]/[17,[3,5]], [17,[3,5]]/[11,3], [11,3]/[17,[3,5]], [17,[3,5]]/[11,5], [11,5]/[17,[3,5]], [17,[3,5]]/[11,7], [11,7]/[17,[3,5]], [17,[3,5]]/[11,13], [11,13]/[17,[3,5]], [17,[3,5]]/[11,11], [11,11]/[17,[3,5]], [17,[3,5]]/[17,2], [17,2]/[17,[3,5]], [17,[3,5]]/[17,3], [17,3]/[17,[3,5]], [17,[3,5]]/[17,5], [17,5]/[17,[3,5]], [17,[3,5]]/[17,7], [17,7]/[17,[3,5]], [17,[3,5]]/[17,13], [17,13]/[17,[3,5]], [17,[3,5]]/[17,11], [17,11]/[17,[3,5]], [23,19]/[17,[3,5]], [17,[3,5]]/[23,19], [23,17]/[17,[3,5]], [17,[3,5]]/[23,17], [17,[3,5]]/2₀, 2₀/[17,[3,5]], [17,[3,5]]/2₁, 2₁/[17,[3,5]], [17,[3,5]]/3₀, 3₀/[17,[3,5]], [17,[3,5]]/3₁, 3₁/[17,[3,5]], [17,[3,5]]/5₀, 5₀/[17,[3,5]], [17,[3,5]]/5₁, 5₁/[17,[3,5]], [17,[3,5]]/7₀, 7₀/[17,[3,5]], [17,[3,5]]/7₁, 7₁/[17,[3,5]], [17,[3,5]]/13₀, 13₀/[17,[3,5]], [17,[3,5]]/13₁, 13₁/[17,[3,5]], [17,[3,5]]/19₀, 19₀/[17,[3,5]], [17,[3,5]]/11₀, 11₀/[17,[3,5]], [17,[3,5]]/11₁, 11₁/[17,[3,5]], [17,[3,5]]/17₀, 17₀/[17,[3,5]], [17,[3,5]]/17₁, 17₁/[17,[3,5]], 1/[17,[3,5]], [23,23]/79, 79/[23,23], 79/4, 4/79, 79/[2,3], [2,3]/79, 79/[2,5], [2,5]/79, 79/[2,7], [2,7]/79, 79/[2,13], [2,13]/79, 79/[2,11], [2,11]/79, 79/[2,17], [2,17]/79, 79/[3,2], [3,2]/79, 79/[3,3], [3,3]/79, 79/[3,5], [3,5]/79, 79/[5,2], [5,2]/79, 79/[5,3], [5,3]/79, 79/[5,5], [5,5]/79, 79/[7,2], [7,2]/79, 79/[7,3], [7,3]/79, 79/[7,5], [7,5]/79, [13,19]/79, 79/[13,19], [13,17]/79, 79/[13,17], [13,23]/79, 79/[13,23], [19,19]/79, 79/[19,19], [19,17]/79, 79/[19,17], [19,23]/79, 79/[19,23], 79/[11,2], [11,2]/79, 79/[11,3], [11,3]/79, 79/[11,5], [11,5]/79, [11,19]/79, 79/[11,19], [11,17]/79, 79/[11,17], [11,23]/79, 79/[11,23], [17,19]/79, 79/[17,19], [17,17]/79, 79/[17,17], [17,23]/79, 79/[17,23], [23,19]/79, 79/[23,19], [23,17]/79, 79/[23,17], 79/2₀, 2₀/79, 79/2₁, 2₁/79, 79/3₀, 3₀/79, 79/3₁, 3₁/79, 79/5₀, 5₀/79, 79/5₁, 5₁/79, 79/7₀, 7₀/79, 79/7₁, 7₁/79, 79/13₁, 13₁/79, 79/11₀, 11₀/79, 79/11₁, 11₁/79, 79/17₁, 17₁/79, 1/79, [23,23]/151, 151/[23,23], 151/4, 4/151, 151/[2,3], [2,3]/151, 151/[2,5], [2,5]/151, 151/[2,7], [2,7]/151, 151/[2,13], [2,13]/151, 151/[2,11], [2,11]/151, 151/[2,17], [2,17]/151, 151/[3,2], [3,2]/151, 151/[3,3], [3,3]/151, 151/[3,5], [3,5]/151, 151/[3,7], [3,7]/151, 151/[3,13], [3,13]/151, 151/[3,11], [3,11]/151, 151/[5,2], [5,2]/151, 151/[5,3], [5,3]/151, 151/[5,5], [5,5]/151, 151/[5,7], [5,7]/151, 151/[5,13], [5,13]/151, 151/[5,11], [5,11]/151, 151/[7,2], [7,2]/151, 151/[7,3], [7,3]/151, 151/[7,5], [7,5]/151, 151/[7,7], [7,7]/151, 151/[7,13], [7,13]/151, 151/[7,11], [7,11]/151, [13,19]/151, 151/[13,19], [13,17]/151, 151/[13,17], [13,23]/151, 151/[13,23], [19,19]/151, 151/[19,19], [19,17]/151, 151/[19,17], [19,23]/151, 151/[19,23], 151/[11,2], [11,2]/151, 151/[11,3], [11,3]/151, 151/[11,5], [11,5]/151, 151/[11,7], [11,7]/151, 151/[11,13], [11,13]/151, [11,19]/151, 151/[11,19], 151/[11,11], [11,11]/151, [11,17]/151, 151/[11,17], [11,23]/151, 151/[11,23], [17,19]/151, 151/[17,19], [17,17]/151, 151/[17,17], [17,23]/151, 151/[17,23], [23,19]/151, 151/[23,19], [23,17]/151, 151/[23,17], 151/2₀, 2₀/151, 151/2₁, 2₁/151, 151/3₀, 3₀/151, 151/3₁, 3₁/151, 151/5₀, 5₀/151, 151/5₁, 5₁/151, 151/7₀, 7₀/151, 151/7₁, 7₁/151, 151/13₁, 13₁/151, 151/11₀, 11₀/151, 151/11₁, 11₁/151, 151/17₁, 17₁/151, 1/151, [23,23]/109, 109/[23,23], 109/4, 4/109, 109/[2,3], [2,3]/109, 109/[2,5], [2,5]/109, 109/[2,7], [2,7]/109, 109/[2,13], [2,13]/109, 109/[2,11], [2,11]/109, 109/[2,17], [2,17]/109, 109/[3,2], [3,2]/109, 109/[3,3], [3,3]/109, 109/[3,5], [3,5]/109, 109/[5,2], [5,2]/109, 109/[5,3], [5,3]/109, 109/[5,5], [5,5]/109, 109/[7,2], [7,2]/109, 109/[7,3], [7,3]/109, 109/[7,5], [7,5]/109, 109/[13,2], [13,2]/109, 109/[13,3], [13,3]/109, 109/[13,5], [13,5]/109, [19,19]/109, 109/[19,19], [19,17]/109, 109/[19,17], [19,23]/109, 109/[19,23], 109/[11,2], [11,2]/109, 109/[11,3], [11,3]/109, 109/[11,5], [11,5]/109, 109/[17,2], [17,2]/109, 109/[17,3], [17,3]/109, 109/[17,5], [17,5]/109, [17,19]/109, 109/[17,19], [17,17]/109, 109/[17,17], [17,23]/109, 109/[17,23], [23,19]/109, 109/[23,19], [23,17]/109, 109/[23,17], 109/2₀, 2₀/109, 109/2₁, 2₁/109, 109/3₀, 3₀/109, 109/3₁, 3₁/109, 109/5₀, 5₀/109, 109/5₁, 5₁/109, 109/7₀, 7₀/109, 109/7₁, 7₁/109, 109/13₀, 13₀/109, 109/13₁, 13₁/109, 109/11₀, 11₀/109, 109/11₁, 11₁/109, 109/17₀, 17₀/109, 109/17₁, 17₁/109, 1/109, [23,23]/139, 139/[23,23], 139/4, 4/139, 139/[2,3], [2,3]/139, 139/[2,5], [2,5]/139, 139/[2,7], [2,7]/139, 139/[2,13], [2,13]/139, 139/[2,11], [2,11]/139, 139/[2,17], [2,17]/139, 139/[3,2], [3,2]/139, 139/[3,3], [3,3]/139, 139/[3,5], [3,5]/139, 139/[3,7], [3,7]/139, 139/[5,2], [5,2]/139, 139/[5,3], [5,3]/139, 139/[5,5], [5,5]/139, 139/[5,7], [5,7]/139, 139/[7,2], [7,2]/139, 139/[7,3], [7,3]/139, 139/[7,5], [7,5]/139, 139/[7,7], [7,7]/139, 139/[13,2], [13,2]/139, 139/[13,3], [13,3]/139, 139/[13,5], [13,5]/139, 139/[13,7], [13,7]/139, [19,19]/139, 139/[19,19], [19,17]/139, 139/[19,17], [19,23]/139, 139/[19,23], 139/[11,2], [11,2]/139, 139/[11,3], [11,3]/139, 139/[11,5], [11,5]/139, 139/[11,7], [11,7]/139, 139/[17,2], [17,2]/139, 139/[17,3], [17,3]/139, 139/[17,5], [17,5]/139, 139/[17,7], [17,7]/139, [17,19]/139, 139/[17,19], [17,17]/139, 139/[17,17], [17,23]/139, 139/[17,23], [23,19]/139, 139/[23,19], [23,17]/139, 139/[23,17], 139/2₀, 2₀/139, 139/2₁, 2₁/139, 139/3₀, 3₀/139, 139/3₁, 3₁/139, 139/5₀, 5₀/139, 139/5₁, 5₁/139, 139/7₀, 7₀/139, 139/7₁, 7₁/139, 139/13₀, 13₀/139, 139/13₁, 13₁/139, 139/11₀, 11₀/139, 139/11₁, 11₁/139, 139/17₀, 17₀/139, 139/17₁, 17₁/139, 1/139, [23,23]/229, 229/[23,23], 229/4, 4/229, 229/[2,3], [2,3]/229, 229/[2,5], [2,5]/229, 229/[2,7], [2,7]/229, 229/[2,13], [2,13]/229, 229/[2,11], [2,11]/229, 229/[2,17], [2,17]/229, 229/[3,2], [3,2]/229, 229/[3,3], [3,3]/229, 229/[3,5], [3,5]/229, 229/[3,7], [3,7]/229, 229/[3,13], [3,13]/229, 229/[3,11], [3,11]/229, 229/[5,2], [5,2]/229, 229/[5,3], [5,3]/229, 229/[5,5], [5,5]/229, 229/[5,7], [5,7]/229, 229/[5,13], [5,13]/229, 229/[5,11], [5,11]/229, 229/[7,2], [7,2]/229, 229/[7,3], [7,3]/229, 229/[7,5], [7,5]/229, 229/[7,7], [7,7]/229, 229/[7,13], [7,13]/229, 229/[7,11], [7,11]/229, 229/[13,2], [13,2]/229, 229/[13,3], [13,3]/229, 229/[13,5], [13,5]/229, 229/[13,7], [13,7]/229, 229/[13,13], [13,13]/229, 229/[13,11], [13,11]/229, [19,19]/229, 229/[19,19], [19,17]/229, 229/[19,17], [19,23]/229, 229/[19,23], 229/[11,2], [11,2]/229, 229/[11,3], [11,3]/229, 229/[11,5], [11,5]/229, 229/[11,7], [11,7]/229, 229/[11,13], [11,13]/229, 229/[11,11], [11,11]/229, 229/[17,2], [17,2]/229, 229/[17,3], [17,3]/229, 229/[17,5], [17,5]/229, 229/[17,7], [17,7]/229, 229/[17,13], [17,13]/229, [17,19]/229, 229/[17,19], 229/[17,11], [17,11]/229, [17,17]/229, 229/[17,17], [17,23]/229, 229/[17,23], [23,19]/229, 229/[23,19], [23,17]/229, 229/[23,17], 229/2₀, 2₀/229, 229/2₁, 2₁/229, 229/3₀, 3₀/229, 229/3₁, 3₁/229, 229/5₀, 5₀/229, 229/5₁, 5₁/229, 229/7₀, 7₀/229, 229/7₁, 7₁/229, 229/13₀, 13₀/229, 229/13₁, 13₁/229, 229/11₀, 11₀/229, 229/11₁, 11₁/229, 229/17₀, 17₀/229, 229/17₁, 17₁/229, 1/229, [23,23]/199, 199/[23,23], 199/4, 4/199, 199/[2,3], [2,3]/199, 199/[2,5], [2,5]/199, 199/[2,7], [2,7]/199, 199/[2,13], [2,13]/199, 199/[2,11], [2,11]/199, 199/[2,17], [2,17]/199, 199/[3,2], [3,2]/199, 199/[3,3], [3,3]/199, 199/[3,5], [3,5]/199, 199/[3,7], [3,7]/199, 199/[3,11], [3,11]/199, 199/[5,2], [5,2]/199, 199/[5,3], [5,3]/199, 199/[5,5], [5,5]/199, 199/[5,7], [5,7]/199, 199/[5,11], [5,11]/199, 199/[7,2], [7,2]/199, 199/[7,3], [7,3]/199, 199/[7,5], [7,5]/199, 199/[7,7], [7,7]/199, 199/[7,11], [7,11]/199, 199/[13,2], [13,2]/199, 199/[13,3], [13,3]/199, 199/[13,5], [13,5]/199, 199/[13,7], [13,7]/199, 199/[13,11], [13,11]/199, [19,19]/199, 199/[19,19], [19,17]/199, 199/[19,17], [19,23]/199, 199/[19,23], 199/[11,2], [11,2]/199, 199/[11,3], [11,3]/199, 199/[11,5], [11,5]/199, 199/[11,7], [11,7]/199, 199/[11,11], [11,11]/199, 199/[17,2], [17,2]/199, 199/[17,3], [17,3]/199, 199/[17,5], [17,5]/199, 199/[17,7], [17,7]/199, [17,19]/199, 199/[17,19], 199/[17,11], [17,11]/199, [17,17]/199, 199/[17,17], [17,23]/199, 199/[17,23], [23,19]/199, 199/[23,19], [23,17]/199, 199/[23,17], 199/2₀, 2₀/199, 199/2₁, 2₁/199, 199/3₀, 3₀/199, 199/3₁, 3₁/199, 199/5₀, 5₀/199, 199/5₁, 5₁/199, 199/7₀, 7₀/199, 199/7₁, 7₁/199, 199/13₀, 13₀/199, 199/13₁, 13₁/199, 199/11₀, 11₀/199, 199/11₁, 11₁/199, 199/17₀, 17₀/199, 199/17₁, 17₁/199, 1/199, [23,23]/[53,5], [53,5]/[23,23], [53,5]/4, 4/[53,5], [53,5]/[2,3], [2,3]/[53,5], [53,5]/[2,5], [2,5]/[53,5], [53,5]/[2,7], [2,7]/[53,5], [53,5]/[2,13], [2,13]/[53,5], [53,5]/[2,11], [2,11]/[53,5], [53,5]/[2,17], [2,17]/[53,5], [53,5]/[3,2], [3,2]/[53,5], [53,5]/[3,3], [3,3]/[53,5], [53,5]/[3,5], [3,5]/[53,5], [53,5]/[3,7], [3,7]/[53,5], [53,5]/[3,11], [3,11]/[53,5], [53,5]/[5,2], [5,2]/[53,5], [53,5]/[5,3], [5,3]/[53,5], [53,5]/[5,5], [5,5]/[53,5], [53,5]/[5,7], [5,7]/[53,5], [53,5]/[5,11], [5,11]/[53,5], [53,5]/[7,2], [7,2]/[53,5], [53,5]/[7,3], [7,3]/[53,5], [53,5]/[7,5], [7,5]/[53,5], [53,5]/[7,7], [7,7]/[53,5], [53,5]/[7,11], [7,11]/[53,5], [53,5]/[13,2], [13,2]/[53,5], [53,5]/[13,3], [13,3]/[53,5], [53,5]/[13,5], [13,5]/[53,5], [53,5]/[13,7], [13,7]/[53,5], [53,5]/[13,11], [13,11]/[53,5], [53,5]/[19,2], [19,2]/[53,5], [53,5]/[19,3], [19,3]/[53,5], [53,5]/[19,5], [19,5]/[53,5], [53,5]/[19,7], [19,7]/[53,5], [53,5]/[19,11], [19,11]/[53,5], [53,5]/[11,2], [11,2]/[53,5], [53,5]/[11,3], [11,3]/[53,5], [53,5]/[11,5], [11,5]/[53,5], [53,5]/[11,7], [11,7]/[53,5], [53,5]/[11,11], [11,11]/[53,5], [53,5]/[17,2], [17,2]/[53,5], [53,5]/[17,3], [17,3]/[53,5], [53,5]/[17,5], [17,5]/[53,5], [53,5]/[17,7], [17,7]/[53,5], [53,5]/[17,11], [17,11]/[53,5], [53,5]/[23,2], [23,2]/[53,5], [53,5]/[23,3], [23,3]/[53,5], [53,5]/[23,5], [23,5]/[53,5], [53,5]/[23,7], [23,7]/[53,5], [23,19]/[53,5], [53,5]/[23,19], [53,5]/[23,11], [23,11]/[53,5], [23,17]/[53,5], [53,5]/[23,17], [53,5]/2₀, 2₀/[53,5], [53,5]/2₁, 2₁/[53,5], [53,5]/3₀, 3₀/[53,5], [53,5]/3₁, 3₁/[53,5], [53,5]/5₀, 5₀/[53,5], [53,5]/5₁, 5₁/[53,5], [53,5]/7₀, 7₀/[53,5], [53,5]/7₁, 7₁/[53,5], [53,5]/13₀, 13₀/[53,5], [53,5]/13₁, 13₁/[53,5], [53,5]/19₀, 19₀/[53,5], [53,5]/11₀, 11₀/[53,5], [53,5]/11₁, 11₁/[53,5], [53,5]/17₀, 17₀/[53,5], [53,5]/17₁, 17₁/[53,5], [53,5]/23₀, 23₀/[53,5], 1/[53,5], [23,23]/[[3,7],[3,3]], [[3,7],[3,3]]/[23,23], [[3,7],[3,3]]/4, 4/[[3,7],[3,3]], [[3,7],[3,3]]/[2,3], [2,3]/[[3,7],[3,3]], [[3,7],[3,3]]/[2,5], [2,5]/[[3,7],[3,3]], [[3,7],[3,3]]/[2,7], [2,7]/[[3,7],[3,3]], [[3,7],[3,3]]/[2,13], [2,13]/[[3,7],[3,3]], [[3,7],[3,3]]/[2,19], [2,19]/[[3,7],[3,3]], [[3,7],[3,3]]/[2,11], [2,11]/[[3,7],[3,3]], [[3,7],[3,3]]/[2,17], [2,17]/[[3,7],[3,3]], [[3,7],[3,3]]/[2,23], [2,23]/[[3,7],[3,3]], [[3,7],[3,3]]/[3,2], [3,2]/[[3,7],[3,3]], [[3,7],[3,3]]/[3,3], [3,3]/[[3,7],[3,3]], [[3,7],[3,3]]/[3,5], [3,5]/[[3,7],[3,3]], [[3,7],[3,3]]/[3,7], [3,7]/[[3,7],[3,3]], [[3,7],[3,3]]/[3,13], [3,13]/[[3,7],[3,3]], [[3,7],[3,3]]/[3,11], [3,11]/[[3,7],[3,3]], [[3,7],[3,3]]/[5,2], [5,2]/[[3,7],[3,3]], [[3,7],[3,3]]/[5,3], [5,3]/[[3,7],[3,3]], [[3,7],[3,3]]/[5,5], [5,5]/[[3,7],[3,3]], [[3,7],[3,3]]/[5,7], [5,7]/[[3,7],[3,3]], [[3,7],[3,3]]/[5,13], [5,13]/[[3,7],[3,3]], [[3,7],[3,3]]/[5,11], [5,11]/[[3,7],[3,3]], [[3,7],[3,3]]/[7,2], [7,2]/[[3,7],[3,3]], [[3,7],[3,3]]/[7,3], [7,3]/[[3,7],[3,3]], [[3,7],[3,3]]/[7,5], [7,5]/[[3,7],[3,3]], [[3,7],[3,3]]/[7,7], [7,7]/[[3,7],[3,3]], [[3,7],[3,3]]/[7,13], [7,13]/[[3,7],[3,3]], [[3,7],[3,3]]/[7,11], [7,11]/[[3,7],[3,3]], [[3,7],[3,3]]/[13,2], [13,2]/[[3,7],[3,3]], [[3,7],[3,3]]/[13,3], [13,3]/[[3,7],[3,3]], [[3,7],[3,3]]/[13,5], [13,5]/[[3,7],[3,3]], [[3,7],[3,3]]/[13,7], [13,7]/[[3,7],[3,3]], [[3,7],[3,3]]/[13,13], [13,13]/[[3,7],[3,3]], [[3,7],[3,3]]/[13,11], [13,11]/[[3,7],[3,3]], [13,23]/[[3,7],[3,3]], [[3,7],[3,3]]/[13,23], [19,23]/[[3,7],[3,3]], [[3,7],[3,3]]/[19,23], [[3,7],[3,3]]/[11,2], [11,2]/[[3,7],[3,3]], [[3,7],[3,3]]/[11,3], [11,3]/[[3,7],[3,3]], [[3,7],[3,3]]/[11,5], [11,5]/[[3,7],[3,3]], [[3,7],[3,3]]/[11,7], [11,7]/[[3,7],[3,3]], [[3,7],[3,3]]/[11,13], [11,13]/[[3,7],[3,3]], [[3,7],[3,3]]/[11,11], [11,11]/[[3,7],[3,3]], [17,23]/[[3,7],[3,3]], [[3,7],[3,3]]/[17,23], [[3,7],[3,3]]/2₀, 2₀/[[3,7],[3,3]], [[3,7],[3,3]]/2₁, 2₁/[[3,7],[3,3]], [[3,7],[3,3]]/3₀, 3₀/[[3,7],[3,3]], [[3,7],[3,3]]/3₁, 3₁/[[3,7],[3,3]], [[3,7],[3,3]]/5₀, 5₀/[[3,7],[3,3]], [[3,7],[3,3]]/5₁, 5₁/[[3,7],[3,3]], [[3,7],[3,3]]/7₀, 7₀/[[3,7],[3,3]], [[3,7],[3,3]]/7₁, 7₁/[[3,7],[3,3]], [[3,7],[3,3]]/13₀, 13₀/[[3,7],[3,3]], [[3,7],[3,3]]/13₁, 13₁/[[3,7],[3,3]], [[3,7],[3,3]]/19₁, 19₁/[[3,7],[3,3]], [[3,7],[3,3]]/11₀, 11₀/[[3,7],[3,3]], [[3,7],[3,3]]/11₁, 11₁/[[3,7],[3,3]], [[3,7],[3,3]]/17₁, 17₁/[[3,7],[3,3]], [[3,7],[3,3]]/23₁, 23₁/[[3,7],[3,3]], 1/[[3,7],[3,3]], [23,23]/167, 167/[23,23], 167/4, 4/167, 167/[2,3], [2,3]/167, 167/[2,5], [2,5]/167, 167/[2,7], [2,7]/167, 167/[2,13], [2,13]/167, 167/[2,19], [2,19]/167, 167/[2,11], [2,11]/167, 167/[2,17], [2,17]/167, 167/[2,23], [2,23]/167, 167/[3,2], [3,2]/167, 167/[3,3], [3,3]/167, 167/[3,5], [3,5]/167, 167/[3,7], [3,7]/167, 167/[3,11], [3,11]/167, 167/[5,2], [5,2]/167, 167/[5,3], [5,3]/167, 167/[5,5], [5,5]/167, 167/[5,7], [5,7]/167, 167/[5,11], [5,11]/167, 167/[7,2], [7,2]/167, 167/[7,3], [7,3]/167, 167/[7,5], [7,5]/167, 167/[7,7], [7,7]/167, 167/[7,11], [7,11]/167, 167/[13,2], [13,2]/167, 167/[13,3], [13,3]/167, 167/[13,5], [13,5]/167, 167/[13,7], [13,7]/167, 167/[13,11], [13,11]/167, [13,23]/167, 167/[13,23], [19,23]/167, 167/[19,23], 167/[11,2], [11,2]/167, 167/[11,3], [11,3]/167, 167/[11,5], [11,5]/167, 167/[11,7], [11,7]/167, 167/[11,11], [11,11]/167, [17,23]/167, 167/[17,23], 167/2₀, 2₀/167, 167/2₁, 2₁/167, 167/3₀, 3₀/167, 167/3₁, 3₁/167, 167/5₀, 5₀/167, 167/5₁, 5₁/167, 167/7₀, 7₀/167, 167/7₁, 7₁/167, 167/13₀, 13₀/167, 167/13₁, 13₁/167, 167/19₁, 19₁/167, 167/11₀, 11₀/167, 167/11₁, 11₁/167, 167/17₁, 17₁/167, 167/23₁, 23₁/167, 1/167, [23,23]/[[3,5],11], [[3,5],11]/[23,23], [[3,5],11]/4, 4/[[3,5],11], [[3,5],11]/[2,3], [2,3]/[[3,5],11], [[3,5],11]/[2,5], [2,5]/[[3,5],11], [[3,5],11]/[2,7], [2,7]/[[3,5],11], [[3,5],11]/[2,13], [2,13]/[[3,5],11], [[3,5],11]/[2,19], [2,19]/[[3,5],11], [[3,5],11]/[2,11], [2,11]/[[3,5],11], [[3,5],11]/[2,17], [2,17]/[[3,5],11], [[3,5],11]/[2,23], [2,23]/[[3,5],11], [[3,5],11]/[3,2], [3,2]/[[3,5],11], [[3,5],11]/[3,3], [3,3]/[[3,5],11], [[3,5],11]/[3,5], [3,5]/[[3,5],11], [[3,5],11]/[3,7], [3,7]/[[3,5],11], [[3,5],11]/[5,2], [5,2]/[[3,5],11], [[3,5],11]/[5,3], [5,3]/[[3,5],11], [[3,5],11]/[5,5], [5,5]/[[3,5],11], [[3,5],11]/[5,7], [5,7]/[[3,5],11], [[3,5],11]/[7,2], [7,2]/[[3,5],11], [[3,5],11]/[7,3], [7,3]/[[3,5],11], [[3,5],11]/[7,5], [7,5]/[[3,5],11], [[3,5],11]/[7,7], [7,7]/[[3,5],11], [[3,5],11]/[13,2], [13,2]/[[3,5],11], [[3,5],11]/[13,3], [13,3]/[[3,5],11], [[3,5],11]/[13,5], [13,5]/[[3,5],11], [[3,5],11]/[13,7], [13,7]/[[3,5],11], [[3,5],11]/[19,2], [19,2]/[[3,5],11], [[3,5],11]/[19,3], [19,3]/[[3,5],11], [[3,5],11]/[19,5], [19,5]/[[3,5],11], [[3,5],11]/[19,7], [19,7]/[[3,5],11], [19,23]/[[3,5],11], [[3,5],11]/[19,23], [[3,5],11]/[11,2], [11,2]/[[3,5],11], [[3,5],11]/[11,3], [11,3]/[[3,5],11], [[3,5],11]/[11,5], [11,5]/[[3,5],11], [[3,5],11]/[11,7], [11,7]/[[3,5],11], [[3,5],11]/[17,2], [17,2]/[[3,5],11], [[3,5],11]/[17,3], [17,3]/[[3,5],11], [[3,5],11]/[17,5], [17,5]/[[3,5],11], [[3,5],11]/[17,7], [17,7]/[[3,5],11], [[3,5],11]/2₀, 2₀/[[3,5],11], [[3,5],11]/2₁, 2₁/[[3,5],11], [[3,5],11]/3₀, 3₀/[[3,5],11], [[3,5],11]/3₁, 3₁/[[3,5],11], [[3,5],11]/5₀, 5₀/[[3,5],11], [[3,5],11]/5₁, 5₁/[[3,5],11], [[3,5],11]/7₀, 7₀/[[3,5],11], [[3,5],11]/7₁, 7₁/[[3,5],11], [[3,5],11]/13₀, 13₀/[[3,5],11], [[3,5],11]/13₁, 13₁/[[3,5],11], [[3,5],11]/19₀, 19₀/[[3,5],11], [[3,5],11]/19₁, 19₁/[[3,5],11], [[3,5],11]/11₀, 11₀/[[3,5],11], [[3,5],11]/11₁, 11₁/[[3,5],11], [[3,5],11]/17₀, 17₀/[[3,5],11], [[3,5],11]/17₁, 17₁/[[3,5],11], [[3,5],11]/23₁, 23₁/[[3,5],11], 1/[[3,5],11], [23,23]/[89,3], [89,3]/[23,23], [89,3]/4, 4/[89,3], [89,3]/[2,3], [2,3]/[89,3], [89,3]/[2,5], [2,5]/[89,3], [89,3]/[2,7], [2,7]/[89,3], [89,3]/[2,13], [2,13]/[89,3], [89,3]/[2,19], [2,19]/[89,3], [89,3]/[2,11], [2,11]/[89,3], [89,3]/[2,17], [2,17]/[89,3], [89,3]/[2,23], [2,23]/[89,3], [89,3]/[3,2], [3,2]/[89,3], [89,3]/[3,3], [3,3]/[89,3], [89,3]/[3,5], [3,5]/[89,3], [89,3]/[3,7], [3,7]/[89,3], [89,3]/[3,13], [3,13]/[89,3], [89,3]/[3,11], [3,11]/[89,3], [89,3]/[5,2], [5,2]/[89,3], [89,3]/[5,3], [5,3]/[89,3], [89,3]/[5,5], [5,5]/[89,3], [89,3]/[5,7], [5,7]/[89,3], [89,3]/[5,13], [5,13]/[89,3], [89,3]/[5,11], [5,11]/[89,3], [89,3]/[7,2], [7,2]/[89,3], [89,3]/[7,3], [7,3]/[89,3], [89,3]/[7,5], [7,5]/[89,3], [89,3]/[7,7], [7,7]/[89,3], [89,3]/[7,13], [7,13]/[89,3], [89,3]/[7,11], [7,11]/[89,3], [89,3]/[13,2], [13,2]/[89,3], [89,3]/[13,3], [13,3]/[89,3], [89,3]/[13,5], [13,5]/[89,3], [89,3]/[13,7], [13,7]/[89,3], [89,3]/[13,13], [13,13]/[89,3], [89,3]/[13,11], [13,11]/[89,3], [89,3]/[19,2], [19,2]/[89,3], [89,3]/[19,3], [19,3]/[89,3], [89,3]/[19,5], [19,5]/[89,3], [89,3]/[19,7], [19,7]/[89,3], [89,3]/[19,13], [19,13]/[89,3], [89,3]/[19,11], [19,11]/[89,3], [19,23]/[89,3], [89,3]/[19,23], [89,3]/[11,2], [11,2]/[89,3], [89,3]/[11,3], [11,3]/[89,3], [89,3]/[11,5], [11,5]/[89,3], [89,3]/[11,7], [11,7]/[89,3], [89,3]/[11,13], [11,13]/[89,3], [89,3]/[11,11], [11,11]/[89,3], [89,3]/[17,2], [17,2]/[89,3], [89,3]/[17,3], [17,3]/[89,3], [89,3]/[17,5], [17,5]/[89,3], [89,3]/[17,7], [17,7]/[89,3], [89,3]/[17,13], [17,13]/[89,3], [89,3]/[17,11], [17,11]/[89,3], [89,3]/2₀, 2₀/[89,3], [89,3]/2₁, 2₁/[89,3], [89,3]/3₀, 3₀/[89,3], [89,3]/3₁, 3₁/[89,3], [89,3]/5₀, 5₀/[89,3], [89,3]/5₁, 5₁/[89,3], [89,3]/7₀, 7₀/[89,3], [89,3]/7₁, 7₁/[89,3], [89,3]/13₀, 13₀/[89,3], [89,3]/13₁, 13₁/[89,3], [89,3]/19₀, 19₀/[89,3], [89,3]/19₁, 19₁/[89,3], [89,3]/11₀, 11₀/[89,3], [89,3]/11₁, 11₁/[89,3], [89,3]/17₀, 17₀/[89,3], [89,3]/17₁, 17₁/[89,3], [89,3]/23₁, 23₁/[89,3], 1/[89,3], [23,23]/163, 163/[23,23], 163/4, 4/163, 163/[2,3], [2,3]/163, 163/[2,5], [2,5]/163, 163/[2,7], [2,7]/163, 163/[2,13], [2,13]/163, 163/[2,19], [2,19]/163, 163/[2,11], [2,11]/163, 163/[2,17], [2,17]/163, 163/[2,23], [2,23]/163, 163/[3,2], [3,2]/163, 163/[3,3], [3,3]/163, 163/[3,5], [3,5]/163, 163/[3,7], [3,7]/163, 163/[3,13], [3,13]/163, 163/[3,11], [3,11]/163, 163/[5,2], [5,2]/163, 163/[5,3], [5,3]/163, 163/[5,5], [5,5]/163, 163/[5,7], [5,7]/163, 163/[5,13], [5,13]/163, 163/[5,11], [5,11]/163, 163/[7,2], [7,2]/163, 163/[7,3], [7,3]/163, 163/[7,5], [7,5]/163, 163/[7,7], [7,7]/163, 163/[7,13], [7,13]/163, 163/[7,11], [7,11]/163, [13,23]/163, 163/[13,23], [19,23]/163, 163/[19,23], 163/[11,2], [11,2]/163, 163/[11,3], [11,3]/163, 163/[11,5], [11,5]/163, 163/[11,7], [11,7]/163, 163/[11,13], [11,13]/163, 163/[11,11], [11,11]/163, [11,23]/163, 163/[11,23], [17,23]/163, 163/[17,23], 163/2₀, 2₀/163, 163/2₁, 2₁/163, 163/3₀, 3₀/163, 163/3₁, 3₁/163, 163/5₀, 5₀/163, 163/5₁, 5₁/163, 163/7₀, 7₀/163, 163/7₁, 7₁/163, 163/13₁, 13₁/163, 163/19₁, 19₁/163, 163/11₀, 11₀/163, 163/11₁, 11₁/163, 163/17₁, 17₁/163, 163/23₁, 23₁/163, 1/163, [23,23]/[31,7], [31,7]/[23,23], [31,7]/4, 4/[31,7], [31,7]/[2,3], [2,3]/[31,7], [31,7]/[2,5], [2,5]/[31,7], [31,7]/[2,7], [2,7]/[31,7], [31,7]/[2,13], [2,13]/[31,7], [31,7]/[2,19], [2,19]/[31,7], [31,7]/[2,11], [2,11]/[31,7], [31,7]/[2,17], [2,17]/[31,7], [31,7]/[2,23], [2,23]/[31,7], [31,7]/[3,2], [3,2]/[31,7], [31,7]/[3,3], [3,3]/[31,7], [31,7]/[3,5], [3,5]/[31,7], [31,7]/[3,7], [3,7]/[31,7], [31,7]/[3,13], [3,13]/[31,7], [31,7]/[3,19], [3,19]/[31,7], [31,7]/[3,11], [3,11]/[31,7], [31,7]/[3,17], [3,17]/[31,7], [31,7]/[5,2], [5,2]/[31,7], [31,7]/[5,3], [5,3]/[31,7], [31,7]/[5,5], [5,5]/[31,7], [31,7]/[5,7], [5,7]/[31,7], [31,7]/[5,13], [5,13]/[31,7], [31,7]/[5,19], [5,19]/[31,7], [31,7]/[5,11], [5,11]/[31,7], [31,7]/[5,17], [5,17]/[31,7], [31,7]/[7,2], [7,2]/[31,7], [31,7]/[7,3], [7,3]/[31,7], [31,7]/[7,5], [7,5]/[31,7], [31,7]/[7,7], [7,7]/[31,7], [31,7]/[7,13], [7,13]/[31,7], [31,7]/[7,19], [7,19]/[31,7], [31,7]/[7,11], [7,11]/[31,7], [31,7]/[7,17], [7,17]/[31,7], [13,23]/[31,7], [31,7]/[13,23], [19,23]/[31,7], [31,7]/[19,23], [31,7]/[11,2], [11,2]/[31,7], [31,7]/[11,3], [11,3]/[31,7], [31,7]/[11,5], [11,5]/[31,7], [31,7]/[11,7], [11,7]/[31,7], [31,7]/[11,13], [11,13]/[31,7], [31,7]/[11,19], [11,19]/[31,7], [31,7]/[11,11], [11,11]/[31,7], [31,7]/[11,17], [11,17]/[31,7], [11,23]/[31,7], [31,7]/[11,23], [17,23]/[31,7], [31,7]/[17,23], [31,7]/2₀, 2₀/[31,7], [31,7]/2₁, 2₁/[31,7], [31,7]/3₀, 3₀/[31,7], [31,7]/3₁, 3₁/[31,7], [31,7]/5₀, 5₀/[31,7], [31,7]/5₁, 5₁/[31,7], [31,7]/7₀, 7₀/[31,7], [31,7]/7₁, 7₁/[31,7], [31,7]/13₁, 13₁/[31,7], [31,7]/19₁, 19₁/[31,7], [31,7]/11₀, 11₀/[31,7], [31,7]/11₁, 11₁/[31,7], [31,7]/17₁, 17₁/[31,7], [31,7]/23₁, 23₁/[31,7], 1/[31,7], [23,23]/241, 241/[23,23], 241/4, 4/241, 241/[2,3], [2,3]/241, 241/[2,5], [2,5]/241, 241/[2,7], [2,7]/241, 241/[2,13], [2,13]/241, 241/[2,19], [2,19]/241, 241/[2,11], [2,11]/241, 241/[2,17], [2,17]/241, 241/[2,23], [2,23]/241, 241/[3,2], [3,2]/241, 241/[3,3], [3,3]/241, 241/[3,5], [3,5]/241, 241/[3,7], [3,7]/241, 241/[3,13], [3,13]/241, 241/[3,11], [3,11]/241, 241/[5,2], [5,2]/241, 241/[5,3], [5,3]/241, 241/[5,5], [5,5]/241, 241/[5,7], [5,7]/241, 241/[5,13], [5,13]/241, 241/[5,11], [5,11]/241, 241/[7,2], [7,2]/241, 241/[7,3], [7,3]/241, 241/[7,5], [7,5]/241, 241/[7,7], [7,7]/241, 241/[7,13], [7,13]/241, 241/[7,11], [7,11]/241, 241/[13,2], [13,2]/241, 241/[13,3], [13,3]/241, 241/[13,5], [13,5]/241, 241/[13,7], [13,7]/241, 241/[13,13], [13,13]/241, 241/[13,11], [13,11]/241, [19,23]/241, 241/[19,23], 241/[11,2], [11,2]/241, 241/[11,3], [11,3]/241, 241/[11,5], [11,5]/241, 241/[11,7], [11,7]/241, 241/[11,13], [11,13]/241, 241/[11,11], [11,11]/241, 241/[17,2], [17,2]/241, 241/[17,3], [17,3]/241, 241/[17,5], [17,5]/241, 241/[17,7], [17,7]/241, 241/[17,13], [17,13]/241, 241/[17,11], [17,11]/241, [17,23]/241, 241/[17,23], 241/2₀, 2₀/241, 241/2₁, 2₁/241, 241/3₀, 3₀/241, 241/3₁, 3₁/241, 241/5₀, 5₀/241, 241/5₁, 5₁/241, 241/7₀, 7₀/241, 241/7₁, 7₁/241, 241/13₀, 13₀/241, 241/13₁, 13₁/241, 241/19₁, 19₁/241, 241/11₀, 11₀/241, 241/11₁, 11₁/241, 241/17₀, 17₀/241, 241/17₁, 17₁/241, 241/23₁, 23₁/241, 1/241, [23,23]/211, 211/[23,23], 211/4, 4/211, 211/[2,3], [2,3]/211, 211/[2,5], [2,5]/211, 211/[2,7], [2,7]/211, 211/[2,13], [2,13]/211, 211/[2,19], [2,19]/211, 211/[2,11], [2,11]/211, 211/[2,17], [2,17]/211, 211/[2,23], [2,23]/211, 211/[3,2], [3,2]/211, 211/[3,3], [3,3]/211, 211/[3,5], [3,5]/211, 211/[3,7], [3,7]/211, 211/[3,11], [3,11]/211, 211/[5,2], [5,2]/211, 211/[5,3], [5,3]/211, 211/[5,5], [5,5]/211, 211/[5,7], [5,7]/211, 211/[5,11], [5,11]/211, 211/[7,2], [7,2]/211, 211/[7,3], [7,3]/211, 211/[7,5], [7,5]/211, 211/[7,7], [7,7]/211, 211/[7,11], [7,11]/211, 211/[13,2], [13,2]/211, 211/[13,3], [13,3]/211, 211/[13,5], [13,5]/211, 211/[13,7], [13,7]/211, 211/[13,11], [13,11]/211, [19,23]/211, 211/[19,23], 211/[11,2], [11,2]/211, 211/[11,3], [11,3]/211, 211/[11,5], [11,5]/211, 211/[11,7], [11,7]/211, 211/[11,11], [11,11]/211, 211/[17,2], [17,2]/211, 211/[17,3], [17,3]/211, 211/[17,5], [17,5]/211, 211/[17,7], [17,7]/211, 211/[17,11], [17,11]/211, [17,23]/211, 211/[17,23], 211/2₀, 2₀/211, 211/2₁, 2₁/211, 211/3₀, 3₀/211, 211/3₁, 3₁/211, 211/5₀, 5₀/211, 211/5₁, 5₁/211, 211/7₀, 7₀/211, 211/7₁, 7₁/211, 211/13₀, 13₀/211, 211/13₁, 13₁/211, 211/19₁, 19₁/211, 211/11₀, 11₀/211, 211/11₁, 11₁/211, 211/17₀, 17₀/211, 211/17₁, 17₁/211, 211/23₁, 23₁/211, 1/211, [23,23]/193, 193/[23,23], 193/4, 4/193, 193/[2,3], [2,3]/193, 193/[2,5], [2,5]/193, 193/[2,7], [2,7]/193, 193/[2,13], [2,13]/193, 193/[2,19], [2,19]/193, 193/[2,11], [2,11]/193, 193/[2,17], [2,17]/193, 193/[2,23], [2,23]/193, 193/[3,2], [3,2]/193, 193/[3,3], [3,3]/193, 193/[3,5], [3,5]/193, 193/[3,7], [3,7]/193, 193/[5,2], [5,2]/193, 193/[5,3], [5,3]/193, 193/[5,5], [5,5]/193, 193/[5,7], [5,7]/193, 193/[7,2], [7,2]/193, 193/[7,3], [7,3]/193, 193/[7,5], [7,5]/193, 193/[7,7], [7,7]/193, 193/[13,2], [13,2]/193, 193/[13,3], [13,3]/193, 193/[13,5], [13,5]/193, 193/[13,7], [13,7]/193, 193/[19,2], [19,2]/193, 193/[19,3], [19,3]/193, 193/[19,5], [19,5]/193, 193/[19,7], [19,7]/193, 193/[11,2], [11,2]/193, 193/[11,3], [11,3]/193, 193/[11,5], [11,5]/193, 193/[11,7], [11,7]/193, 193/[17,2], [17,2]/193, 193/[17,3], [17,3]/193, 193/[17,5], [17,5]/193, 193/[17,7], [17,7]/193, 193/[23,2], [23,2]/193, 193/[23,3], [23,3]/193, 193/[23,5], [23,5]/193, 193/[23,7], [23,7]/193, 193/2₀, 2₀/193, 193/2₁, 2₁/193, 193/3₀, 3₀/193, 193/3₁, 3₁/193, 193/5₀, 5₀/193, 193/5₁, 5₁/193, 193/7₀, 7₀/193, 193/7₁, 7₁/193, 193/13₀, 13₀/193, 193/13₁, 13₁/193, 193/19₀, 19₀/193, 193/19₁, 19₁/193, 193/11₀, 11₀/193, 193/11₁, 11₁/193, 193/17₀, 17₀/193, 193/17₁, 17₁/193, 193/23₀, 23₀/193, 193/23₁, 23₁/193, 1/193, [23,23]/277, 277/[23,23], 277/4, 4/277, 277/[2,3], [2,3]/277, 277/[2,5], [2,5]/277, 277/[2,7], [2,7]/277, 277/[2,13], [2,13]/277, 277/[2,19], [2,19]/277, 277/[2,11], [2,11]/277, 277/[2,17], [2,17]/277, 277/[2,23], [2,23]/277, 277/[3,2], [3,2]/277, 277/[3,3], [3,3]/277, 277/[3,5], [3,5]/277, 277/[3,7], [3,7]/277, 277/[3,11], [3,11]/277, 277/[5,2], [5,2]/277, 277/[5,3], [5,3]/277, 277/[5,5], [5,5]/277, 277/[5,7], [5,7]/277, 277/[5,11], [5,11]/277, 277/[7,2], [7,2]/277, 277/[7,3], [7,3]/277, 277/[7,5], [7,5]/277, 277/[7,7], [7,7]/277, 277/[7,11], [7,11]/277, 277/[13,2], [13,2]/277, 277/[13,3], [13,3]/277, 277/[13,5], [13,5]/277, 277/[13,7], [13,7]/277, 277/[13,11], [13,11]/277, 277/[19,2], [19,2]/277, 277/[19,3], [19,3]/277, 277/[19,5], [19,5]/277, 277/[19,7], [19,7]/277, 277/[19,11], [19,11]/277, 277/[11,2], [11,2]/277, 277/[11,3], [11,3]/277, 277/[11,5], [11,5]/277, 277/[11,7], [11,7]/277, 277/[11,11], [11,11]/277, 277/[17,2], [17,2]/277, 277/[17,3], [17,3]/277, 277/[17,5], [17,5]/277, 277/[17,7], [17,7]/277, 277/[17,11], [17,11]/277, 277/[23,2], [23,2]/277, 277/[23,3], [23,3]/277, 277/[23,5], [23,5]/277, 277/[23,7], [23,7]/277, 277/[23,11], [23,11]/277, 277/2₀, 2₀/277, 277/2₁, 2₁/277, 277/3₀, 3₀/277, 277/3₁, 3₁/277, 277/5₀, 5₀/277, 277/5₁, 5₁/277, 277/7₀, 7₀/277, 277/7₁, 7₁/277, 277/13₀, 13₀/277, 277/13₁, 13₁/277, 277/19₀, 19₀/277, 277/19₁, 19₁/277, 277/11₀, 11₀/277, 277/11₁, 11₁/277, 277/17₀, 17₀/277, 277/17₁, 17₁/277, 277/23₀, 23₀/277, 277/23₁, 23₁/277, 1/277, [23,23]/[[5,5],3], [[5,5],3]/[23,23], [[5,5],3]/4, 4/[[5,5],3], [[5,5],3]/[2,3], [2,3]/[[5,5],3], [[5,5],3]/[2,5], [2,5]/[[5,5],3], [[5,5],3]/[3,2], [3,2]/[[5,5],3], [[5,5],3]/[3,3], [3,3]/[[5,5],3], [[5,5],3]/[3,5], [3,5]/[[5,5],3], [[5,5],3]/[5,2], [5,2]/[[5,5],3], [[5,5],3]/[5,3], [5,3]/[[5,5],3], [[5,5],3]/[7,2], [7,2]/[[5,5],3], [[5,5],3]/[7,3], [7,3]/[[5,5],3], [[5,5],3]/[13,2], [13,2]/[[5,5],3], [[5,5],3]/[13,3], [13,3]/[[5,5],3], [[5,5],3]/[19,2], [19,2]/[[5,5],3], [[5,5],3]/[19,3], [19,3]/[[5,5],3], [[5,5],3]/[11,2], [11,2]/[[5,5],3], [[5,5],3]/[11,3], [11,3]/[[5,5],3], [[5,5],3]/[17,2], [17,2]/[[5,5],3], [[5,5],3]/[17,3], [17,3]/[[5,5],3], [[5,5],3]/[23,2], [23,2]/[[5,5],3], [[5,5],3]/[23,3], [23,3]/[[5,5],3], [23,5]/[[5,5],3], [[5,5],3]/[23,5], [23,7]/[[5,5],3], [[5,5],3]/[23,7], [23,13]/[[5,5],3], [[5,5],3]/[23,13], [23,19]/[[5,5],3], [[5,5],3]/[23,19], [23,11]/[[5,5],3], [[5,5],3]/[23,11], [23,17]/[[5,5],3], [[5,5],3]/[23,17], [[5,5],3]/2₀, 2₀/[[5,5],3], [[5,5],3]/2₁, 2₁/[[5,5],3], [[5,5],3]/3₀, 3₀/[[5,5],3], [[5,5],3]/3₁, 3₁/[[5,5],3], [[5,5],3]/5₀, 5₀/[[5,5],3], [[5,5],3]/5₁, 5₁/[[5,5],3], [[5,5],3]/7₀, 7₀/[[5,5],3], [[5,5],3]/13₀, 13₀/[[5,5],3], [[5,5],3]/19₀, 19₀/[[5,5],3], [[5,5],3]/11₀, 11₀/[[5,5],3], [[5,5],3]/17₀, 17₀/[[5,5],3], [[5,5],3]/23₀, 23₀/[[5,5],3], 1/[[5,5],3], [23,23]/149, 149/[23,23], 149/4, 4/149, 149/[2,3], [2,3]/149, 149/[2,5], [2,5]/149, 149/[2,7], [2,7]/149, 149/[2,13], [2,13]/149, 149/[2,11], [2,11]/149, 149/[3,2], [3,2]/149, 149/[3,3], [3,3]/149, 149/[3,5], [3,5]/149, 149/[3,7], [3,7]/149, 149/[3,13], [3,13]/149, 149/[3,11], [3,11]/149, 149/[5,2], [5,2]/149, 149/[5,3], [5,3]/149, 149/[5,5], [5,5]/149, 149/[5,7], [5,7]/149, 149/[5,11], [5,11]/149, 149/[7,2], [7,2]/149, 149/[7,3], [7,3]/149, 149/[7,5], [7,5]/149, 149/[7,7], [7,7]/149, 149/[7,11], [7,11]/149, 149/[13,2], [13,2]/149, 149/[13,3], [13,3]/149, 149/[13,5], [13,5]/149, 149/[13,7], [13,7]/149, [13,13]/149, 149/[13,13], [13,19]/149, 149/[13,19], 149/[13,11], [13,11]/149, [13,17]/149, 149/[13,17], [13,23]/149, 149/[13,23], [19,13]/149, 149/[19,13], [19,19]/149, 149/[19,19], [19,17]/149, 149/[19,17], [19,23]/149, 149/[19,23], 149/[11,2], [11,2]/149, 149/[11,3], [11,3]/149, 149/[11,5], [11,5]/149, 149/[11,7], [11,7]/149, 149/[11,11], [11,11]/149, [17,13]/149, 149/[17,13], [17,19]/149, 149/[17,19], [17,17]/149, 149/[17,17], [17,23]/149, 149/[17,23], [23,13]/149, 149/[23,13], [23,19]/149, 149/[23,19], [23,17]/149, 149/[23,17], 149/2₀, 2₀/149, 149/2₁, 2₁/149, 149/3₀, 3₀/149, 149/3₁, 3₁/149, 149/5₀, 5₀/149, 149/5₁, 5₁/149, 149/7₀, 7₀/149, 149/7₁, 7₁/149, 149/13₀, 13₀/149, 149/13₁, 13₁/149, 149/11₀, 11₀/149, 149/11₁, 11₁/149, 1/149, [23,23]/[29,3], [29,3]/[23,23], [29,3]/4, 4/[29,3], [29,3]/[2,3], [2,3]/[29,3], [29,3]/[2,5], [2,5]/[29,3], [29,3]/[2,7], [2,7]/[29,3], [29,3]/[2,13], [2,13]/[29,3], [29,3]/[2,11], [2,11]/[29,3], [29,3]/[3,2], [3,2]/[29,3], [29,3]/[3,3], [3,3]/[29,3], [29,3]/[3,5], [3,5]/[29,3], [29,3]/[3,7], [3,7]/[29,3], [29,3]/[3,13], [3,13]/[29,3], [29,3]/[3,11], [3,11]/[29,3], [29,3]/[5,2], [5,2]/[29,3], [29,3]/[5,3], [5,3]/[29,3], [29,3]/[7,2], [7,2]/[29,3], [29,3]/[7,3], [7,3]/[29,3], [29,3]/[13,2], [13,2]/[29,3], [29,3]/[13,3], [13,3]/[29,3], [29,3]/[19,2], [19,2]/[29,3], [29,3]/[19,3], [19,3]/[29,3], [19,13]/[29,3], [29,3]/[19,13], [19,19]/[29,3], [29,3]/[19,19], [19,17]/[29,3], [29,3]/[19,17], [19,23]/[29,3], [29,3]/[19,23], [29,3]/[11,2], [11,2]/[29,3], [29,3]/[11,3], [11,3]/[29,3], [29,3]/[17,2], [17,2]/[29,3], [29,3]/[17,3], [17,3]/[29,3], [23,13]/[29,3], [29,3]/[23,13], [23,19]/[29,3], [29,3]/[23,19], [23,17]/[29,3], [29,3]/[23,17], [29,3]/2₀, 2₀/[29,3], [29,3]/2₁, 2₁/[29,3], [29,3]/3₀, 3₀/[29,3], [29,3]/3₁, 3₁/[29,3], [29,3]/5₀, 5₀/[29,3], [29,3]/5₁, 5₁/[29,3], [29,3]/7₀, 7₀/[29,3], [29,3]/7₁, 7₁/[29,3], [29,3]/13₀, 13₀/[29,3], [29,3]/13₁, 13₁/[29,3], [29,3]/19₀, 19₀/[29,3], [29,3]/11₀, 11₀/[29,3], [29,3]/11₁, 11₁/[29,3], [29,3]/17₀, 17₀/[29,3], 1/[29,3], [23,23]/[43,5], [43,5]/[23,23], [43,5]/4, 4/[43,5], [43,5]/[2,3], [2,3]/[43,5], [43,5]/[2,5], [2,5]/[43,5], [43,5]/[2,7], [2,7]/[43,5], [43,5]/[2,13], [2,13]/[43,5], [43,5]/[2,11], [2,11]/[43,5], [43,5]/[3,2], [3,2]/[43,5], [43,5]/[3,3], [3,3]/[43,5], [43,5]/[3,5], [3,5]/[43,5], [43,5]/[3,7], [3,7]/[43,5], [43,5]/[3,13], [3,13]/[43,5], [43,5]/[3,11], [3,11]/[43,5], [43,5]/[5,2], [5,2]/[43,5], [43,5]/[5,3], [5,3]/[43,5], [43,5]/[5,5], [5,5]/[43,5], [43,5]/[5,7], [5,7]/[43,5], [43,5]/[5,11], [5,11]/[43,5], [43,5]/[7,2], [7,2]/[43,5], [43,5]/[7,3], [7,3]/[43,5], [43,5]/[7,5], [7,5]/[43,5], [43,5]/[7,7], [7,7]/[43,5], [43,5]/[7,11], [7,11]/[43,5], [43,5]/[13,2], [13,2]/[43,5], [43,5]/[13,3], [13,3]/[43,5], [43,5]/[13,5], [13,5]/[43,5], [43,5]/[13,7], [13,7]/[43,5], [43,5]/[13,11], [13,11]/[43,5], [43,5]/[19,2], [19,2]/[43,5], [43,5]/[19,3], [19,3]/[43,5], [43,5]/[19,5], [19,5]/[43,5], [43,5]/[19,7], [19,7]/[43,5], [19,13]/[43,5], [43,5]/[19,13], [19,19]/[43,5], [43,5]/[19,19], [43,5]/[19,11], [19,11]/[43,5], [19,17]/[43,5], [43,5]/[19,17], [19,23]/[43,5], [43,5]/[19,23], [43,5]/[11,2], [11,2]/[43,5], [43,5]/[11,3], [11,3]/[43,5], [43,5]/[11,5], [11,5]/[43,5], [43,5]/[11,7], [11,7]/[43,5], [43,5]/[11,11], [11,11]/[43,5], [43,5]/[17,2], [17,2]/[43,5], [43,5]/[17,3], [17,3]/[43,5], [43,5]/[17,5], [17,5]/[43,5], [43,5]/[17,7], [17,7]/[43,5], [43,5]/[17,11], [17,11]/[43,5], [23,13]/[43,5], [43,5]/[23,13], [23,19]/[43,5], [43,5]/[23,19], [23,17]/[43,5], [43,5]/[23,17], [43,5]/2₀, 2₀/[43,5], [43,5]/2₁, 2₁/[43,5], [43,5]/3₀, 3₀/[43,5], [43,5]/3₁, 3₁/[43,5], [43,5]/5₀, 5₀/[43,5], [43,5]/5₁, 5₁/[43,5], [43,5]/7₀, 7₀/[43,5], [43,5]/7₁, 7₁/[43,5], [43,5]/13₀, 13₀/[43,5], [43,5]/13₁, 13₁/[43,5], [43,5]/19₀, 19₀/[43,5], [43,5]/11₀, 11₀/[43,5], [43,5]/11₁, 11₁/[43,5], [43,5]/17₀, 17₀/[43,5], 1/[43,5], [23,23]/179, 179/[23,23], 179/4, 4/179, 179/[2,3], [2,3]/179, 179/[2,5], [2,5]/179, 179/[2,7], [2,7]/179, 179/[2,13], [2,13]/179, 179/[2,11], [2,11]/179, 179/[3,2], [3,2]/179, 179/[3,3], [3,3]/179, 179/[3,5], [3,5]/179, 179/[3,7], [3,7]/179, 179/[3,13], [3,13]/179, 179/[3,11], [3,11]/179, 179/[5,2], [5,2]/179, 179/[5,3], [5,3]/179, 179/[5,5], [5,5]/179, 179/[5,7], [5,7]/179, 179/[7,2], [7,2]/179, 179/[7,3], [7,3]/179, 179/[7,5], [7,5]/179, 179/[7,7], [7,7]/179, 179/[13,2], [13,2]/179, 179/[13,3], [13,3]/179, 179/[13,5], [13,5]/179, 179/[13,7], [13,7]/179, 179/[19,2], [19,2]/179, 179/[19,3], [19,3]/179, 179/[19,5], [19,5]/179, 179/[19,7], [19,7]/179, 179/[11,2], [11,2]/179, 179/[11,3], [11,3]/179, 179/[11,5], [11,5]/179, 179/[11,7], [11,7]/179, 179/[17,2], [17,2]/179, 179/[17,3], [17,3]/179, 179/[17,5], [17,5]/179, 179/[17,7], [17,7]/179, 179/[23,2], [23,2]/179, 179/[23,3], [23,3]/179, 179/[23,5], [23,5]/179, 179/[23,7], [23,7]/179, [23,13]/179, 179/[23,13], [23,19]/179, 179/[23,19], [23,17]/179, 179/[23,17], 179/2₀, 2₀/179, 179/2₁, 2₁/179, 179/3₀, 3₀/179, 179/3₁, 3₁/179, 179/5₀, 5₀/179, 179/5₁, 5₁/179, 179/7₀, 7₀/179, 179/7₁, 7₁/179, 179/13₀, 13₀/179, 179/13₁, 13₁/179, 179/19₀, 19₀/179, 179/11₀, 11₀/179, 179/11₁, 11₁/179, 179/17₀, 17₀/179, 179/23₀, 23₀/179, 1/179, [23,23]/227, 227/[23,23], 227/4, 4/227, 227/[2,3], [2,3]/227, 227/[2,5], [2,5]/227, 227/[2,7], [2,7]/227, 227/[2,13], [2,13]/227, 227/[2,19], [2,19]/227, 227/[2,11], [2,11]/227, 227/[2,17], [2,17]/227, 227/[3,2], [3,2]/227, 227/[3,3], [3,3]/227, 227/[3,5], [3,5]/227, 227/[3,7], [3,7]/227, 227/[3,13], [3,13]/227, 227/[3,19], [3,19]/227, 227/[3,11], [3,11]/227, 227/[3,17], [3,17]/227, 227/[5,2], [5,2]/227, 227/[5,3], [5,3]/227, 227/[5,5], [5,5]/227, 227/[5,7], [5,7]/227, 227/[5,13], [5,13]/227, 227/[5,11], [5,11]/227, 227/[5,17], [5,17]/227, 227/[7,2], [7,2]/227, 227/[7,3], [7,3]/227, 227/[7,5], [7,5]/227, 227/[7,7], [7,7]/227, 227/[7,13], [7,13]/227, 227/[7,11], [7,11]/227, 227/[7,17], [7,17]/227, 227/[13,2], [13,2]/227, 227/[13,3], [13,3]/227, 227/[13,5], [13,5]/227, 227/[13,7], [13,7]/227, 227/[13,13], [13,13]/227, [13,19]/227, 227/[13,19], 227/[13,11], [13,11]/227, 227/[13,17], [13,17]/227, [13,23]/227, 227/[13,23], [19,19]/227, 227/[19,19], [19,23]/227, 227/[19,23], 227/[11,2], [11,2]/227, 227/[11,3], [11,3]/227, 227/[11,5], [11,5]/227, 227/[11,7], [11,7]/227, 227/[11,13], [11,13]/227, 227/[11,11], [11,11]/227, 227/[11,17], [11,17]/227, [17,19]/227, 227/[17,19], [17,23]/227, 227/[17,23], [23,19]/227, 227/[23,19], 227/2₀, 2₀/227, 227/2₁, 2₁/227, 227/3₀, 3₀/227, 227/3₁, 3₁/227, 227/5₀, 5₀/227, 227/5₁, 5₁/227, 227/7₀, 7₀/227, 227/7₁, 7₁/227, 227/13₀, 13₀/227, 227/13₁, 13₁/227, 227/19₁, 19₁/227, 227/11₀, 11₀/227, 227/11₁, 11₁/227, 227/17₁, 17₁/227, 1/227, [23,23]/[[3,5],7], [[3,5],7]/[23,23], [[3,5],7]/4, 4/[[3,5],7], [[3,5],7]/[2,3], [2,3]/[[3,5],7], [[3,5],7]/[2,5], [2,5]/[[3,5],7], [[3,5],7]/[2,7], [2,7]/[[3,5],7], [[3,5],7]/[2,13], [2,13]/[[3,5],7], [[3,5],7]/[2,19], [2,19]/[[3,5],7], [[3,5],7]/[2,11], [2,11]/[[3,5],7], [[3,5],7]/[2,17], [2,17]/[[3,5],7], [[3,5],7]/[3,2], [3,2]/[[3,5],7], [[3,5],7]/[3,3], [3,3]/[[3,5],7], [[3,5],7]/[3,5], [3,5]/[[3,5],7], [[3,5],7]/[3,7], [3,7]/[[3,5],7], [[3,5],7]/[3,13], [3,13]/[[3,5],7], [[3,5],7]/[3,19], [3,19]/[[3,5],7], [[3,5],7]/[3,11], [3,11]/[[3,5],7], [[3,5],7]/[3,17], [3,17]/[[3,5],7], [[3,5],7]/[5,2], [5,2]/[[3,5],7], [[3,5],7]/[5,3], [5,3]/[[3,5],7], [[3,5],7]/[7,2], [7,2]/[[3,5],7], [[3,5],7]/[7,3], [7,3]/[[3,5],7], [[3,5],7]/[13,2], [13,2]/[[3,5],7], [[3,5],7]/[13,3], [13,3]/[[3,5],7], [[3,5],7]/[19,2], [19,2]/[[3,5],7], [[3,5],7]/[19,3], [19,3]/[[3,5],7], [19,19]/[[3,5],7], [[3,5],7]/[19,19], [19,23]/[[3,5],7], [[3,5],7]/[19,23], [[3,5],7]/[11,2], [11,2]/[[3,5],7], [[3,5],7]/[11,3], [11,3]/[[3,5],7], [[3,5],7]/[17,2], [17,2]/[[3,5],7], [[3,5],7]/[17,3], [17,3]/[[3,5],7], [23,19]/[[3,5],7], [[3,5],7]/[23,19], [[3,5],7]/2₀, 2₀/[[3,5],7], [[3,5],7]/2₁, 2₁/[[3,5],7], [[3,5],7]/3₀, 3₀/[[3,5],7], [[3,5],7]/3₁, 3₁/[[3,5],7], [[3,5],7]/5₀, 5₀/[[3,5],7], [[3,5],7]/5₁, 5₁/[[3,5],7], [[3,5],7]/7₀, 7₀/[[3,5],7], [[3,5],7]/7₁, 7₁/[[3,5],7], [[3,5],7]/13₀, 13₀/[[3,5],7], [[3,5],7]/13₁, 13₁/[[3,5],7], [[3,5],7]/19₀, 19₀/[[3,5],7], [[3,5],7]/19₁, 19₁/[[3,5],7], [[3,5],7]/11₀, 11₀/[[3,5],7], [[3,5],7]/11₁, 11₁/[[3,5],7], [[3,5],7]/17₀, 17₀/[[3,5],7], [[3,5],7]/17₁, 17₁/[[3,5],7], 1/[[3,5],7], [23,23]/[47,7], [47,7]/[23,23], [47,7]/4, 4/[47,7], [47,7]/[2,3], [2,3]/[47,7], [47,7]/[2,5], [2,5]/[47,7], [47,7]/[2,7], [2,7]/[47,7], [47,7]/[2,13], [2,13]/[47,7], [47,7]/[2,19], [2,19]/[47,7], [47,7]/[2,11], [2,11]/[47,7], [47,7]/[2,17], [2,17]/[47,7], [47,7]/[3,2], [3,2]/[47,7], [47,7]/[3,3], [3,3]/[47,7], [47,7]/[3,5], [3,5]/[47,7], [47,7]/[3,7], [3,7]/[47,7], [47,7]/[3,13], [3,13]/[47,7], [47,7]/[3,19], [3,19]/[47,7], [47,7]/[3,11], [3,11]/[47,7], [47,7]/[3,17], [3,17]/[47,7], [47,7]/[5,2], [5,2]/[47,7], [47,7]/[5,3], [5,3]/[47,7], [47,7]/[5,5], [5,5]/[47,7], [47,7]/[5,7], [5,7]/[47,7], [47,7]/[5,13], [5,13]/[47,7], [47,7]/[5,11], [5,11]/[47,7], [47,7]/[5,17], [5,17]/[47,7], [47,7]/[7,2], [7,2]/[47,7], [47,7]/[7,3], [7,3]/[47,7], [47,7]/[7,5], [7,5]/[47,7], [47,7]/[7,7], [7,7]/[47,7], [47,7]/[7,13], [7,13]/[47,7], [47,7]/[7,11], [7,11]/[47,7], [47,7]/[7,17], [7,17]/[47,7], [47,7]/[13,2], [13,2]/[47,7], [47,7]/[13,3], [13,3]/[47,7], [47,7]/[13,5], [13,5]/[47,7], [47,7]/[13,7], [13,7]/[47,7], [47,7]/[13,13], [13,13]/[47,7], [47,7]/[13,11], [13,11]/[47,7], [47,7]/[13,17], [13,17]/[47,7], [47,7]/[19,2], [19,2]/[47,7], [47,7]/[19,3], [19,3]/[47,7], [47,7]/[19,5], [19,5]/[47,7], [47,7]/[19,7], [19,7]/[47,7], [47,7]/[19,13], [19,13]/[47,7], [19,19]/[47,7], [47,7]/[19,19], [47,7]/[19,11], [19,11]/[47,7], [47,7]/[19,17], [19,17]/[47,7], [19,23]/[47,7], [47,7]/[19,23], [47,7]/[11,2], [11,2]/[47,7], [47,7]/[11,3], [11,3]/[47,7], [47,7]/[11,5], [11,5]/[47,7], [47,7]/[11,7], [11,7]/[47,7], [47,7]/[11,13], [11,13]/[47,7], [47,7]/[11,11], [11,11]/[47,7], [47,7]/[11,17], [11,17]/[47,7], [47,7]/[17,2], [17,2]/[47,7], [47,7]/[17,3], [17,3]/[47,7], [47,7]/[17,5], [17,5]/[47,7], [47,7]/[17,7], [17,7]/[47,7], [47,7]/[17,13], [17,13]/[47,7], [47,7]/[17,11], [17,11]/[47,7], [47,7]/[17,17], [17,17]/[47,7], [23,19]/[47,7], [47,7]/[23,19], [47,7]/2₀, 2₀/[47,7], [47,7]/2₁, 2₁/[47,7], [47,7]/3₀, 3₀/[47,7], [47,7]/3₁, 3₁/[47,7], [47,7]/5₀, 5₀/[47,7], [47,7]/5₁, 5₁/[47,7], [47,7]/7₀, 7₀/[47,7], [47,7]/7₁, 7₁/[47,7], [47,7]/13₀, 13₀/[47,7], [47,7]/13₁, 13₁/[47,7], [47,7]/19₀, 19₀/[47,7], [47,7]/19₁, 19₁/[47,7], [47,7]/11₀, 11₀/[47,7], [47,7]/11₁, 11₁/[47,7], [47,7]/17₀, 17₀/[47,7], [47,7]/17₁, 17₁/[47,7], 1/[47,7], [23,23]/239, 239/[23,23], 239/4, 4/239, 239/[2,3], [2,3]/239, 239/[2,5], [2,5]/239, 239/[2,7], [2,7]/239, 239/[2,13], [2,13]/239, 239/[2,19], [2,19]/239, 239/[2,11], [2,11]/239, 239/[2,17], [2,17]/239, 239/[3,2], [3,2]/239, 239/[3,3], [3,3]/239, 239/[3,5], [3,5]/239, 239/[3,7], [3,7]/239, 239/[3,13], [3,13]/239, 239/[3,19], [3,19]/239, 239/[3,11], [3,11]/239, 239/[3,17], [3,17]/239, 239/[5,2], [5,2]/239, 239/[5,3], [5,3]/239, 239/[5,5], [5,5]/239, 239/[5,7], [5,7]/239, 239/[5,13], [5,13]/239, 239/[5,11], [5,11]/239, 239/[7,2], [7,2]/239, 239/[7,3], [7,3]/239, 239/[7,5], [7,5]/239, 239/[7,7], [7,7]/239, 239/[7,13], [7,13]/239, 239/[7,11], [7,11]/239, 239/[13,2], [13,2]/239, 239/[13,3], [13,3]/239, 239/[13,5], [13,5]/239, 239/[13,7], [13,7]/239, 239/[13,13], [13,13]/239, 239/[13,11], [13,11]/239, [19,19]/239, 239/[19,19], [19,23]/239, 239/[19,23], 239/[11,2], [11,2]/239, 239/[11,3], [11,3]/239, 239/[11,5], [11,5]/239, 239/[11,7], [11,7]/239, 239/[11,13], [11,13]/239, 239/[11,11], [11,11]/239, 239/[17,2], [17,2]/239, 239/[17,3], [17,3]/239, 239/[17,5], [17,5]/239, 239/[17,7], [17,7]/239, 239/[17,13], [17,13]/239, [17,19]/239, 239/[17,19], 239/[17,11], [17,11]/239, [17,23]/239, 239/[17,23], [23,19]/239, 239/[23,19], 239/2₀, 2₀/239, 239/2₁, 2₁/239, 239/3₀, 3₀/239, 239/3₁, 3₁/239, 239/5₀, 5₀/239, 239/5₁, 5₁/239, 239/7₀, 7₀/239, 239/7₁, 7₁/239, 239/13₀, 13₀/239, 239/13₁, 13₁/239, 239/19₁, 19₁/239, 239/11₀, 11₀/239, 239/11₁, 11₁/239, 239/17₀, 17₀/239, 239/17₁, 17₁/239, 1/239, [23,23]/[59,5], [59,5]/[23,23], [59,5]/4, 4/[59,5], [59,5]/[2,3], [2,3]/[59,5], [59,5]/[2,5], [2,5]/[59,5], [59,5]/[2,7], [2,7]/[59,5], [59,5]/[2,13], [2,13]/[59,5], [59,5]/[2,19], [2,19]/[59,5], [59,5]/[2,11], [2,11]/[59,5], [59,5]/[2,17], [2,17]/[59,5], [59,5]/[3,2], [3,2]/[59,5], [59,5]/[3,3], [3,3]/[59,5], [59,5]/[3,5], [3,5]/[59,5], [59,5]/[3,7], [3,7]/[59,5], [59,5]/[3,13], [3,13]/[59,5], [59,5]/[3,19], [3,19]/[59,5], [59,5]/[3,11], [3,11]/[59,5], [59,5]/[3,17], [3,17]/[59,5], [59,5]/[5,2], [5,2]/[59,5], [59,5]/[5,3], [5,3]/[59,5], [59,5]/[5,5], [5,5]/[59,5], [59,5]/[5,7], [5,7]/[59,5], [59,5]/[5,13], [5,13]/[59,5], [59,5]/[5,11], [5,11]/[59,5], [59,5]/[5,17], [5,17]/[59,5], [59,5]/[7,2], [7,2]/[59,5], [59,5]/[7,3], [7,3]/[59,5], [59,5]/[7,5], [7,5]/[59,5], [59,5]/[7,7], [7,7]/[59,5], [59,5]/[7,13], [7,13]/[59,5], [59,5]/[7,11], [7,11]/[59,5], [59,5]/[7,17], [7,17]/[59,5], [59,5]/[13,2], [13,2]/[59,5], [59,5]/[13,3], [13,3]/[59,5], [59,5]/[13,5], [13,5]/[59,5], [59,5]/[13,7], [13,7]/[59,5], [59,5]/[13,13], [13,13]/[59,5], [59,5]/[13,11], [13,11]/[59,5], [59,5]/[13,17], [13,17]/[59,5], [19,19]/[59,5], [59,5]/[19,19], [19,23]/[59,5], [59,5]/[19,23], [59,5]/[11,2], [11,2]/[59,5], [59,5]/[11,3], [11,3]/[59,5], [59,5]/[11,5], [11,5]/[59,5], [59,5]/[11,7], [11,7]/[59,5], [59,5]/[11,13], [11,13]/[59,5], [59,5]/[11,11], [11,11]/[59,5], [59,5]/[11,17], [11,17]/[59,5], [59,5]/[17,2], [17,2]/[59,5], [59,5]/[17,3], [17,3]/[59,5], [59,5]/[17,5], [17,5]/[59,5], [59,5]/[17,7], [17,7]/[59,5], [59,5]/[17,13], [17,13]/[59,5], [17,19]/[59,5], [59,5]/[17,19], [59,5]/[17,11], [17,11]/[59,5], [59,5]/[17,17], [17,17]/[59,5], [17,23]/[59,5], [59,5]/[17,23], [23,19]/[59,5], [59,5]/[23,19], [59,5]/2₀, 2₀/[59,5], [59,5]/2₁, 2₁/[59,5], [59,5]/3₀, 3₀/[59,5], [59,5]/3₁, 3₁/[59,5], [59,5]/5₀, 5₀/[59,5], [59,5]/5₁, 5₁/[59,5], [59,5]/7₀, 7₀/[59,5], [59,5]/7₁, 7₁/[59,5], [59,5]/13₀, 13₀/[59,5], [59,5]/13₁, 13₁/[59,5], [59,5]/19₁, 19₁/[59,5], [59,5]/11₀, 11₀/[59,5], [59,5]/11₁, 11₁/[59,5], [59,5]/17₀, 17₀/[59,5], [59,5]/17₁, 17₁/[59,5], 1/[59,5], [23,23]/[13,[3,3]], [13,[3,3]]/[23,23], [13,[3,3]]/4, 4/[13,[3,3]], [13,[3,3]]/[2,3], [2,3]/[13,[3,3]], [13,[3,3]]/[2,5], [2,5]/[13,[3,3]], [13,[3,3]]/[2,7], [2,7]/[13,[3,3]], [13,[3,3]]/[2,13], [2,13]/[13,[3,3]], [13,[3,3]]/[2,19], [2,19]/[13,[3,3]], [13,[3,3]]/[2,11], [2,11]/[13,[3,3]], [13,[3,3]]/[2,17], [2,17]/[13,[3,3]], [13,[3,3]]/[3,2], [3,2]/[13,[3,3]], [13,[3,3]]/[3,3], [3,3]/[13,[3,3]], [13,[3,3]]/[3,5], [3,5]/[13,[3,3]], [13,[3,3]]/[3,7], [3,7]/[13,[3,3]], [13,[3,3]]/[3,13], [3,13]/[13,[3,3]], [13,[3,3]]/[3,19], [3,19]/[13,[3,3]], [13,[3,3]]/[3,11], [3,11]/[13,[3,3]], [13,[3,3]]/[3,17], [3,17]/[13,[3,3]], [13,[3,3]]/[5,2], [5,2]/[13,[3,3]], [13,[3,3]]/[5,3], [5,3]/[13,[3,3]], [13,[3,3]]/[7,2], [7,2]/[13,[3,3]], [13,[3,3]]/[7,3], [7,3]/[13,[3,3]], [13,[3,3]]/[13,2], [13,2]/[13,[3,3]], [13,[3,3]]/[13,3], [13,3]/[13,[3,3]], [13,[3,3]]/[19,2], [19,2]/[13,[3,3]], [13,[3,3]]/[19,3], [19,3]/[13,[3,3]], [13,[3,3]]/[11,2], [11,2]/[13,[3,3]], [13,[3,3]]/[11,3], [11,3]/[13,[3,3]], [13,[3,3]]/[17,2], [17,2]/[13,[3,3]], [13,[3,3]]/[17,3], [17,3]/[13,[3,3]], [13,[3,3]]/[23,2], [23,2]/[13,[3,3]], [13,[3,3]]/[23,3], [23,3]/[13,[3,3]], [23,19]/[13,[3,3]], [13,[3,3]]/[23,19], [13,[3,3]]/2₀, 2₀/[13,[3,3]], [13,[3,3]]/2₁, 2₁/[13,[3,3]], [13,[3,3]]/3₀, 3₀/[13,[3,3]], [13,[3,3]]/3₁, 3₁/[13,[3,3]], [13,[3,3]]/5₀, 5₀/[13,[3,3]], [13,[3,3]]/5₁, 5₁/[13,[3,3]], [13,[3,3]]/7₀, 7₀/[13,[3,3]], [13,[3,3]]/7₁, 7₁/[13,[3,3]], [13,[3,3]]/13₀, 13₀/[13,[3,3]], [13,[3,3]]/13₁, 13₁/[13,[3,3]], [13,[3,3]]/19₀, 19₀/[13,[3,3]], [13,[3,3]]/19₁, 19₁/[13,[3,3]], [13,[3,3]]/11₀, 11₀/[13,[3,3]], [13,[3,3]]/11₁, 11₁/[13,[3,3]], [13,[3,3]]/17₀, 17₀/[13,[3,3]], [13,[3,3]]/17₁, 17₁/[13,[3,3]], [13,[3,3]]/23₀, 23₀/[13,[3,3]], 1/[13,[3,3]], [23,23]/197, 197/[23,23], 197/4, 4/197, 197/[2,3], [2,3]/197, 197/[2,5], [2,5]/197, 197/[2,7], [2,7]/197, 197/[2,13], [2,13]/197, 197/[2,19], [2,19]/197, 197/[2,11], [2,11]/197, 197/[2,17], [2,17]/197, 197/[3,2], [3,2]/197, 197/[3,3], [3,3]/197, 197/[3,5], [3,5]/197, 197/[3,7], [3,7]/197, 197/[3,13], [3,13]/197, 197/[3,19], [3,19]/197, 197/[3,11], [3,11]/197, 197/[3,17], [3,17]/197, 197/[5,2], [5,2]/197, 197/[5,3], [5,3]/197, 197/[5,5], [5,5]/197, 197/[5,7], [5,7]/197, 197/[7,2], [7,2]/197, 197/[7,3], [7,3]/197, 197/[7,5], [7,5]/197, 197/[7,7], [7,7]/197, 197/[13,2], [13,2]/197, 197/[13,3], [13,3]/197, 197/[13,5], [13,5]/197, 197/[13,7], [13,7]/197, 197/[19,2], [19,2]/197, 197/[19,3], [19,3]/197, 197/[19,5], [19,5]/197, 197/[19,7], [19,7]/197, 197/[11,2], [11,2]/197, 197/[11,3], [11,3]/197, 197/[11,5], [11,5]/197, 197/[11,7], [11,7]/197, 197/[17,2], [17,2]/197, 197/[17,3], [17,3]/197, 197/[17,5], [17,5]/197, 197/[17,7], [17,7]/197, 197/[23,2], [23,2]/197, 197/[23,3], [23,3]/197, 197/[23,5], [23,5]/197, 197/[23,7], [23,7]/197, [23,19]/197, 197/[23,19], 197/2₀, 2₀/197, 197/2₁, 2₁/197, 197/3₀, 3₀/197, 197/3₁, 3₁/197, 197/5₀, 5₀/197, 197/5₁, 5₁/197, 197/7₀, 7₀/197, 197/7₁, 7₁/197, 197/13₀, 13₀/197, 197/13₁, 13₁/197, 197/19₀, 19₀/197, 197/19₁, 19₁/197, 197/11₀, 11₀/197, 197/11₁, 11₁/197, 197/17₀, 17₀/197, 197/17₁, 17₁/197, 197/23₀, 23₀/197, 1/197, [23,23]/[41,5], [41,5]/[23,23], [41,5]/4, 4/[41,5], [41,5]/[2,3], [2,3]/[41,5], [41,5]/[2,5], [2,5]/[41,5], [41,5]/[2,7], [2,7]/[41,5], [41,5]/[2,13], [2,13]/[41,5], [41,5]/[2,11], [2,11]/[41,5], [41,5]/[2,17], [2,17]/[41,5], [41,5]/[3,2], [3,2]/[41,5], [41,5]/[3,3], [3,3]/[41,5], [41,5]/[3,5], [3,5]/[41,5], [41,5]/[3,7], [3,7]/[41,5], [41,5]/[3,13], [3,13]/[41,5], [41,5]/[3,11], [3,11]/[41,5], [41,5]/[3,17], [3,17]/[41,5], [41,5]/[5,2], [5,2]/[41,5], [41,5]/[5,3], [5,3]/[41,5], [41,5]/[5,5], [5,5]/[41,5], [41,5]/[5,7], [5,7]/[41,5], [41,5]/[5,11], [5,11]/[41,5], [41,5]/[7,2], [7,2]/[41,5], [41,5]/[7,3], [7,3]/[41,5], [41,5]/[7,5], [7,5]/[41,5], [41,5]/[7,7], [7,7]/[41,5], [41,5]/[7,11], [7,11]/[41,5], [41,5]/[13,2], [13,2]/[41,5], [41,5]/[13,3], [13,3]/[41,5], [41,5]/[13,5], [13,5]/[41,5], [41,5]/[13,7], [13,7]/[41,5], [41,5]/[13,11], [13,11]/[41,5], [19,19]/[41,5], [41,5]/[19,19], [19,17]/[41,5], [41,5]/[19,17], [19,23]/[41,5], [41,5]/[19,23], [41,5]/[11,2], [11,2]/[41,5], [41,5]/[11,3], [11,3]/[41,5], [41,5]/[11,5], [11,5]/[41,5], [41,5]/[11,7], [11,7]/[41,5], [41,5]/[11,11], [11,11]/[41,5], [41,5]/[17,2], [17,2]/[41,5], [41,5]/[17,3], [17,3]/[41,5], [41,5]/[17,5], [17,5]/[41,5], [41,5]/[17,7], [17,7]/[41,5], [17,19]/[41,5], [41,5]/[17,19], [41,5]/[17,11], [17,11]/[41,5], [17,17]/[41,5], [41,5]/[17,17], [17,23]/[41,5], [41,5]/[17,23], [23,19]/[41,5], [41,5]/[23,19], [23,17]/[41,5], [41,5]/[23,17], [41,5]/2₀, 2₀/[41,5], [41,5]/2₁, 2₁/[41,5], [41,5]/3₀, 3₀/[41,5], [41,5]/3₁, 3₁/[41,5], [41,5]/5₀, 5₀/[41,5], [41,5]/5₁, 5₁/[41,5], [41,5]/7₀, 7₀/[41,5], [41,5]/7₁, 7₁/[41,5], [41,5]/13₀, 13₀/[41,5], [41,5]/13₁, 13₁/[41,5], [41,5]/11₀, 11₀/[41,5], [41,5]/11₁, 11₁/[41,5], [41,5]/17₀, 17₀/[41,5], [41,5]/17₁, 17₁/[41,5], 1/[41,5], [23,23]/251, 251/[23,23], 251/4, 4/251, 251/[2,3], [2,3]/251, 251/[2,5], [2,5]/251, 251/[2,7], [2,7]/251, 251/[2,13], [2,13]/251, 251/[2,19], [2,19]/251, 251/[2,11], [2,11]/251, 251/[2,17], [2,17]/251, 251/[2,23], [2,23]/251, 251/[3,2], [3,2]/251, 251/[3,3], [3,3]/251, 251/[3,5], [3,5]/251, 251/[3,7], [3,7]/251, 251/[3,13], [3,13]/251, 251/[3,19], [3,19]/251, 251/[3,11], [3,11]/251, 251/[3,17], [3,17]/251, 251/[3,23], [3,23]/251, 251/[5,2], [5,2]/251, 251/[5,3], [5,3]/251, 251/[5,5], [5,5]/251, 251/[5,7], [5,7]/251, 251/[5,13], [5,13]/251, 251/[5,11], [5,11]/251, 251/[7,2], [7,2]/251, 251/[7,3], [7,3]/251, 251/[7,5], [7,5]/251, 251/[7,7], [7,7]/251, 251/[7,13], [7,13]/251, 251/[7,11], [7,11]/251, 251/[13,2], [13,2]/251, 251/[13,3], [13,3]/251, 251/[13,5], [13,5]/251, 251/[13,7], [13,7]/251, 251/[13,13], [13,13]/251, 251/[13,11], [13,11]/251, [19,23]/251, 251/[19,23], 251/[11,2], [11,2]/251, 251/[11,3], [11,3]/251, 251/[11,5], [11,5]/251, 251/[11,7], [11,7]/251, 251/[11,13], [11,13]/251, 251/[11,11], [11,11]/251, 251/[17,2], [17,2]/251, 251/[17,3], [17,3]/251, 251/[17,5], [17,5]/251, 251/[17,7], [17,7]/251, 251/[17,13], [17,13]/251, 251/[17,11], [17,11]/251, [17,23]/251, 251/[17,23], 251/2₀, 2₀/251, 251/2₁, 2₁/251, 251/3₀, 3₀/251, 251/3₁, 3₁/251, 251/5₀, 5₀/251, 251/5₁, 5₁/251, 251/7₀, 7₀/251, 251/7₁, 7₁/251, 251/13₀, 13₀/251, 251/13₁, 13₁/251, 251/19₁, 19₁/251, 251/11₀, 11₀/251, 251/11₁, 11₁/251, 251/17₀, 17₀/251, 251/17₁, 17₁/251, 251/23₁, 23₁/251, 1/251, [23,23]/223, 223/[23,23], 223/4, 4/223, 223/[2,3], [2,3]/223, 223/[2,5], [2,5]/223, 223/[2,7], [2,7]/223, 223/[2,13], [2,13]/223, 223/[2,19], [2,19]/223, 223/[2,11], [2,11]/223, 223/[2,17], [2,17]/223, 223/[2,23], [2,23]/223, 223/[3,2], [3,2]/223, 223/[3,3], [3,3]/223, 223/[3,5], [3,5]/223, 223/[3,7], [3,7]/223, 223/[3,13], [3,13]/223, 223/[3,19], [3,19]/223, 223/[3,11], [3,11]/223, 223/[3,17], [3,17]/223, 223/[3,23], [3,23]/223, 223/[5,2], [5,2]/223, 223/[5,3], [5,3]/223, 223/[5,5], [5,5]/223, 223/[5,7], [5,7]/223, 223/[5,11], [5,11]/223, 223/[7,2], [7,2]/223, 223/[7,3], [7,3]/223, 223/[7,5], [7,5]/223, 223/[7,7], [7,7]/223, 223/[7,11], [7,11]/223, 223/[13,2], [13,2]/223, 223/[13,3], [13,3]/223, 223/[13,5], [13,5]/223, 223/[13,7], [13,7]/223, 223/[13,11], [13,11]/223, [19,23]/223, 223/[19,23], 223/[11,2], [11,2]/223, 223/[11,3], [11,3]/223, 223/[11,5], [11,5]/223, 223/[11,7], [11,7]/223, 223/[11,11], [11,11]/223, 223/[17,2], [17,2]/223, 223/[17,3], [17,3]/223, 223/[17,5], [17,5]/223, 223/[17,7], [17,7]/223, 223/[17,11], [17,11]/223, [17,23]/223, 223/[17,23], 223/2₀, 2₀/223, 223/2₁, 2₁/223, 223/3₀, 3₀/223, 223/3₁, 3₁/223, 223/5₀, 5₀/223, 223/5₁, 5₁/223, 223/7₀, 7₀/223, 223/7₁, 7₁/223, 223/13₀, 13₀/223, 223/13₁, 13₁/223, 223/19₁, 19₁/223, 223/11₀, 11₀/223, 223/11₁, 11₁/223, 223/17₀, 17₀/223, 223/17₁, 17₁/223, 223/23₁, 23₁/223, 1/223, [23,23]/[43,3], [43,3]/[23,23], [43,3]/4, 4/[43,3], [43,3]/[2,3], [2,3]/[43,3], [43,3]/[2,5], [2,5]/[43,3], [43,3]/[2,7], [2,7]/[43,3], [43,3]/[2,13], [2,13]/[43,3], [43,3]/[2,19], [2,19]/[43,3], [43,3]/[2,11], [2,11]/[43,3], [43,3]/[2,17], [2,17]/[43,3], [43,3]/[2,23], [2,23]/[43,3], [43,3]/[3,2], [3,2]/[43,3], [43,3]/[3,3], [3,3]/[43,3], [43,3]/[3,5], [3,5]/[43,3], [43,3]/[3,7], [3,7]/[43,3], [43,3]/[3,13], [3,13]/[43,3], [43,3]/[3,19], [3,19]/[43,3], [43,3]/[3,11], [3,11]/[43,3], [43,3]/[3,17], [3,17]/[43,3], [43,3]/[3,23], [3,23]/[43,3], [43,3]/[5,2], [5,2]/[43,3], [43,3]/[5,3], [5,3]/[43,3], [43,3]/[7,2], [7,2]/[43,3], [43,3]/[7,3], [7,3]/[43,3], [43,3]/[13,2], [13,2]/[43,3], [43,3]/[13,3], [13,3]/[43,3], [43,3]/[19,2], [19,2]/[43,3], [43,3]/[19,3], [19,3]/[43,3], [43,3]/[11,2], [11,2]/[43,3], [43,3]/[11,3], [11,3]/[43,3], [43,3]/[17,2], [17,2]/[43,3], [43,3]/[17,3], [17,3]/[43,3], [43,3]/[23,2], [23,2]/[43,3], [43,3]/[23,3], [23,3]/[43,3], [43,3]/2₀, 2₀/[43,3], [43,3]/2₁, 2₁/[43,3], [43,3]/3₀, 3₀/[43,3], [43,3]/3₁, 3₁/[43,3], [43,3]/5₀, 5₀/[43,3], [43,3]/5₁, 5₁/[43,3], [43,3]/7₀, 7₀/[43,3], [43,3]/7₁, 7₁/[43,3], [43,3]/13₀, 13₀/[43,3], [43,3]/13₁, 13₁/[43,3], [43,3]/19₀, 19₀/[43,3], [43,3]/19₁, 19₁/[43,3], [43,3]/11₀, 11₀/[43,3], [43,3]/11₁, 11₁/[43,3], [43,3]/17₀, 17₀/[43,3], [43,3]/17₁, 17₁/[43,3], [43,3]/23₀, 23₀/[43,3], [43,3]/23₁, 23₁/[43,3], 1/[43,3], [23,23]/[[3,5],[3,3]], [[3,5],[3,3]]/[23,23], [[3,5],[3,3]]/4, 4/[[3,5],[3,3]], [[3,5],[3,3]]/[2,3], [2,3]/[[3,5],[3,3]], [[3,5],[3,3]]/[2,5], [2,5]/[[3,5],[3,3]], [[3,5],[3,3]]/[2,7], [2,7]/[[3,5],[3,3]], [[3,5],[3,3]]/[2,13], [2,13]/[[3,5],[3,3]], [[3,5],[3,3]]/[2,11], [2,11]/[[3,5],[3,3]], [[3,5],[3,3]]/[3,2], [3,2]/[[3,5],[3,3]], [[3,5],[3,3]]/[3,3], [3,3]/[[3,5],[3,3]], [[3,5],[3,3]]/[3,5], [3,5]/[[3,5],[3,3]], [[3,5],[3,3]]/[3,7], [3,7]/[[3,5],[3,3]], [[3,5],[3,3]]/[3,13], [3,13]/[[3,5],[3,3]], [[3,5],[3,3]]/[3,11], [3,11]/[[3,5],[3,3]], [[3,5],[3,3]]/[5,2], [5,2]/[[3,5],[3,3]], [[3,5],[3,3]]/[5,3], [5,3]/[[3,5],[3,3]], [[3,5],[3,3]]/[5,5], [5,5]/[[3,5],[3,3]], [[3,5],[3,3]]/[5,7], [5,7]/[[3,5],[3,3]], [[3,5],[3,3]]/[5,13], [5,13]/[[3,5],[3,3]], [[3,5],[3,3]]/[5,11], [5,11]/[[3,5],[3,3]], [[3,5],[3,3]]/[7,2], [7,2]/[[3,5],[3,3]], [[3,5],[3,3]]/[7,3], [7,3]/[[3,5],[3,3]], [[3,5],[3,3]]/[7,5], [7,5]/[[3,5],[3,3]], [[3,5],[3,3]]/[13,2], [13,2]/[[3,5],[3,3]], [[3,5],[3,3]]/[13,3], [13,3]/[[3,5],[3,3]], [[3,5],[3,3]]/[13,5], [13,5]/[[3,5],[3,3]], [[3,5],[3,3]]/[19,2], [19,2]/[[3,5],[3,3]], [[3,5],[3,3]]/[19,3], [19,3]/[[3,5],[3,3]], [[3,5],[3,3]]/[19,5], [19,5]/[[3,5],[3,3]], [19,13]/[[3,5],[3,3]], [[3,5],[3,3]]/[19,13], [19,19]/[[3,5],[3,3]], [[3,5],[3,3]]/[19,19], [19,17]/[[3,5],[3,3]], [[3,5],[3,3]]/[19,17], [19,23]/[[3,5],[3,3]], [[3,5],[3,3]]/[19,23], [[3,5],[3,3]]/[11,2], [11,2]/[[3,5],[3,3]], [[3,5],[3,3]]/[11,3], [11,3]/[[3,5],[3,3]], [[3,5],[3,3]]/[11,5], [11,5]/[[3,5],[3,3]], [[3,5],[3,3]]/[17,2], [17,2]/[[3,5],[3,3]], [[3,5],[3,3]]/[17,3], [17,3]/[[3,5],[3,3]], [[3,5],[3,3]]/[17,5], [17,5]/[[3,5],[3,3]], [23,13]/[[3,5],[3,3]], [[3,5],[3,3]]/[23,13], [23,19]/[[3,5],[3,3]], [[3,5],[3,3]]/[23,19], [23,17]/[[3,5],[3,3]], [[3,5],[3,3]]/[23,17], [[3,5],[3,3]]/2₀, 2₀/[[3,5],[3,3]], [[3,5],[3,3]]/2₁, 2₁/[[3,5],[3,3]], [[3,5],[3,3]]/3₀, 3₀/[[3,5],[3,3]], [[3,5],[3,3]]/3₁, 3₁/[[3,5],[3,3]], [[3,5],[3,3]]/5₀, 5₀/[[3,5],[3,3]], [[3,5],[3,3]]/5₁, 5₁/[[3,5],[3,3]], [[3,5],[3,3]]/7₀, 7₀/[[3,5],[3,3]], [[3,5],[3,3]]/7₁, 7₁/[[3,5],[3,3]], [[3,5],[3,3]]/13₀, 13₀/[[3,5],[3,3]], [[3,5],[3,3]]/13₁, 13₁/[[3,5],[3,3]], [[3,5],[3,3]]/19₀, 19₀/[[3,5],[3,3]], [[3,5],[3,3]]/11₀, 11₀/[[3,5],[3,3]], [[3,5],[3,3]]/11₁, 11₁/[[3,5],[3,3]], [[3,5],[3,3]]/17₀, 17₀/[[3,5],[3,3]], 1/[[3,5],[3,3]], [23,23]/[73,3], [73,3]/[23,23], [73,3]/4, 4/[73,3], [73,3]/[2,3], [2,3]/[73,3], [73,3]/[2,5], [2,5]/[73,3], [73,3]/[2,7], [2,7]/[73,3], [73,3]/[2,13], [2,13]/[73,3], [73,3]/[2,11], [2,11]/[73,3], [73,3]/[3,2], [3,2]/[73,3], [73,3]/[3,3], [3,3]/[73,3], [73,3]/[3,5], [3,5]/[73,3], [73,3]/[3,7], [3,7]/[73,3], [73,3]/[3,13], [3,13]/[73,3], [73,3]/[3,11], [3,11]/[73,3], [73,3]/[5,2], [5,2]/[73,3], [73,3]/[5,3], [5,3]/[73,3], [73,3]/[5,5], [5,5]/[73,3], [73,3]/[5,7], [5,7]/[73,3], [73,3]/[5,13], [5,13]/[73,3], [73,3]/[5,11], [5,11]/[73,3], [73,3]/[7,2], [7,2]/[73,3], [73,3]/[7,3], [7,3]/[73,3], [73,3]/[7,5], [7,5]/[73,3], [73,3]/[7,7], [7,7]/[73,3], [73,3]/[7,11], [7,11]/[73,3], [73,3]/[13,2], [13,2]/[73,3], [73,3]/[13,3], [13,3]/[73,3], [73,3]/[13,5], [13,5]/[73,3], [73,3]/[13,7], [13,7]/[73,3], [73,3]/[13,11], [13,11]/[73,3], [73,3]/[19,2], [19,2]/[73,3], [73,3]/[19,3], [19,3]/[73,3], [73,3]/[19,5], [19,5]/[73,3], [73,3]/[19,7], [19,7]/[73,3], [19,13]/[73,3], [73,3]/[19,13], [19,19]/[73,3], [73,3]/[19,19], [73,3]/[19,11], [19,11]/[73,3], [19,17]/[73,3], [73,3]/[19,17], [19,23]/[73,3], [73,3]/[19,23], [73,3]/[11,2], [11,2]/[73,3], [73,3]/[11,3], [11,3]/[73,3], [73,3]/[11,5], [11,5]/[73,3], [73,3]/[11,7], [11,7]/[73,3], [73,3]/[11,11], [11,11]/[73,3], [73,3]/[17,2], [17,2]/[73,3], [73,3]/[17,3], [17,3]/[73,3], [73,3]/[17,5], [17,5]/[73,3], [73,3]/[17,7], [17,7]/[73,3], [73,3]/[17,11], [17,11]/[73,3], [23,13]/[73,3], [73,3]/[23,13], [23,19]/[73,3], [73,3]/[23,19], [23,17]/[73,3], [73,3]/[23,17], [73,3]/2₀, 2₀/[73,3], [73,3]/2₁, 2₁/[73,3], [73,3]/3₀, 3₀/[73,3], [73,3]/3₁, 3₁/[73,3], [73,3]/5₀, 5₀/[73,3], [73,3]/5₁, 5₁/[73,3], [73,3]/7₀, 7₀/[73,3], [73,3]/7₁, 7₁/[73,3], [73,3]/13₀, 13₀/[73,3], [73,3]/13₁, 13₁/[73,3], [73,3]/19₀, 19₀/[73,3], [73,3]/11₀, 11₀/[73,3], [73,3]/11₁, 11₁/[73,3], [73,3]/17₀, 17₀/[73,3], 1/[73,3], [23,23]/263, 263/[23,23], 263/4, 4/263, 263/[2,3], [2,3]/263, 263/[2,5], [2,5]/263, 263/[2,7], [2,7]/263, 263/[2,13], [2,13]/263, 263/[2,11], [2,11]/263, 263/[3,2], [3,2]/263, 263/[3,3], [3,3]/263, 263/[3,5], [3,5]/263, 263/[3,7], [3,7]/263, 263/[3,13], [3,13]/263, 263/[3,11], [3,11]/263, 263/[5,2], [5,2]/263, 263/[5,3], [5,3]/263, 263/[5,5], [5,5]/263, 263/[5,7], [5,7]/263, 263/[5,13], [5,13]/263, 263/[5,11], [5,11]/263, 263/[7,2], [7,2]/263, 263/[7,3], [7,3]/263, 263/[7,5], [7,5]/263, 263/[7,7], [7,7]/263, 263/[7,11], [7,11]/263, 263/[13,2], [13,2]/263, 263/[13,3], [13,3]/263, 263/[13,5], [13,5]/263, 263/[13,7], [13,7]/263, 263/[13,11], [13,11]/263, 263/[19,2], [19,2]/263, 263/[19,3], [19,3]/263, 263/[19,5], [19,5]/263, 263/[19,7], [19,7]/263, 263/[19,11], [19,11]/263, 263/[11,2], [11,2]/263, 263/[11,3], [11,3]/263, 263/[11,5], [11,5]/263, 263/[11,7], [11,7]/263, 263/[11,11], [11,11]/263, 263/[17,2], [17,2]/263, 263/[17,3], [17,3]/263, 263/[17,5], [17,5]/263, 263/[17,7], [17,7]/263, 263/[17,11], [17,11]/263, 263/[23,2], [23,2]/263, 263/[23,3], [23,3]/263, 263/[23,5], [23,5]/263, 263/[23,7], [23,7]/263, [23,13]/263, 263/[23,13], [23,19]/263, 263/[23,19], 263/[23,11], [23,11]/263, [23,17]/263, 263/[23,17], 263/2₀, 2₀/263, 263/2₁, 2₁/263, 263/3₀, 3₀/263, 263/3₁, 3₁/263, 263/5₀, 5₀/263, 263/5₁, 5₁/263, 263/7₀, 7₀/263, 263/7₁, 7₁/263, 263/13₀, 13₀/263, 263/13₁, 13₁/263, 263/19₀, 19₀/263, 263/11₀, 11₀/263, 263/11₁, 11₁/263, 263/17₀, 17₀/263, 263/23₀, 23₀/263, 1/263, [23,23]/[61,3], [61,3]/[23,23], [61,3]/4, 4/[61,3], [61,3]/[2,3], [2,3]/[61,3], [61,3]/[2,5], [2,5]/[61,3], [61,3]/[2,7], [2,7]/[61,3], [61,3]/[2,13], [2,13]/[61,3], [61,3]/[2,19], [2,19]/[61,3], [61,3]/[2,11], [2,11]/[61,3], [61,3]/[2,17], [2,17]/[61,3], [61,3]/[3,2], [3,2]/[61,3], [61,3]/[3,3], [3,3]/[61,3], [61,3]/[3,5], [3,5]/[61,3], [61,3]/[3,7], [3,7]/[61,3], [61,3]/[3,13], [3,13]/[61,3], [61,3]/[3,19], [3,19]/[61,3], [61,3]/[3,11], [3,11]/[61,3], [61,3]/[3,17], [3,17]/[61,3], [61,3]/[5,2], [5,2]/[61,3], [61,3]/[5,3], [5,3]/[61,3], [61,3]/[5,5], [5,5]/[61,3], [61,3]/[5,7], [5,7]/[61,3], [61,3]/[5,13], [5,13]/[61,3], [61,3]/[5,19], [5,19]/[61,3], [61,3]/[5,11], [5,11]/[61,3], [61,3]/[5,17], [5,17]/[61,3], [61,3]/[7,2], [7,2]/[61,3], [61,3]/[7,3], [7,3]/[61,3], [61,3]/[7,5], [7,5]/[61,3], [61,3]/[7,7], [7,7]/[61,3], [61,3]/[7,11], [7,11]/[61,3], [61,3]/[13,2], [13,2]/[61,3], [61,3]/[13,3], [13,3]/[61,3], [61,3]/[13,5], [13,5]/[61,3], [61,3]/[13,7], [13,7]/[61,3], [13,19]/[61,3], [61,3]/[13,19], [61,3]/[13,11], [13,11]/[61,3], [13,23]/[61,3], [61,3]/[13,23], [19,19]/[61,3], [61,3]/[19,19], [19,23]/[61,3], [61,3]/[19,23], [61,3]/[11,2], [11,2]/[61,3], [61,3]/[11,3], [11,3]/[61,3], [61,3]/[11,5], [11,5]/[61,3], [61,3]/[11,7], [11,7]/[61,3], [61,3]/[11,11], [11,11]/[61,3], [17,19]/[61,3], [61,3]/[17,19], [17,23]/[61,3], [61,3]/[17,23], [23,19]/[61,3], [61,3]/[23,19], [61,3]/2₀, 2₀/[61,3], [61,3]/2₁, 2₁/[61,3], [61,3]/3₀, 3₀/[61,3], [61,3]/3₁, 3₁/[61,3], [61,3]/5₀, 5₀/[61,3], [61,3]/5₁, 5₁/[61,3], [61,3]/7₀, 7₀/[61,3], [61,3]/7₁, 7₁/[61,3], [61,3]/13₀, 13₀/[61,3], [61,3]/13₁, 13₁/[61,3], [61,3]/19₁, 19₁/[61,3], [61,3]/11₀, 11₀/[61,3], [61,3]/11₁, 11₁/[61,3], [61,3]/17₁, 17₁/[61,3], 1/[61,3], [23,23]/[[3,7],11], [[3,7],11]/[23,23], [[3,7],11]/4, 4/[[3,7],11], [[3,7],11]/[2,3], [2,3]/[[3,7],11], [[3,7],11]/[2,5], [2,5]/[[3,7],11], [[3,7],11]/[2,7], [2,7]/[[3,7],11], [[3,7],11]/[2,13], [2,13]/[[3,7],11], [[3,7],11]/[2,19], [2,19]/[[3,7],11], [[3,7],11]/[2,11], [2,11]/[[3,7],11], [[3,7],11]/[2,17], [2,17]/[[3,7],11], [[3,7],11]/[3,2], [3,2]/[[3,7],11], [[3,7],11]/[3,3], [3,3]/[[3,7],11], [[3,7],11]/[3,5], [3,5]/[[3,7],11], [[3,7],11]/[3,7], [3,7]/[[3,7],11], [[3,7],11]/[3,13], [3,13]/[[3,7],11], [[3,7],11]/[3,19], [3,19]/[[3,7],11], [[3,7],11]/[3,11], [3,11]/[[3,7],11], [[3,7],11]/[3,17], [3,17]/[[3,7],11], [[3,7],11]/[5,2], [5,2]/[[3,7],11], [[3,7],11]/[5,3], [5,3]/[[3,7],11], [[3,7],11]/[5,5], [5,5]/[[3,7],11], [[3,7],11]/[5,7], [5,7]/[[3,7],11], [[3,7],11]/[5,13], [5,13]/[[3,7],11], [[3,7],11]/[5,19], [5,19]/[[3,7],11], [[3,7],11]/[5,11], [5,11]/[[3,7],11], [[3,7],11]/[5,17], [5,17]/[[3,7],11], [[3,7],11]/[7,2], [7,2]/[[3,7],11], [[3,7],11]/[7,3], [7,3]/[[3,7],11], [[3,7],11]/[7,5], [7,5]/[[3,7],11], [[3,7],11]/[7,7], [7,7]/[[3,7],11], [[3,7],11]/[7,13], [7,13]/[[3,7],11], [[3,7],11]/[7,11], [7,11]/[[3,7],11], [[3,7],11]/[7,17], [7,17]/[[3,7],11], [[3,7],11]/[13,2], [13,2]/[[3,7],11], [[3,7],11]/[13,3], [13,3]/[[3,7],11], [[3,7],11]/[13,5], [13,5]/[[3,7],11], [[3,7],11]/[13,7], [13,7]/[[3,7],11], [[3,7],11]/[13,13], [13,13]/[[3,7],11], [13,19]/[[3,7],11], [[3,7],11]/[13,19], [[3,7],11]/[13,11], [13,11]/[[3,7],11], [[3,7],11]/[13,17], [13,17]/[[3,7],11], [13,23]/[[3,7],11], [[3,7],11]/[13,23], [19,19]/[[3,7],11], [[3,7],11]/[19,19], [19,23]/[[3,7],11], [[3,7],11]/[19,23], [[3,7],11]/[11,2], [11,2]/[[3,7],11], [[3,7],11]/[11,3], [11,3]/[[3,7],11], [[3,7],11]/[11,5], [11,5]/[[3,7],11], [[3,7],11]/[11,7], [11,7]/[[3,7],11], [[3,7],11]/[11,13], [11,13]/[[3,7],11], [[3,7],11]/[11,11], [11,11]/[[3,7],11], [[3,7],11]/[11,17], [11,17]/[[3,7],11], [17,19]/[[3,7],11], [[3,7],11]/[17,19], [17,23]/[[3,7],11], [[3,7],11]/[17,23], [23,19]/[[3,7],11], [[3,7],11]/[23,19], [[3,7],11]/2₀, 2₀/[[3,7],11], [[3,7],11]/2₁, 2₁/[[3,7],11], [[3,7],11]/3₀, 3₀/[[3,7],11], [[3,7],11]/3₁, 3₁/[[3,7],11], [[3,7],11]/5₀, 5₀/[[3,7],11], [[3,7],11]/5₁, 5₁/[[3,7],11], [[3,7],11]/7₀, 7₀/[[3,7],11], [[3,7],11]/7₁, 7₁/[[3,7],11], [[3,7],11]/13₀, 13₀/[[3,7],11], [[3,7],11]/13₁, 13₁/[[3,7],11], [[3,7],11]/19₁, 19₁/[[3,7],11], [[3,7],11]/11₀, 11₀/[[3,7],11], [[3,7],11]/11₁, 11₁/[[3,7],11], [[3,7],11]/17₁, 17₁/[[3,7],11], 1/[[3,7],11], [23,23]/[83,3], [83,3]/[23,23], [83,3]/4, 4/[83,3], [83,3]/[2,3], [2,3]/[83,3], [83,3]/[2,5], [2,5]/[83,3], [83,3]/[2,7], [2,7]/[83,3], [83,3]/[2,13], [2,13]/[83,3], [83,3]/[2,19], [2,19]/[83,3], [83,3]/[2,11], [2,11]/[83,3], [83,3]/[2,17], [2,17]/[83,3], [83,3]/[3,2], [3,2]/[83,3], [83,3]/[3,3], [3,3]/[83,3], [83,3]/[3,5], [3,5]/[83,3], [83,3]/[3,7], [3,7]/[83,3], [83,3]/[3,13], [3,13]/[83,3], [83,3]/[3,19], [3,19]/[83,3], [83,3]/[3,11], [3,11]/[83,3], [83,3]/[3,17], [3,17]/[83,3], [83,3]/[5,2], [5,2]/[83,3], [83,3]/[5,3], [5,3]/[83,3], [83,3]/[5,5], [5,5]/[83,3], [83,3]/[5,7], [5,7]/[83,3], [83,3]/[5,13], [5,13]/[83,3], [83,3]/[5,19], [5,19]/[83,3], [83,3]/[5,11], [5,11]/[83,3], [83,3]/[5,17], [5,17]/[83,3], [83,3]/[7,2], [7,2]/[83,3], [83,3]/[7,3], [7,3]/[83,3], [83,3]/[7,5], [7,5]/[83,3], [83,3]/[7,7], [7,7]/[83,3], [83,3]/[7,11], [7,11]/[83,3], [83,3]/[13,2], [13,2]/[83,3], [83,3]/[13,3], [13,3]/[83,3], [83,3]/[13,5], [13,5]/[83,3], [83,3]/[13,7], [13,7]/[83,3], [83,3]/[13,11], [13,11]/[83,3], [83,3]/[19,2], [19,2]/[83,3], [83,3]/[19,3], [19,3]/[83,3], [83,3]/[19,5], [19,5]/[83,3], [83,3]/[19,7], [19,7]/[83,3], [19,19]/[83,3], [83,3]/[19,19], [83,3]/[19,11], [19,11]/[83,3], [19,23]/[83,3], [83,3]/[19,23], [83,3]/[11,2], [11,2]/[83,3], [83,3]/[11,3], [11,3]/[83,3], [83,3]/[11,5], [11,5]/[83,3], [83,3]/[11,7], [11,7]/[83,3], [83,3]/[11,11], [11,11]/[83,3], [83,3]/[17,2], [17,2]/[83,3], [83,3]/[17,3], [17,3]/[83,3], [83,3]/[17,5], [17,5]/[83,3], [83,3]/[17,7], [17,7]/[83,3], [83,3]/[17,11], [17,11]/[83,3], [23,19]/[83,3], [83,3]/[23,19], [83,3]/2₀, 2₀/[83,3], [83,3]/2₁, 2₁/[83,3], [83,3]/3₀, 3₀/[83,3], [83,3]/3₁, 3₁/[83,3], [83,3]/5₀, 5₀/[83,3], [83,3]/5₁, 5₁/[83,3], [83,3]/7₀, 7₀/[83,3], [83,3]/7₁, 7₁/[83,3], [83,3]/13₀, 13₀/[83,3], [83,3]/13₁, 13₁/[83,3], [83,3]/19₀, 19₀/[83,3], [83,3]/19₁, 19₁/[83,3], [83,3]/11₀, 11₀/[83,3], [83,3]/11₁, 11₁/[83,3], [83,3]/17₀, 17₀/[83,3], [83,3]/17₁, 17₁/[83,3], 1/[83,3], [23,23]/[37,[3,3]], [37,[3,3]]/[23,23], [37,[3,3]]/4, 4/[37,[3,3]], [37,[3,3]]/[2,3], [2,3]/[37,[3,3]], [37,[3,3]]/[2,5], [2,5]/[37,[3,3]], [37,[3,3]]/[2,7], [2,7]/[37,[3,3]], [37,[3,3]]/[2,13], [2,13]/[37,[3,3]], [37,[3,3]]/[2,19], [2,19]/[37,[3,3]], [37,[3,3]]/[2,11], [2,11]/[37,[3,3]], [37,[3,3]]/[2,17], [2,17]/[37,[3,3]], [37,[3,3]]/[3,2], [3,2]/[37,[3,3]], [37,[3,3]]/[3,3], [3,3]/[37,[3,3]], [37,[3,3]]/[3,5], [3,5]/[37,[3,3]], [37,[3,3]]/[3,7], [3,7]/[37,[3,3]], [37,[3,3]]/[3,13], [3,13]/[37,[3,3]], [37,[3,3]]/[3,19], [3,19]/[37,[3,3]], [37,[3,3]]/[3,11], [3,11]/[37,[3,3]], [37,[3,3]]/[3,17], [3,17]/[37,[3,3]], [37,[3,3]]/[5,2], [5,2]/[37,[3,3]], [37,[3,3]]/[5,3], [5,3]/[37,[3,3]], [37,[3,3]]/[5,5], [5,5]/[37,[3,3]], [37,[3,3]]/[5,7], [5,7]/[37,[3,3]], [37,[3,3]]/[5,13], [5,13]/[37,[3,3]], [37,[3,3]]/[5,19], [5,19]/[37,[3,3]], [37,[3,3]]/[5,11], [5,11]/[37,[3,3]], [37,[3,3]]/[5,17], [5,17]/[37,[3,3]], [37,[3,3]]/[7,2], [7,2]/[37,[3,3]], [37,[3,3]]/[7,3], [7,3]/[37,[3,3]], [37,[3,3]]/[7,5], [7,5]/[37,[3,3]], [37,[3,3]]/[7,7], [7,7]/[37,[3,3]], [37,[3,3]]/[7,13], [7,13]/[37,[3,3]], [37,[3,3]]/[7,11], [7,11]/[37,[3,3]], [37,[3,3]]/[7,17], [7,17]/[37,[3,3]], [37,[3,3]]/[13,2], [13,2]/[37,[3,3]], [37,[3,3]]/[13,3], [13,3]/[37,[3,3]], [37,[3,3]]/[13,5], [13,5]/[37,[3,3]], [37,[3,3]]/[13,7], [13,7]/[37,[3,3]], [37,[3,3]]/[13,13], [13,13]/[37,[3,3]], [37,[3,3]]/[13,11], [13,11]/[37,[3,3]], [37,[3,3]]/[13,17], [13,17]/[37,[3,3]], [37,[3,3]]/[19,2], [19,2]/[37,[3,3]], [37,[3,3]]/[19,3], [19,3]/[37,[3,3]], [37,[3,3]]/[19,5], [19,5]/[37,[3,3]], [37,[3,3]]/[19,7], [19,7]/[37,[3,3]], [37,[3,3]]/[19,13], [19,13]/[37,[3,3]], [19,19]/[37,[3,3]], [37,[3,3]]/[19,19], [37,[3,3]]/[19,11], [19,11]/[37,[3,3]], [37,[3,3]]/[19,17], [19,17]/[37,[3,3]], [19,23]/[37,[3,3]], [37,[3,3]]/[19,23], [37,[3,3]]/[11,2], [11,2]/[37,[3,3]], [37,[3,3]]/[11,3], [11,3]/[37,[3,3]], [37,[3,3]]/[11,5], [11,5]/[37,[3,3]], [37,[3,3]]/[11,7], [11,7]/[37,[3,3]], [37,[3,3]]/[11,13], [11,13]/[37,[3,3]], [37,[3,3]]/[11,11], [11,11]/[37,[3,3]], [37,[3,3]]/[11,17], [11,17]/[37,[3,3]], [37,[3,3]]/[17,2], [17,2]/[37,[3,3]], [37,[3,3]]/[17,3], [17,3]/[37,[3,3]], [37,[3,3]]/[17,5], [17,5]/[37,[3,3]], [37,[3,3]]/[17,7], [17,7]/[37,[3,3]], [37,[3,3]]/[17,13], [17,13]/[37,[3,3]], [37,[3,3]]/[17,11], [17,11]/[37,[3,3]], [37,[3,3]]/[17,17], [17,17]/[37,[3,3]], [23,19]/[37,[3,3]], [37,[3,3]]/[23,19], [37,[3,3]]/2₀, 2₀/[37,[3,3]], [37,[3,3]]/2₁, 2₁/[37,[3,3]], [37,[3,3]]/3₀, 3₀/[37,[3,3]], [37,[3,3]]/3₁, 3₁/[37,[3,3]], [37,[3,3]]/5₀, 5₀/[37,[3,3]], [37,[3,3]]/5₁, 5₁/[37,[3,3]], [37,[3,3]]/7₀, 7₀/[37,[3,3]], [37,[3,3]]/7₁, 7₁/[37,[3,3]], [37,[3,3]]/13₀, 13₀/[37,[3,3]], [37,[3,3]]/13₁, 13₁/[37,[3,3]], [37,[3,3]]/19₀, 19₀/[37,[3,3]], [37,[3,3]]/19₁, 19₁/[37,[3,3]], [37,[3,3]]/11₀, 11₀/[37,[3,3]], [37,[3,3]]/11₁, 11₁/[37,[3,3]], [37,[3,3]]/17₀, 17₀/[37,[3,3]], [37,[3,3]]/17₁, 17₁/[37,[3,3]], 1/[37,[3,3]], [23,23]/[[5,5],7], [[5,5],7]/[23,23], [[5,5],7]/4, 4/[[5,5],7], [[5,5],7]/[2,3], [2,3]/[[5,5],7], [[5,5],7]/[2,5], [2,5]/[[5,5],7], [[5,5],7]/[2,7], [2,7]/[[5,5],7], [[5,5],7]/[2,13], [2,13]/[[5,5],7], [[5,5],7]/[2,11], [2,11]/[[5,5],7], [[5,5],7]/[2,17], [2,17]/[[5,5],7], [[5,5],7]/[3,2], [3,2]/[[5,5],7], [[5,5],7]/[3,3], [3,3]/[[5,5],7], [[5,5],7]/[3,5], [3,5]/[[5,5],7], [[5,5],7]/[3,7], [3,7]/[[5,5],7], [[5,5],7]/[3,13], [3,13]/[[5,5],7], [[5,5],7]/[3,11], [3,11]/[[5,5],7], [[5,5],7]/[3,17], [3,17]/[[5,5],7], [[5,5],7]/[5,2], [5,2]/[[5,5],7], [[5,5],7]/[5,3], [5,3]/[[5,5],7], [[5,5],7]/[5,5], [5,5]/[[5,5],7], [[5,5],7]/[5,7], [5,7]/[[5,5],7], [[5,5],7]/[5,13], [5,13]/[[5,5],7], [[5,5],7]/[5,11], [5,11]/[[5,5],7], [[5,5],7]/[5,17], [5,17]/[[5,5],7], [[5,5],7]/[7,2], [7,2]/[[5,5],7], [[5,5],7]/[7,3], [7,3]/[[5,5],7], [[5,5],7]/[7,5], [7,5]/[[5,5],7], [[5,5],7]/[13,2], [13,2]/[[5,5],7], [[5,5],7]/[13,3], [13,3]/[[5,5],7], [[5,5],7]/[13,5], [13,5]/[[5,5],7], [[5,5],7]/[19,2], [19,2]/[[5,5],7], [[5,5],7]/[19,3], [19,3]/[[5,5],7], [[5,5],7]/[19,5], [19,5]/[[5,5],7], [[5,5],7]/[11,2], [11,2]/[[5,5],7], [[5,5],7]/[11,3], [11,3]/[[5,5],7], [[5,5],7]/[11,5], [11,5]/[[5,5],7], [[5,5],7]/[17,2], [17,2]/[[5,5],7], [[5,5],7]/[17,3], [17,3]/[[5,5],7], [[5,5],7]/[17,5], [17,5]/[[5,5],7], [[5,5],7]/[23,2], [23,2]/[[5,5],7], [[5,5],7]/[23,3], [23,3]/[[5,5],7], [[5,5],7]/[23,5], [23,5]/[[5,5],7], [23,19]/[[5,5],7], [[5,5],7]/[23,19], [23,17]/[[5,5],7], [[5,5],7]/[23,17], [[5,5],7]/2₀, 2₀/[[5,5],7], [[5,5],7]/2₁, 2₁/[[5,5],7], [[5,5],7]/3₀, 3₀/[[5,5],7], [[5,5],7]/3₁, 3₁/[[5,5],7], [[5,5],7]/5₀, 5₀/[[5,5],7], [[5,5],7]/5₁, 5₁/[[5,5],7], [[5,5],7]/7₀, 7₀/[[5,5],7], [[5,5],7]/7₁, 7₁/[[5,5],7], [[5,5],7]/13₀, 13₀/[[5,5],7], [[5,5],7]/13₁, 13₁/[[5,5],7], [[5,5],7]/19₀, 19₀/[[5,5],7], [[5,5],7]/11₀, 11₀/[[5,5],7], [[5,5],7]/11₁, 11₁/[[5,5],7], [[5,5],7]/17₀, 17₀/[[5,5],7], [[5,5],7]/17₁, 17₁/[[5,5],7], [[5,5],7]/23₀, 23₀/[[5,5],7], 1/[[5,5],7], [23,23]/[19,[3,3]], [19,[3,3]]/[23,23], [19,[3,3]]/4, 4/[19,[3,3]], [19,[3,3]]/[2,3], [2,3]/[19,[3,3]], [19,[3,3]]/[2,5], [2,5]/[19,[3,3]], [19,[3,3]]/[2,7], [2,7]/[19,[3,3]], [19,[3,3]]/[2,13], [2,13]/[19,[3,3]], [19,[3,3]]/[2,19], [2,19]/[19,[3,3]], [19,[3,3]]/[2,11], [2,11]/[19,[3,3]], [19,[3,3]]/[2,17], [2,17]/[19,[3,3]], [19,[3,3]]/[2,23], [2,23]/[19,[3,3]], [19,[3,3]]/[3,2], [3,2]/[19,[3,3]], [19,[3,3]]/[3,3], [3,3]/[19,[3,3]], [19,[3,3]]/[3,5], [3,5]/[19,[3,3]], [19,[3,3]]/[3,7], [3,7]/[19,[3,3]], [19,[3,3]]/[3,13], [3,13]/[19,[3,3]], [19,[3,3]]/[3,19], [3,19]/[19,[3,3]], [19,[3,3]]/[3,11], [3,11]/[19,[3,3]], [19,[3,3]]/[3,17], [3,17]/[19,[3,3]], [19,[3,3]]/[3,23], [3,23]/[19,[3,3]], [19,[3,3]]/[5,2], [5,2]/[19,[3,3]], [19,[3,3]]/[5,3], [5,3]/[19,[3,3]], [19,[3,3]]/[5,5], [5,5]/[19,[3,3]], [19,[3,3]]/[5,7], [5,7]/[19,[3,3]], [19,[3,3]]/[5,13], [5,13]/[19,[3,3]], [19,[3,3]]/[5,19], [5,19]/[19,[3,3]], [19,[3,3]]/[5,11], [5,11]/[19,[3,3]], [19,[3,3]]/[5,17], [5,17]/[19,[3,3]], [19,[3,3]]/[5,23], [5,23]/[19,[3,3]], [19,[3,3]]/[7,2], [7,2]/[19,[3,3]], [19,[3,3]]/[7,3], [7,3]/[19,[3,3]], [19,[3,3]]/[7,5], [7,5]/[19,[3,3]], [19,[3,3]]/[7,7], [7,7]/[19,[3,3]], [19,[3,3]]/[13,2], [13,2]/[19,[3,3]], [19,[3,3]]/[13,3], [13,3]/[19,[3,3]], [19,[3,3]]/[13,5], [13,5]/[19,[3,3]], [19,[3,3]]/[13,7], [13,7]/[19,[3,3]], [13,23]/[19,[3,3]], [19,[3,3]]/[13,23], [19,23]/[19,[3,3]], [19,[3,3]]/[19,23], [19,[3,3]]/[11,2], [11,2]/[19,[3,3]], [19,[3,3]]/[11,3], [11,3]/[19,[3,3]], [19,[3,3]]/[11,5], [11,5]/[19,[3,3]], [19,[3,3]]/[11,7], [11,7]/[19,[3,3]], [17,23]/[19,[3,3]], [19,[3,3]]/[17,23], [19,[3,3]]/2₀, 2₀/[19,[3,3]], [19,[3,3]]/2₁, 2₁/[19,[3,3]], [19,[3,3]]/3₀, 3₀/[19,[3,3]], [19,[3,3]]/3₁, 3₁/[19,[3,3]], [19,[3,3]]/5₀, 5₀/[19,[3,3]], [19,[3,3]]/5₁, 5₁/[19,[3,3]], [19,[3,3]]/7₀, 7₀/[19,[3,3]], [19,[3,3]]/7₁, 7₁/[19,[3,3]], [19,[3,3]]/13₀, 13₀/[19,[3,3]], [19,[3,3]]/13₁, 13₁/[19,[3,3]], [19,[3,3]]/19₁, 19₁/[19,[3,3]], [19,[3,3]]/11₀, 11₀/[19,[3,3]], [19,[3,3]]/11₁, 11₁/[19,[3,3]], [19,[3,3]]/17₁, 17₁/[19,[3,3]], [19,[3,3]]/23₁, 23₁/[19,[3,3]], 1/[19,[3,3]], [23,23]/[[3,3,3],11], [[3,3,3],11]/[23,23], [[3,3,3],11]/4, 4/[[3,3,3],11], [[3,3,3],11]/[2,3], [2,3]/[[3,3,3],11], [[3,3,3],11]/[2,5], [2,5]/[[3,3,3],11], [[3,3,3],11]/[2,7], [2,7]/[[3,3,3],11], [[3,3,3],11]/[2,13], [2,13]/[[3,3,3],11], [[3,3,3],11]/[2,19], [2,19]/[[3,3,3],11], [[3,3,3],11]/[2,11], [2,11]/[[3,3,3],11], [[3,3,3],11]/[2,17], [2,17]/[[3,3,3],11], [[3,3,3],11]/[2,23], [2,23]/[[3,3,3],11], [[3,3,3],11]/[3,2], [3,2]/[[3,3,3],11], [[3,3,3],11]/[3,3], [3,3]/[[3,3,3],11], [[3,3,3],11]/[3,5], [3,5]/[[3,3,3],11], [[3,3,3],11]/[3,7], [3,7]/[[3,3,3],11], [[3,3,3],11]/[3,13], [3,13]/[[3,3,3],11], [[3,3,3],11]/[3,19], [3,19]/[[3,3,3],11], [[3,3,3],11]/[3,11], [3,11]/[[3,3,3],11], [[3,3,3],11]/[3,17], [3,17]/[[3,3,3],11], [[3,3,3],11]/[3,23], [3,23]/[[3,3,3],11], [[3,3,3],11]/[5,2], [5,2]/[[3,3,3],11], [[3,3,3],11]/[5,3], [5,3]/[[3,3,3],11], [[3,3,3],11]/[5,5], [5,5]/[[3,3,3],11], [[3,3,3],11]/[5,7], [5,7]/[[3,3,3],11], [[3,3,3],11]/[5,13], [5,13]/[[3,3,3],11], [[3,3,3],11]/[5,19], [5,19]/[[3,3,3],11], [[3,3,3],11]/[5,11], [5,11]/[[3,3,3],11], [[3,3,3],11]/[5,17], [5,17]/[[3,3,3],11], [[3,3,3],11]/[5,23], [5,23]/[[3,3,3],11], [[3,3,3],11]/[7,2], [7,2]/[[3,3,3],11], [[3,3,3],11]/[7,3], [7,3]/[[3,3,3],11], [[3,3,3],11]/[7,5], [7,5]/[[3,3,3],11], [[3,3,3],11]/[7,7], [7,7]/[[3,3,3],11], [[3,3,3],11]/[7,13], [7,13]/[[3,3,3],11], [[3,3,3],11]/[7,11], [7,11]/[[3,3,3],11], [[3,3,3],11]/[13,2], [13,2]/[[3,3,3],11], [[3,3,3],11]/[13,3], [13,3]/[[3,3,3],11], [[3,3,3],11]/[13,5], [13,5]/[[3,3,3],11], [[3,3,3],11]/[13,7], [13,7]/[[3,3,3],11], [[3,3,3],11]/[13,13], [13,13]/[[3,3,3],11], [[3,3,3],11]/[13,11], [13,11]/[[3,3,3],11], [[3,3,3],11]/[19,2], [19,2]/[[3,3,3],11], [[3,3,3],11]/[19,3], [19,3]/[[3,3,3],11], [[3,3,3],11]/[19,5], [19,5]/[[3,3,3],11], [[3,3,3],11]/[19,7], [19,7]/[[3,3,3],11], [[3,3,3],11]/[19,13], [19,13]/[[3,3,3],11], [[3,3,3],11]/[19,11], [19,11]/[[3,3,3],11], [19,23]/[[3,3,3],11], [[3,3,3],11]/[19,23], [[3,3,3],11]/[11,2], [11,2]/[[3,3,3],11], [[3,3,3],11]/[11,3], [11,3]/[[3,3,3],11], [[3,3,3],11]/[11,5], [11,5]/[[3,3,3],11], [[3,3,3],11]/[11,7], [11,7]/[[3,3,3],11], [[3,3,3],11]/[11,13], [11,13]/[[3,3,3],11], [[3,3,3],11]/[11,11], [11,11]/[[3,3,3],11], [[3,3,3],11]/[17,2], [17,2]/[[3,3,3],11], [[3,3,3],11]/[17,3], [17,3]/[[3,3,3],11], [[3,3,3],11]/[17,5], [17,5]/[[3,3,3],11], [[3,3,3],11]/[17,7], [17,7]/[[3,3,3],11], [[3,3,3],11]/[17,13], [17,13]/[[3,3,3],11], [[3,3,3],11]/[17,11], [17,11]/[[3,3,3],11], [[3,3,3],11]/2₀, 2₀/[[3,3,3],11], [[3,3,3],11]/2₁, 2₁/[[3,3,3],11], [[3,3,3],11]/3₀, 3₀/[[3,3,3],11], [[3,3,3],11]/3₁, 3₁/[[3,3,3],11], [[3,3,3],11]/5₀, 5₀/[[3,3,3],11], [[3,3,3],11]/5₁, 5₁/[[3,3,3],11], [[3,3,3],11]/7₀, 7₀/[[3,3,3],11], [[3,3,3],11]/7₁, 7₁/[[3,3,3],11], [[3,3,3],11]/13₀, 13₀/[[3,3,3],11], [[3,3,3],11]/13₁, 13₁/[[3,3,3],11], [[3,3,3],11]/19₀, 19₀/[[3,3,3],11], [[3,3,3],11]/19₁, 19₁/[[3,3,3],11], [[3,3,3],11]/11₀, 11₀/[[3,3,3],11], [[3,3,3],11]/11₁, 11₁/[[3,3,3],11], [[3,3,3],11]/17₀, 17₀/[[3,3,3],11], [[3,3,3],11]/17₁, 17₁/[[3,3,3],11], [[3,3,3],11]/23₁, 23₁/[[3,3,3],11], 1/[[3,3,3],11], [23,23]/349, 349/[23,23], 349/4, 4/349, 349/[2,3], [2,3]/349, 349/[2,5], [2,5]/349, 349/[2,7], [2,7]/349, 349/[2,13], [2,13]/349, 349/[2,19], [2,19]/349, 349/[2,11], [2,11]/349, 349/[2,17], [2,17]/349, 349/[2,23], [2,23]/349, 349/[3,2], [3,2]/349, 349/[3,3], [3,3]/349, 349/[3,5], [3,5]/349, 349/[3,7], [3,7]/349, 349/[3,13], [3,13]/349, 349/[3,19], [3,19]/349, 349/[3,11], [3,11]/349, 349/[3,17], [3,17]/349, 349/[3,23], [3,23]/349, 349/[5,2], [5,2]/349, 349/[5,3], [5,3]/349, 349/[5,5], [5,5]/349, 349/[5,7], [5,7]/349, 349/[5,13], [5,13]/349, 349/[5,19], [5,19]/349, 349/[5,11], [5,11]/349, 349/[5,17], [5,17]/349, 349/[5,23], [5,23]/349, 349/[7,2], [7,2]/349, 349/[7,3], [7,3]/349, 349/[7,5], [7,5]/349, 349/[7,7], [7,7]/349, 349/[7,13], [7,13]/349, 349/[7,11], [7,11]/349, 349/[13,2], [13,2]/349, 349/[13,3], [13,3]/349, 349/[13,5], [13,5]/349, 349/[13,7], [13,7]/349, 349/[13,13], [13,13]/349, 349/[13,11], [13,11]/349, 349/[19,2], [19,2]/349, 349/[19,3], [19,3]/349, 349/[19,5], [19,5]/349, 349/[19,7], [19,7]/349, 349/[19,13], [19,13]/349, 349/[19,11], [19,11]/349, 349/[11,2], [11,2]/349, 349/[11,3], [11,3]/349, 349/[11,5], [11,5]/349, 349/[11,7], [11,7]/349, 349/[11,13], [11,13]/349, 349/[11,11], [11,11]/349, 349/[17,2], [17,2]/349, 349/[17,3], [17,3]/349, 349/[17,5], [17,5]/349, 349/[17,7], [17,7]/349, 349/[17,13], [17,13]/349, 349/[17,11], [17,11]/349, 349/[23,2], [23,2]/349, 349/[23,3], [23,3]/349, 349/[23,5], [23,5]/349, 349/[23,7], [23,7]/349, 349/[23,13], [23,13]/349, 349/[23,11], [23,11]/349, 349/2₀, 2₀/349, 349/2₁, 2₁/349, 349/3₀, 3₀/349, 349/3₁, 3₁/349, 349/5₀, 5₀/349, 349/5₁, 5₁/349, 349/7₀, 7₀/349, 349/7₁, 7₁/349, 349/13₀, 13₀/349, 349/13₁, 13₁/349, 349/19₀, 19₀/349, 349/19₁, 19₁/349, 349/11₀, 11₀/349, 349/11₁, 11₁/349, 349/17₀, 17₀/349, 349/17₁, 17₁/349, 349/23₀, 23₀/349, 349/23₁, 23₁/349, 1/349, [23,23]/313, 313/[23,23], 313/4, 4/313, 313/[2,3], [2,3]/313, 313/[2,5], [2,5]/313, 313/[2,7], [2,7]/313, 313/[2,13], [2,13]/313, 313/[2,19], [2,19]/313, 313/[2,11], [2,11]/313, 313/[2,17], [2,17]/313, 313/[2,23], [2,23]/313, 313/[3,2], [3,2]/313, 313/[3,3], [3,3]/313, 313/[3,5], [3,5]/313, 313/[3,7], [3,7]/313, 313/[3,13], [3,13]/313, 313/[3,19], [3,19]/313, 313/[3,11], [3,11]/313, 313/[3,17], [3,17]/313, 313/[3,23], [3,23]/313, 313/[5,2], [5,2]/313, 313/[5,3], [5,3]/313, 313/[5,5], [5,5]/313, 313/[5,7], [5,7]/313, 313/[5,13], [5,13]/313, 313/[5,19], [5,19]/313, 313/[5,11], [5,11]/313, 313/[5,17], [5,17]/313, 313/[5,23], [5,23]/313, 313/[7,2], [7,2]/313, 313/[7,3], [7,3]/313, 313/[7,5], [7,5]/313, 313/[7,7], [7,7]/313, 313/[7,11], [7,11]/313, 313/[13,2], [13,2]/313, 313/[13,3], [13,3]/313, 313/[13,5], [13,5]/313, 313/[13,7], [13,7]/313, 313/[13,11], [13,11]/313, 313/[19,2], [19,2]/313, 313/[19,3], [19,3]/313, 313/[19,5], [19,5]/313, 313/[19,7], [19,7]/313, 313/[19,11], [19,11]/313, 313/[11,2], [11,2]/313, 313/[11,3], [11,3]/313, 313/[11,5], [11,5]/313, 313/[11,7], [11,7]/313, 313/[11,11], [11,11]/313, 313/[17,2], [17,2]/313, 313/[17,3], [17,3]/313, 313/[17,5], [17,5]/313, 313/[17,7], [17,7]/313, 313/[17,11], [17,11]/313, 313/[23,2], [23,2]/313, 313/[23,3], [23,3]/313, 313/[23,5], [23,5]/313, 313/[23,7], [23,7]/313, 313/[23,11], [23,11]/313, 313/2₀, 2₀/313, 313/2₁, 2₁/313, 313/3₀, 3₀/313, 313/3₁, 3₁/313, 313/5₀, 5₀/313, 313/5₁, 5₁/313, 313/7₀, 7₀/313, 313/7₁, 7₁/313, 313/13₀, 13₀/313, 313/13₁, 13₁/313, 313/19₀, 19₀/313, 313/19₁, 19₁/313, 313/11₀, 11₀/313, 313/11₁, 11₁/313, 313/17₀, 17₀/313, 313/17₁, 17₁/313, 313/23₀, 23₀/313, 313/23₁, 23₁/313, 1/313, [23,23]/[67,3], [67,3]/[23,23], [67,3]/4, 4/[67,3], [67,3]/[2,3], [2,3]/[67,3], [67,3]/[2,5], [2,5]/[67,3], [67,3]/[2,7], [2,7]/[67,3], [67,3]/[2,13], [2,13]/[67,3], [67,3]/[2,11], [2,11]/[67,3], [67,3]/[3,2], [3,2]/[67,3], [67,3]/[3,3], [3,3]/[67,3], [67,3]/[3,5], [3,5]/[67,3], [67,3]/[3,7], [3,7]/[67,3], [67,3]/[3,13], [3,13]/[67,3], [67,3]/[3,11], [3,11]/[67,3], [67,3]/[5,2], [5,2]/[67,3], [67,3]/[5,3], [5,3]/[67,3], [67,3]/[5,5], [5,5]/[67,3], [67,3]/[5,7], [5,7]/[67,3], [67,3]/[5,13], [5,13]/[67,3], [67,3]/[5,11], [5,11]/[67,3], [67,3]/[7,2], [7,2]/[67,3], [67,3]/[7,3], [7,3]/[67,3], [67,3]/[7,5], [7,5]/[67,3], [67,3]/[7,7], [7,7]/[67,3], [67,3]/[7,13], [7,13]/[67,3], [67,3]/[7,11], [7,11]/[67,3], [67,3]/[13,2], [13,2]/[67,3], [67,3]/[13,3], [13,3]/[67,3], [67,3]/[13,5], [13,5]/[67,3], [67,3]/[13,7], [13,7]/[67,3], [67,3]/[13,11], [13,11]/[67,3], [19,13]/[67,3], [67,3]/[19,13], [19,19]/[67,3], [67,3]/[19,19], [19,17]/[67,3], [67,3]/[19,17], [19,23]/[67,3], [67,3]/[19,23], [67,3]/[11,2], [11,2]/[67,3], [67,3]/[11,3], [11,3]/[67,3], [67,3]/[11,5], [11,5]/[67,3], [67,3]/[11,7], [11,7]/[67,3], [67,3]/[11,11], [11,11]/[67,3], [67,3]/[17,2], [17,2]/[67,3], [67,3]/[17,3], [17,3]/[67,3], [67,3]/[17,5], [17,5]/[67,3], [67,3]/[17,7], [17,7]/[67,3], [17,13]/[67,3], [67,3]/[17,13], [17,19]/[67,3], [67,3]/[17,19], [67,3]/[17,11], [17,11]/[67,3], [17,17]/[67,3], [67,3]/[17,17], [17,23]/[67,3], [67,3]/[17,23], [23,13]/[67,3], [67,3]/[23,13], [23,19]/[67,3], [67,3]/[23,19], [23,17]/[67,3], [67,3]/[23,17], [67,3]/2₀, 2₀/[67,3], [67,3]/2₁, 2₁/[67,3], [67,3]/3₀, 3₀/[67,3], [67,3]/3₁, 3₁/[67,3], [67,3]/5₀, 5₀/[67,3], [67,3]/5₁, 5₁/[67,3], [67,3]/7₀, 7₀/[67,3], [67,3]/7₁, 7₁/[67,3], [67,3]/13₀, 13₀/[67,3], [67,3]/13₁, 13₁/[67,3], [67,3]/11₀, 11₀/[67,3], [67,3]/11₁, 11₁/[67,3], [67,3]/17₀, 17₀/[67,3], 1/[67,3], [23,23]/[47,5], [47,5]/[23,23], [47,5]/4, 4/[47,5], [47,5]/[2,3], [2,3]/[47,5], [47,5]/[2,5], [2,5]/[47,5], [47,5]/[2,7], [2,7]/[47,5], [47,5]/[2,13], [2,13]/[47,5], [47,5]/[2,19], [2,19]/[47,5], [47,5]/[2,11], [2,11]/[47,5], [47,5]/[2,17], [2,17]/[47,5], [47,5]/[3,2], [3,2]/[47,5], [47,5]/[3,3], [3,3]/[47,5], [47,5]/[3,5], [3,5]/[47,5], [47,5]/[3,7], [3,7]/[47,5], [47,5]/[3,13], [3,13]/[47,5], [47,5]/[3,19], [3,19]/[47,5], [47,5]/[3,11], [3,11]/[47,5], [47,5]/[3,17], [3,17]/[47,5], [47,5]/[5,2], [5,2]/[47,5], [47,5]/[5,3], [5,3]/[47,5], [47,5]/[5,5], [5,5]/[47,5], [47,5]/[5,7], [5,7]/[47,5], [47,5]/[5,13], [5,13]/[47,5], [47,5]/[5,19], [5,19]/[47,5], [47,5]/[5,11], [5,11]/[47,5], [47,5]/[5,17], [5,17]/[47,5], [47,5]/[7,2], [7,2]/[47,5], [47,5]/[7,3], [7,3]/[47,5], [47,5]/[7,5], [7,5]/[47,5], [47,5]/[7,7], [7,7]/[47,5], [47,5]/[7,13], [7,13]/[47,5], [47,5]/[7,19], [7,19]/[47,5], [47,5]/[7,11], [7,11]/[47,5], [47,5]/[7,17], [7,17]/[47,5], [47,5]/[13,2], [13,2]/[47,5], [47,5]/[13,3], [13,3]/[47,5], [47,5]/[13,5], [13,5]/[47,5], [47,5]/[13,7], [13,7]/[47,5], [47,5]/[13,13], [13,13]/[47,5], [13,19]/[47,5], [47,5]/[13,19], [47,5]/[13,11], [13,11]/[47,5], [47,5]/[13,17], [13,17]/[47,5], [13,23]/[47,5], [47,5]/[13,23], [19,19]/[47,5], [47,5]/[19,19], [19,23]/[47,5], [47,5]/[19,23], [47,5]/[11,2], [11,2]/[47,5], [47,5]/[11,3], [11,3]/[47,5], [47,5]/[11,5], [11,5]/[47,5], [47,5]/[11,7], [11,7]/[47,5], [47,5]/[11,13], [11,13]/[47,5], [47,5]/[11,11], [11,11]/[47,5], [47,5]/[11,17], [11,17]/[47,5], [17,19]/[47,5], [47,5]/[17,19], [17,23]/[47,5], [47,5]/[17,23], [23,19]/[47,5], [47,5]/[23,19], [47,5]/2₀, 2₀/[47,5], [47,5]/2₁, 2₁/[47,5], [47,5]/3₀, 3₀/[47,5], [47,5]/3₁, 3₁/[47,5], [47,5]/5₀, 5₀/[47,5], [47,5]/5₁, 5₁/[47,5], [47,5]/7₀, 7₀/[47,5], [47,5]/7₁, 7₁/[47,5], [47,5]/13₀, 13₀/[47,5], [47,5]/13₁, 13₁/[47,5], [47,5]/19₁, 19₁/[47,5], [47,5]/11₀, 11₀/[47,5], [47,5]/11₁, 11₁/[47,5], [47,5]/17₁, 17₁/[47,5], 1/[47,5], [23,23]/337, 337/[23,23], 337/4, 4/337, 337/[2,3], [2,3]/337, 337/[2,5], [2,5]/337, 337/[2,7], [2,7]/337, 337/[2,13], [2,13]/337, 337/[2,19], [2,19]/337, 337/[2,11], [2,11]/337, 337/[2,17], [2,17]/337, 337/[3,2], [3,2]/337, 337/[3,3], [3,3]/337, 337/[3,5], [3,5]/337, 337/[3,7], [3,7]/337, 337/[3,13], [3,13]/337, 337/[3,19], [3,19]/337, 337/[3,11], [3,11]/337, 337/[3,17], [3,17]/337, 337/[5,2], [5,2]/337, 337/[5,3], [5,3]/337, 337/[5,5], [5,5]/337, 337/[5,7], [5,7]/337, 337/[5,13], [5,13]/337, 337/[5,19], [5,19]/337, 337/[5,11], [5,11]/337, 337/[5,17], [5,17]/337, 337/[7,2], [7,2]/337, 337/[7,3], [7,3]/337, 337/[7,5], [7,5]/337, 337/[7,7], [7,7]/337, 337/[7,13], [7,13]/337, 337/[7,19], [7,19]/337, 337/[7,11], [7,11]/337, 337/[7,17], [7,17]/337, 337/[13,2], [13,2]/337, 337/[13,3], [13,3]/337, 337/[13,5], [13,5]/337, 337/[13,7], [13,7]/337, 337/[13,13], [13,13]/337, 337/[13,11], [13,11]/337, 337/[13,17], [13,17]/337, 337/[19,2], [19,2]/337, 337/[19,3], [19,3]/337, 337/[19,5], [19,5]/337, 337/[19,7], [19,7]/337, 337/[19,13], [19,13]/337, [19,19]/337, 337/[19,19], 337/[19,11], [19,11]/337, 337/[19,17], [19,17]/337, [19,23]/337, 337/[19,23], 337/[11,2], [11,2]/337, 337/[11,3], [11,3]/337, 337/[11,5], [11,5]/337, 337/[11,7], [11,7]/337, 337/[11,13], [11,13]/337, 337/[11,11], [11,11]/337, 337/[11,17], [11,17]/337, 337/[17,2], [17,2]/337, 337/[17,3], [17,3]/337, 337/[17,5], [17,5]/337, 337/[17,7], [17,7]/337, 337/[17,13], [17,13]/337, 337/[17,11], [17,11]/337, 337/[17,17], [17,17]/337, [23,19]/337, 337/[23,19], 337/2₀, 2₀/337, 337/2₁, 2₁/337, 337/3₀, 3₀/337, 337/3₁, 3₁/337, 337/5₀, 5₀/337, 337/5₁, 5₁/337, 337/7₀, 7₀/337, 337/7₁, 7₁/337, 337/13₀, 13₀/337, 337/13₁, 13₁/337, 337/19₀, 19₀/337, 337/19₁, 19₁/337, 337/11₀, 11₀/337, 337/11₁, 11₁/337, 337/17₀, 17₀/337, 337/17₁, 17₁/337, 1/337, [23,23]/[[3,3,3],[3,3]], [[3,3,3],[3,3]]/[23,23], [[3,3,3],[3,3]]/4, 4/[[3,3,3],[3,3]], [[3,3,3],[3,3]]/[2,3], [2,3]/[[3,3,3],[3,3]], [[3,3,3],[3,3]]/[2,5], [2,5]/[[3,3,3],[3,3]], [[3,3,3],[3,3]]/[2,7], [2,7]/[[3,3,3],[3,3]], [[3,3,3],[3,3]]/[2,13], [2,13]/[[3,3,3],[3,3]], [[3,3,3],[3,3]]/[2,19], [2,19]/[[3,3,3],[3,3]], [[3,3,3],[3,3]]/[2,11], [2,11]/[[3,3,3],[3,3]], [[3,3,3],[3,3]]/[2,17], [2,17]/[[3,3,3],[3,3]], [[3,3,3],[3,3]]/[3,2], [3,2]/[[3,3,3],[3,3]], [[3,3,3],[3,3]]/[3,3], [3,3]/[[3,3,3],[3,3]], [[3,3,3],[3,3]]/[3,5], [3,5]/[[3,3,3],[3,3]], [[3,3,3],[3,3]]/[3,7], [3,7]/[[3,3,3],[3,3]], [[3,3,3],[3,3]]/[3,13], [3,13]/[[3,3,3],[3,3]], [[3,3,3],[3,3]]/[3,19], [3,19]/[[3,3,3],[3,3]], [[3,3,3],[3,3]]/[3,11], [3,11]/[[3,3,3],[3,3]], [[3,3,3],[3,3]]/[3,17], [3,17]/[[3,3,3],[3,3]], [[3,3,3],[3,3]]/[5,2], [5,2]/[[3,3,3],[3,3]], [[3,3,3],[3,3]]/[5,3], [5,3]/[[3,3,3],[3,3]], [[3,3,3],[3,3]]/[5,5], [5,5]/[[3,3,3],[3,3]], [[3,3,3],[3,3]]/[5,7], [5,7]/[[3,3,3],[3,3]], [[3,3,3],[3,3]]/[5,13], [5,13]/[[3,3,3],[3,3]], [[3,3,3],[3,3]]/[5,19], [5,19]/[[3,3,3],[3,3]], [[3,3,3],[3,3]]/[5,11], [5,11]/[[3,3,3],[3,3]], [[3,3,3],[3,3]]/[5,17], [5,17]/[[3,3,3],[3,3]], [[3,3,3],[3,3]]/[7,2], [7,2]/[[3,3,3],[3,3]], [[3,3,3],[3,3]]/[7,3], [7,3]/[[3,3,3],[3,3]], [[3,3,3],[3,3]]/[7,5], [7,5]/[[3,3,3],[3,3]], [[3,3,3],[3,3]]/[7,7], [7,7]/[[3,3,3],[3,3]], [[3,3,3],[3,3]]/[7,13], [7,13]/[[3,3,3],[3,3]], [[3,3,3],[3,3]]/[7,19], [7,19]/[[3,3,3],[3,3]], [[3,3,3],[3,3]]/[7,11], [7,11]/[[3,3,3],[3,3]], [[3,3,3],[3,3]]/[7,17], [7,17]/[[3,3,3],[3,3]], [[3,3,3],[3,3]]/[13,2], [13,2]/[[3,3,3],[3,3]], [[3,3,3],[3,3]]/[13,3], [13,3]/[[3,3,3],[3,3]], [[3,3,3],[3,3]]/[13,5], [13,5]/[[3,3,3],[3,3]], [[3,3,3],[3,3]]/[13,7], [13,7]/[[3,3,3],[3,3]], [[3,3,3],[3,3]]/[13,11], [13,11]/[[3,3,3],[3,3]], [19,19]/[[3,3,3],[3,3]], [[3,3,3],[3,3]]/[19,19], [19,23]/[[3,3,3],[3,3]], [[3,3,3],[3,3]]/[19,23], [[3,3,3],[3,3]]/[11,2], [11,2]/[[3,3,3],[3,3]], [[3,3,3],[3,3]]/[11,3], [11,3]/[[3,3,3],[3,3]], [[3,3,3],[3,3]]/[11,5], [11,5]/[[3,3,3],[3,3]], [[3,3,3],[3,3]]/[11,7], [11,7]/[[3,3,3],[3,3]], [[3,3,3],[3,3]]/[11,11], [11,11]/[[3,3,3],[3,3]], [[3,3,3],[3,3]]/[17,2], [17,2]/[[3,3,3],[3,3]], [[3,3,3],[3,3]]/[17,3], [17,3]/[[3,3,3],[3,3]], [[3,3,3],[3,3]]/[17,5], [17,5]/[[3,3,3],[3,3]], [[3,3,3],[3,3]]/[17,7], [17,7]/[[3,3,3],[3,3]], [17,19]/[[3,3,3],[3,3]], [[3,3,3],[3,3]]/[17,19], [[3,3,3],[3,3]]/[17,11], [17,11]/[[3,3,3],[3,3]], [17,23]/[[3,3,3],[3,3]], [[3,3,3],[3,3]]/[17,23], [23,19]/[[3,3,3],[3,3]], [[3,3,3],[3,3]]/[23,19], [[3,3,3],[3,3]]/2₀, 2₀/[[3,3,3],[3,3]], [[3,3,3],[3,3]]/2₁, 2₁/[[3,3,3],[3,3]], [[3,3,3],[3,3]]/3₀, 3₀/[[3,3,3],[3,3]], [[3,3,3],[3,3]]/3₁, 3₁/[[3,3,3],[3,3]], [[3,3,3],[3,3]]/5₀, 5₀/[[3,3,3],[3,3]], [[3,3,3],[3,3]]/5₁, 5₁/[[3,3,3],[3,3]], [[3,3,3],[3,3]]/7₀, 7₀/[[3,3,3],[3,3]], [[3,3,3],[3,3]]/7₁, 7₁/[[3,3,3],[3,3]], [[3,3,3],[3,3]]/13₀, 13₀/[[3,3,3],[3,3]], [[3,3,3],[3,3]]/13₁, 13₁/[[3,3,3],[3,3]], [[3,3,3],[3,3]]/19₁, 19₁/[[3,3,3],[3,3]], [[3,3,3],[3,3]]/11₀, 11₀/[[3,3,3],[3,3]], [[3,3,3],[3,3]]/11₁, 11₁/[[3,3,3],[3,3]], [[3,3,3],[3,3]]/17₀, 17₀/[[3,3,3],[3,3]], [[3,3,3],[3,3]]/17₁, 17₁/[[3,3,3],[3,3]], 1/[[3,3,3],[3,3]], [23,23]/[101,3], [101,3]/[23,23], [101,3]/4, 4/[101,3], [101,3]/[2,3], [2,3]/[101,3], [101,3]/[2,5], [2,5]/[101,3], [101,3]/[2,7], [2,7]/[101,3], [101,3]/[2,13], [2,13]/[101,3], [101,3]/[2,19], [2,19]/[101,3], [101,3]/[2,11], [2,11]/[101,3], [101,3]/[2,17], [2,17]/[101,3], [101,3]/[3,2], [3,2]/[101,3], [101,3]/[3,3], [3,3]/[101,3], [101,3]/[3,5], [3,5]/[101,3], [101,3]/[3,7], [3,7]/[101,3], [101,3]/[3,13], [3,13]/[101,3], [101,3]/[3,19], [3,19]/[101,3], [101,3]/[3,11], [3,11]/[101,3], [101,3]/[3,17], [3,17]/[101,3], [101,3]/[5,2], [5,2]/[101,3], [101,3]/[5,3], [5,3]/[101,3], [101,3]/[5,5], [5,5]/[101,3], [101,3]/[5,7], [5,7]/[101,3], [101,3]/[5,13], [5,13]/[101,3], [101,3]/[5,19], [5,19]/[101,3], [101,3]/[5,11], [5,11]/[101,3], [101,3]/[5,17], [5,17]/[101,3], [101,3]/[7,2], [7,2]/[101,3], [101,3]/[7,3], [7,3]/[101,3], [101,3]/[7,5], [7,5]/[101,3], [101,3]/[7,7], [7,7]/[101,3], [101,3]/[7,13], [7,13]/[101,3], [101,3]/[7,19], [7,19]/[101,3], [101,3]/[7,11], [7,11]/[101,3], [101,3]/[7,17], [7,17]/[101,3], [101,3]/[13,2], [13,2]/[101,3], [101,3]/[13,3], [13,3]/[101,3], [101,3]/[13,5], [13,5]/[101,3], [101,3]/[13,7], [13,7]/[101,3], [101,3]/[13,13], [13,13]/[101,3], [101,3]/[13,11], [13,11]/[101,3], [101,3]/[13,17], [13,17]/[101,3], [19,19]/[101,3], [101,3]/[19,19], [19,23]/[101,3], [101,3]/[19,23], [101,3]/[11,2], [11,2]/[101,3], [101,3]/[11,3], [11,3]/[101,3], [101,3]/[11,5], [11,5]/[101,3], [101,3]/[11,7], [11,7]/[101,3], [101,3]/[11,13], [11,13]/[101,3], [101,3]/[11,11], [11,11]/[101,3], [101,3]/[11,17], [11,17]/[101,3], [101,3]/[17,2], [17,2]/[101,3], [101,3]/[17,3], [17,3]/[101,3], [101,3]/[17,5], [17,5]/[101,3], [101,3]/[17,7], [17,7]/[101,3], [101,3]/[17,13], [17,13]/[101,3], [17,19]/[101,3], [101,3]/[17,19], [101,3]/[17,11], [17,11]/[101,3], [101,3]/[17,17], [17,17]/[101,3], [17,23]/[101,3], [101,3]/[17,23], [23,19]/[101,3], [101,3]/[23,19], [101,3]/2₀, 2₀/[101,3], [101,3]/2₁, 2₁/[101,3], [101,3]/3₀, 3₀/[101,3], [101,3]/3₁, 3₁/[101,3], [101,3]/5₀, 5₀/[101,3], [101,3]/5₁, 5₁/[101,3], [101,3]/7₀, 7₀/[101,3], [101,3]/7₁, 7₁/[101,3], [101,3]/13₀, 13₀/[101,3], [101,3]/13₁, 13₁/[101,3], [101,3]/19₁, 19₁/[101,3], [101,3]/11₀, 11₀/[101,3], [101,3]/11₁, 11₁/[101,3], [101,3]/17₀, 17₀/[101,3], [101,3]/17₁, 17₁/[101,3], 1/[101,3], [23,23]/[[5,5],11], [[5,5],11]/[23,23], [[5,5],11]/4, 4/[[5,5],11], [[5,5],11]/[2,3], [2,3]/[[5,5],11], [[5,5],11]/[2,5], [2,5]/[[5,5],11], [[5,5],11]/[2,7], [2,7]/[[5,5],11], [[5,5],11]/[2,13], [2,13]/[[5,5],11], [[5,5],11]/[2,11], [2,11]/[[5,5],11], [[5,5],11]/[2,17], [2,17]/[[5,5],11], [[5,5],11]/[3,2], [3,2]/[[5,5],11], [[5,5],11]/[3,3], [3,3]/[[5,5],11], [[5,5],11]/[3,5], [3,5]/[[5,5],11], [[5,5],11]/[3,7], [3,7]/[[5,5],11], [[5,5],11]/[3,13], [3,13]/[[5,5],11], [[5,5],11]/[3,11], [3,11]/[[5,5],11], [[5,5],11]/[3,17], [3,17]/[[5,5],11], [[5,5],11]/[5,2], [5,2]/[[5,5],11], [[5,5],11]/[5,3], [5,3]/[[5,5],11], [[5,5],11]/[5,5], [5,5]/[[5,5],11], [[5,5],11]/[5,7], [5,7]/[[5,5],11], [[5,5],11]/[5,13], [5,13]/[[5,5],11], [[5,5],11]/[5,11], [5,11]/[[5,5],11], [[5,5],11]/[5,17], [5,17]/[[5,5],11], [[5,5],11]/[7,2], [7,2]/[[5,5],11], [[5,5],11]/[7,3], [7,3]/[[5,5],11], [[5,5],11]/[7,5], [7,5]/[[5,5],11], [[5,5],11]/[7,7], [7,7]/[[5,5],11], [[5,5],11]/[7,13], [7,13]/[[5,5],11], [[5,5],11]/[7,11], [7,11]/[[5,5],11], [[5,5],11]/[7,17], [7,17]/[[5,5],11], [[5,5],11]/[13,2], [13,2]/[[5,5],11], [[5,5],11]/[13,3], [13,3]/[[5,5],11], [[5,5],11]/[13,5], [13,5]/[[5,5],11], [[5,5],11]/[13,7], [13,7]/[[5,5],11], [[5,5],11]/[13,13], [13,13]/[[5,5],11], [[5,5],11]/[13,11], [13,11]/[[5,5],11], [[5,5],11]/[19,2], [19,2]/[[5,5],11], [[5,5],11]/[19,3], [19,3]/[[5,5],11], [[5,5],11]/[19,5], [19,5]/[[5,5],11], [[5,5],11]/[19,7], [19,7]/[[5,5],11], [[5,5],11]/[19,13], [19,13]/[[5,5],11], [19,19]/[[5,5],11], [[5,5],11]/[19,19], [[5,5],11]/[19,11], [19,11]/[[5,5],11], [19,17]/[[5,5],11], [[5,5],11]/[19,17], [19,23]/[[5,5],11], [[5,5],11]/[19,23], [[5,5],11]/[11,2], [11,2]/[[5,5],11], [[5,5],11]/[11,3], [11,3]/[[5,5],11], [[5,5],11]/[11,5], [11,5]/[[5,5],11], [[5,5],11]/[11,7], [11,7]/[[5,5],11], [[5,5],11]/[11,13], [11,13]/[[5,5],11], [[5,5],11]/[11,11], [11,11]/[[5,5],11], [[5,5],11]/[17,2], [17,2]/[[5,5],11], [[5,5],11]/[17,3], [17,3]/[[5,5],11], [[5,5],11]/[17,5], [17,5]/[[5,5],11], [[5,5],11]/[17,7], [17,7]/[[5,5],11], [[5,5],11]/[17,13], [17,13]/[[5,5],11], [[5,5],11]/[17,11], [17,11]/[[5,5],11], [23,19]/[[5,5],11], [[5,5],11]/[23,19], [23,17]/[[5,5],11], [[5,5],11]/[23,17], [[5,5],11]/2₀, 2₀/[[5,5],11], [[5,5],11]/2₁, 2₁/[[5,5],11], [[5,5],11]/3₀, 3₀/[[5,5],11], [[5,5],11]/3₁, 3₁/[[5,5],11], [[5,5],11]/5₀, 5₀/[[5,5],11], [[5,5],11]/5₁, 5₁/[[5,5],11], [[5,5],11]/7₀, 7₀/[[5,5],11], [[5,5],11]/7₁, 7₁/[[5,5],11], [[5,5],11]/13₀, 13₀/[[5,5],11], [[5,5],11]/13₁, 13₁/[[5,5],11], [[5,5],11]/19₀, 19₀/[[5,5],11], [[5,5],11]/11₀, 11₀/[[5,5],11], [[5,5],11]/11₁, 11₁/[[5,5],11], [[5,5],11]/17₀, 17₀/[[5,5],11], [[5,5],11]/17₁, 17₁/[[5,5],11], 1/[[5,5],11], [23,23]/[97,3], [97,3]/[23,23], [97,3]/4, 4/[97,3], [97,3]/[2,3], [2,3]/[97,3], [97,3]/[2,5], [2,5]/[97,3], [97,3]/[2,7], [2,7]/[97,3], [97,3]/[2,13], [2,13]/[97,3], [97,3]/[2,19], [2,19]/[97,3], [97,3]/[2,11], [2,11]/[97,3], [97,3]/[2,17], [2,17]/[97,3], [97,3]/[2,23], [2,23]/[97,3], [97,3]/[3,2], [3,2]/[97,3], [97,3]/[3,3], [3,3]/[97,3], [97,3]/[3,5], [3,5]/[97,3], [97,3]/[3,7], [3,7]/[97,3], [97,3]/[3,13], [3,13]/[97,3], [97,3]/[3,19], [3,19]/[97,3], [97,3]/[3,11], [3,11]/[97,3], [97,3]/[3,17], [3,17]/[97,3], [97,3]/[3,23], [3,23]/[97,3], [97,3]/[5,2], [5,2]/[97,3], [97,3]/[5,3], [5,3]/[97,3], [97,3]/[5,5], [5,5]/[97,3], [97,3]/[5,7], [5,7]/[97,3], [97,3]/[5,13], [5,13]/[97,3], [97,3]/[5,19], [5,19]/[97,3], [97,3]/[5,11], [5,11]/[97,3], [97,3]/[5,17], [5,17]/[97,3], [97,3]/[5,23], [5,23]/[97,3], [97,3]/[7,2], [7,2]/[97,3], [97,3]/[7,3], [7,3]/[97,3], [97,3]/[7,5], [7,5]/[97,3], [97,3]/[7,7], [7,7]/[97,3], [97,3]/[7,13], [7,13]/[97,3], [97,3]/[7,19], [7,19]/[97,3], [97,3]/[7,11], [7,11]/[97,3], [97,3]/[7,17], [7,17]/[97,3], [97,3]/[7,23], [7,23]/[97,3], [97,3]/[13,2], [13,2]/[97,3], [97,3]/[13,3], [13,3]/[97,3], [97,3]/[13,5], [13,5]/[97,3], [97,3]/[13,7], [13,7]/[97,3], [97,3]/[13,13], [13,13]/[97,3], [97,3]/[13,11], [13,11]/[97,3], [19,23]/[97,3], [97,3]/[19,23], [97,3]/[11,2], [11,2]/[97,3], [97,3]/[11,3], [11,3]/[97,3], [97,3]/[11,5], [11,5]/[97,3], [97,3]/[11,7], [11,7]/[97,3], [97,3]/[11,13], [11,13]/[97,3], [97,3]/[11,11], [11,11]/[97,3], [97,3]/[17,2], [17,2]/[97,3], [97,3]/[17,3], [17,3]/[97,3], [97,3]/[17,5], [17,5]/[97,3], [97,3]/[17,7], [17,7]/[97,3], [97,3]/[17,13], [17,13]/[97,3], [97,3]/[17,11], [17,11]/[97,3], [17,23]/[97,3], [97,3]/[17,23], [97,3]/2₀, 2₀/[97,3], [97,3]/2₁, 2₁/[97,3], [97,3]/3₀, 3₀/[97,3], [97,3]/3₁, 3₁/[97,3], [97,3]/5₀, 5₀/[97,3], [97,3]/5₁, 5₁/[97,3], [97,3]/7₀, 7₀/[97,3], [97,3]/7₁, 7₁/[97,3], [97,3]/13₀, 13₀/[97,3], [97,3]/13₁, 13₁/[97,3], [97,3]/19₁, 19₁/[97,3], [97,3]/11₀, 11₀/[97,3], [97,3]/11₁, 11₁/[97,3], [97,3]/17₀, 17₀/[97,3], [97,3]/17₁, 17₁/[97,3], [97,3]/23₁, 23₁/[97,3], 1/[97,3], [23,23]/[[3,7],13], [[3,7],13]/[23,23], [[3,7],13]/4, 4/[[3,7],13], [[3,7],13]/[2,3], [2,3]/[[3,7],13], [[3,7],13]/[2,5], [2,5]/[[3,7],13], [[3,7],13]/[2,7], [2,7]/[[3,7],13], [[3,7],13]/[2,13], [2,13]/[[3,7],13], [[3,7],13]/[2,19], [2,19]/[[3,7],13], [[3,7],13]/[2,11], [2,11]/[[3,7],13], [[3,7],13]/[2,17], [2,17]/[[3,7],13], [[3,7],13]/[2,23], [2,23]/[[3,7],13], [[3,7],13]/[3,2], [3,2]/[[3,7],13], [[3,7],13]/[3,3], [3,3]/[[3,7],13], [[3,7],13]/[3,5], [3,5]/[[3,7],13], [[3,7],13]/[3,7], [3,7]/[[3,7],13], [[3,7],13]/[3,13], [3,13]/[[3,7],13], [[3,7],13]/[3,19], [3,19]/[[3,7],13], [[3,7],13]/[3,11], [3,11]/[[3,7],13], [[3,7],13]/[3,17], [3,17]/[[3,7],13], [[3,7],13]/[3,23], [3,23]/[[3,7],13], [[3,7],13]/[5,2], [5,2]/[[3,7],13], [[3,7],13]/[5,3], [5,3]/[[3,7],13], [[3,7],13]/[5,5], [5,5]/[[3,7],13], [[3,7],13]/[5,7], [5,7]/[[3,7],13], [[3,7],13]/[5,13], [5,13]/[[3,7],13], [[3,7],13]/[5,19], [5,19]/[[3,7],13], [[3,7],13]/[5,11], [5,11]/[[3,7],13], [[3,7],13]/[5,17], [5,17]/[[3,7],13], [[3,7],13]/[5,23], [5,23]/[[3,7],13], [[3,7],13]/[7,2], [7,2]/[[3,7],13], [[3,7],13]/[7,3], [7,3]/[[3,7],13], [[3,7],13]/[7,5], [7,5]/[[3,7],13], [[3,7],13]/[7,7], [7,7]/[[3,7],13], [[3,7],13]/[7,13], [7,13]/[[3,7],13], [[3,7],13]/[7,19], [7,19]/[[3,7],13], [[3,7],13]/[7,11], [7,11]/[[3,7],13], [[3,7],13]/[7,17], [7,17]/[[3,7],13], [[3,7],13]/[7,23], [7,23]/[[3,7],13], [[3,7],13]/[13,2], [13,2]/[[3,7],13], [[3,7],13]/[13,3], [13,3]/[[3,7],13], [[3,7],13]/[13,5], [13,5]/[[3,7],13], [[3,7],13]/[13,7], [13,7]/[[3,7],13], [[3,7],13]/[19,2], [19,2]/[[3,7],13], [[3,7],13]/[19,3], [19,3]/[[3,7],13], [[3,7],13]/[19,5], [19,5]/[[3,7],13], [[3,7],13]/[19,7], [19,7]/[[3,7],13], [[3,7],13]/[11,2], [11,2]/[[3,7],13], [[3,7],13]/[11,3], [11,3]/[[3,7],13], [[3,7],13]/[11,5], [11,5]/[[3,7],13], [[3,7],13]/[11,7], [11,7]/[[3,7],13], [[3,7],13]/[17,2], [17,2]/[[3,7],13], [[3,7],13]/[17,3], [17,3]/[[3,7],13], [[3,7],13]/[17,5], [17,5]/[[3,7],13], [[3,7],13]/[17,7], [17,7]/[[3,7],13], [[3,7],13]/[23,2], [23,2]/[[3,7],13], [[3,7],13]/[23,3], [23,3]/[[3,7],13], [[3,7],13]/[23,5], [23,5]/[[3,7],13], [[3,7],13]/[23,7], [23,7]/[[3,7],13], [[3,7],13]/2₀, 2₀/[[3,7],13], [[3,7],13]/2₁, 2₁/[[3,7],13], [[3,7],13]/3₀, 3₀/[[3,7],13], [[3,7],13]/3₁, 3₁/[[3,7],13], [[3,7],13]/5₀, 5₀/[[3,7],13], [[3,7],13]/5₁, 5₁/[[3,7],13], [[3,7],13]/7₀, 7₀/[[3,7],13], [[3,7],13]/7₁, 7₁/[[3,7],13], [[3,7],13]/13₀, 13₀/[[3,7],13], [[3,7],13]/13₁, 13₁/[[3,7],13], [[3,7],13]/19₀, 19₀/[[3,7],13], [[3,7],13]/19₁, 19₁/[[3,7],13], [[3,7],13]/11₀, 11₀/[[3,7],13], [[3,7],13]/11₁, 11₁/[[3,7],13], [[3,7],13]/17₀, 17₀/[[3,7],13], [[3,7],13]/17₁, 17₁/[[3,7],13], [[3,7],13]/23₀, 23₀/[[3,7],13], [[3,7],13]/23₁, 23₁/[[3,7],13], 1/[[3,7],13], [23,23]/[[5,5],13], [[5,5],13]/[23,23], [[5,5],13]/4, 4/[[5,5],13], [[5,5],13]/[2,3], [2,3]/[[5,5],13], [[5,5],13]/[2,5], [2,5]/[[5,5],13], [[5,5],13]/[2,7], [2,7]/[[5,5],13], [[5,5],13]/[2,13], [2,13]/[[5,5],13], [[5,5],13]/[2,19], [2,19]/[[5,5],13], [[5,5],13]/[2,11], [2,11]/[[5,5],13], [[5,5],13]/[2,17], [2,17]/[[5,5],13], [[5,5],13]/[3,2], [3,2]/[[5,5],13], [[5,5],13]/[3,3], [3,3]/[[5,5],13], [[5,5],13]/[3,5], [3,5]/[[5,5],13], [[5,5],13]/[3,7], [3,7]/[[5,5],13], [[5,5],13]/[3,13], [3,13]/[[5,5],13], [[5,5],13]/[3,19], [3,19]/[[5,5],13], [[5,5],13]/[3,11], [3,11]/[[5,5],13], [[5,5],13]/[3,17], [3,17]/[[5,5],13], [[5,5],13]/[5,2], [5,2]/[[5,5],13], [[5,5],13]/[5,3], [5,3]/[[5,5],13], [[5,5],13]/[5,5], [5,5]/[[5,5],13], [[5,5],13]/[5,7], [5,7]/[[5,5],13], [[5,5],13]/[5,13], [5,13]/[[5,5],13], [[5,5],13]/[5,19], [5,19]/[[5,5],13], [[5,5],13]/[5,11], [5,11]/[[5,5],13], [[5,5],13]/[5,17], [5,17]/[[5,5],13], [[5,5],13]/[7,2], [7,2]/[[5,5],13], [[5,5],13]/[7,3], [7,3]/[[5,5],13], [[5,5],13]/[7,5], [7,5]/[[5,5],13], [[5,5],13]/[7,7], [7,7]/[[5,5],13], [[5,5],13]/[7,13], [7,13]/[[5,5],13], [[5,5],13]/[7,19], [7,19]/[[5,5],13], [[5,5],13]/[7,11], [7,11]/[[5,5],13], [[5,5],13]/[7,17], [7,17]/[[5,5],13], [[5,5],13]/[13,2], [13,2]/[[5,5],13], [[5,5],13]/[13,3], [13,3]/[[5,5],13], [[5,5],13]/[13,5], [13,5]/[[5,5],13], [[5,5],13]/[13,7], [13,7]/[[5,5],13], [[5,5],13]/[13,13], [13,13]/[[5,5],13], [[5,5],13]/[13,19], [13,19]/[[5,5],13], [[5,5],13]/[13,11], [13,11]/[[5,5],13], [[5,5],13]/[13,17], [13,17]/[[5,5],13], [[5,5],13]/[19,2], [19,2]/[[5,5],13], [[5,5],13]/[19,3], [19,3]/[[5,5],13], [[5,5],13]/[19,5], [19,5]/[[5,5],13], [[5,5],13]/[19,7], [19,7]/[[5,5],13], [[5,5],13]/[19,13], [19,13]/[[5,5],13], [19,19]/[[5,5],13], [[5,5],13]/[19,19], [[5,5],13]/[19,11], [19,11]/[[5,5],13], [19,23]/[[5,5],13], [[5,5],13]/[19,23], [[5,5],13]/[11,2], [11,2]/[[5,5],13], [[5,5],13]/[11,3], [11,3]/[[5,5],13], [[5,5],13]/[11,5], [11,5]/[[5,5],13], [[5,5],13]/[11,7], [11,7]/[[5,5],13], [[5,5],13]/[11,13], [11,13]/[[5,5],13], [[5,5],13]/[11,19], [11,19]/[[5,5],13], [[5,5],13]/[11,11], [11,11]/[[5,5],13], [[5,5],13]/[11,17], [11,17]/[[5,5],13], [[5,5],13]/[17,2], [17,2]/[[5,5],13], [[5,5],13]/[17,3], [17,3]/[[5,5],13], [[5,5],13]/[17,5], [17,5]/[[5,5],13], [[5,5],13]/[17,7], [17,7]/[[5,5],13], [[5,5],13]/[17,13], [17,13]/[[5,5],13], [[5,5],13]/[17,11], [17,11]/[[5,5],13], [23,19]/[[5,5],13], [[5,5],13]/[23,19], [[5,5],13]/2₀, 2₀/[[5,5],13], [[5,5],13]/2₁, 2₁/[[5,5],13], [[5,5],13]/3₀, 3₀/[[5,5],13], [[5,5],13]/3₁, 3₁/[[5,5],13], [[5,5],13]/5₀, 5₀/[[5,5],13], [[5,5],13]/5₁, 5₁/[[5,5],13], [[5,5],13]/7₀, 7₀/[[5,5],13], [[5,5],13]/7₁, 7₁/[[5,5],13], [[5,5],13]/13₀, 13₀/[[5,5],13], [[5,5],13]/13₁, 13₁/[[5,5],13], [[5,5],13]/19₀, 19₀/[[5,5],13], [[5,5],13]/19₁, 19₁/[[5,5],13], [[5,5],13]/11₀, 11₀/[[5,5],13], [[5,5],13]/11₁, 11₁/[[5,5],13], [[5,5],13]/17₀, 17₀/[[5,5],13], [[5,5],13]/17₁, 17₁/[[5,5],13], 1/[[5,5],13], [23,23]/[[3,7],[3,5]], [[3,7],[3,5]]/[23,23], [[3,7],[3,5]]/4, 4/[[3,7],[3,5]], [[3,7],[3,5]]/[2,3], [2,3]/[[3,7],[3,5]], [[3,7],[3,5]]/[2,5], [2,5]/[[3,7],[3,5]], [[3,7],[3,5]]/[2,7], [2,7]/[[3,7],[3,5]], [[3,7],[3,5]]/[2,13], [2,13]/[[3,7],[3,5]], [[3,7],[3,5]]/[2,19], [2,19]/[[3,7],[3,5]], [[3,7],[3,5]]/[2,11], [2,11]/[[3,7],[3,5]], [[3,7],[3,5]]/[2,17], [2,17]/[[3,7],[3,5]], [[3,7],[3,5]]/[3,2], [3,2]/[[3,7],[3,5]], [[3,7],[3,5]]/[3,3], [3,3]/[[3,7],[3,5]], [[3,7],[3,5]]/[3,5], [3,5]/[[3,7],[3,5]], [[3,7],[3,5]]/[3,7], [3,7]/[[3,7],[3,5]], [[3,7],[3,5]]/[3,13], [3,13]/[[3,7],[3,5]], [[3,7],[3,5]]/[3,19], [3,19]/[[3,7],[3,5]], [[3,7],[3,5]]/[3,11], [3,11]/[[3,7],[3,5]], [[3,7],[3,5]]/[3,17], [3,17]/[[3,7],[3,5]], [[3,7],[3,5]]/[5,2], [5,2]/[[3,7],[3,5]], [[3,7],[3,5]]/[5,3], [5,3]/[[3,7],[3,5]], [[3,7],[3,5]]/[5,5], [5,5]/[[3,7],[3,5]], [[3,7],[3,5]]/[5,7], [5,7]/[[3,7],[3,5]], [[3,7],[3,5]]/[5,13], [5,13]/[[3,7],[3,5]], [[3,7],[3,5]]/[5,19], [5,19]/[[3,7],[3,5]], [[3,7],[3,5]]/[5,11], [5,11]/[[3,7],[3,5]], [[3,7],[3,5]]/[5,17], [5,17]/[[3,7],[3,5]], [[3,7],[3,5]]/[7,2], [7,2]/[[3,7],[3,5]], [[3,7],[3,5]]/[7,3], [7,3]/[[3,7],[3,5]], [[3,7],[3,5]]/[7,5], [7,5]/[[3,7],[3,5]], [[3,7],[3,5]]/[7,7], [7,7]/[[3,7],[3,5]], [[3,7],[3,5]]/[7,13], [7,13]/[[3,7],[3,5]], [[3,7],[3,5]]/[7,19], [7,19]/[[3,7],[3,5]], [[3,7],[3,5]]/[7,11], [7,11]/[[3,7],[3,5]], [[3,7],[3,5]]/[7,17], [7,17]/[[3,7],[3,5]], [[3,7],[3,5]]/[13,2], [13,2]/[[3,7],[3,5]], [[3,7],[3,5]]/[13,3], [13,3]/[[3,7],[3,5]], [[3,7],[3,5]]/[13,5], [13,5]/[[3,7],[3,5]], [[3,7],[3,5]]/[13,7], [13,7]/[[3,7],[3,5]], [[3,7],[3,5]]/[13,13], [13,13]/[[3,7],[3,5]], [[3,7],[3,5]]/[13,19], [13,19]/[[3,7],[3,5]], [[3,7],[3,5]]/[13,11], [13,11]/[[3,7],[3,5]], [[3,7],[3,5]]/[13,17], [13,17]/[[3,7],[3,5]], [19,19]/[[3,7],[3,5]], [[3,7],[3,5]]/[19,19], [19,23]/[[3,7],[3,5]], [[3,7],[3,5]]/[19,23], [[3,7],[3,5]]/[11,2], [11,2]/[[3,7],[3,5]], [[3,7],[3,5]]/[11,3], [11,3]/[[3,7],[3,5]], [[3,7],[3,5]]/[11,5], [11,5]/[[3,7],[3,5]], [[3,7],[3,5]]/[11,7], [11,7]/[[3,7],[3,5]], [[3,7],[3,5]]/[11,13], [11,13]/[[3,7],[3,5]], [[3,7],[3,5]]/[11,19], [11,19]/[[3,7],[3,5]], [[3,7],[3,5]]/[11,11], [11,11]/[[3,7],[3,5]], [[3,7],[3,5]]/[11,17], [11,17]/[[3,7],[3,5]], [[3,7],[3,5]]/[17,2], [17,2]/[[3,7],[3,5]], [[3,7],[3,5]]/[17,3], [17,3]/[[3,7],[3,5]], [[3,7],[3,5]]/[17,5], [17,5]/[[3,7],[3,5]], [[3,7],[3,5]]/[17,7], [17,7]/[[3,7],[3,5]], [[3,7],[3,5]]/[17,13], [17,13]/[[3,7],[3,5]], [17,19]/[[3,7],[3,5]], [[3,7],[3,5]]/[17,19], [[3,7],[3,5]]/[17,11], [17,11]/[[3,7],[3,5]], [[3,7],[3,5]]/[17,17], [17,17]/[[3,7],[3,5]], [17,23]/[[3,7],[3,5]], [[3,7],[3,5]]/[17,23], [23,19]/[[3,7],[3,5]], [[3,7],[3,5]]/[23,19], [[3,7],[3,5]]/2₀, 2₀/[[3,7],[3,5]], [[3,7],[3,5]]/2₁, 2₁/[[3,7],[3,5]], [[3,7],[3,5]]/3₀, 3₀/[[3,7],[3,5]], [[3,7],[3,5]]/3₁, 3₁/[[3,7],[3,5]], [[3,7],[3,5]]/5₀, 5₀/[[3,7],[3,5]], [[3,7],[3,5]]/5₁, 5₁/[[3,7],[3,5]], [[3,7],[3,5]]/7₀, 7₀/[[3,7],[3,5]], [[3,7],[3,5]]/7₁, 7₁/[[3,7],[3,5]], [[3,7],[3,5]]/13₀, 13₀/[[3,7],[3,5]], [[3,7],[3,5]]/13₁, 13₁/[[3,7],[3,5]], [[3,7],[3,5]]/19₁, 19₁/[[3,7],[3,5]], [[3,7],[3,5]]/11₀, 11₀/[[3,7],[3,5]], [[3,7],[3,5]]/11₁, 11₁/[[3,7],[3,5]], [[3,7],[3,5]]/17₀, 17₀/[[3,7],[3,5]], [[3,7],[3,5]]/17₁, 17₁/[[3,7],[3,5]], 1/[[3,7],[3,5]], [23,23]/[[3,7],17], [[3,7],17]/[23,23], [[3,7],17]/4, 4/[[3,7],17], [[3,7],17]/[2,3], [2,3]/[[3,7],17], [[3,7],17]/[2,5], [2,5]/[[3,7],17], [[3,7],17]/[2,7], [2,7]/[[3,7],17], [[3,7],17]/[2,13], [2,13]/[[3,7],17], [[3,7],17]/[2,19], [2,19]/[[3,7],17], [[3,7],17]/[2,11], [2,11]/[[3,7],17], [[3,7],17]/[2,17], [2,17]/[[3,7],17], [[3,7],17]/[3,2], [3,2]/[[3,7],17], [[3,7],17]/[3,3], [3,3]/[[3,7],17], [[3,7],17]/[3,5], [3,5]/[[3,7],17], [[3,7],17]/[3,7], [3,7]/[[3,7],17], [[3,7],17]/[3,13], [3,13]/[[3,7],17], [[3,7],17]/[3,19], [3,19]/[[3,7],17], [[3,7],17]/[3,11], [3,11]/[[3,7],17], [[3,7],17]/[3,17], [3,17]/[[3,7],17], [[3,7],17]/[5,2], [5,2]/[[3,7],17], [[3,7],17]/[5,3], [5,3]/[[3,7],17], [[3,7],17]/[5,5], [5,5]/[[3,7],17], [[3,7],17]/[5,7], [5,7]/[[3,7],17], [[3,7],17]/[5,13], [5,13]/[[3,7],17], [[3,7],17]/[5,19], [5,19]/[[3,7],17], [[3,7],17]/[5,11], [5,11]/[[3,7],17], [[3,7],17]/[5,17], [5,17]/[[3,7],17], [[3,7],17]/[7,2], [7,2]/[[3,7],17], [[3,7],17]/[7,3], [7,3]/[[3,7],17], [[3,7],17]/[7,5], [7,5]/[[3,7],17], [[3,7],17]/[7,7], [7,7]/[[3,7],17], [[3,7],17]/[7,13], [7,13]/[[3,7],17], [[3,7],17]/[7,19], [7,19]/[[3,7],17], [[3,7],17]/[7,11], [7,11]/[[3,7],17], [[3,7],17]/[7,17], [7,17]/[[3,7],17], [[3,7],17]/[13,2], [13,2]/[[3,7],17], [[3,7],17]/[13,3], [13,3]/[[3,7],17], [[3,7],17]/[13,5], [13,5]/[[3,7],17], [[3,7],17]/[13,7], [13,7]/[[3,7],17], [[3,7],17]/[13,13], [13,13]/[[3,7],17], [[3,7],17]/[13,19], [13,19]/[[3,7],17], [[3,7],17]/[13,11], [13,11]/[[3,7],17], [[3,7],17]/[13,17], [13,17]/[[3,7],17], [[3,7],17]/[19,2], [19,2]/[[3,7],17], [[3,7],17]/[19,3], [19,3]/[[3,7],17], [[3,7],17]/[19,5], [19,5]/[[3,7],17], [[3,7],17]/[19,7], [19,7]/[[3,7],17], [[3,7],17]/[19,11], [19,11]/[[3,7],17], [[3,7],17]/[11,2], [11,2]/[[3,7],17], [[3,7],17]/[11,3], [11,3]/[[3,7],17], [[3,7],17]/[11,5], [11,5]/[[3,7],17], [[3,7],17]/[11,7], [11,7]/[[3,7],17], [[3,7],17]/[11,13], [11,13]/[[3,7],17], [[3,7],17]/[11,19], [11,19]/[[3,7],17], [[3,7],17]/[11,11], [11,11]/[[3,7],17], [[3,7],17]/[11,17], [11,17]/[[3,7],17], [[3,7],17]/[17,2], [17,2]/[[3,7],17], [[3,7],17]/[17,3], [17,3]/[[3,7],17], [[3,7],17]/[17,5], [17,5]/[[3,7],17], [[3,7],17]/[17,7], [17,7]/[[3,7],17], [[3,7],17]/[17,11], [17,11]/[[3,7],17], [[3,7],17]/[23,2], [23,2]/[[3,7],17], [[3,7],17]/[23,3], [23,3]/[[3,7],17], [[3,7],17]/[23,5], [23,5]/[[3,7],17], [[3,7],17]/[23,7], [23,7]/[[3,7],17], [23,19]/[[3,7],17], [[3,7],17]/[23,19], [[3,7],17]/[23,11], [23,11]/[[3,7],17], [[3,7],17]/2₀, 2₀/[[3,7],17], [[3,7],17]/2₁, 2₁/[[3,7],17], [[3,7],17]/3₀, 3₀/[[3,7],17], [[3,7],17]/3₁, 3₁/[[3,7],17], [[3,7],17]/5₀, 5₀/[[3,7],17], [[3,7],17]/5₁, 5₁/[[3,7],17], [[3,7],17]/7₀, 7₀/[[3,7],17], [[3,7],17]/7₁, 7₁/[[3,7],17], [[3,7],17]/13₀, 13₀/[[3,7],17], [[3,7],17]/13₁, 13₁/[[3,7],17], [[3,7],17]/19₀, 19₀/[[3,7],17], [[3,7],17]/19₁, 19₁/[[3,7],17], [[3,7],17]/11₀, 11₀/[[3,7],17], [[3,7],17]/11₁, 11₁/[[3,7],17], [[3,7],17]/17₀, 17₀/[[3,7],17], [[3,7],17]/17₁, 17₁/[[3,7],17], [[3,7],17]/23₀, 23₀/[[3,7],17], 1/[[3,7],17], [23,23]/[41,7], [41,7]/[23,23], [41,7]/4, 4/[41,7], [41,7]/[2,3], [2,3]/[41,7], [41,7]/[2,5], [2,5]/[41,7], [41,7]/[2,7], [2,7]/[41,7], [41,7]/[2,13], [2,13]/[41,7], [41,7]/[2,11], [2,11]/[41,7], [41,7]/[2,17], [2,17]/[41,7], [41,7]/[3,2], [3,2]/[41,7], [41,7]/[3,3], [3,3]/[41,7], [41,7]/[3,5], [3,5]/[41,7], [41,7]/[3,7], [3,7]/[41,7], [41,7]/[3,13], [3,13]/[41,7], [41,7]/[3,11], [3,11]/[41,7], [41,7]/[3,17], [3,17]/[41,7], [41,7]/[5,2], [5,2]/[41,7], [41,7]/[5,3], [5,3]/[41,7], [41,7]/[5,5], [5,5]/[41,7], [41,7]/[5,7], [5,7]/[41,7], [41,7]/[5,13], [5,13]/[41,7], [41,7]/[5,11], [5,11]/[41,7], [41,7]/[5,17], [5,17]/[41,7], [41,7]/[7,2], [7,2]/[41,7], [41,7]/[7,3], [7,3]/[41,7], [41,7]/[7,5], [7,5]/[41,7], [41,7]/[7,7], [7,7]/[41,7], [41,7]/[7,13], [7,13]/[41,7], [41,7]/[7,11], [7,11]/[41,7], [41,7]/[7,17], [7,17]/[41,7], [41,7]/[13,2], [13,2]/[41,7], [41,7]/[13,3], [13,3]/[41,7], [41,7]/[13,5], [13,5]/[41,7], [41,7]/[13,7], [13,7]/[41,7], [41,7]/[13,13], [13,13]/[41,7], [41,7]/[13,11], [13,11]/[41,7], [41,7]/[13,17], [13,17]/[41,7], [41,7]/[19,2], [19,2]/[41,7], [41,7]/[19,3], [19,3]/[41,7], [41,7]/[19,5], [19,5]/[41,7], [41,7]/[19,7], [19,7]/[41,7], [19,19]/[41,7], [41,7]/[19,19], [41,7]/[19,11], [19,11]/[41,7], [19,17]/[41,7], [41,7]/[19,17], [19,23]/[41,7], [41,7]/[19,23], [41,7]/[11,2], [11,2]/[41,7], [41,7]/[11,3], [11,3]/[41,7], [41,7]/[11,5], [11,5]/[41,7], [41,7]/[11,7], [11,7]/[41,7], [41,7]/[11,13], [11,13]/[41,7], [41,7]/[11,11], [11,11]/[41,7], [41,7]/[11,17], [11,17]/[41,7], [41,7]/[17,2], [17,2]/[41,7], [41,7]/[17,3], [17,3]/[41,7], [41,7]/[17,5], [17,5]/[41,7], [41,7]/[17,7], [17,7]/[41,7], [41,7]/[17,11], [17,11]/[41,7], [23,19]/[41,7], [41,7]/[23,19], [23,17]/[41,7], [41,7]/[23,17], [41,7]/2₀, 2₀/[41,7], [41,7]/2₁, 2₁/[41,7], [41,7]/3₀, 3₀/[41,7], [41,7]/3₁, 3₁/[41,7], [41,7]/5₀, 5₀/[41,7], [41,7]/5₁, 5₁/[41,7], [41,7]/7₀, 7₀/[41,7], [41,7]/7₁, 7₁/[41,7], [41,7]/13₀, 13₀/[41,7], [41,7]/13₁, 13₁/[41,7], [41,7]/19₀, 19₀/[41,7], [41,7]/11₀, 11₀/[41,7], [41,7]/11₁, 11₁/[41,7], [41,7]/17₀, 17₀/[41,7], [41,7]/17₁, 17₁/[41,7], 1/[41,7], [23,23]/[23,[3,5]], [23,[3,5]]/[23,23], [23,[3,5]]/4, 4/[23,[3,5]], [23,[3,5]]/[2,3], [2,3]/[23,[3,5]], [23,[3,5]]/[2,5], [2,5]/[23,[3,5]], [23,[3,5]]/[2,7], [2,7]/[23,[3,5]], [23,[3,5]]/[2,13], [2,13]/[23,[3,5]], [23,[3,5]]/[2,19], [2,19]/[23,[3,5]], [23,[3,5]]/[2,11], [2,11]/[23,[3,5]], [23,[3,5]]/[2,17], [2,17]/[23,[3,5]], [23,[3,5]]/[3,2], [3,2]/[23,[3,5]], [23,[3,5]]/[3,3], [3,3]/[23,[3,5]], [23,[3,5]]/[3,5], [3,5]/[23,[3,5]], [23,[3,5]]/[3,7], [3,7]/[23,[3,5]], [23,[3,5]]/[3,13], [3,13]/[23,[3,5]], [23,[3,5]]/[3,19], [3,19]/[23,[3,5]], [23,[3,5]]/[3,11], [3,11]/[23,[3,5]], [23,[3,5]]/[3,17], [3,17]/[23,[3,5]], [23,[3,5]]/[5,2], [5,2]/[23,[3,5]], [23,[3,5]]/[5,3], [5,3]/[23,[3,5]], [23,[3,5]]/[5,5], [5,5]/[23,[3,5]], [23,[3,5]]/[5,7], [5,7]/[23,[3,5]], [23,[3,5]]/[5,13], [5,13]/[23,[3,5]], [23,[3,5]]/[5,19], [5,19]/[23,[3,5]], [23,[3,5]]/[5,11], [5,11]/[23,[3,5]], [23,[3,5]]/[5,17], [5,17]/[23,[3,5]], [23,[3,5]]/[7,2], [7,2]/[23,[3,5]], [23,[3,5]]/[7,3], [7,3]/[23,[3,5]], [23,[3,5]]/[7,5], [7,5]/[23,[3,5]], [23,[3,5]]/[7,7], [7,7]/[23,[3,5]], [23,[3,5]]/[7,13], [7,13]/[23,[3,5]], [23,[3,5]]/[7,19], [7,19]/[23,[3,5]], [23,[3,5]]/[7,11], [7,11]/[23,[3,5]], [23,[3,5]]/[7,17], [7,17]/[23,[3,5]], [23,[3,5]]/[13,2], [13,2]/[23,[3,5]], [23,[3,5]]/[13,3], [13,3]/[23,[3,5]], [23,[3,5]]/[13,5], [13,5]/[23,[3,5]], [23,[3,5]]/[13,7], [13,7]/[23,[3,5]], [23,[3,5]]/[13,13], [13,13]/[23,[3,5]], [23,[3,5]]/[13,19], [13,19]/[23,[3,5]], [23,[3,5]]/[13,11], [13,11]/[23,[3,5]], [23,[3,5]]/[13,17], [13,17]/[23,[3,5]], [23,[3,5]]/[19,2], [19,2]/[23,[3,5]], [23,[3,5]]/[19,3], [19,3]/[23,[3,5]], [23,[3,5]]/[19,5], [19,5]/[23,[3,5]], [23,[3,5]]/[19,7], [19,7]/[23,[3,5]], [19,19]/[23,[3,5]], [23,[3,5]]/[19,19], [23,[3,5]]/[19,11], [19,11]/[23,[3,5]], [19,23]/[23,[3,5]], [23,[3,5]]/[19,23], [23,[3,5]]/[11,2], [11,2]/[23,[3,5]], [23,[3,5]]/[11,3], [11,3]/[23,[3,5]], [23,[3,5]]/[11,5], [11,5]/[23,[3,5]], [23,[3,5]]/[11,7], [11,7]/[23,[3,5]], [23,[3,5]]/[11,13], [11,13]/[23,[3,5]], [23,[3,5]]/[11,19], [11,19]/[23,[3,5]], [23,[3,5]]/[11,11], [11,11]/[23,[3,5]], [23,[3,5]]/[11,17], [11,17]/[23,[3,5]], [23,[3,5]]/[17,2], [17,2]/[23,[3,5]], [23,[3,5]]/[17,3], [17,3]/[23,[3,5]], [23,[3,5]]/[17,5], [17,5]/[23,[3,5]], [23,[3,5]]/[17,7], [17,7]/[23,[3,5]], [23,[3,5]]/[17,13], [17,13]/[23,[3,5]], [23,[3,5]]/[17,19], [17,19]/[23,[3,5]], [23,[3,5]]/[17,11], [17,11]/[23,[3,5]], [23,[3,5]]/[17,17], [17,17]/[23,[3,5]], [23,19]/[23,[3,5]], [23,[3,5]]/[23,19], [23,[3,5]]/2₀, 2₀/[23,[3,5]], [23,[3,5]]/2₁, 2₁/[23,[3,5]], [23,[3,5]]/3₀, 3₀/[23,[3,5]], [23,[3,5]]/3₁, 3₁/[23,[3,5]], [23,[3,5]]/5₀, 5₀/[23,[3,5]], [23,[3,5]]/5₁, 5₁/[23,[3,5]], [23,[3,5]]/7₀, 7₀/[23,[3,5]], [23,[3,5]]/7₁, 7₁/[23,[3,5]], [23,[3,5]]/13₀, 13₀/[23,[3,5]], [23,[3,5]]/13₁, 13₁/[23,[3,5]], [23,[3,5]]/19₀, 19₀/[23,[3,5]], [23,[3,5]]/19₁, 19₁/[23,[3,5]], [23,[3,5]]/11₀, 11₀/[23,[3,5]], [23,[3,5]]/11₁, 11₁/[23,[3,5]], [23,[3,5]]/17₀, 17₀/[23,[3,5]], [23,[3,5]]/17₁, 17₁/[23,[3,5]], 1/[23,[3,5]], [23,23]/[[3,5],13], [[3,5],13]/[23,23], [[3,5],13]/4, 4/[[3,5],13], [[3,5],13]/[2,3], [2,3]/[[3,5],13], [[3,5],13]/[2,5], [2,5]/[[3,5],13], [[3,5],13]/[2,7], [2,7]/[[3,5],13], [[3,5],13]/[2,13], [2,13]/[[3,5],13], [[3,5],13]/[2,11], [2,11]/[[3,5],13], [[3,5],13]/[2,17], [2,17]/[[3,5],13], [[3,5],13]/[3,2], [3,2]/[[3,5],13], [[3,5],13]/[3,3], [3,3]/[[3,5],13], [[3,5],13]/[3,5], [3,5]/[[3,5],13], [[3,5],13]/[3,7], [3,7]/[[3,5],13], [[3,5],13]/[3,13], [3,13]/[[3,5],13], [[3,5],13]/[3,11], [3,11]/[[3,5],13], [[3,5],13]/[3,17], [3,17]/[[3,5],13], [[3,5],13]/[5,2], [5,2]/[[3,5],13], [[3,5],13]/[5,3], [5,3]/[[3,5],13], [[3,5],13]/[5,5], [5,5]/[[3,5],13], [[3,5],13]/[5,7], [5,7]/[[3,5],13], [[3,5],13]/[5,13], [5,13]/[[3,5],13], [[3,5],13]/[5,11], [5,11]/[[3,5],13], [[3,5],13]/[5,17], [5,17]/[[3,5],13], [[3,5],13]/[7,2], [7,2]/[[3,5],13], [[3,5],13]/[7,3], [7,3]/[[3,5],13], [[3,5],13]/[7,5], [7,5]/[[3,5],13], [[3,5],13]/[7,7], [7,7]/[[3,5],13], [[3,5],13]/[7,13], [7,13]/[[3,5],13], [[3,5],13]/[7,11], [7,11]/[[3,5],13], [[3,5],13]/[7,17], [7,17]/[[3,5],13], [19,19]/[[3,5],13], [[3,5],13]/[19,19], [19,17]/[[3,5],13], [[3,5],13]/[19,17], [19,23]/[[3,5],13], [[3,5],13]/[19,23], [[3,5],13]/[11,2], [11,2]/[[3,5],13], [[3,5],13]/[11,3], [11,3]/[[3,5],13], [[3,5],13]/[11,5], [11,5]/[[3,5],13], [[3,5],13]/[11,7], [11,7]/[[3,5],13], [[3,5],13]/[11,13], [11,13]/[[3,5],13], [[3,5],13]/[11,11], [11,11]/[[3,5],13], [[3,5],13]/[11,17], [11,17]/[[3,5],13], [23,19]/[[3,5],13], [[3,5],13]/[23,19], [23,17]/[[3,5],13], [[3,5],13]/[23,17], [[3,5],13]/2₀, 2₀/[[3,5],13], [[3,5],13]/2₁, 2₁/[[3,5],13], [[3,5],13]/3₀, 3₀/[[3,5],13], [[3,5],13]/3₁, 3₁/[[3,5],13], [[3,5],13]/5₀, 5₀/[[3,5],13], [[3,5],13]/5₁, 5₁/[[3,5],13], [[3,5],13]/7₀, 7₀/[[3,5],13], [[3,5],13]/7₁, 7₁/[[3,5],13], [[3,5],13]/13₀, 13₀/[[3,5],13], [[3,5],13]/13₁, 13₁/[[3,5],13], [[3,5],13]/19₀, 19₀/[[3,5],13], [[3,5],13]/11₀, 11₀/[[3,5],13], [[3,5],13]/11₁, 11₁/[[3,5],13], [[3,5],13]/17₀, 17₀/[[3,5],13], [[3,5],13]/17₁, 17₁/[[3,5],13], 1/[[3,5],13])
read one lower:  23{Q*([23,23]/O161, O161/[23,23], O161/4, 4/O161, O161/[2,3], [2,3]/O161, O161/[2,5], [2,5]/O161, O161/[2,7], [2,7]/O161, O161/[2,13], [2,13]/O161, O161/[2,11], [2,11]/O161, O161/[3,2], [3,2]/O161, O161/[3,3], [3,3]/O161, O161/[3,5], [3,5]/O161, O161/[3,7], [3,7]/O161, O161/[3,11], [3,11]/O161, O161/[5,2], [5,2]/O161, O161/[5,3], [5,3]/O161, O161/[5,5], [5,5]/O161, O161/[5,7], [5,7]/O161, O161/[5,11], [5,11]/O161, O161/[7,2], [7,2]/O161, O161/[7,3], [7,3]/O161, O161/[7,5], [7,5]/O161, O161/[7,7], [7,7]/O161, O161/[7,11], [7,11]/O161, O161/[13,2], [13,2]/O161, O161/[13,3], [13,3]/O161, O161/[13,5], [13,5]/O161, O161/[13,7], [13,7]/O161, O161/[13,11], [13,11]/O161, O161/[19,2], [19,2]/O161, O161/[19,3], [19,3]/O161, O161/[19,5], [19,5]/O161, O161/[19,7], [19,7]/O161, O161/[19,11], [19,11]/O161, O161/[11,2], [11,2]/O161, O161/[11,3], [11,3]/O161, O161/[11,5], [11,5]/O161, O161/[11,7], [11,7]/O161, O161/[11,11], [11,11]/O161, O161/[17,2], [17,2]/O161, O161/[17,3], [17,3]/O161, O161/[17,5], [17,5]/O161, O161/[17,7], [17,7]/O161, O161/[17,11], [17,11]/O161, O161/[23,2], [23,2]/O161, O161/[23,3], [23,3]/O161, O161/[23,5], [23,5]/O161, O161/[23,7], [23,7]/O161, [23,13]/O161, O161/[23,13], [23,19]/O161, O161/[23,19], O161/[23,11], [23,11]/O161, [23,17]/O161, O161/[23,17], O161/2, 2/O161, O161/3, 3/O161, O161/5, 5/O161, O161/7, 7/O161, O161/13, 13/O161, O161/19, 19/O161, O161/11, 11/O161, O161/17, 17/O161, O161/23, 23/O161, 1/O161, [23,23]/O162, O162/[23,23], O162/4, 4/O162, O162/[2,3], [2,3]/O162, O162/[2,5], [2,5]/O162, O162/[2,7], [2,7]/O162, O162/[2,13], [2,13]/O162, O162/[2,19], [2,19]/O162, O162/[2,11], [2,11]/O162, O162/[2,17], [2,17]/O162, O162/[3,2], [3,2]/O162, O162/[5,2], [5,2]/O162, O162/[7,2], [7,2]/O162, O162/[13,2], [13,2]/O162, O162/[19,2], [19,2]/O162, O162/[11,2], [11,2]/O162, O162/[17,2], [17,2]/O162, O162/[23,2], [23,2]/O162, [23,19]/O162, O162/[23,19], O162/2, 2/O162, O162/3, 3/O162, O162/5, 5/O162, O162/7, 7/O162, O162/13, 13/O162, O162/19, 19/O162, O162/11, 11/O162, O162/17, 17/O162, O162/23, 23/O162, 1/O162, [23,23]/O163, O163/[23,23], O163/4, 4/O163, O163/[2,3], [2,3]/O163, O163/[2,5], [2,5]/O163, O163/[2,7], [2,7]/O163, O163/[2,13], [2,13]/O163, O163/[2,19], [2,19]/O163, O163/[2,11], [2,11]/O163, O163/[2,17], [2,17]/O163, O163/[3,2], [3,2]/O163, O163/[3,3], [3,3]/O163, O163/[3,5], [3,5]/O163, O163/[3,7], [3,7]/O163, O163/[3,11], [3,11]/O163, O163/[5,2], [5,2]/O163, O163/[5,3], [5,3]/O163, O163/[5,5], [5,5]/O163, O163/[5,7], [5,7]/O163, O163/[5,11], [5,11]/O163, O163/[7,2], [7,2]/O163, O163/[7,3], [7,3]/O163, O163/[7,5], [7,5]/O163, O163/[7,7], [7,7]/O163, O163/[7,11], [7,11]/O163, O163/[13,2], [13,2]/O163, O163/[13,3], [13,3]/O163, O163/[13,5], [13,5]/O163, O163/[13,7], [13,7]/O163, O163/[13,11], [13,11]/O163, O163/[19,2], [19,2]/O163, O163/[19,3], [19,3]/O163, O163/[19,5], [19,5]/O163, O163/[19,7], [19,7]/O163, O163/[19,11], [19,11]/O163, O163/[11,2], [11,2]/O163, O163/[11,3], [11,3]/O163, O163/[11,5], [11,5]/O163, O163/[11,7], [11,7]/O163, O163/[11,11], [11,11]/O163, O163/[17,2], [17,2]/O163, O163/[17,3], [17,3]/O163, O163/[17,5], [17,5]/O163, O163/[17,7], [17,7]/O163, O163/[17,11], [17,11]/O163, O163/[23,2], [23,2]/O163, O163/[23,3], [23,3]/O163, O163/[23,5], [23,5]/O163, O163/[23,7], [23,7]/O163, [23,19]/O163, O163/[23,19], O163/[23,11], [23,11]/O163, O163/2, 2/O163, O163/3, 3/O163, O163/5, 5/O163, O163/7, 7/O163, O163/13, 13/O163, O163/19, 19/O163, O163/11, 11/O163, O163/17, 17/O163, O163/23, 23/O163, 1/O163, [23,23]/O164, O164/[23,23], O164/4, 4/O164, O164/[2,3], [2,3]/O164, O164/[2,5], [2,5]/O164, O164/[2,7], [2,7]/O164, O164/[2,13], [2,13]/O164, O164/[2,19], [2,19]/O164, O164/[2,11], [2,11]/O164, O164/[2,17], [2,17]/O164, O164/[3,2], [3,2]/O164, O164/[3,3], [3,3]/O164, O164/[3,5], [3,5]/O164, O164/[3,7], [3,7]/O164, O164/[3,13], [3,13]/O164, O164/[3,11], [3,11]/O164, O164/[3,17], [3,17]/O164, O164/[5,2], [5,2]/O164, O164/[5,3], [5,3]/O164, O164/[5,5], [5,5]/O164, O164/[5,7], [5,7]/O164, O164/[5,13], [5,13]/O164, O164/[5,11], [5,11]/O164, O164/[5,17], [5,17]/O164, O164/[7,2], [7,2]/O164, O164/[7,3], [7,3]/O164, O164/[7,5], [7,5]/O164, O164/[7,7], [7,7]/O164, O164/[7,13], [7,13]/O164, O164/[7,11], [7,11]/O164, O164/[7,17], [7,17]/O164, O164/[13,2], [13,2]/O164, O164/[13,3], [13,3]/O164, O164/[13,5], [13,5]/O164, O164/[13,7], [13,7]/O164, O164/[13,13], [13,13]/O164, O164/[13,11], [13,11]/O164, O164/[13,17], [13,17]/O164, O164/[19,2], [19,2]/O164, O164/[19,3], [19,3]/O164, O164/[19,5], [19,5]/O164, O164/[19,7], [19,7]/O164, O164/[19,13], [19,13]/O164, O164/[19,11], [19,11]/O164, O164/[19,17], [19,17]/O164, O164/[11,2], [11,2]/O164, O164/[11,3], [11,3]/O164, O164/[11,5], [11,5]/O164, O164/[11,7], [11,7]/O164, O164/[11,13], [11,13]/O164, O164/[11,11], [11,11]/O164, O164/[11,17], [11,17]/O164, O164/[17,2], [17,2]/O164, O164/[17,3], [17,3]/O164, O164/[17,5], [17,5]/O164, O164/[17,7], [17,7]/O164, O164/[17,13], [17,13]/O164, O164/[17,11], [17,11]/O164, O164/[17,17], [17,17]/O164, O164/[23,2], [23,2]/O164, O164/[23,3], [23,3]/O164, O164/[23,5], [23,5]/O164, O164/[23,7], [23,7]/O164, O164/[23,13], [23,13]/O164, [23,19]/O164, O164/[23,19], O164/[23,11], [23,11]/O164, O164/[23,17], [23,17]/O164, O164/2, 2/O164, O164/3, 3/O164, O164/5, 5/O164, O164/7, 7/O164, O164/13, 13/O164, O164/19, 19/O164, O164/11, 11/O164, O164/17, 17/O164, O164/23, 23/O164, 1/O164, [23,23]/O165, O165/[23,23], O165/4, 4/O165, O165/[2,3], [2,3]/O165, O165/[2,5], [2,5]/O165, O165/[2,7], [2,7]/O165, O165/[2,13], [2,13]/O165, O165/[2,19], [2,19]/O165, O165/[2,11], [2,11]/O165, O165/[2,17], [2,17]/O165, [2,23]/O165, O165/[2,23], [3,23]/O165, O165/[3,23], [5,23]/O165, O165/[5,23], [7,23]/O165, O165/[7,23], [13,23]/O165, O165/[13,23], [19,23]/O165, O165/[19,23], [11,23]/O165, O165/[11,23], [17,23]/O165, O165/[17,23], O165/2, 2/O165, O165/3, 3/O165, O165/5, 5/O165, O165/7, 7/O165, O165/13, 13/O165, O165/19, 19/O165, O165/11, 11/O165, O165/17, 17/O165, O165/23, 23/O165, 1/O165, [23,23]/O166, O166/[23,23], O166/4, 4/O166, O166/[2,3], [2,3]/O166, O166/[2,5], [2,5]/O166, O166/[2,7], [2,7]/O166, O166/[2,13], [2,13]/O166, O166/[2,11], [2,11]/O166, O166/[2,17], [2,17]/O166, O166/[3,2], [3,2]/O166, O166/[5,2], [5,2]/O166, O166/[7,2], [7,2]/O166, O166/[13,2], [13,2]/O166, O166/[19,2], [19,2]/O166, O166/[11,2], [11,2]/O166, O166/[17,2], [17,2]/O166, O166/[23,2], [23,2]/O166, [23,19]/O166, O166/[23,19], [23,17]/O166, O166/[23,17], O166/2, 2/O166, O166/3, 3/O166, O166/5, 5/O166, O166/7, 7/O166, O166/13, 13/O166, O166/19, 19/O166, O166/11, 11/O166, O166/17, 17/O166, O166/23, 23/O166, 1/O166, [23,23]/O167, O167/[23,23], O167/4, 4/O167, O167/[2,3], [2,3]/O167, O167/[2,5], [2,5]/O167, O167/[2,7], [2,7]/O167, O167/[2,13], [2,13]/O167, O167/[2,11], [2,11]/O167, O167/[2,17], [2,17]/O167, O167/[3,2], [3,2]/O167, O167/[3,3], [3,3]/O167, O167/[3,5], [3,5]/O167, O167/[3,7], [3,7]/O167, O167/[3,13], [3,13]/O167, O167/[3,11], [3,11]/O167, O167/[5,2], [5,2]/O167, O167/[5,3], [5,3]/O167, O167/[5,5], [5,5]/O167, O167/[5,7], [5,7]/O167, O167/[5,13], [5,13]/O167, O167/[5,11], [5,11]/O167, O167/[7,2], [7,2]/O167, O167/[7,3], [7,3]/O167, O167/[7,5], [7,5]/O167, O167/[7,7], [7,7]/O167, O167/[7,13], [7,13]/O167, O167/[7,11], [7,11]/O167, O167/[13,2], [13,2]/O167, O167/[13,3], [13,3]/O167, O167/[13,5], [13,5]/O167, O167/[13,7], [13,7]/O167, O167/[13,13], [13,13]/O167, O167/[13,11], [13,11]/O167, O167/[19,2], [19,2]/O167, O167/[19,3], [19,3]/O167, O167/[19,5], [19,5]/O167, O167/[19,7], [19,7]/O167, O167/[19,13], [19,13]/O167, O167/[19,11], [19,11]/O167, O167/[11,2], [11,2]/O167, O167/[11,3], [11,3]/O167, O167/[11,5], [11,5]/O167, O167/[11,7], [11,7]/O167, O167/[11,13], [11,13]/O167, O167/[11,11], [11,11]/O167, O167/[17,2], [17,2]/O167, O167/[17,3], [17,3]/O167, O167/[17,5], [17,5]/O167, O167/[17,7], [17,7]/O167, O167/[17,13], [17,13]/O167, O167/[17,11], [17,11]/O167, O167/[23,2], [23,2]/O167, O167/[23,3], [23,3]/O167, O167/[23,5], [23,5]/O167, O167/[23,7], [23,7]/O167, O167/[23,13], [23,13]/O167, [23,19]/O167, O167/[23,19], O167/[23,11], [23,11]/O167, [23,17]/O167, O167/[23,17], O167/2, 2/O167, O167/3, 3/O167, O167/5, 5/O167, O167/7, 7/O167, O167/13, 13/O167, O167/19, 19/O167, O167/11, 11/O167, O167/17, 17/O167, O167/23, 23/O167, 1/O167, [23,23]/O168, O168/[23,23], O168/4, 4/O168, O168/[2,3], [2,3]/O168, O168/[2,5], [2,5]/O168, O168/[2,7], [2,7]/O168, O168/[2,13], [2,13]/O168, O168/[2,19], [2,19]/O168, O168/[2,11], [2,11]/O168, O168/[2,17], [2,17]/O168, O168/[2,23], [2,23]/O168, O168/[3,2], [3,2]/O168, O168/[3,3], [3,3]/O168, O168/[3,5], [3,5]/O168, O168/[3,7], [3,7]/O168, O168/[3,13], [3,13]/O168, O168/[3,19], [3,19]/O168, O168/[3,11], [3,11]/O168, O168/[3,17], [3,17]/O168, O168/[5,2], [5,2]/O168, O168/[5,3], [5,3]/O168, O168/[5,5], [5,5]/O168, O168/[5,7], [5,7]/O168, O168/[5,13], [5,13]/O168, O168/[5,19], [5,19]/O168, O168/[5,11], [5,11]/O168, O168/[5,17], [5,17]/O168, O168/[7,2], [7,2]/O168, O168/[7,3], [7,3]/O168, O168/[7,5], [7,5]/O168, O168/[7,7], [7,7]/O168, O168/[7,13], [7,13]/O168, O168/[7,19], [7,19]/O168, O168/[7,11], [7,11]/O168, O168/[7,17], [7,17]/O168, O168/[13,2], [13,2]/O168, O168/[13,3], [13,3]/O168, O168/[13,5], [13,5]/O168, O168/[13,7], [13,7]/O168, O168/[13,13], [13,13]/O168, O168/[13,19], [13,19]/O168, O168/[13,11], [13,11]/O168, O168/[13,17], [13,17]/O168, O168/[19,2], [19,2]/O168, O168/[19,3], [19,3]/O168, O168/[19,5], [19,5]/O168, O168/[19,7], [19,7]/O168, O168/[19,13], [19,13]/O168, O168/[19,19], [19,19]/O168, O168/[19,11], [19,11]/O168, O168/[19,17], [19,17]/O168, [19,23]/O168, O168/[19,23], O168/[11,2], [11,2]/O168, O168/[11,3], [11,3]/O168, O168/[11,5], [11,5]/O168, O168/[11,7], [11,7]/O168, O168/[11,13], [11,13]/O168, O168/[11,19], [11,19]/O168, O168/[11,11], [11,11]/O168, O168/[11,17], [11,17]/O168, O168/[17,2], [17,2]/O168, O168/[17,3], [17,3]/O168, O168/[17,5], [17,5]/O168, O168/[17,7], [17,7]/O168, O168/[17,13], [17,13]/O168, O168/[17,19], [17,19]/O168, O168/[17,11], [17,11]/O168, O168/[17,17], [17,17]/O168, O168/2, 2/O168, O168/3, 3/O168, O168/5, 5/O168, O168/7, 7/O168, O168/13, 13/O168, O168/19, 19/O168, O168/11, 11/O168, O168/17, 17/O168, O168/23, 23/O168, 1/O168, [23,23]/O169, O169/[23,23], O169/4, 4/O169, O169/[2,3], [2,3]/O169, O169/[2,5], [2,5]/O169, O169/[2,7], [2,7]/O169, O169/[2,13], [2,13]/O169, O169/[2,19], [2,19]/O169, O169/[2,11], [2,11]/O169, O169/[2,17], [2,17]/O169, O169/[2,23], [2,23]/O169, O169/[3,2], [3,2]/O169, O169/[3,3], [3,3]/O169, O169/[3,5], [3,5]/O169, O169/[3,7], [3,7]/O169, O169/[3,13], [3,13]/O169, O169/[3,11], [3,11]/O169, O169/[3,17], [3,17]/O169, O169/[5,2], [5,2]/O169, O169/[5,3], [5,3]/O169, O169/[5,5], [5,5]/O169, O169/[5,7], [5,7]/O169, O169/[5,13], [5,13]/O169, O169/[5,11], [5,11]/O169, O169/[5,17], [5,17]/O169, O169/[7,2], [7,2]/O169, O169/[7,3], [7,3]/O169, O169/[7,5], [7,5]/O169, O169/[7,7], [7,7]/O169, O169/[7,13], [7,13]/O169, O169/[7,11], [7,11]/O169, O169/[7,17], [7,17]/O169, O169/[13,2], [13,2]/O169, O169/[13,3], [13,3]/O169, O169/[13,5], [13,5]/O169, O169/[13,7], [13,7]/O169, O169/[13,13], [13,13]/O169, O169/[13,11], [13,11]/O169, O169/[13,17], [13,17]/O169, O169/[19,2], [19,2]/O169, O169/[19,3], [19,3]/O169, O169/[19,5], [19,5]/O169, O169/[19,7], [19,7]/O169, O169/[19,13], [19,13]/O169, O169/[19,11], [19,11]/O169, O169/[19,17], [19,17]/O169, [19,23]/O169, O169/[19,23], O169/[11,2], [11,2]/O169, O169/[11,3], [11,3]/O169, O169/[11,5], [11,5]/O169, O169/[11,7], [11,7]/O169, O169/[11,13], [11,13]/O169, O169/[11,11], [11,11]/O169, O169/[11,17], [11,17]/O169, O169/[17,2], [17,2]/O169, O169/[17,3], [17,3]/O169, O169/[17,5], [17,5]/O169, O169/[17,7], [17,7]/O169, O169/[17,13], [17,13]/O169, O169/[17,11], [17,11]/O169, O169/[17,17], [17,17]/O169, O169/2, 2/O169, O169/3, 3/O169, O169/5, 5/O169, O169/7, 7/O169, O169/13, 13/O169, O169/19, 19/O169, O169/11, 11/O169, O169/17, 17/O169, O169/23, 23/O169, 1/O169, [23,23]/O170, O170/[23,23], O170/4, 4/O170, O170/[2,3], [2,3]/O170, O170/[2,5], [2,5]/O170, O170/[2,7], [2,7]/O170, O170/[2,13], [2,13]/O170, O170/[2,19], [2,19]/O170, O170/[2,11], [2,11]/O170, O170/[2,17], [2,17]/O170, O170/[2,23], [2,23]/O170, O170/[3,2], [3,2]/O170, O170/[3,3], [3,3]/O170, O170/[3,5], [3,5]/O170, O170/[3,7], [3,7]/O170, O170/[3,13], [3,13]/O170, O170/[3,19], [3,19]/O170, O170/[3,11], [3,11]/O170, O170/[3,17], [3,17]/O170, O170/[5,2], [5,2]/O170, O170/[5,3], [5,3]/O170, O170/[5,5], [5,5]/O170, O170/[5,7], [5,7]/O170, O170/[5,13], [5,13]/O170, O170/[5,19], [5,19]/O170, O170/[5,11], [5,11]/O170, O170/[5,17], [5,17]/O170, O170/[7,2], [7,2]/O170, O170/[7,3], [7,3]/O170, O170/[7,5], [7,5]/O170, O170/[7,7], [7,7]/O170, O170/[7,13], [7,13]/O170, O170/[7,19], [7,19]/O170, O170/[7,11], [7,11]/O170, O170/[7,17], [7,17]/O170, O170/[13,2], [13,2]/O170, O170/[13,3], [13,3]/O170, O170/[13,5], [13,5]/O170, O170/[13,7], [13,7]/O170, O170/[13,13], [13,13]/O170, O170/[13,19], [13,19]/O170, O170/[13,11], [13,11]/O170, O170/[13,17], [13,17]/O170, [19,23]/O170, O170/[19,23], O170/[11,2], [11,2]/O170, O170/[11,3], [11,3]/O170, O170/[11,5], [11,5]/O170, O170/[11,7], [11,7]/O170, O170/[11,13], [11,13]/O170, O170/[11,19], [11,19]/O170, O170/[11,11], [11,11]/O170, O170/[11,17], [11,17]/O170, O170/[17,2], [17,2]/O170, O170/[17,3], [17,3]/O170, O170/[17,5], [17,5]/O170, O170/[17,7], [17,7]/O170, O170/[17,13], [17,13]/O170, O170/[17,19], [17,19]/O170, O170/[17,11], [17,11]/O170, O170/[17,17], [17,17]/O170, [17,23]/O170, O170/[17,23], O170/2, 2/O170, O170/3, 3/O170, O170/5, 5/O170, O170/7, 7/O170, O170/13, 13/O170, O170/19, 19/O170, O170/11, 11/O170, O170/17, 17/O170, O170/23, 23/O170, 1/O170, [23,23]/O171, O171/[23,23], O171/4, 4/O171, O171/[2,3], [2,3]/O171, O171/[2,5], [2,5]/O171, O171/[2,7], [2,7]/O171, O171/[2,13], [2,13]/O171, O171/[2,19], [2,19]/O171, O171/[2,11], [2,11]/O171, O171/[2,17], [2,17]/O171, O171/[2,23], [2,23]/O171, O171/[3,2], [3,2]/O171, O171/[3,3], [3,3]/O171, O171/[3,5], [3,5]/O171, O171/[3,7], [3,7]/O171, O171/[3,13], [3,13]/O171, O171/[3,11], [3,11]/O171, O171/[3,17], [3,17]/O171, O171/[5,2], [5,2]/O171, O171/[5,3], [5,3]/O171, O171/[5,5], [5,5]/O171, O171/[5,7], [5,7]/O171, O171/[5,13], [5,13]/O171, O171/[5,11], [5,11]/O171, O171/[5,17], [5,17]/O171, O171/[7,2], [7,2]/O171, O171/[7,3], [7,3]/O171, O171/[7,5], [7,5]/O171, O171/[7,7], [7,7]/O171, O171/[7,13], [7,13]/O171, O171/[7,11], [7,11]/O171, O171/[7,17], [7,17]/O171, O171/[13,2], [13,2]/O171, O171/[13,3], [13,3]/O171, O171/[13,5], [13,5]/O171, O171/[13,7], [13,7]/O171, O171/[13,13], [13,13]/O171, O171/[13,11], [13,11]/O171, O171/[13,17], [13,17]/O171, [19,23]/O171, O171/[19,23], O171/[11,2], [11,2]/O171, O171/[11,3], [11,3]/O171, O171/[11,5], [11,5]/O171, O171/[11,7], [11,7]/O171, O171/[11,13], [11,13]/O171, O171/[11,11], [11,11]/O171, O171/[11,17], [11,17]/O171, O171/[17,2], [17,2]/O171, O171/[17,3], [17,3]/O171, O171/[17,5], [17,5]/O171, O171/[17,7], [17,7]/O171, O171/[17,13], [17,13]/O171, O171/[17,11], [17,11]/O171, O171/[17,17], [17,17]/O171, [17,23]/O171, O171/[17,23], O171/2, 2/O171, O171/3, 3/O171, O171/5, 5/O171, O171/7, 7/O171, O171/13, 13/O171, O171/19, 19/O171, O171/11, 11/O171, O171/17, 17/O171, O171/23, 23/O171, 1/O171, [23,23]/O172, O172/[23,23], O172/4, 4/O172, O172/[2,3], [2,3]/O172, O172/[2,5], [2,5]/O172, O172/[2,7], [2,7]/O172, O172/[2,13], [2,13]/O172, O172/[2,19], [2,19]/O172, O172/[2,11], [2,11]/O172, O172/[2,17], [2,17]/O172, O172/[2,23], [2,23]/O172, O172/[3,2], [3,2]/O172, O172/[5,2], [5,2]/O172, O172/[7,2], [7,2]/O172, O172/[13,2], [13,2]/O172, O172/[19,2], [19,2]/O172, O172/[11,2], [11,2]/O172, O172/[17,2], [17,2]/O172, O172/[23,2], [23,2]/O172, O172/2, 2/O172, O172/3, 3/O172, O172/5, 5/O172, O172/7, 7/O172, O172/13, 13/O172, O172/19, 19/O172, O172/11, 11/O172, O172/17, 17/O172, O172/23, 23/O172, 1/O172, [23,23]/O173, O173/[23,23], O173/4, 4/O173, O173/[2,3], [2,3]/O173, O173/[2,5], [2,5]/O173, O173/[2,7], [2,7]/O173, O173/[2,13], [2,13]/O173, O173/[2,19], [2,19]/O173, O173/[2,11], [2,11]/O173, O173/[2,17], [2,17]/O173, O173/[2,23], [2,23]/O173, O173/[3,2], [3,2]/O173, O173/[3,3], [3,3]/O173, O173/[3,5], [3,5]/O173, O173/[3,7], [3,7]/O173, O173/[3,13], [3,13]/O173, O173/[3,11], [3,11]/O173, O173/[5,2], [5,2]/O173, O173/[5,3], [5,3]/O173, O173/[5,5], [5,5]/O173, O173/[5,7], [5,7]/O173, O173/[5,13], [5,13]/O173, O173/[5,11], [5,11]/O173, O173/[7,2], [7,2]/O173, O173/[7,3], [7,3]/O173, O173/[7,5], [7,5]/O173, O173/[7,7], [7,7]/O173, O173/[7,13], [7,13]/O173, O173/[7,11], [7,11]/O173, O173/[13,2], [13,2]/O173, O173/[13,3], [13,3]/O173, O173/[13,5], [13,5]/O173, O173/[13,7], [13,7]/O173, O173/[13,13], [13,13]/O173, O173/[13,11], [13,11]/O173, O173/[19,2], [19,2]/O173, O173/[19,3], [19,3]/O173, O173/[19,5], [19,5]/O173, O173/[19,7], [19,7]/O173, O173/[19,13], [19,13]/O173, O173/[19,11], [19,11]/O173, O173/[11,2], [11,2]/O173, O173/[11,3], [11,3]/O173, O173/[11,5], [11,5]/O173, O173/[11,7], [11,7]/O173, O173/[11,13], [11,13]/O173, O173/[11,11], [11,11]/O173, O173/[17,2], [17,2]/O173, O173/[17,3], [17,3]/O173, O173/[17,5], [17,5]/O173, O173/[17,7], [17,7]/O173, O173/[17,13], [17,13]/O173, O173/[17,11], [17,11]/O173, O173/[23,2], [23,2]/O173, O173/[23,3], [23,3]/O173, O173/[23,5], [23,5]/O173, O173/[23,7], [23,7]/O173, O173/[23,13], [23,13]/O173, O173/[23,11], [23,11]/O173, O173/2, 2/O173, O173/3, 3/O173, O173/5, 5/O173, O173/7, 7/O173, O173/13, 13/O173, O173/19, 19/O173, O173/11, 11/O173, O173/17, 17/O173, O173/23, 23/O173, 1/O173, [23,23]/O174, O174/[23,23], O174/4, 4/O174, O174/[2,3], [2,3]/O174, O174/[2,5], [2,5]/O174, O174/[2,7], [2,7]/O174, O174/[2,13], [2,13]/O174, O174/[2,19], [2,19]/O174, O174/[2,11], [2,11]/O174, O174/[2,17], [2,17]/O174, O174/[2,23], [2,23]/O174, O174/[3,2], [3,2]/O174, O174/[3,3], [3,3]/O174, O174/[3,5], [3,5]/O174, O174/[3,7], [3,7]/O174, O174/[3,13], [3,13]/O174, O174/[3,19], [3,19]/O174, O174/[3,11], [3,11]/O174, O174/[3,17], [3,17]/O174, O174/[5,2], [5,2]/O174, O174/[5,3], [5,3]/O174, O174/[5,5], [5,5]/O174, O174/[5,7], [5,7]/O174, O174/[5,13], [5,13]/O174, O174/[5,19], [5,19]/O174, O174/[5,11], [5,11]/O174, O174/[5,17], [5,17]/O174, O174/[7,2], [7,2]/O174, O174/[7,3], [7,3]/O174, O174/[7,5], [7,5]/O174, O174/[7,7], [7,7]/O174, O174/[7,13], [7,13]/O174, O174/[7,19], [7,19]/O174, O174/[7,11], [7,11]/O174, O174/[7,17], [7,17]/O174, O174/[13,2], [13,2]/O174, O174/[13,3], [13,3]/O174, O174/[13,5], [13,5]/O174, O174/[13,7], [13,7]/O174, O174/[13,13], [13,13]/O174, O174/[13,19], [13,19]/O174, O174/[13,11], [13,11]/O174, O174/[13,17], [13,17]/O174, O174/[19,2], [19,2]/O174, O174/[19,3], [19,3]/O174, O174/[19,5], [19,5]/O174, O174/[19,7], [19,7]/O174, O174/[19,13], [19,13]/O174, O174/[19,19], [19,19]/O174, O174/[19,11], [19,11]/O174, O174/[19,17], [19,17]/O174, O174/[11,2], [11,2]/O174, O174/[11,3], [11,3]/O174, O174/[11,5], [11,5]/O174, O174/[11,7], [11,7]/O174, O174/[11,13], [11,13]/O174, O174/[11,19], [11,19]/O174, O174/[11,11], [11,11]/O174, O174/[11,17], [11,17]/O174, O174/[17,2], [17,2]/O174, O174/[17,3], [17,3]/O174, O174/[17,5], [17,5]/O174, O174/[17,7], [17,7]/O174, O174/[17,13], [17,13]/O174, O174/[17,19], [17,19]/O174, O174/[17,11], [17,11]/O174, O174/[17,17], [17,17]/O174, O174/[23,2], [23,2]/O174, O174/[23,3], [23,3]/O174, O174/[23,5], [23,5]/O174, O174/[23,7], [23,7]/O174, O174/[23,13], [23,13]/O174, O174/[23,19], [23,19]/O174, O174/[23,11], [23,11]/O174, O174/[23,17], [23,17]/O174, O174/2, 2/O174, O174/3, 3/O174, O174/5, 5/O174, O174/7, 7/O174, O174/13, 13/O174, O174/19, 19/O174, O174/11, 11/O174, O174/17, 17/O174, O174/23, 23/O174, 1/O174, [23,23]/O175, O175/[23,23], O175/4, 4/O175, O175/[2,3], [2,3]/O175, O175/[2,5], [2,5]/O175, O175/[2,7], [2,7]/O175, O175/[2,13], [2,13]/O175, O175/[2,19], [2,19]/O175, O175/[2,11], [2,11]/O175, O175/[2,17], [2,17]/O175, O175/[2,23], [2,23]/O175, O175/[3,2], [3,2]/O175, O175/[3,3], [3,3]/O175, O175/[3,5], [3,5]/O175, O175/[3,7], [3,7]/O175, O175/[3,13], [3,13]/O175, O175/[3,11], [3,11]/O175, O175/[3,17], [3,17]/O175, O175/[5,2], [5,2]/O175, O175/[5,3], [5,3]/O175, O175/[5,5], [5,5]/O175, O175/[5,7], [5,7]/O175, O175/[5,13], [5,13]/O175, O175/[5,11], [5,11]/O175, O175/[5,17], [5,17]/O175, O175/[7,2], [7,2]/O175, O175/[7,3], [7,3]/O175, O175/[7,5], [7,5]/O175, O175/[7,7], [7,7]/O175, O175/[7,13], [7,13]/O175, O175/[7,11], [7,11]/O175, O175/[7,17], [7,17]/O175, O175/[13,2], [13,2]/O175, O175/[13,3], [13,3]/O175, O175/[13,5], [13,5]/O175, O175/[13,7], [13,7]/O175, O175/[13,13], [13,13]/O175, O175/[13,11], [13,11]/O175, O175/[13,17], [13,17]/O175, O175/[19,2], [19,2]/O175, O175/[19,3], [19,3]/O175, O175/[19,5], [19,5]/O175, O175/[19,7], [19,7]/O175, O175/[19,13], [19,13]/O175, O175/[19,11], [19,11]/O175, O175/[19,17], [19,17]/O175, O175/[11,2], [11,2]/O175, O175/[11,3], [11,3]/O175, O175/[11,5], [11,5]/O175, O175/[11,7], [11,7]/O175, O175/[11,13], [11,13]/O175, O175/[11,11], [11,11]/O175, O175/[11,17], [11,17]/O175, O175/[17,2], [17,2]/O175, O175/[17,3], [17,3]/O175, O175/[17,5], [17,5]/O175, O175/[17,7], [17,7]/O175, O175/[17,13], [17,13]/O175, O175/[17,11], [17,11]/O175, O175/[17,17], [17,17]/O175, O175/[23,2], [23,2]/O175, O175/[23,3], [23,3]/O175, O175/[23,5], [23,5]/O175, O175/[23,7], [23,7]/O175, O175/[23,13], [23,13]/O175, O175/[23,11], [23,11]/O175, O175/[23,17], [23,17]/O175, O175/2, 2/O175, O175/3, 3/O175, O175/5, 5/O175, O175/7, 7/O175, O175/13, 13/O175, O175/19, 19/O175, O175/11, 11/O175, O175/17, 17/O175, O175/23, 23/O175, 1/O175, [23,23]/O176, O176/[23,23], O176/4, 4/O176, O176/[2,3], [2,3]/O176, O176/[2,5], [2,5]/O176, O176/[2,7], [2,7]/O176, O176/[2,13], [2,13]/O176, O176/[2,19], [2,19]/O176, O176/[2,11], [2,11]/O176, O176/[2,17], [2,17]/O176, O176/[3,2], [3,2]/O176, O176/[3,3], [3,3]/O176, O176/[3,5], [3,5]/O176, O176/[3,7], [3,7]/O176, O176/[3,13], [3,13]/O176, O176/[3,19], [3,19]/O176, O176/[3,11], [3,11]/O176, O176/[3,17], [3,17]/O176, O176/[5,2], [5,2]/O176, O176/[5,3], [5,3]/O176, O176/[5,5], [5,5]/O176, O176/[5,7], [5,7]/O176, O176/[5,13], [5,13]/O176, O176/[5,11], [5,11]/O176, O176/[7,2], [7,2]/O176, O176/[7,3], [7,3]/O176, O176/[7,5], [7,5]/O176, O176/[7,7], [7,7]/O176, O176/[7,13], [7,13]/O176, O176/[7,11], [7,11]/O176, O176/[13,2], [13,2]/O176, O176/[13,3], [13,3]/O176, O176/[13,5], [13,5]/O176, O176/[13,7], [13,7]/O176, O176/[13,13], [13,13]/O176, O176/[13,11], [13,11]/O176, O176/[19,2], [19,2]/O176, O176/[19,3], [19,3]/O176, O176/[19,5], [19,5]/O176, O176/[19,7], [19,7]/O176, O176/[19,13], [19,13]/O176, O176/[19,11], [19,11]/O176, O176/[11,2], [11,2]/O176, O176/[11,3], [11,3]/O176, O176/[11,5], [11,5]/O176, O176/[11,7], [11,7]/O176, O176/[11,13], [11,13]/O176, O176/[11,11], [11,11]/O176, O176/[17,2], [17,2]/O176, O176/[17,3], [17,3]/O176, O176/[17,5], [17,5]/O176, O176/[17,7], [17,7]/O176, O176/[17,13], [17,13]/O176, O176/[17,11], [17,11]/O176, O176/[23,2], [23,2]/O176, O176/[23,3], [23,3]/O176, O176/[23,5], [23,5]/O176, O176/[23,7], [23,7]/O176, O176/[23,13], [23,13]/O176, [23,19]/O176, O176/[23,19], O176/[23,11], [23,11]/O176, O176/2, 2/O176, O176/3, 3/O176, O176/5, 5/O176, O176/7, 7/O176, O176/13, 13/O176, O176/19, 19/O176, O176/11, 11/O176, O176/17, 17/O176, O176/23, 23/O176, 1/O176, [23,23]/O177, O177/[23,23], O177/4, 4/O177, O177/[2,3], [2,3]/O177, O177/[2,5], [2,5]/O177, O177/[2,7], [2,7]/O177, O177/[2,13], [2,13]/O177, O177/[2,19], [2,19]/O177, O177/[2,11], [2,11]/O177, O177/[2,17], [2,17]/O177, O177/[3,2], [3,2]/O177, O177/[3,3], [3,3]/O177, O177/[3,5], [3,5]/O177, O177/[3,7], [3,7]/O177, O177/[3,13], [3,13]/O177, O177/[3,19], [3,19]/O177, O177/[3,11], [3,11]/O177, O177/[3,17], [3,17]/O177, O177/[5,2], [5,2]/O177, O177/[5,3], [5,3]/O177, O177/[5,5], [5,5]/O177, O177/[5,7], [5,7]/O177, O177/[5,13], [5,13]/O177, O177/[5,11], [5,11]/O177, O177/[5,17], [5,17]/O177, O177/[7,2], [7,2]/O177, O177/[7,3], [7,3]/O177, O177/[7,5], [7,5]/O177, O177/[7,7], [7,7]/O177, O177/[7,13], [7,13]/O177, O177/[7,11], [7,11]/O177, O177/[7,17], [7,17]/O177, O177/[13,2], [13,2]/O177, O177/[13,3], [13,3]/O177, O177/[13,5], [13,5]/O177, O177/[13,7], [13,7]/O177, O177/[13,13], [13,13]/O177, O177/[13,11], [13,11]/O177, O177/[13,17], [13,17]/O177, O177/[19,2], [19,2]/O177, O177/[19,3], [19,3]/O177, O177/[19,5], [19,5]/O177, O177/[19,7], [19,7]/O177, O177/[19,13], [19,13]/O177, O177/[19,11], [19,11]/O177, O177/[19,17], [19,17]/O177, O177/[11,2], [11,2]/O177, O177/[11,3], [11,3]/O177, O177/[11,5], [11,5]/O177, O177/[11,7], [11,7]/O177, O177/[11,13], [11,13]/O177, O177/[11,11], [11,11]/O177, O177/[11,17], [11,17]/O177, O177/[17,2], [17,2]/O177, O177/[17,3], [17,3]/O177, O177/[17,5], [17,5]/O177, O177/[17,7], [17,7]/O177, O177/[17,13], [17,13]/O177, O177/[17,11], [17,11]/O177, O177/[17,17], [17,17]/O177, O177/[23,2], [23,2]/O177, O177/[23,3], [23,3]/O177, O177/[23,5], [23,5]/O177, O177/[23,7], [23,7]/O177, O177/[23,13], [23,13]/O177, [23,19]/O177, O177/[23,19], O177/[23,11], [23,11]/O177, O177/[23,17], [23,17]/O177, O177/2, 2/O177, O177/3, 3/O177, O177/5, 5/O177, O177/7, 7/O177, O177/13, 13/O177, O177/19, 19/O177, O177/11, 11/O177, O177/17, 17/O177, O177/23, 23/O177, 1/O177, [23,23]/O178, O178/[23,23], O178/4, 4/O178, O178/[2,3], [2,3]/O178, O178/[2,5], [2,5]/O178, O178/[2,7], [2,7]/O178, O178/[2,13], [2,13]/O178, O178/[2,11], [2,11]/O178, O178/[2,17], [2,17]/O178, O178/[3,2], [3,2]/O178, O178/[3,3], [3,3]/O178, O178/[3,5], [3,5]/O178, O178/[3,7], [3,7]/O178, O178/[3,13], [3,13]/O178, O178/[3,11], [3,11]/O178, O178/[3,17], [3,17]/O178, O178/[5,2], [5,2]/O178, O178/[5,3], [5,3]/O178, O178/[5,5], [5,5]/O178, O178/[5,7], [5,7]/O178, O178/[5,11], [5,11]/O178, O178/[7,2], [7,2]/O178, O178/[7,3], [7,3]/O178, O178/[7,5], [7,5]/O178, O178/[7,7], [7,7]/O178, O178/[7,11], [7,11]/O178, O178/[13,2], [13,2]/O178, O178/[13,3], [13,3]/O178, O178/[13,5], [13,5]/O178, O178/[13,7], [13,7]/O178, O178/[13,11], [13,11]/O178, O178/[19,2], [19,2]/O178, O178/[19,3], [19,3]/O178, O178/[19,5], [19,5]/O178, O178/[19,7], [19,7]/O178, O178/[19,11], [19,11]/O178, O178/[11,2], [11,2]/O178, O178/[11,3], [11,3]/O178, O178/[11,5], [11,5]/O178, O178/[11,7], [11,7]/O178, O178/[11,11], [11,11]/O178, O178/[17,2], [17,2]/O178, O178/[17,3], [17,3]/O178, O178/[17,5], [17,5]/O178, O178/[17,7], [17,7]/O178, O178/[17,11], [17,11]/O178, O178/[23,2], [23,2]/O178, O178/[23,3], [23,3]/O178, O178/[23,5], [23,5]/O178, O178/[23,7], [23,7]/O178, [23,19]/O178, O178/[23,19], O178/[23,11], [23,11]/O178, [23,17]/O178, O178/[23,17], O178/2, 2/O178, O178/3, 3/O178, O178/5, 5/O178, O178/7, 7/O178, O178/13, 13/O178, O178/19, 19/O178, O178/11, 11/O178, O178/17, 17/O178, O178/23, 23/O178, 1/O178, [23,23]/O179, O179/[23,23], O179/4, 4/O179, O179/[2,3], [2,3]/O179, O179/[2,5], [2,5]/O179, O179/[2,7], [2,7]/O179, O179/[2,13], [2,13]/O179, O179/[2,19], [2,19]/O179, O179/[2,11], [2,11]/O179, O179/[2,17], [2,17]/O179, O179/[2,23], [2,23]/O179, O179/[3,2], [3,2]/O179, O179/[3,3], [3,3]/O179, O179/[3,5], [3,5]/O179, O179/[3,7], [3,7]/O179, O179/[3,13], [3,13]/O179, O179/[3,19], [3,19]/O179, O179/[3,11], [3,11]/O179, O179/[3,17], [3,17]/O179, O179/[3,23], [3,23]/O179, O179/[5,2], [5,2]/O179, O179/[5,3], [5,3]/O179, O179/[5,5], [5,5]/O179, O179/[5,7], [5,7]/O179, O179/[5,13], [5,13]/O179, O179/[5,19], [5,19]/O179, O179/[5,11], [5,11]/O179, O179/[5,17], [5,17]/O179, O179/[7,2], [7,2]/O179, O179/[7,3], [7,3]/O179, O179/[7,5], [7,5]/O179, O179/[7,7], [7,7]/O179, O179/[7,13], [7,13]/O179, O179/[7,19], [7,19]/O179, O179/[7,11], [7,11]/O179, O179/[7,17], [7,17]/O179, O179/[13,2], [13,2]/O179, O179/[13,3], [13,3]/O179, O179/[13,5], [13,5]/O179, O179/[13,7], [13,7]/O179, O179/[13,13], [13,13]/O179, O179/[13,19], [13,19]/O179, O179/[13,11], [13,11]/O179, O179/[13,17], [13,17]/O179, O179/[19,2], [19,2]/O179, O179/[19,3], [19,3]/O179, O179/[19,5], [19,5]/O179, O179/[19,7], [19,7]/O179, O179/[19,13], [19,13]/O179, O179/[19,19], [19,19]/O179, O179/[19,11], [19,11]/O179, O179/[19,17], [19,17]/O179, [19,23]/O179, O179/[19,23], O179/[11,2], [11,2]/O179, O179/[11,3], [11,3]/O179, O179/[11,5], [11,5]/O179, O179/[11,7], [11,7]/O179, O179/[11,13], [11,13]/O179, O179/[11,19], [11,19]/O179, O179/[11,11], [11,11]/O179, O179/[11,17], [11,17]/O179, O179/[17,2], [17,2]/O179, O179/[17,3], [17,3]/O179, O179/[17,5], [17,5]/O179, O179/[17,7], [17,7]/O179, O179/[17,13], [17,13]/O179, O179/[17,19], [17,19]/O179, O179/[17,11], [17,11]/O179, O179/[17,17], [17,17]/O179, O179/2, 2/O179, O179/3, 3/O179, O179/5, 5/O179, O179/7, 7/O179, O179/13, 13/O179, O179/19, 19/O179, O179/11, 11/O179, O179/17, 17/O179, O179/23, 23/O179, 1/O179, [23,23]/O180, O180/[23,23], O180/4, 4/O180, O180/[2,3], [2,3]/O180, O180/[2,5], [2,5]/O180, O180/[2,7], [2,7]/O180, O180/[2,13], [2,13]/O180, O180/[2,19], [2,19]/O180, O180/[2,11], [2,11]/O180, O180/[2,17], [2,17]/O180, O180/[2,23], [2,23]/O180, O180/[3,2], [3,2]/O180, O180/[3,3], [3,3]/O180, O180/[3,5], [3,5]/O180, O180/[3,7], [3,7]/O180, O180/[3,13], [3,13]/O180, O180/[3,19], [3,19]/O180, O180/[3,11], [3,11]/O180, O180/[3,17], [3,17]/O180, O180/[3,23], [3,23]/O180, O180/[5,2], [5,2]/O180, O180/[5,3], [5,3]/O180, O180/[5,5], [5,5]/O180, O180/[5,7], [5,7]/O180, O180/[5,11], [5,11]/O180, O180/[7,2], [7,2]/O180, O180/[7,3], [7,3]/O180, O180/[7,5], [7,5]/O180, O180/[7,7], [7,7]/O180, O180/[7,11], [7,11]/O180, O180/[13,2], [13,2]/O180, O180/[13,3], [13,3]/O180, O180/[13,5], [13,5]/O180, O180/[13,7], [13,7]/O180, O180/[13,11], [13,11]/O180, O180/[19,2], [19,2]/O180, O180/[19,3], [19,3]/O180, O180/[19,5], [19,5]/O180, O180/[19,7], [19,7]/O180, O180/[19,11], [19,11]/O180, [19,23]/O180, O180/[19,23], O180/[11,2], [11,2]/O180, O180/[11,3], [11,3]/O180, O180/[11,5], [11,5]/O180, O180/[11,7], [11,7]/O180, O180/[11,11], [11,11]/O180, O180/[17,2], [17,2]/O180, O180/[17,3], [17,3]/O180, O180/[17,5], [17,5]/O180, O180/[17,7], [17,7]/O180, O180/[17,11], [17,11]/O180, O180/2, 2/O180, O180/3, 3/O180, O180/5, 5/O180, O180/7, 7/O180, O180/13, 13/O180, O180/19, 19/O180, O180/11, 11/O180, O180/17, 17/O180, O180/23, 23/O180, 1/O180, [23,23]/O181, O181/[23,23], O181/4, 4/O181, O181/[2,3], [2,3]/O181, O181/[2,5], [2,5]/O181, O181/[2,7], [2,7]/O181, O181/[2,13], [2,13]/O181, O181/[2,19], [2,19]/O181, O181/[2,11], [2,11]/O181, O181/[2,17], [2,17]/O181, O181/[2,23], [2,23]/O181, O181/[3,2], [3,2]/O181, O181/[3,3], [3,3]/O181, O181/[3,5], [3,5]/O181, O181/[3,7], [3,7]/O181, O181/[3,13], [3,13]/O181, O181/[3,19], [3,19]/O181, O181/[3,11], [3,11]/O181, O181/[3,17], [3,17]/O181, O181/[3,23], [3,23]/O181, O181/[5,2], [5,2]/O181, O181/[5,3], [5,3]/O181, O181/[5,5], [5,5]/O181, O181/[5,7], [5,7]/O181, O181/[5,13], [5,13]/O181, O181/[5,11], [5,11]/O181, O181/[5,17], [5,17]/O181, O181/[7,2], [7,2]/O181, O181/[7,3], [7,3]/O181, O181/[7,5], [7,5]/O181, O181/[7,7], [7,7]/O181, O181/[7,13], [7,13]/O181, O181/[7,11], [7,11]/O181, O181/[7,17], [7,17]/O181, O181/[13,2], [13,2]/O181, O181/[13,3], [13,3]/O181, O181/[13,5], [13,5]/O181, O181/[13,7], [13,7]/O181, O181/[13,13], [13,13]/O181, O181/[13,11], [13,11]/O181, O181/[13,17], [13,17]/O181, O181/[19,2], [19,2]/O181, O181/[19,3], [19,3]/O181, O181/[19,5], [19,5]/O181, O181/[19,7], [19,7]/O181, O181/[19,13], [19,13]/O181, O181/[19,11], [19,11]/O181, O181/[19,17], [19,17]/O181, [19,23]/O181, O181/[19,23], O181/[11,2], [11,2]/O181, O181/[11,3], [11,3]/O181, O181/[11,5], [11,5]/O181, O181/[11,7], [11,7]/O181, O181/[11,13], [11,13]/O181, O181/[11,11], [11,11]/O181, O181/[11,17], [11,17]/O181, O181/[17,2], [17,2]/O181, O181/[17,3], [17,3]/O181, O181/[17,5], [17,5]/O181, O181/[17,7], [17,7]/O181, O181/[17,13], [17,13]/O181, O181/[17,11], [17,11]/O181, O181/[17,17], [17,17]/O181, O181/2, 2/O181, O181/3, 3/O181, O181/5, 5/O181, O181/7, 7/O181, O181/13, 13/O181, O181/19, 19/O181, O181/11, 11/O181, O181/17, 17/O181, O181/23, 23/O181, 1/O181, [23,23]/O182, O182/[23,23], O182/4, 4/O182, O182/[2,3], [2,3]/O182, O182/[2,5], [2,5]/O182, O182/[2,7], [2,7]/O182, O182/[2,13], [2,13]/O182, O182/[2,19], [2,19]/O182, O182/[2,11], [2,11]/O182, O182/[2,17], [2,17]/O182, O182/[2,23], [2,23]/O182, O182/[3,2], [3,2]/O182, O182/[3,3], [3,3]/O182, O182/[3,5], [3,5]/O182, O182/[3,7], [3,7]/O182, O182/[3,13], [3,13]/O182, O182/[3,19], [3,19]/O182, O182/[3,11], [3,11]/O182, O182/[3,17], [3,17]/O182, O182/[3,23], [3,23]/O182, O182/[5,2], [5,2]/O182, O182/[5,3], [5,3]/O182, O182/[5,5], [5,5]/O182, O182/[5,7], [5,7]/O182, O182/[5,13], [5,13]/O182, O182/[5,19], [5,19]/O182, O182/[5,11], [5,11]/O182, O182/[5,17], [5,17]/O182, O182/[7,2], [7,2]/O182, O182/[7,3], [7,3]/O182, O182/[7,5], [7,5]/O182, O182/[7,7], [7,7]/O182, O182/[7,13], [7,13]/O182, O182/[7,19], [7,19]/O182, O182/[7,11], [7,11]/O182, O182/[7,17], [7,17]/O182, O182/[13,2], [13,2]/O182, O182/[13,3], [13,3]/O182, O182/[13,5], [13,5]/O182, O182/[13,7], [13,7]/O182, O182/[13,13], [13,13]/O182, O182/[13,19], [13,19]/O182, O182/[13,11], [13,11]/O182, O182/[13,17], [13,17]/O182, O182/[19,2], [19,2]/O182, O182/[19,3], [19,3]/O182, O182/[19,5], [19,5]/O182, O182/[19,7], [19,7]/O182, O182/[19,13], [19,13]/O182, O182/[19,19], [19,19]/O182, O182/[19,11], [19,11]/O182, O182/[19,17], [19,17]/O182, O182/[11,2], [11,2]/O182, O182/[11,3], [11,3]/O182, O182/[11,5], [11,5]/O182, O182/[11,7], [11,7]/O182, O182/[11,13], [11,13]/O182, O182/[11,19], [11,19]/O182, O182/[11,11], [11,11]/O182, O182/[11,17], [11,17]/O182, O182/[17,2], [17,2]/O182, O182/[17,3], [17,3]/O182, O182/[17,5], [17,5]/O182, O182/[17,7], [17,7]/O182, O182/[17,13], [17,13]/O182, O182/[17,19], [17,19]/O182, O182/[17,11], [17,11]/O182, O182/[17,17], [17,17]/O182, O182/[23,2], [23,2]/O182, O182/[23,3], [23,3]/O182, O182/[23,5], [23,5]/O182, O182/[23,7], [23,7]/O182, O182/[23,13], [23,13]/O182, O182/[23,19], [23,19]/O182, O182/[23,11], [23,11]/O182, O182/[23,17], [23,17]/O182, O182/2, 2/O182, O182/3, 3/O182, O182/5, 5/O182, O182/7, 7/O182, O182/13, 13/O182, O182/19, 19/O182, O182/11, 11/O182, O182/17, 17/O182, O182/23, 23/O182, 1/O182, [23,23]/O183, O183/[23,23], O183/4, 4/O183, O183/[2,3], [2,3]/O183, O183/[2,5], [2,5]/O183, O183/[2,7], [2,7]/O183, O183/[2,13], [2,13]/O183, O183/[2,19], [2,19]/O183, O183/[2,11], [2,11]/O183, O183/[2,17], [2,17]/O183, O183/[2,23], [2,23]/O183, O183/[3,2], [3,2]/O183, O183/[3,3], [3,3]/O183, O183/[3,5], [3,5]/O183, O183/[3,7], [3,7]/O183, O183/[3,13], [3,13]/O183, O183/[3,19], [3,19]/O183, O183/[3,11], [3,11]/O183, O183/[3,17], [3,17]/O183, O183/[3,23], [3,23]/O183, O183/[5,2], [5,2]/O183, O183/[5,3], [5,3]/O183, O183/[5,5], [5,5]/O183, O183/[5,7], [5,7]/O183, O183/[5,13], [5,13]/O183, O183/[5,11], [5,11]/O183, O183/[5,17], [5,17]/O183, O183/[7,2], [7,2]/O183, O183/[7,3], [7,3]/O183, O183/[7,5], [7,5]/O183, O183/[7,7], [7,7]/O183, O183/[7,13], [7,13]/O183, O183/[7,11], [7,11]/O183, O183/[7,17], [7,17]/O183, O183/[13,2], [13,2]/O183, O183/[13,3], [13,3]/O183, O183/[13,5], [13,5]/O183, O183/[13,7], [13,7]/O183, O183/[13,13], [13,13]/O183, O183/[13,11], [13,11]/O183, O183/[13,17], [13,17]/O183, O183/[19,2], [19,2]/O183, O183/[19,3], [19,3]/O183, O183/[19,5], [19,5]/O183, O183/[19,7], [19,7]/O183, O183/[19,13], [19,13]/O183, O183/[19,11], [19,11]/O183, O183/[19,17], [19,17]/O183, O183/[11,2], [11,2]/O183, O183/[11,3], [11,3]/O183, O183/[11,5], [11,5]/O183, O183/[11,7], [11,7]/O183, O183/[11,13], [11,13]/O183, O183/[11,11], [11,11]/O183, O183/[11,17], [11,17]/O183, O183/[17,2], [17,2]/O183, O183/[17,3], [17,3]/O183, O183/[17,5], [17,5]/O183, O183/[17,7], [17,7]/O183, O183/[17,13], [17,13]/O183, O183/[17,11], [17,11]/O183, O183/[17,17], [17,17]/O183, O183/[23,2], [23,2]/O183, O183/[23,3], [23,3]/O183, O183/[23,5], [23,5]/O183, O183/[23,7], [23,7]/O183, O183/[23,13], [23,13]/O183, O183/[23,11], [23,11]/O183, O183/[23,17], [23,17]/O183, O183/2, 2/O183, O183/3, 3/O183, O183/5, 5/O183, O183/7, 7/O183, O183/13, 13/O183, O183/19, 19/O183, O183/11, 11/O183, O183/17, 17/O183, O183/23, 23/O183, 1/O183, [23,23]/O184, O184/[23,23], O184/4, 4/O184, O184/[2,3], [2,3]/O184, O184/[2,5], [2,5]/O184, O184/[2,7], [2,7]/O184, O184/[2,13], [2,13]/O184, O184/[2,19], [2,19]/O184, O184/[2,11], [2,11]/O184, O184/[2,17], [2,17]/O184, O184/[3,2], [3,2]/O184, O184/[3,3], [3,3]/O184, O184/[3,5], [3,5]/O184, O184/[3,7], [3,7]/O184, O184/[3,13], [3,13]/O184, O184/[3,19], [3,19]/O184, O184/[3,11], [3,11]/O184, O184/[3,17], [3,17]/O184, O184/[5,2], [5,2]/O184, O184/[5,3], [5,3]/O184, O184/[5,5], [5,5]/O184, O184/[5,7], [5,7]/O184, O184/[5,13], [5,13]/O184, O184/[5,19], [5,19]/O184, O184/[5,11], [5,11]/O184, O184/[5,17], [5,17]/O184, O184/[7,2], [7,2]/O184, O184/[7,3], [7,3]/O184, O184/[7,5], [7,5]/O184, O184/[7,7], [7,7]/O184, O184/[7,13], [7,13]/O184, O184/[7,11], [7,11]/O184, O184/[7,17], [7,17]/O184, O184/[13,2], [13,2]/O184, O184/[13,3], [13,3]/O184, O184/[13,5], [13,5]/O184, O184/[13,7], [13,7]/O184, O184/[13,13], [13,13]/O184, O184/[13,11], [13,11]/O184, O184/[13,17], [13,17]/O184, O184/[19,2], [19,2]/O184, O184/[19,3], [19,3]/O184, O184/[19,5], [19,5]/O184, O184/[19,7], [19,7]/O184, O184/[19,13], [19,13]/O184, O184/[19,11], [19,11]/O184, O184/[19,17], [19,17]/O184, O184/[11,2], [11,2]/O184, O184/[11,3], [11,3]/O184, O184/[11,5], [11,5]/O184, O184/[11,7], [11,7]/O184, O184/[11,13], [11,13]/O184, O184/[11,11], [11,11]/O184, O184/[11,17], [11,17]/O184, O184/[17,2], [17,2]/O184, O184/[17,3], [17,3]/O184, O184/[17,5], [17,5]/O184, O184/[17,7], [17,7]/O184, O184/[17,13], [17,13]/O184, O184/[17,11], [17,11]/O184, O184/[17,17], [17,17]/O184, O184/[23,2], [23,2]/O184, O184/[23,3], [23,3]/O184, O184/[23,5], [23,5]/O184, O184/[23,7], [23,7]/O184, O184/[23,13], [23,13]/O184, [23,19]/O184, O184/[23,19], O184/[23,11], [23,11]/O184, O184/[23,17], [23,17]/O184, O184/2, 2/O184, O184/3, 3/O184, O184/5, 5/O184, O184/7, 7/O184, O184/13, 13/O184, O184/19, 19/O184, O184/11, 11/O184, O184/17, 17/O184, O184/23, 23/O184, 1/O184, [23,23]/O185, O185/[23,23], O185/4, 4/O185, O185/[2,3], [2,3]/O185, O185/[2,5], [2,5]/O185, O185/[2,7], [2,7]/O185, O185/[2,13], [2,13]/O185, O185/[2,11], [2,11]/O185, O185/[2,17], [2,17]/O185, O185/[3,2], [3,2]/O185, O185/[3,3], [3,3]/O185, O185/[3,5], [3,5]/O185, O185/[3,7], [3,7]/O185, O185/[3,13], [3,13]/O185, O185/[3,11], [3,11]/O185, O185/[3,17], [3,17]/O185, O185/[5,2], [5,2]/O185, O185/[5,3], [5,3]/O185, O185/[5,5], [5,5]/O185, O185/[5,7], [5,7]/O185, O185/[5,13], [5,13]/O185, O185/[5,11], [5,11]/O185, O185/[5,17], [5,17]/O185, O185/[7,2], [7,2]/O185, O185/[7,3], [7,3]/O185, O185/[7,5], [7,5]/O185, O185/[7,7], [7,7]/O185, O185/[7,11], [7,11]/O185, O185/[13,2], [13,2]/O185, O185/[13,3], [13,3]/O185, O185/[13,5], [13,5]/O185, O185/[13,7], [13,7]/O185, O185/[13,11], [13,11]/O185, O185/[19,2], [19,2]/O185, O185/[19,3], [19,3]/O185, O185/[19,5], [19,5]/O185, O185/[19,7], [19,7]/O185, O185/[19,11], [19,11]/O185, O185/[11,2], [11,2]/O185, O185/[11,3], [11,3]/O185, O185/[11,5], [11,5]/O185, O185/[11,7], [11,7]/O185, O185/[11,11], [11,11]/O185, O185/[17,2], [17,2]/O185, O185/[17,3], [17,3]/O185, O185/[17,5], [17,5]/O185, O185/[17,7], [17,7]/O185, O185/[17,11], [17,11]/O185, O185/[23,2], [23,2]/O185, O185/[23,3], [23,3]/O185, O185/[23,5], [23,5]/O185, O185/[23,7], [23,7]/O185, [23,19]/O185, O185/[23,19], O185/[23,11], [23,11]/O185, [23,17]/O185, O185/[23,17], O185/2, 2/O185, O185/3, 3/O185, O185/5, 5/O185, O185/7, 7/O185, O185/13, 13/O185, O185/19, 19/O185, O185/11, 11/O185, O185/17, 17/O185, O185/23, 23/O185, 1/O185, [23,23]/O186, O186/[23,23], O186/4, 4/O186, O186/[2,3], [2,3]/O186, O186/[2,5], [2,5]/O186, O186/[2,7], [2,7]/O186, O186/[2,13], [2,13]/O186, O186/[2,19], [2,19]/O186, O186/[2,11], [2,11]/O186, O186/[2,17], [2,17]/O186, O186/[2,23], [2,23]/O186, O186/[3,2], [3,2]/O186, O186/[3,3], [3,3]/O186, O186/[3,5], [3,5]/O186, O186/[3,7], [3,7]/O186, O186/[3,13], [3,13]/O186, O186/[3,19], [3,19]/O186, O186/[3,11], [3,11]/O186, O186/[3,17], [3,17]/O186, O186/[3,23], [3,23]/O186, O186/[5,2], [5,2]/O186, O186/[5,3], [5,3]/O186, O186/[5,5], [5,5]/O186, O186/[5,7], [5,7]/O186, O186/[5,13], [5,13]/O186, O186/[5,19], [5,19]/O186, O186/[5,11], [5,11]/O186, O186/[5,17], [5,17]/O186, O186/[5,23], [5,23]/O186, O186/[7,2], [7,2]/O186, O186/[7,3], [7,3]/O186, O186/[7,5], [7,5]/O186, O186/[7,7], [7,7]/O186, O186/[7,13], [7,13]/O186, O186/[7,19], [7,19]/O186, O186/[7,11], [7,11]/O186, O186/[7,17], [7,17]/O186, O186/[13,2], [13,2]/O186, O186/[13,3], [13,3]/O186, O186/[13,5], [13,5]/O186, O186/[13,7], [13,7]/O186, O186/[13,13], [13,13]/O186, O186/[13,19], [13,19]/O186, O186/[13,11], [13,11]/O186, O186/[13,17], [13,17]/O186, O186/[19,2], [19,2]/O186, O186/[19,3], [19,3]/O186, O186/[19,5], [19,5]/O186, O186/[19,7], [19,7]/O186, O186/[19,13], [19,13]/O186, O186/[19,19], [19,19]/O186, O186/[19,11], [19,11]/O186, O186/[19,17], [19,17]/O186, [19,23]/O186, O186/[19,23], O186/[11,2], [11,2]/O186, O186/[11,3], [11,3]/O186, O186/[11,5], [11,5]/O186, O186/[11,7], [11,7]/O186, O186/[11,13], [11,13]/O186, O186/[11,19], [11,19]/O186, O186/[11,11], [11,11]/O186, O186/[11,17], [11,17]/O186, O186/[17,2], [17,2]/O186, O186/[17,3], [17,3]/O186, O186/[17,5], [17,5]/O186, O186/[17,7], [17,7]/O186, O186/[17,13], [17,13]/O186, O186/[17,19], [17,19]/O186, O186/[17,11], [17,11]/O186, O186/[17,17], [17,17]/O186, O186/2, 2/O186, O186/3, 3/O186, O186/5, 5/O186, O186/7, 7/O186, O186/13, 13/O186, O186/19, 19/O186, O186/11, 11/O186, O186/17, 17/O186, O186/23, 23/O186, 1/O186, [23,23]/O187, O187/[23,23], O187/4, 4/O187, O187/[2,3], [2,3]/O187, O187/[2,5], [2,5]/O187, O187/[2,7], [2,7]/O187, O187/[2,13], [2,13]/O187, O187/[2,19], [2,19]/O187, O187/[2,11], [2,11]/O187, O187/[2,17], [2,17]/O187, O187/[2,23], [2,23]/O187, O187/[3,2], [3,2]/O187, O187/[3,3], [3,3]/O187, O187/[3,5], [3,5]/O187, O187/[3,7], [3,7]/O187, O187/[3,13], [3,13]/O187, O187/[3,19], [3,19]/O187, O187/[3,11], [3,11]/O187, O187/[3,17], [3,17]/O187, O187/[3,23], [3,23]/O187, O187/[5,2], [5,2]/O187, O187/[5,3], [5,3]/O187, O187/[5,5], [5,5]/O187, O187/[5,7], [5,7]/O187, O187/[5,13], [5,13]/O187, O187/[5,19], [5,19]/O187, O187/[5,11], [5,11]/O187, O187/[5,17], [5,17]/O187, O187/[5,23], [5,23]/O187, O187/[7,2], [7,2]/O187, O187/[7,3], [7,3]/O187, O187/[7,5], [7,5]/O187, O187/[7,7], [7,7]/O187, O187/[7,13], [7,13]/O187, O187/[7,11], [7,11]/O187, O187/[7,17], [7,17]/O187, O187/[13,2], [13,2]/O187, O187/[13,3], [13,3]/O187, O187/[13,5], [13,5]/O187, O187/[13,7], [13,7]/O187, O187/[13,13], [13,13]/O187, O187/[13,11], [13,11]/O187, O187/[13,17], [13,17]/O187, O187/[19,2], [19,2]/O187, O187/[19,3], [19,3]/O187, O187/[19,5], [19,5]/O187, O187/[19,7], [19,7]/O187, O187/[19,13], [19,13]/O187, O187/[19,11], [19,11]/O187, O187/[19,17], [19,17]/O187, [19,23]/O187, O187/[19,23], O187/[11,2], [11,2]/O187, O187/[11,3], [11,3]/O187, O187/[11,5], [11,5]/O187, O187/[11,7], [11,7]/O187, O187/[11,13], [11,13]/O187, O187/[11,11], [11,11]/O187, O187/[11,17], [11,17]/O187, O187/[17,2], [17,2]/O187, O187/[17,3], [17,3]/O187, O187/[17,5], [17,5]/O187, O187/[17,7], [17,7]/O187, O187/[17,13], [17,13]/O187, O187/[17,11], [17,11]/O187, O187/[17,17], [17,17]/O187, O187/2, 2/O187, O187/3, 3/O187, O187/5, 5/O187, O187/7, 7/O187, O187/13, 13/O187, O187/19, 19/O187, O187/11, 11/O187, O187/17, 17/O187, O187/23, 23/O187, 1/O187, [23,23]/O188, O188/[23,23], O188/4, 4/O188, O188/[2,3], [2,3]/O188, O188/[2,5], [2,5]/O188, O188/[2,7], [2,7]/O188, O188/[2,13], [2,13]/O188, O188/[2,19], [2,19]/O188, O188/[2,11], [2,11]/O188, O188/[2,17], [2,17]/O188, O188/[2,23], [2,23]/O188, O188/[3,2], [3,2]/O188, O188/[3,3], [3,3]/O188, O188/[3,5], [3,5]/O188, O188/[3,7], [3,7]/O188, O188/[3,13], [3,13]/O188, O188/[3,19], [3,19]/O188, O188/[3,11], [3,11]/O188, O188/[3,17], [3,17]/O188, O188/[3,23], [3,23]/O188, O188/[5,2], [5,2]/O188, O188/[5,3], [5,3]/O188, O188/[5,5], [5,5]/O188, O188/[5,7], [5,7]/O188, O188/[5,13], [5,13]/O188, O188/[5,19], [5,19]/O188, O188/[5,11], [5,11]/O188, O188/[5,17], [5,17]/O188, O188/[5,23], [5,23]/O188, O188/[7,2], [7,2]/O188, O188/[7,3], [7,3]/O188, O188/[7,5], [7,5]/O188, O188/[7,7], [7,7]/O188, O188/[7,13], [7,13]/O188, O188/[7,19], [7,19]/O188, O188/[7,11], [7,11]/O188, O188/[7,17], [7,17]/O188, O188/[13,2], [13,2]/O188, O188/[13,3], [13,3]/O188, O188/[13,5], [13,5]/O188, O188/[13,7], [13,7]/O188, O188/[13,13], [13,13]/O188, O188/[13,19], [13,19]/O188, O188/[13,11], [13,11]/O188, O188/[13,17], [13,17]/O188, [19,23]/O188, O188/[19,23], O188/[11,2], [11,2]/O188, O188/[11,3], [11,3]/O188, O188/[11,5], [11,5]/O188, O188/[11,7], [11,7]/O188, O188/[11,13], [11,13]/O188, O188/[11,19], [11,19]/O188, O188/[11,11], [11,11]/O188, O188/[11,17], [11,17]/O188, O188/[17,2], [17,2]/O188, O188/[17,3], [17,3]/O188, O188/[17,5], [17,5]/O188, O188/[17,7], [17,7]/O188, O188/[17,13], [17,13]/O188, O188/[17,19], [17,19]/O188, O188/[17,11], [17,11]/O188, O188/[17,17], [17,17]/O188, [17,23]/O188, O188/[17,23], O188/2, 2/O188, O188/3, 3/O188, O188/5, 5/O188, O188/7, 7/O188, O188/13, 13/O188, O188/19, 19/O188, O188/11, 11/O188, O188/17, 17/O188, O188/23, 23/O188, 1/O188, [23,23]/O189, O189/[23,23], O189/4, 4/O189, O189/[2,3], [2,3]/O189, O189/[2,5], [2,5]/O189, O189/[2,7], [2,7]/O189, O189/[2,13], [2,13]/O189, O189/[2,19], [2,19]/O189, O189/[2,11], [2,11]/O189, O189/[2,17], [2,17]/O189, O189/[2,23], [2,23]/O189, O189/[3,2], [3,2]/O189, O189/[3,3], [3,3]/O189, O189/[3,5], [3,5]/O189, O189/[3,7], [3,7]/O189, O189/[3,13], [3,13]/O189, O189/[3,19], [3,19]/O189, O189/[3,11], [3,11]/O189, O189/[3,17], [3,17]/O189, O189/[3,23], [3,23]/O189, O189/[5,2], [5,2]/O189, O189/[5,3], [5,3]/O189, O189/[5,5], [5,5]/O189, O189/[5,7], [5,7]/O189, O189/[5,13], [5,13]/O189, O189/[5,19], [5,19]/O189, O189/[5,11], [5,11]/O189, O189/[5,17], [5,17]/O189, O189/[5,23], [5,23]/O189, O189/[7,2], [7,2]/O189, O189/[7,3], [7,3]/O189, O189/[7,5], [7,5]/O189, O189/[7,7], [7,7]/O189, O189/[7,13], [7,13]/O189, O189/[7,19], [7,19]/O189, O189/[7,11], [7,11]/O189, O189/[7,17], [7,17]/O189, O189/[13,2], [13,2]/O189, O189/[13,3], [13,3]/O189, O189/[13,5], [13,5]/O189, O189/[13,7], [13,7]/O189, O189/[13,13], [13,13]/O189, O189/[13,19], [13,19]/O189, O189/[13,11], [13,11]/O189, O189/[13,17], [13,17]/O189, O189/[19,2], [19,2]/O189, O189/[19,3], [19,3]/O189, O189/[19,5], [19,5]/O189, O189/[19,7], [19,7]/O189, O189/[19,13], [19,13]/O189, O189/[19,19], [19,19]/O189, O189/[19,11], [19,11]/O189, O189/[19,17], [19,17]/O189, O189/[11,2], [11,2]/O189, O189/[11,3], [11,3]/O189, O189/[11,5], [11,5]/O189, O189/[11,7], [11,7]/O189, O189/[11,13], [11,13]/O189, O189/[11,19], [11,19]/O189, O189/[11,11], [11,11]/O189, O189/[11,17], [11,17]/O189, O189/[17,2], [17,2]/O189, O189/[17,3], [17,3]/O189, O189/[17,5], [17,5]/O189, O189/[17,7], [17,7]/O189, O189/[17,13], [17,13]/O189, O189/[17,19], [17,19]/O189, O189/[17,11], [17,11]/O189, O189/[17,17], [17,17]/O189, O189/[23,2], [23,2]/O189, O189/[23,3], [23,3]/O189, O189/[23,5], [23,5]/O189, O189/[23,7], [23,7]/O189, O189/[23,13], [23,13]/O189, O189/[23,19], [23,19]/O189, O189/[23,11], [23,11]/O189, O189/[23,17], [23,17]/O189, O189/2, 2/O189, O189/3, 3/O189, O189/5, 5/O189, O189/7, 7/O189, O189/13, 13/O189, O189/19, 19/O189, O189/11, 11/O189, O189/17, 17/O189, O189/23, 23/O189, 1/O189, [23,23]/O190, O190/[23,23], O190/4, 4/O190, O190/[2,3], [2,3]/O190, O190/[2,5], [2,5]/O190, O190/[2,7], [2,7]/O190, O190/[2,13], [2,13]/O190, O190/[2,19], [2,19]/O190, O190/[2,11], [2,11]/O190, O190/[2,17], [2,17]/O190, O190/[2,23], [2,23]/O190, O190/[3,2], [3,2]/O190, O190/[3,3], [3,3]/O190, O190/[3,5], [3,5]/O190, O190/[3,7], [3,7]/O190, O190/[3,13], [3,13]/O190, O190/[3,19], [3,19]/O190, O190/[3,11], [3,11]/O190, O190/[3,17], [3,17]/O190, O190/[3,23], [3,23]/O190, O190/[5,2], [5,2]/O190, O190/[5,3], [5,3]/O190, O190/[5,5], [5,5]/O190, O190/[5,7], [5,7]/O190, O190/[5,13], [5,13]/O190, O190/[5,19], [5,19]/O190, O190/[5,11], [5,11]/O190, O190/[5,17], [5,17]/O190, O190/[5,23], [5,23]/O190, O190/[7,2], [7,2]/O190, O190/[7,3], [7,3]/O190, O190/[7,5], [7,5]/O190, O190/[7,7], [7,7]/O190, O190/[7,13], [7,13]/O190, O190/[7,11], [7,11]/O190, O190/[7,17], [7,17]/O190, O190/[13,2], [13,2]/O190, O190/[13,3], [13,3]/O190, O190/[13,5], [13,5]/O190, O190/[13,7], [13,7]/O190, O190/[13,13], [13,13]/O190, O190/[13,11], [13,11]/O190, O190/[13,17], [13,17]/O190, O190/[19,2], [19,2]/O190, O190/[19,3], [19,3]/O190, O190/[19,5], [19,5]/O190, O190/[19,7], [19,7]/O190, O190/[19,13], [19,13]/O190, O190/[19,11], [19,11]/O190, O190/[19,17], [19,17]/O190, O190/[11,2], [11,2]/O190, O190/[11,3], [11,3]/O190, O190/[11,5], [11,5]/O190, O190/[11,7], [11,7]/O190, O190/[11,13], [11,13]/O190, O190/[11,11], [11,11]/O190, O190/[11,17], [11,17]/O190, O190/[17,2], [17,2]/O190, O190/[17,3], [17,3]/O190, O190/[17,5], [17,5]/O190, O190/[17,7], [17,7]/O190, O190/[17,13], [17,13]/O190, O190/[17,11], [17,11]/O190, O190/[17,17], [17,17]/O190, O190/[23,2], [23,2]/O190, O190/[23,3], [23,3]/O190, O190/[23,5], [23,5]/O190, O190/[23,7], [23,7]/O190, O190/[23,13], [23,13]/O190, O190/[23,11], [23,11]/O190, O190/[23,17], [23,17]/O190, O190/2, 2/O190, O190/3, 3/O190, O190/5, 5/O190, O190/7, 7/O190, O190/13, 13/O190, O190/19, 19/O190, O190/11, 11/O190, O190/17, 17/O190, O190/23, 23/O190, 1/O190, [23,23]/O191, O191/[23,23], O191/4, 4/O191, O191/[2,3], [2,3]/O191, O191/[2,5], [2,5]/O191, O191/[2,7], [2,7]/O191, O191/[2,13], [2,13]/O191, O191/[2,19], [2,19]/O191, O191/[2,11], [2,11]/O191, O191/[2,17], [2,17]/O191, O191/[3,2], [3,2]/O191, O191/[3,3], [3,3]/O191, O191/[3,5], [3,5]/O191, O191/[3,7], [3,7]/O191, O191/[3,13], [3,13]/O191, O191/[3,19], [3,19]/O191, O191/[3,11], [3,11]/O191, O191/[3,17], [3,17]/O191, O191/[5,2], [5,2]/O191, O191/[5,3], [5,3]/O191, O191/[5,5], [5,5]/O191, O191/[5,7], [5,7]/O191, O191/[5,13], [5,13]/O191, O191/[5,19], [5,19]/O191, O191/[5,11], [5,11]/O191, O191/[5,17], [5,17]/O191, O191/[7,2], [7,2]/O191, O191/[7,3], [7,3]/O191, O191/[7,5], [7,5]/O191, O191/[7,7], [7,7]/O191, O191/[7,13], [7,13]/O191, O191/[7,19], [7,19]/O191, O191/[7,11], [7,11]/O191, O191/[7,17], [7,17]/O191, O191/[13,2], [13,2]/O191, O191/[13,3], [13,3]/O191, O191/[13,5], [13,5]/O191, O191/[13,7], [13,7]/O191, O191/[13,11], [13,11]/O191, O191/[19,2], [19,2]/O191, O191/[19,3], [19,3]/O191, O191/[19,5], [19,5]/O191, O191/[19,7], [19,7]/O191, O191/[19,11], [19,11]/O191, O191/[11,2], [11,2]/O191, O191/[11,3], [11,3]/O191, O191/[11,5], [11,5]/O191, O191/[11,7], [11,7]/O191, O191/[11,11], [11,11]/O191, O191/[17,2], [17,2]/O191, O191/[17,3], [17,3]/O191, O191/[17,5], [17,5]/O191, O191/[17,7], [17,7]/O191, O191/[17,11], [17,11]/O191, O191/[23,2], [23,2]/O191, O191/[23,3], [23,3]/O191, O191/[23,5], [23,5]/O191, O191/[23,7], [23,7]/O191, [23,19]/O191, O191/[23,19], O191/[23,11], [23,11]/O191, O191/2, 2/O191, O191/3, 3/O191, O191/5, 5/O191, O191/7, 7/O191, O191/13, 13/O191, O191/19, 19/O191, O191/11, 11/O191, O191/17, 17/O191, O191/23, 23/O191, 1/O191, [23,23]/O192, O192/[23,23], O192/4, 4/O192, O192/[2,3], [2,3]/O192, O192/[2,5], [2,5]/O192, O192/[2,7], [2,7]/O192, O192/[2,13], [2,13]/O192, O192/[2,19], [2,19]/O192, O192/[2,11], [2,11]/O192, O192/[2,17], [2,17]/O192, O192/[3,2], [3,2]/O192, O192/[3,3], [3,3]/O192, O192/[3,5], [3,5]/O192, O192/[3,7], [3,7]/O192, O192/[3,13], [3,13]/O192, O192/[3,19], [3,19]/O192, O192/[3,11], [3,11]/O192, O192/[3,17], [3,17]/O192, O192/[5,2], [5,2]/O192, O192/[5,3], [5,3]/O192, O192/[5,5], [5,5]/O192, O192/[5,7], [5,7]/O192, O192/[5,13], [5,13]/O192, O192/[5,19], [5,19]/O192, O192/[5,11], [5,11]/O192, O192/[5,17], [5,17]/O192, O192/[7,2], [7,2]/O192, O192/[7,3], [7,3]/O192, O192/[7,5], [7,5]/O192, O192/[7,7], [7,7]/O192, O192/[7,13], [7,13]/O192, O192/[7,19], [7,19]/O192, O192/[7,11], [7,11]/O192, O192/[7,17], [7,17]/O192, O192/[13,2], [13,2]/O192, O192/[13,3], [13,3]/O192, O192/[13,5], [13,5]/O192, O192/[13,7], [13,7]/O192, O192/[13,13], [13,13]/O192, O192/[13,11], [13,11]/O192, O192/[13,17], [13,17]/O192, O192/[19,2], [19,2]/O192, O192/[19,3], [19,3]/O192, O192/[19,5], [19,5]/O192, O192/[19,7], [19,7]/O192, O192/[19,13], [19,13]/O192, O192/[19,11], [19,11]/O192, O192/[19,17], [19,17]/O192, O192/[11,2], [11,2]/O192, O192/[11,3], [11,3]/O192, O192/[11,5], [11,5]/O192, O192/[11,7], [11,7]/O192, O192/[11,13], [11,13]/O192, O192/[11,11], [11,11]/O192, O192/[11,17], [11,17]/O192, O192/[17,2], [17,2]/O192, O192/[17,3], [17,3]/O192, O192/[17,5], [17,5]/O192, O192/[17,7], [17,7]/O192, O192/[17,13], [17,13]/O192, O192/[17,11], [17,11]/O192, O192/[17,17], [17,17]/O192, O192/[23,2], [23,2]/O192, O192/[23,3], [23,3]/O192, O192/[23,5], [23,5]/O192, O192/[23,7], [23,7]/O192, O192/[23,13], [23,13]/O192, [23,19]/O192, O192/[23,19], O192/[23,11], [23,11]/O192, O192/[23,17], [23,17]/O192, O192/2, 2/O192, O192/3, 3/O192, O192/5, 5/O192, O192/7, 7/O192, O192/13, 13/O192, O192/19, 19/O192, O192/11, 11/O192, O192/17, 17/O192, O192/23, 23/O192, 1/O192, [23,23]/O193, O193/[23,23], O193/4, 4/O193, O193/[2,3], [2,3]/O193, O193/[2,5], [2,5]/O193, O193/[2,7], [2,7]/O193, O193/[2,13], [2,13]/O193, O193/[2,19], [2,19]/O193, O193/[2,11], [2,11]/O193, O193/[2,17], [2,17]/O193, O193/[2,23], [2,23]/O193, O193/[3,2], [3,2]/O193, O193/[3,3], [3,3]/O193, O193/[3,5], [3,5]/O193, O193/[3,7], [3,7]/O193, O193/[3,13], [3,13]/O193, O193/[3,19], [3,19]/O193, O193/[3,11], [3,11]/O193, O193/[3,17], [3,17]/O193, O193/[3,23], [3,23]/O193, O193/[5,2], [5,2]/O193, O193/[5,3], [5,3]/O193, O193/[5,5], [5,5]/O193, O193/[5,7], [5,7]/O193, O193/[5,13], [5,13]/O193, O193/[5,19], [5,19]/O193, O193/[5,11], [5,11]/O193, O193/[5,17], [5,17]/O193, O193/[5,23], [5,23]/O193, O193/[7,2], [7,2]/O193, O193/[7,3], [7,3]/O193, O193/[7,5], [7,5]/O193, O193/[7,7], [7,7]/O193, O193/[7,13], [7,13]/O193, O193/[7,19], [7,19]/O193, O193/[7,11], [7,11]/O193, O193/[7,17], [7,17]/O193, O193/[7,23], [7,23]/O193, O193/[13,2], [13,2]/O193, O193/[13,3], [13,3]/O193, O193/[13,5], [13,5]/O193, O193/[13,7], [13,7]/O193, O193/[13,13], [13,13]/O193, O193/[13,19], [13,19]/O193, O193/[13,11], [13,11]/O193, O193/[13,17], [13,17]/O193, O193/[19,2], [19,2]/O193, O193/[19,3], [19,3]/O193, O193/[19,5], [19,5]/O193, O193/[19,7], [19,7]/O193, O193/[19,13], [19,13]/O193, O193/[19,19], [19,19]/O193, O193/[19,11], [19,11]/O193, O193/[19,17], [19,17]/O193, [19,23]/O193, O193/[19,23], O193/[11,2], [11,2]/O193, O193/[11,3], [11,3]/O193, O193/[11,5], [11,5]/O193, O193/[11,7], [11,7]/O193, O193/[11,13], [11,13]/O193, O193/[11,19], [11,19]/O193, O193/[11,11], [11,11]/O193, O193/[11,17], [11,17]/O193, O193/[17,2], [17,2]/O193, O193/[17,3], [17,3]/O193, O193/[17,5], [17,5]/O193, O193/[17,7], [17,7]/O193, O193/[17,13], [17,13]/O193, O193/[17,19], [17,19]/O193, O193/[17,11], [17,11]/O193, O193/[17,17], [17,17]/O193, O193/2, 2/O193, O193/3, 3/O193, O193/5, 5/O193, O193/7, 7/O193, O193/13, 13/O193, O193/19, 19/O193, O193/11, 11/O193, O193/17, 17/O193, O193/23, 23/O193, 1/O193, [23,23]/O194, O194/[23,23], O194/4, 4/O194, O194/[2,3], [2,3]/O194, O194/[2,5], [2,5]/O194, O194/[2,7], [2,7]/O194, O194/[2,13], [2,13]/O194, O194/[2,19], [2,19]/O194, O194/[2,11], [2,11]/O194, O194/[2,17], [2,17]/O194, O194/[2,23], [2,23]/O194, O194/[3,2], [3,2]/O194, O194/[3,3], [3,3]/O194, O194/[3,5], [3,5]/O194, O194/[3,7], [3,7]/O194, O194/[3,13], [3,13]/O194, O194/[3,19], [3,19]/O194, O194/[3,11], [3,11]/O194, O194/[3,17], [3,17]/O194, O194/[3,23], [3,23]/O194, O194/[5,2], [5,2]/O194, O194/[5,3], [5,3]/O194, O194/[5,5], [5,5]/O194, O194/[5,7], [5,7]/O194, O194/[5,13], [5,13]/O194, O194/[5,19], [5,19]/O194, O194/[5,11], [5,11]/O194, O194/[5,17], [5,17]/O194, O194/[5,23], [5,23]/O194, O194/[7,2], [7,2]/O194, O194/[7,3], [7,3]/O194, O194/[7,5], [7,5]/O194, O194/[7,7], [7,7]/O194, O194/[7,13], [7,13]/O194, O194/[7,19], [7,19]/O194, O194/[7,11], [7,11]/O194, O194/[7,17], [7,17]/O194, O194/[7,23], [7,23]/O194, O194/[13,2], [13,2]/O194, O194/[13,3], [13,3]/O194, O194/[13,5], [13,5]/O194, O194/[13,7], [13,7]/O194, O194/[13,13], [13,13]/O194, O194/[13,11], [13,11]/O194, O194/[13,17], [13,17]/O194, O194/[19,2], [19,2]/O194, O194/[19,3], [19,3]/O194, O194/[19,5], [19,5]/O194, O194/[19,7], [19,7]/O194, O194/[19,13], [19,13]/O194, O194/[19,11], [19,11]/O194, O194/[19,17], [19,17]/O194, [19,23]/O194, O194/[19,23], O194/[11,2], [11,2]/O194, O194/[11,3], [11,3]/O194, O194/[11,5], [11,5]/O194, O194/[11,7], [11,7]/O194, O194/[11,13], [11,13]/O194, O194/[11,11], [11,11]/O194, O194/[11,17], [11,17]/O194, O194/[17,2], [17,2]/O194, O194/[17,3], [17,3]/O194, O194/[17,5], [17,5]/O194, O194/[17,7], [17,7]/O194, O194/[17,13], [17,13]/O194, O194/[17,11], [17,11]/O194, O194/[17,17], [17,17]/O194, O194/2, 2/O194, O194/3, 3/O194, O194/5, 5/O194, O194/7, 7/O194, O194/13, 13/O194, O194/19, 19/O194, O194/11, 11/O194, O194/17, 17/O194, O194/23, 23/O194, 1/O194, [23,23]/O195, O195/[23,23], O195/4, 4/O195, O195/[2,3], [2,3]/O195, O195/[2,5], [2,5]/O195, O195/[2,7], [2,7]/O195, O195/[2,13], [2,13]/O195, O195/[2,19], [2,19]/O195, O195/[2,11], [2,11]/O195, O195/[2,17], [2,17]/O195, O195/[2,23], [2,23]/O195, O195/[3,2], [3,2]/O195, O195/[3,3], [3,3]/O195, O195/[3,5], [3,5]/O195, O195/[3,7], [3,7]/O195, O195/[3,13], [3,13]/O195, O195/[3,19], [3,19]/O195, O195/[3,11], [3,11]/O195, O195/[3,17], [3,17]/O195, O195/[3,23], [3,23]/O195, O195/[5,2], [5,2]/O195, O195/[5,3], [5,3]/O195, O195/[5,5], [5,5]/O195, O195/[5,7], [5,7]/O195, O195/[5,13], [5,13]/O195, O195/[5,19], [5,19]/O195, O195/[5,11], [5,11]/O195, O195/[5,17], [5,17]/O195, O195/[5,23], [5,23]/O195, O195/[7,2], [7,2]/O195, O195/[7,3], [7,3]/O195, O195/[7,5], [7,5]/O195, O195/[7,7], [7,7]/O195, O195/[7,13], [7,13]/O195, O195/[7,19], [7,19]/O195, O195/[7,11], [7,11]/O195, O195/[7,17], [7,17]/O195, O195/[7,23], [7,23]/O195, [13,23]/O195, O195/[13,23], [19,23]/O195, O195/[19,23], O195/[11,2], [11,2]/O195, O195/[11,3], [11,3]/O195, O195/[11,5], [11,5]/O195, O195/[11,7], [11,7]/O195, O195/[11,13], [11,13]/O195, O195/[11,19], [11,19]/O195, O195/[11,11], [11,11]/O195, O195/[11,17], [11,17]/O195, [11,23]/O195, O195/[11,23], [17,23]/O195, O195/[17,23], O195/2, 2/O195, O195/3, 3/O195, O195/5, 5/O195, O195/7, 7/O195, O195/13, 13/O195, O195/19, 19/O195, O195/11, 11/O195, O195/17, 17/O195, O195/23, 23/O195, 1/O195, [23,23]/O196, O196/[23,23], O196/4, 4/O196, O196/[2,3], [2,3]/O196, O196/[2,5], [2,5]/O196, O196/[2,7], [2,7]/O196, O196/[2,13], [2,13]/O196, O196/[2,19], [2,19]/O196, O196/[2,11], [2,11]/O196, O196/[2,17], [2,17]/O196, O196/[2,23], [2,23]/O196, O196/[3,2], [3,2]/O196, O196/[3,3], [3,3]/O196, O196/[3,5], [3,5]/O196, O196/[3,7], [3,7]/O196, O196/[3,13], [3,13]/O196, O196/[3,19], [3,19]/O196, O196/[3,11], [3,11]/O196, O196/[3,17], [3,17]/O196, O196/[3,23], [3,23]/O196, O196/[5,2], [5,2]/O196, O196/[5,3], [5,3]/O196, O196/[5,5], [5,5]/O196, O196/[5,7], [5,7]/O196, O196/[5,13], [5,13]/O196, O196/[5,19], [5,19]/O196, O196/[5,11], [5,11]/O196, O196/[5,17], [5,17]/O196, O196/[5,23], [5,23]/O196, O196/[7,2], [7,2]/O196, O196/[7,3], [7,3]/O196, O196/[7,5], [7,5]/O196, O196/[7,7], [7,7]/O196, O196/[7,13], [7,13]/O196, O196/[7,19], [7,19]/O196, O196/[7,11], [7,11]/O196, O196/[7,17], [7,17]/O196, O196/[7,23], [7,23]/O196, O196/[13,2], [13,2]/O196, O196/[13,3], [13,3]/O196, O196/[13,5], [13,5]/O196, O196/[13,7], [13,7]/O196, O196/[13,13], [13,13]/O196, O196/[13,19], [13,19]/O196, O196/[13,11], [13,11]/O196, O196/[13,17], [13,17]/O196, [19,23]/O196, O196/[19,23], O196/[11,2], [11,2]/O196, O196/[11,3], [11,3]/O196, O196/[11,5], [11,5]/O196, O196/[11,7], [11,7]/O196, O196/[11,13], [11,13]/O196, O196/[11,19], [11,19]/O196, O196/[11,11], [11,11]/O196, O196/[11,17], [11,17]/O196, O196/[17,2], [17,2]/O196, O196/[17,3], [17,3]/O196, O196/[17,5], [17,5]/O196, O196/[17,7], [17,7]/O196, O196/[17,13], [17,13]/O196, O196/[17,19], [17,19]/O196, O196/[17,11], [17,11]/O196, O196/[17,17], [17,17]/O196, [17,23]/O196, O196/[17,23], O196/2, 2/O196, O196/3, 3/O196, O196/5, 5/O196, O196/7, 7/O196, O196/13, 13/O196, O196/19, 19/O196, O196/11, 11/O196, O196/17, 17/O196, O196/23, 23/O196, 1/O196, [23,23]/O197, O197/[23,23], O197/4, 4/O197, O197/[2,3], [2,3]/O197, O197/[2,5], [2,5]/O197, O197/[2,7], [2,7]/O197, O197/[2,13], [2,13]/O197, O197/[2,19], [2,19]/O197, O197/[2,11], [2,11]/O197, O197/[2,17], [2,17]/O197, O197/[2,23], [2,23]/O197, O197/[3,2], [3,2]/O197, O197/[3,3], [3,3]/O197, O197/[3,5], [3,5]/O197, O197/[3,7], [3,7]/O197, O197/[3,13], [3,13]/O197, O197/[3,19], [3,19]/O197, O197/[3,11], [3,11]/O197, O197/[3,17], [3,17]/O197, O197/[3,23], [3,23]/O197, O197/[5,2], [5,2]/O197, O197/[5,3], [5,3]/O197, O197/[5,5], [5,5]/O197, O197/[5,7], [5,7]/O197, O197/[5,13], [5,13]/O197, O197/[5,19], [5,19]/O197, O197/[5,11], [5,11]/O197, O197/[5,17], [5,17]/O197, O197/[5,23], [5,23]/O197, O197/[7,2], [7,2]/O197, O197/[7,3], [7,3]/O197, O197/[7,5], [7,5]/O197, O197/[7,7], [7,7]/O197, O197/[7,13], [7,13]/O197, O197/[7,19], [7,19]/O197, O197/[7,11], [7,11]/O197, O197/[7,17], [7,17]/O197, O197/[7,23], [7,23]/O197, O197/[13,2], [13,2]/O197, O197/[13,3], [13,3]/O197, O197/[13,5], [13,5]/O197, O197/[13,7], [13,7]/O197, O197/[13,13], [13,13]/O197, O197/[13,19], [13,19]/O197, O197/[13,11], [13,11]/O197, O197/[13,17], [13,17]/O197, O197/[19,2], [19,2]/O197, O197/[19,3], [19,3]/O197, O197/[19,5], [19,5]/O197, O197/[19,7], [19,7]/O197, O197/[19,13], [19,13]/O197, O197/[19,19], [19,19]/O197, O197/[19,11], [19,11]/O197, O197/[19,17], [19,17]/O197, O197/[11,2], [11,2]/O197, O197/[11,3], [11,3]/O197, O197/[11,5], [11,5]/O197, O197/[11,7], [11,7]/O197, O197/[11,13], [11,13]/O197, O197/[11,19], [11,19]/O197, O197/[11,11], [11,11]/O197, O197/[11,17], [11,17]/O197, O197/[17,2], [17,2]/O197, O197/[17,3], [17,3]/O197, O197/[17,5], [17,5]/O197, O197/[17,7], [17,7]/O197, O197/[17,13], [17,13]/O197, O197/[17,19], [17,19]/O197, O197/[17,11], [17,11]/O197, O197/[17,17], [17,17]/O197, O197/[23,2], [23,2]/O197, O197/[23,3], [23,3]/O197, O197/[23,5], [23,5]/O197, O197/[23,7], [23,7]/O197, O197/[23,13], [23,13]/O197, O197/[23,19], [23,19]/O197, O197/[23,11], [23,11]/O197, O197/[23,17], [23,17]/O197, O197/2, 2/O197, O197/3, 3/O197, O197/5, 5/O197, O197/7, 7/O197, O197/13, 13/O197, O197/19, 19/O197, O197/11, 11/O197, O197/17, 17/O197, O197/23, 23/O197, 1/O197, [23,23]/O198, O198/[23,23], O198/4, 4/O198, O198/[2,3], [2,3]/O198, O198/[2,5], [2,5]/O198, O198/[2,7], [2,7]/O198, O198/[2,13], [2,13]/O198, O198/[2,19], [2,19]/O198, O198/[2,11], [2,11]/O198, O198/[2,17], [2,17]/O198, O198/[2,23], [2,23]/O198, O198/[3,2], [3,2]/O198, O198/[3,3], [3,3]/O198, O198/[3,5], [3,5]/O198, O198/[3,7], [3,7]/O198, O198/[3,13], [3,13]/O198, O198/[3,19], [3,19]/O198, O198/[3,11], [3,11]/O198, O198/[3,17], [3,17]/O198, O198/[3,23], [3,23]/O198, O198/[5,2], [5,2]/O198, O198/[5,3], [5,3]/O198, O198/[5,5], [5,5]/O198, O198/[5,7], [5,7]/O198, O198/[5,13], [5,13]/O198, O198/[5,19], [5,19]/O198, O198/[5,11], [5,11]/O198, O198/[5,17], [5,17]/O198, O198/[5,23], [5,23]/O198, O198/[7,2], [7,2]/O198, O198/[7,3], [7,3]/O198, O198/[7,5], [7,5]/O198, O198/[7,7], [7,7]/O198, O198/[7,13], [7,13]/O198, O198/[7,19], [7,19]/O198, O198/[7,11], [7,11]/O198, O198/[7,17], [7,17]/O198, O198/[7,23], [7,23]/O198, O198/[13,2], [13,2]/O198, O198/[13,3], [13,3]/O198, O198/[13,5], [13,5]/O198, O198/[13,7], [13,7]/O198, O198/[13,13], [13,13]/O198, O198/[13,11], [13,11]/O198, O198/[13,17], [13,17]/O198, O198/[19,2], [19,2]/O198, O198/[19,3], [19,3]/O198, O198/[19,5], [19,5]/O198, O198/[19,7], [19,7]/O198, O198/[19,13], [19,13]/O198, O198/[19,11], [19,11]/O198, O198/[19,17], [19,17]/O198, O198/[11,2], [11,2]/O198, O198/[11,3], [11,3]/O198, O198/[11,5], [11,5]/O198, O198/[11,7], [11,7]/O198, O198/[11,13], [11,13]/O198, O198/[11,11], [11,11]/O198, O198/[11,17], [11,17]/O198, O198/[17,2], [17,2]/O198, O198/[17,3], [17,3]/O198, O198/[17,5], [17,5]/O198, O198/[17,7], [17,7]/O198, O198/[17,13], [17,13]/O198, O198/[17,11], [17,11]/O198, O198/[17,17], [17,17]/O198, O198/[23,2], [23,2]/O198, O198/[23,3], [23,3]/O198, O198/[23,5], [23,5]/O198, O198/[23,7], [23,7]/O198, O198/[23,13], [23,13]/O198, O198/[23,11], [23,11]/O198, O198/[23,17], [23,17]/O198, O198/2, 2/O198, O198/3, 3/O198, O198/5, 5/O198, O198/7, 7/O198, O198/13, 13/O198, O198/19, 19/O198, O198/11, 11/O198, O198/17, 17/O198, O198/23, 23/O198, 1/O198, [23,23]/O199, O199/[23,23], O199/4, 4/O199, O199/[2,3], [2,3]/O199, O199/[2,5], [2,5]/O199, O199/[2,7], [2,7]/O199, O199/[2,13], [2,13]/O199, O199/[2,19], [2,19]/O199, O199/[2,11], [2,11]/O199, O199/[2,17], [2,17]/O199, O199/[2,23], [2,23]/O199, O199/[3,2], [3,2]/O199, O199/[3,3], [3,3]/O199, O199/[3,5], [3,5]/O199, O199/[3,7], [3,7]/O199, O199/[3,13], [3,13]/O199, O199/[3,19], [3,19]/O199, O199/[3,11], [3,11]/O199, O199/[3,17], [3,17]/O199, O199/[3,23], [3,23]/O199, O199/[5,2], [5,2]/O199, O199/[5,3], [5,3]/O199, O199/[5,5], [5,5]/O199, O199/[5,7], [5,7]/O199, O199/[5,13], [5,13]/O199, O199/[5,19], [5,19]/O199, O199/[5,11], [5,11]/O199, O199/[5,17], [5,17]/O199, O199/[5,23], [5,23]/O199, O199/[7,2], [7,2]/O199, O199/[7,3], [7,3]/O199, O199/[7,5], [7,5]/O199, O199/[7,7], [7,7]/O199, O199/[7,13], [7,13]/O199, O199/[7,19], [7,19]/O199, O199/[7,11], [7,11]/O199, O199/[7,17], [7,17]/O199, O199/[7,23], [7,23]/O199, O199/[13,2], [13,2]/O199, O199/[13,3], [13,3]/O199, O199/[13,5], [13,5]/O199, O199/[13,7], [13,7]/O199, O199/[13,13], [13,13]/O199, O199/[13,11], [13,11]/O199, [13,23]/O199, O199/[13,23], [19,23]/O199, O199/[19,23], O199/[11,2], [11,2]/O199, O199/[11,3], [11,3]/O199, O199/[11,5], [11,5]/O199, O199/[11,7], [11,7]/O199, O199/[11,13], [11,13]/O199, O199/[11,19], [11,19]/O199, O199/[11,11], [11,11]/O199, O199/[11,17], [11,17]/O199, O199/[11,23], [11,23]/O199, [17,23]/O199, O199/[17,23], O199/2, 2/O199, O199/3, 3/O199, O199/5, 5/O199, O199/7, 7/O199, O199/13, 13/O199, O199/19, 19/O199, O199/11, 11/O199, O199/17, 17/O199, O199/23, 23/O199, 1/O199, [23,23]/O200, O200/[23,23], O200/4, 4/O200, O200/[2,3], [2,3]/O200, O200/[2,5], [2,5]/O200, O200/[2,7], [2,7]/O200, O200/[2,13], [2,13]/O200, O200/[2,19], [2,19]/O200, O200/[2,11], [2,11]/O200, O200/[2,17], [2,17]/O200, O200/[3,2], [3,2]/O200, O200/[3,3], [3,3]/O200, O200/[3,5], [3,5]/O200, O200/[3,7], [3,7]/O200, O200/[3,13], [3,13]/O200, O200/[3,19], [3,19]/O200, O200/[3,11], [3,11]/O200, O200/[3,17], [3,17]/O200, O200/[5,2], [5,2]/O200, O200/[5,3], [5,3]/O200, O200/[5,5], [5,5]/O200, O200/[5,7], [5,7]/O200, O200/[5,13], [5,13]/O200, O200/[5,19], [5,19]/O200, O200/[5,11], [5,11]/O200, O200/[5,17], [5,17]/O200, O200/[7,2], [7,2]/O200, O200/[7,3], [7,3]/O200, O200/[7,5], [7,5]/O200, O200/[7,7], [7,7]/O200, O200/[7,13], [7,13]/O200, O200/[7,19], [7,19]/O200, O200/[7,11], [7,11]/O200, O200/[7,17], [7,17]/O200, O200/[13,2], [13,2]/O200, O200/[13,3], [13,3]/O200, O200/[13,5], [13,5]/O200, O200/[13,7], [13,7]/O200, O200/[13,13], [13,13]/O200, O200/[13,19], [13,19]/O200, O200/[13,11], [13,11]/O200, O200/[13,17], [13,17]/O200, O200/[19,2], [19,2]/O200, O200/[19,3], [19,3]/O200, O200/[19,5], [19,5]/O200, O200/[19,7], [19,7]/O200, O200/[19,13], [19,13]/O200, O200/[19,11], [19,11]/O200, O200/[11,2], [11,2]/O200, O200/[11,3], [11,3]/O200, O200/[11,5], [11,5]/O200, O200/[11,7], [11,7]/O200, O200/[11,13], [11,13]/O200, O200/[11,19], [11,19]/O200, O200/[11,11], [11,11]/O200, O200/[11,17], [11,17]/O200, O200/[17,2], [17,2]/O200, O200/[17,3], [17,3]/O200, O200/[17,5], [17,5]/O200, O200/[17,7], [17,7]/O200, O200/[17,13], [17,13]/O200, O200/[17,11], [17,11]/O200, O200/[23,2], [23,2]/O200, O200/[23,3], [23,3]/O200, O200/[23,5], [23,5]/O200, O200/[23,7], [23,7]/O200, O200/[23,13], [23,13]/O200, [23,19]/O200, O200/[23,19], O200/[23,11], [23,11]/O200, O200/2, 2/O200, O200/3, 3/O200, O200/5, 5/O200, O200/7, 7/O200, O200/13, 13/O200, O200/19, 19/O200, O200/11, 11/O200, O200/17, 17/O200, O200/23, 23/O200, 1/O200, [23,23]/O201, O201/[23,23], O201/4, 4/O201, O201/[2,3], [2,3]/O201, O201/[2,5], [2,5]/O201, O201/[2,7], [2,7]/O201, O201/[2,13], [2,13]/O201, O201/[2,19], [2,19]/O201, O201/[2,11], [2,11]/O201, O201/[2,17], [2,17]/O201, O201/[3,2], [3,2]/O201, O201/[3,3], [3,3]/O201, O201/[3,5], [3,5]/O201, O201/[3,7], [3,7]/O201, O201/[3,13], [3,13]/O201, O201/[3,19], [3,19]/O201, O201/[3,11], [3,11]/O201, O201/[3,17], [3,17]/O201, O201/[5,2], [5,2]/O201, O201/[5,3], [5,3]/O201, O201/[5,5], [5,5]/O201, O201/[5,7], [5,7]/O201, O201/[5,13], [5,13]/O201, O201/[5,19], [5,19]/O201, O201/[5,11], [5,11]/O201, O201/[5,17], [5,17]/O201, O201/[7,2], [7,2]/O201, O201/[7,3], [7,3]/O201, O201/[7,5], [7,5]/O201, O201/[7,7], [7,7]/O201, O201/[7,13], [7,13]/O201, O201/[7,19], [7,19]/O201, O201/[7,11], [7,11]/O201, O201/[7,17], [7,17]/O201, O201/[13,2], [13,2]/O201, O201/[13,3], [13,3]/O201, O201/[13,5], [13,5]/O201, O201/[13,7], [13,7]/O201, O201/[13,13], [13,13]/O201, O201/[13,19], [13,19]/O201, O201/[13,11], [13,11]/O201, O201/[13,17], [13,17]/O201, O201/[19,2], [19,2]/O201, O201/[19,3], [19,3]/O201, O201/[19,5], [19,5]/O201, O201/[19,7], [19,7]/O201, O201/[19,13], [19,13]/O201, O201/[19,11], [19,11]/O201, O201/[19,17], [19,17]/O201, O201/[11,2], [11,2]/O201, O201/[11,3], [11,3]/O201, O201/[11,5], [11,5]/O201, O201/[11,7], [11,7]/O201, O201/[11,13], [11,13]/O201, O201/[11,19], [11,19]/O201, O201/[11,11], [11,11]/O201, O201/[11,17], [11,17]/O201, O201/[17,2], [17,2]/O201, O201/[17,3], [17,3]/O201, O201/[17,5], [17,5]/O201, O201/[17,7], [17,7]/O201, O201/[17,13], [17,13]/O201, O201/[17,11], [17,11]/O201, O201/[17,17], [17,17]/O201, O201/[23,2], [23,2]/O201, O201/[23,3], [23,3]/O201, O201/[23,5], [23,5]/O201, O201/[23,7], [23,7]/O201, O201/[23,13], [23,13]/O201, [23,19]/O201, O201/[23,19], O201/[23,11], [23,11]/O201, O201/[23,17], [23,17]/O201, O201/2, 2/O201, O201/3, 3/O201, O201/5, 5/O201, O201/7, 7/O201, O201/13, 13/O201, O201/19, 19/O201, O201/11, 11/O201, O201/17, 17/O201, O201/23, 23/O201, 1/O201, [23,23]/O202, O202/[23,23], O202/4, 4/O202, O202/[2,3], [2,3]/O202, O202/[2,5], [2,5]/O202, O202/[2,7], [2,7]/O202, O202/[2,13], [2,13]/O202, O202/[2,19], [2,19]/O202, O202/[2,11], [2,11]/O202, O202/[2,17], [2,17]/O202, O202/[2,23], [2,23]/O202, O202/[3,2], [3,2]/O202, O202/[3,3], [3,3]/O202, O202/[3,5], [3,5]/O202, O202/[3,7], [3,7]/O202, O202/[3,13], [3,13]/O202, O202/[3,19], [3,19]/O202, O202/[3,11], [3,11]/O202, O202/[3,17], [3,17]/O202, O202/[3,23], [3,23]/O202, O202/[5,2], [5,2]/O202, O202/[5,3], [5,3]/O202, O202/[5,5], [5,5]/O202, O202/[5,7], [5,7]/O202, O202/[5,13], [5,13]/O202, O202/[5,19], [5,19]/O202, O202/[5,11], [5,11]/O202, O202/[5,17], [5,17]/O202, O202/[5,23], [5,23]/O202, O202/[7,2], [7,2]/O202, O202/[7,3], [7,3]/O202, O202/[7,5], [7,5]/O202, O202/[7,7], [7,7]/O202, O202/[7,13], [7,13]/O202, O202/[7,19], [7,19]/O202, O202/[7,11], [7,11]/O202, O202/[7,17], [7,17]/O202, O202/[7,23], [7,23]/O202, O202/[13,2], [13,2]/O202, O202/[13,3], [13,3]/O202, O202/[13,5], [13,5]/O202, O202/[13,7], [13,7]/O202, O202/[13,13], [13,13]/O202, O202/[13,19], [13,19]/O202, O202/[13,11], [13,11]/O202, O202/[13,17], [13,17]/O202, O202/[13,23], [13,23]/O202, O202/[19,2], [19,2]/O202, O202/[19,3], [19,3]/O202, O202/[19,5], [19,5]/O202, O202/[19,7], [19,7]/O202, O202/[19,13], [19,13]/O202, O202/[19,19], [19,19]/O202, O202/[19,11], [19,11]/O202, O202/[19,17], [19,17]/O202, [19,23]/O202, O202/[19,23], O202/[11,2], [11,2]/O202, O202/[11,3], [11,3]/O202, O202/[11,5], [11,5]/O202, O202/[11,7], [11,7]/O202, O202/[11,13], [11,13]/O202, O202/[11,19], [11,19]/O202, O202/[11,11], [11,11]/O202, O202/[11,17], [11,17]/O202, O202/[11,23], [11,23]/O202, O202/[17,2], [17,2]/O202, O202/[17,3], [17,3]/O202, O202/[17,5], [17,5]/O202, O202/[17,7], [17,7]/O202, O202/[17,13], [17,13]/O202, O202/[17,19], [17,19]/O202, O202/[17,11], [17,11]/O202, O202/[17,17], [17,17]/O202, O202/2, 2/O202, O202/3, 3/O202, O202/5, 5/O202, O202/7, 7/O202, O202/13, 13/O202, O202/19, 19/O202, O202/11, 11/O202, O202/17, 17/O202, O202/23, 23/O202, 1/O202, [23,23]/O203, O203/[23,23], O203/4, 4/O203, O203/[2,3], [2,3]/O203, O203/[2,5], [2,5]/O203, O203/[2,7], [2,7]/O203, O203/[2,13], [2,13]/O203, O203/[2,19], [2,19]/O203, O203/[2,11], [2,11]/O203, O203/[2,17], [2,17]/O203, O203/[2,23], [2,23]/O203, O203/[3,2], [3,2]/O203, O203/[3,3], [3,3]/O203, O203/[3,5], [3,5]/O203, O203/[3,7], [3,7]/O203, O203/[3,13], [3,13]/O203, O203/[3,19], [3,19]/O203, O203/[3,11], [3,11]/O203, O203/[3,17], [3,17]/O203, O203/[3,23], [3,23]/O203, O203/[5,2], [5,2]/O203, O203/[5,3], [5,3]/O203, O203/[5,5], [5,5]/O203, O203/[5,7], [5,7]/O203, O203/[5,13], [5,13]/O203, O203/[5,19], [5,19]/O203, O203/[5,11], [5,11]/O203, O203/[5,17], [5,17]/O203, O203/[5,23], [5,23]/O203, O203/[7,2], [7,2]/O203, O203/[7,3], [7,3]/O203, O203/[7,5], [7,5]/O203, O203/[7,7], [7,7]/O203, O203/[7,13], [7,13]/O203, O203/[7,19], [7,19]/O203, O203/[7,11], [7,11]/O203, O203/[7,17], [7,17]/O203, O203/[7,23], [7,23]/O203, O203/[13,2], [13,2]/O203, O203/[13,3], [13,3]/O203, O203/[13,5], [13,5]/O203, O203/[13,7], [13,7]/O203, O203/[13,13], [13,13]/O203, O203/[13,19], [13,19]/O203, O203/[13,11], [13,11]/O203, O203/[13,17], [13,17]/O203, O203/[13,23], [13,23]/O203, [19,23]/O203, O203/[19,23], O203/[11,2], [11,2]/O203, O203/[11,3], [11,3]/O203, O203/[11,5], [11,5]/O203, O203/[11,7], [11,7]/O203, O203/[11,13], [11,13]/O203, O203/[11,19], [11,19]/O203, O203/[11,11], [11,11]/O203, O203/[11,17], [11,17]/O203, O203/[11,23], [11,23]/O203, O203/[17,2], [17,2]/O203, O203/[17,3], [17,3]/O203, O203/[17,5], [17,5]/O203, O203/[17,7], [17,7]/O203, O203/[17,13], [17,13]/O203, O203/[17,19], [17,19]/O203, O203/[17,11], [17,11]/O203, O203/[17,17], [17,17]/O203, [17,23]/O203, O203/[17,23], O203/2, 2/O203, O203/3, 3/O203, O203/5, 5/O203, O203/7, 7/O203, O203/13, 13/O203, O203/19, 19/O203, O203/11, 11/O203, O203/17, 17/O203, O203/23, 23/O203, 1/O203, [23,23]/O204, O204/[23,23], O204/4, 4/O204, O204/[2,3], [2,3]/O204, O204/[2,5], [2,5]/O204, O204/[2,7], [2,7]/O204, O204/[2,13], [2,13]/O204, O204/[2,19], [2,19]/O204, O204/[2,11], [2,11]/O204, O204/[2,17], [2,17]/O204, O204/[2,23], [2,23]/O204, O204/[3,2], [3,2]/O204, O204/[3,3], [3,3]/O204, O204/[3,5], [3,5]/O204, O204/[3,7], [3,7]/O204, O204/[3,13], [3,13]/O204, O204/[3,19], [3,19]/O204, O204/[3,11], [3,11]/O204, O204/[3,17], [3,17]/O204, O204/[3,23], [3,23]/O204, O204/[5,2], [5,2]/O204, O204/[5,3], [5,3]/O204, O204/[5,5], [5,5]/O204, O204/[5,7], [5,7]/O204, O204/[5,13], [5,13]/O204, O204/[5,19], [5,19]/O204, O204/[5,11], [5,11]/O204, O204/[5,17], [5,17]/O204, O204/[5,23], [5,23]/O204, O204/[7,2], [7,2]/O204, O204/[7,3], [7,3]/O204, O204/[7,5], [7,5]/O204, O204/[7,7], [7,7]/O204, O204/[7,13], [7,13]/O204, O204/[7,19], [7,19]/O204, O204/[7,11], [7,11]/O204, O204/[7,17], [7,17]/O204, O204/[7,23], [7,23]/O204, O204/[13,2], [13,2]/O204, O204/[13,3], [13,3]/O204, O204/[13,5], [13,5]/O204, O204/[13,7], [13,7]/O204, O204/[13,13], [13,13]/O204, O204/[13,19], [13,19]/O204, O204/[13,11], [13,11]/O204, O204/[13,17], [13,17]/O204, O204/[13,23], [13,23]/O204, [19,23]/O204, O204/[19,23], O204/[11,2], [11,2]/O204, O204/[11,3], [11,3]/O204, O204/[11,5], [11,5]/O204, O204/[11,7], [11,7]/O204, O204/[11,13], [11,13]/O204, O204/[11,19], [11,19]/O204, O204/[11,11], [11,11]/O204, O204/[11,17], [11,17]/O204, O204/[11,23], [11,23]/O204, O204/[17,2], [17,2]/O204, O204/[17,3], [17,3]/O204, O204/[17,5], [17,5]/O204, O204/[17,7], [17,7]/O204, O204/[17,13], [17,13]/O204, O204/[17,11], [17,11]/O204, O204/[17,17], [17,17]/O204, [17,23]/O204, O204/[17,23], O204/2, 2/O204, O204/3, 3/O204, O204/5, 5/O204, O204/7, 7/O204, O204/13, 13/O204, O204/19, 19/O204, O204/11, 11/O204, O204/17, 17/O204, O204/23, 23/O204, 1/O204, [23,23]/O205, O205/[23,23], O205/4, 4/O205, O205/[2,3], [2,3]/O205, O205/[2,5], [2,5]/O205, O205/[2,7], [2,7]/O205, O205/[2,13], [2,13]/O205, O205/[2,19], [2,19]/O205, O205/[2,11], [2,11]/O205, O205/[2,17], [2,17]/O205, O205/[2,23], [2,23]/O205, O205/[3,2], [3,2]/O205, O205/[3,3], [3,3]/O205, O205/[3,5], [3,5]/O205, O205/[3,7], [3,7]/O205, O205/[3,13], [3,13]/O205, O205/[3,19], [3,19]/O205, O205/[3,11], [3,11]/O205, O205/[3,17], [3,17]/O205, O205/[3,23], [3,23]/O205, O205/[5,2], [5,2]/O205, O205/[5,3], [5,3]/O205, O205/[5,5], [5,5]/O205, O205/[5,7], [5,7]/O205, O205/[5,13], [5,13]/O205, O205/[5,19], [5,19]/O205, O205/[5,11], [5,11]/O205, O205/[5,17], [5,17]/O205, O205/[5,23], [5,23]/O205, O205/[7,2], [7,2]/O205, O205/[7,3], [7,3]/O205, O205/[7,5], [7,5]/O205, O205/[7,7], [7,7]/O205, O205/[7,13], [7,13]/O205, O205/[7,19], [7,19]/O205, O205/[7,11], [7,11]/O205, O205/[7,17], [7,17]/O205, O205/[7,23], [7,23]/O205, O205/[13,2], [13,2]/O205, O205/[13,3], [13,3]/O205, O205/[13,5], [13,5]/O205, O205/[13,7], [13,7]/O205, O205/[13,13], [13,13]/O205, O205/[13,19], [13,19]/O205, O205/[13,11], [13,11]/O205, O205/[13,17], [13,17]/O205, O205/[13,23], [13,23]/O205, O205/[19,2], [19,2]/O205, O205/[19,3], [19,3]/O205, O205/[19,5], [19,5]/O205, O205/[19,7], [19,7]/O205, O205/[19,13], [19,13]/O205, O205/[19,11], [19,11]/O205, O205/[11,2], [11,2]/O205, O205/[11,3], [11,3]/O205, O205/[11,5], [11,5]/O205, O205/[11,7], [11,7]/O205, O205/[11,13], [11,13]/O205, O205/[11,19], [11,19]/O205, O205/[11,11], [11,11]/O205, O205/[11,17], [11,17]/O205, O205/[11,23], [11,23]/O205, O205/[17,2], [17,2]/O205, O205/[17,3], [17,3]/O205, O205/[17,5], [17,5]/O205, O205/[17,7], [17,7]/O205, O205/[17,13], [17,13]/O205, O205/[17,11], [17,11]/O205, O205/[23,2], [23,2]/O205, O205/[23,3], [23,3]/O205, O205/[23,5], [23,5]/O205, O205/[23,7], [23,7]/O205, O205/[23,13], [23,13]/O205, O205/[23,11], [23,11]/O205, O205/2, 2/O205, O205/3, 3/O205, O205/5, 5/O205, O205/7, 7/O205, O205/13, 13/O205, O205/19, 19/O205, O205/11, 11/O205, O205/17, 17/O205, O205/23, 23/O205, 1/O205, [23,23]/O206, O206/[23,23], O206/4, 4/O206, O206/[2,3], [2,3]/O206, O206/[2,5], [2,5]/O206, O206/[2,7], [2,7]/O206, O206/[2,13], [2,13]/O206, O206/[2,19], [2,19]/O206, O206/[2,11], [2,11]/O206, O206/[2,17], [2,17]/O206, O206/[2,23], [2,23]/O206, O206/[3,2], [3,2]/O206, O206/[3,3], [3,3]/O206, O206/[3,5], [3,5]/O206, O206/[3,7], [3,7]/O206, O206/[3,13], [3,13]/O206, O206/[3,19], [3,19]/O206, O206/[3,11], [3,11]/O206, O206/[3,17], [3,17]/O206, O206/[3,23], [3,23]/O206, O206/[5,2], [5,2]/O206, O206/[5,3], [5,3]/O206, O206/[5,5], [5,5]/O206, O206/[5,7], [5,7]/O206, O206/[5,13], [5,13]/O206, O206/[5,19], [5,19]/O206, O206/[5,11], [5,11]/O206, O206/[5,17], [5,17]/O206, O206/[5,23], [5,23]/O206, O206/[7,2], [7,2]/O206, O206/[7,3], [7,3]/O206, O206/[7,5], [7,5]/O206, O206/[7,7], [7,7]/O206, O206/[7,13], [7,13]/O206, O206/[7,19], [7,19]/O206, O206/[7,11], [7,11]/O206, O206/[7,17], [7,17]/O206, O206/[7,23], [7,23]/O206, O206/[13,2], [13,2]/O206, O206/[13,3], [13,3]/O206, O206/[13,5], [13,5]/O206, O206/[13,7], [13,7]/O206, O206/[13,13], [13,13]/O206, O206/[13,19], [13,19]/O206, O206/[13,11], [13,11]/O206, O206/[13,17], [13,17]/O206, O206/[13,23], [13,23]/O206, O206/[19,2], [19,2]/O206, O206/[19,3], [19,3]/O206, O206/[19,5], [19,5]/O206, O206/[19,7], [19,7]/O206, O206/[19,13], [19,13]/O206, O206/[19,19], [19,19]/O206, O206/[19,11], [19,11]/O206, O206/[19,17], [19,17]/O206, O206/[11,2], [11,2]/O206, O206/[11,3], [11,3]/O206, O206/[11,5], [11,5]/O206, O206/[11,7], [11,7]/O206, O206/[11,13], [11,13]/O206, O206/[11,19], [11,19]/O206, O206/[11,11], [11,11]/O206, O206/[11,17], [11,17]/O206, O206/[11,23], [11,23]/O206, O206/[17,2], [17,2]/O206, O206/[17,3], [17,3]/O206, O206/[17,5], [17,5]/O206, O206/[17,7], [17,7]/O206, O206/[17,13], [17,13]/O206, O206/[17,19], [17,19]/O206, O206/[17,11], [17,11]/O206, O206/[17,17], [17,17]/O206, O206/[23,2], [23,2]/O206, O206/[23,3], [23,3]/O206, O206/[23,5], [23,5]/O206, O206/[23,7], [23,7]/O206, O206/[23,13], [23,13]/O206, O206/[23,19], [23,19]/O206, O206/[23,11], [23,11]/O206, O206/[23,17], [23,17]/O206, O206/2, 2/O206, O206/3, 3/O206, O206/5, 5/O206, O206/7, 7/O206, O206/13, 13/O206, O206/19, 19/O206, O206/11, 11/O206, O206/17, 17/O206, O206/23, 23/O206, 1/O206, [23,23]/O207, O207/[23,23], O207/4, 4/O207, O207/[2,3], [2,3]/O207, O207/[2,5], [2,5]/O207, O207/[2,7], [2,7]/O207, O207/[2,13], [2,13]/O207, O207/[2,19], [2,19]/O207, O207/[2,11], [2,11]/O207, O207/[2,17], [2,17]/O207, O207/[2,23], [2,23]/O207, O207/[3,2], [3,2]/O207, O207/[3,3], [3,3]/O207, O207/[3,5], [3,5]/O207, O207/[3,7], [3,7]/O207, O207/[3,13], [3,13]/O207, O207/[3,19], [3,19]/O207, O207/[3,11], [3,11]/O207, O207/[3,17], [3,17]/O207, O207/[3,23], [3,23]/O207, O207/[5,2], [5,2]/O207, O207/[5,3], [5,3]/O207, O207/[5,5], [5,5]/O207, O207/[5,7], [5,7]/O207, O207/[5,13], [5,13]/O207, O207/[5,19], [5,19]/O207, O207/[5,11], [5,11]/O207, O207/[5,17], [5,17]/O207, O207/[5,23], [5,23]/O207, O207/[7,2], [7,2]/O207, O207/[7,3], [7,3]/O207, O207/[7,5], [7,5]/O207, O207/[7,7], [7,7]/O207, O207/[7,13], [7,13]/O207, O207/[7,19], [7,19]/O207, O207/[7,11], [7,11]/O207, O207/[7,17], [7,17]/O207, O207/[7,23], [7,23]/O207, O207/[13,2], [13,2]/O207, O207/[13,3], [13,3]/O207, O207/[13,5], [13,5]/O207, O207/[13,7], [13,7]/O207, O207/[13,13], [13,13]/O207, O207/[13,19], [13,19]/O207, O207/[13,11], [13,11]/O207, O207/[13,17], [13,17]/O207, O207/[13,23], [13,23]/O207, O207/[19,2], [19,2]/O207, O207/[19,3], [19,3]/O207, O207/[19,5], [19,5]/O207, O207/[19,7], [19,7]/O207, O207/[19,13], [19,13]/O207, O207/[19,11], [19,11]/O207, O207/[19,17], [19,17]/O207, O207/[11,2], [11,2]/O207, O207/[11,3], [11,3]/O207, O207/[11,5], [11,5]/O207, O207/[11,7], [11,7]/O207, O207/[11,13], [11,13]/O207, O207/[11,19], [11,19]/O207, O207/[11,11], [11,11]/O207, O207/[11,17], [11,17]/O207, O207/[11,23], [11,23]/O207, O207/[17,2], [17,2]/O207, O207/[17,3], [17,3]/O207, O207/[17,5], [17,5]/O207, O207/[17,7], [17,7]/O207, O207/[17,13], [17,13]/O207, O207/[17,11], [17,11]/O207, O207/[17,17], [17,17]/O207, O207/[23,2], [23,2]/O207, O207/[23,3], [23,3]/O207, O207/[23,5], [23,5]/O207, O207/[23,7], [23,7]/O207, O207/[23,13], [23,13]/O207, O207/[23,11], [23,11]/O207, O207/[23,17], [23,17]/O207, O207/2, 2/O207, O207/3, 3/O207, O207/5, 5/O207, O207/7, 7/O207, O207/13, 13/O207, O207/19, 19/O207, O207/11, 11/O207, O207/17, 17/O207, O207/23, 23/O207, 1/O207, [23,23]/O208, O208/[23,23], O208/4, 4/O208, O208/[2,3], [2,3]/O208, O208/[2,5], [2,5]/O208, O208/[2,7], [2,7]/O208, O208/[2,13], [2,13]/O208, O208/[2,19], [2,19]/O208, O208/[2,11], [2,11]/O208, O208/[2,17], [2,17]/O208, O208/[2,23], [2,23]/O208, O208/[3,2], [3,2]/O208, O208/[3,3], [3,3]/O208, O208/[3,5], [3,5]/O208, O208/[3,7], [3,7]/O208, O208/[3,13], [3,13]/O208, O208/[3,19], [3,19]/O208, O208/[3,11], [3,11]/O208, O208/[3,17], [3,17]/O208, O208/[3,23], [3,23]/O208, O208/[5,2], [5,2]/O208, O208/[5,3], [5,3]/O208, O208/[5,5], [5,5]/O208, O208/[5,7], [5,7]/O208, O208/[5,13], [5,13]/O208, O208/[5,19], [5,19]/O208, O208/[5,11], [5,11]/O208, O208/[5,17], [5,17]/O208, O208/[5,23], [5,23]/O208, O208/[7,2], [7,2]/O208, O208/[7,3], [7,3]/O208, O208/[7,5], [7,5]/O208, O208/[7,7], [7,7]/O208, O208/[7,13], [7,13]/O208, O208/[7,19], [7,19]/O208, O208/[7,11], [7,11]/O208, O208/[7,17], [7,17]/O208, O208/[7,23], [7,23]/O208, O208/[13,2], [13,2]/O208, O208/[13,3], [13,3]/O208, O208/[13,5], [13,5]/O208, O208/[13,7], [13,7]/O208, O208/[13,13], [13,13]/O208, O208/[13,19], [13,19]/O208, O208/[13,11], [13,11]/O208, O208/[13,17], [13,17]/O208, O208/[13,23], [13,23]/O208, [19,23]/O208, O208/[19,23], O208/[11,2], [11,2]/O208, O208/[11,3], [11,3]/O208, O208/[11,5], [11,5]/O208, O208/[11,7], [11,7]/O208, O208/[11,13], [11,13]/O208, O208/[11,19], [11,19]/O208, O208/[11,11], [11,11]/O208, O208/[11,17], [11,17]/O208, O208/[11,23], [11,23]/O208, O208/2, 2/O208, O208/3, 3/O208, O208/5, 5/O208, O208/7, 7/O208, O208/13, 13/O208, O208/19, 19/O208, O208/11, 11/O208, O208/17, 17/O208, O208/23, 23/O208, 1/O208, [23,23]/O209, O209/[23,23], O209/4, 4/O209, O209/[2,3], [2,3]/O209, O209/[2,5], [2,5]/O209, O209/[2,7], [2,7]/O209, O209/[2,13], [2,13]/O209, O209/[2,19], [2,19]/O209, O209/[2,11], [2,11]/O209, O209/[2,17], [2,17]/O209, O209/[2,23], [2,23]/O209, O209/[3,2], [3,2]/O209, O209/[3,3], [3,3]/O209, O209/[3,5], [3,5]/O209, O209/[3,7], [3,7]/O209, O209/[3,13], [3,13]/O209, O209/[3,19], [3,19]/O209, O209/[3,11], [3,11]/O209, O209/[3,17], [3,17]/O209, O209/[3,23], [3,23]/O209, O209/[5,2], [5,2]/O209, O209/[5,3], [5,3]/O209, O209/[5,5], [5,5]/O209, O209/[5,7], [5,7]/O209, O209/[5,13], [5,13]/O209, O209/[5,19], [5,19]/O209, O209/[5,11], [5,11]/O209, O209/[5,17], [5,17]/O209, O209/[5,23], [5,23]/O209, O209/[7,2], [7,2]/O209, O209/[7,3], [7,3]/O209, O209/[7,5], [7,5]/O209, O209/[7,7], [7,7]/O209, O209/[7,13], [7,13]/O209, O209/[7,19], [7,19]/O209, O209/[7,11], [7,11]/O209, O209/[7,17], [7,17]/O209, O209/[7,23], [7,23]/O209, O209/[13,2], [13,2]/O209, O209/[13,3], [13,3]/O209, O209/[13,5], [13,5]/O209, O209/[13,7], [13,7]/O209, O209/[13,13], [13,13]/O209, O209/[13,19], [13,19]/O209, O209/[13,11], [13,11]/O209, O209/[13,17], [13,17]/O209, O209/[13,23], [13,23]/O209, O209/[19,2], [19,2]/O209, O209/[19,3], [19,3]/O209, O209/[19,5], [19,5]/O209, O209/[19,7], [19,7]/O209, O209/[19,13], [19,13]/O209, O209/[19,11], [19,11]/O209, O209/[19,17], [19,17]/O209, [19,23]/O209, O209/[19,23], O209/[11,2], [11,2]/O209, O209/[11,3], [11,3]/O209, O209/[11,5], [11,5]/O209, O209/[11,7], [11,7]/O209, O209/[11,13], [11,13]/O209, O209/[11,19], [11,19]/O209, O209/[11,11], [11,11]/O209, O209/[11,17], [11,17]/O209, O209/[11,23], [11,23]/O209, O209/[17,2], [17,2]/O209, O209/[17,3], [17,3]/O209, O209/[17,5], [17,5]/O209, O209/[17,7], [17,7]/O209, O209/[17,13], [17,13]/O209, O209/[17,19], [17,19]/O209, O209/[17,11], [17,11]/O209, O209/[17,17], [17,17]/O209, O209/[17,23], [17,23]/O209, O209/2, 2/O209, O209/3, 3/O209, O209/5, 5/O209, O209/7, 7/O209, O209/13, 13/O209, O209/19, 19/O209, O209/11, 11/O209, O209/17, 17/O209, O209/23, 23/O209, 1/O209, [23,23]/O210, O210/[23,23], O210/4, 4/O210, O210/[2,3], [2,3]/O210, O210/[2,5], [2,5]/O210, O210/[2,7], [2,7]/O210, O210/[2,13], [2,13]/O210, O210/[2,19], [2,19]/O210, O210/[2,11], [2,11]/O210, O210/[2,17], [2,17]/O210, O210/[2,23], [2,23]/O210, O210/[3,2], [3,2]/O210, O210/[3,3], [3,3]/O210, O210/[3,5], [3,5]/O210, O210/[3,7], [3,7]/O210, O210/[3,13], [3,13]/O210, O210/[3,19], [3,19]/O210, O210/[3,11], [3,11]/O210, O210/[3,17], [3,17]/O210, O210/[3,23], [3,23]/O210, O210/[5,2], [5,2]/O210, O210/[5,3], [5,3]/O210, O210/[5,5], [5,5]/O210, O210/[5,7], [5,7]/O210, O210/[5,13], [5,13]/O210, O210/[5,19], [5,19]/O210, O210/[5,11], [5,11]/O210, O210/[5,17], [5,17]/O210, O210/[5,23], [5,23]/O210, O210/[7,2], [7,2]/O210, O210/[7,3], [7,3]/O210, O210/[7,5], [7,5]/O210, O210/[7,7], [7,7]/O210, O210/[7,13], [7,13]/O210, O210/[7,19], [7,19]/O210, O210/[7,11], [7,11]/O210, O210/[7,17], [7,17]/O210, O210/[7,23], [7,23]/O210, O210/[13,2], [13,2]/O210, O210/[13,3], [13,3]/O210, O210/[13,5], [13,5]/O210, O210/[13,7], [13,7]/O210, O210/[13,13], [13,13]/O210, O210/[13,19], [13,19]/O210, O210/[13,11], [13,11]/O210, O210/[13,17], [13,17]/O210, O210/[13,23], [13,23]/O210, O210/[19,2], [19,2]/O210, O210/[19,3], [19,3]/O210, O210/[19,5], [19,5]/O210, O210/[19,7], [19,7]/O210, O210/[19,13], [19,13]/O210, O210/[19,19], [19,19]/O210, O210/[19,11], [19,11]/O210, O210/[19,17], [19,17]/O210, O210/[19,23], [19,23]/O210, O210/[11,2], [11,2]/O210, O210/[11,3], [11,3]/O210, O210/[11,5], [11,5]/O210, O210/[11,7], [11,7]/O210, O210/[11,13], [11,13]/O210, O210/[11,19], [11,19]/O210, O210/[11,11], [11,11]/O210, O210/[11,17], [11,17]/O210, O210/[11,23], [11,23]/O210, O210/[17,2], [17,2]/O210, O210/[17,3], [17,3]/O210, O210/[17,5], [17,5]/O210, O210/[17,7], [17,7]/O210, O210/[17,13], [17,13]/O210, O210/[17,19], [17,19]/O210, O210/[17,11], [17,11]/O210, O210/[17,17], [17,17]/O210, O210/[17,23], [17,23]/O210, O210/[23,2], [23,2]/O210, O210/[23,3], [23,3]/O210, O210/[23,5], [23,5]/O210, O210/[23,7], [23,7]/O210, O210/[23,13], [23,13]/O210, O210/[23,19], [23,19]/O210, O210/[23,11], [23,11]/O210, O210/[23,17], [23,17]/O210, O210/2, 2/O210, O210/3, 3/O210, O210/5, 5/O210, O210/7, 7/O210, O210/13, 13/O210, O210/19, 19/O210, O210/11, 11/O210, O210/17, 17/O210, O210/23, 23/O210, 1/O210, [23,23]/O211, O211/[23,23], O211/4, 4/O211, O211/[2,3], [2,3]/O211, O211/[2,5], [2,5]/O211, O211/[2,7], [2,7]/O211, O211/[2,13], [2,13]/O211, O211/[2,19], [2,19]/O211, O211/[2,11], [2,11]/O211, O211/[2,17], [2,17]/O211, O211/[2,23], [2,23]/O211, O211/[3,2], [3,2]/O211, O211/[3,3], [3,3]/O211, O211/[3,5], [3,5]/O211, O211/[3,7], [3,7]/O211, O211/[3,13], [3,13]/O211, O211/[3,19], [3,19]/O211, O211/[3,11], [3,11]/O211, O211/[3,17], [3,17]/O211, O211/[3,23], [3,23]/O211, O211/[5,2], [5,2]/O211, O211/[5,3], [5,3]/O211, O211/[5,5], [5,5]/O211, O211/[5,7], [5,7]/O211, O211/[5,13], [5,13]/O211, O211/[5,19], [5,19]/O211, O211/[5,11], [5,11]/O211, O211/[5,17], [5,17]/O211, O211/[5,23], [5,23]/O211, O211/[7,2], [7,2]/O211, O211/[7,3], [7,3]/O211, O211/[7,5], [7,5]/O211, O211/[7,7], [7,7]/O211, O211/[7,13], [7,13]/O211, O211/[7,19], [7,19]/O211, O211/[7,11], [7,11]/O211, O211/[7,17], [7,17]/O211, O211/[7,23], [7,23]/O211, O211/[13,2], [13,2]/O211, O211/[13,3], [13,3]/O211, O211/[13,5], [13,5]/O211, O211/[13,7], [13,7]/O211, O211/[13,13], [13,13]/O211, O211/[13,19], [13,19]/O211, O211/[13,11], [13,11]/O211, O211/[13,17], [13,17]/O211, O211/[13,23], [13,23]/O211, O211/[19,2], [19,2]/O211, O211/[19,3], [19,3]/O211, O211/[19,5], [19,5]/O211, O211/[19,7], [19,7]/O211, O211/[19,13], [19,13]/O211, O211/[19,19], [19,19]/O211, O211/[19,11], [19,11]/O211, O211/[19,17], [19,17]/O211, O211/[19,23], [19,23]/O211, O211/[11,2], [11,2]/O211, O211/[11,3], [11,3]/O211, O211/[11,5], [11,5]/O211, O211/[11,7], [11,7]/O211, O211/[11,13], [11,13]/O211, O211/[11,19], [11,19]/O211, O211/[11,11], [11,11]/O211, O211/[11,17], [11,17]/O211, O211/[11,23], [11,23]/O211, O211/[17,2], [17,2]/O211, O211/[17,3], [17,3]/O211, O211/[17,5], [17,5]/O211, O211/[17,7], [17,7]/O211, O211/[17,13], [17,13]/O211, O211/[17,19], [17,19]/O211, O211/[17,11], [17,11]/O211, O211/[17,17], [17,17]/O211, O211/[17,23], [17,23]/O211, O211/[23,2], [23,2]/O211, O211/[23,3], [23,3]/O211, O211/[23,5], [23,5]/O211, O211/[23,7], [23,7]/O211, O211/[23,11], [23,11]/O211, O211/2, 2/O211, O211/3, 3/O211, O211/5, 5/O211, O211/7, 7/O211, O211/13, 13/O211, O211/19, 19/O211, O211/11, 11/O211, O211/17, 17/O211, O211/23, 23/O211, 1/O211, [23,23]/O212, O212/[23,23], O212/4, 4/O212, O212/[2,3], [2,3]/O212, O212/[2,5], [2,5]/O212, O212/[2,7], [2,7]/O212, O212/[2,13], [2,13]/O212, O212/[2,19], [2,19]/O212, O212/[2,11], [2,11]/O212, O212/[2,17], [2,17]/O212, O212/[2,23], [2,23]/O212, O212/[3,2], [3,2]/O212, O212/[3,3], [3,3]/O212, O212/[3,5], [3,5]/O212, O212/[3,7], [3,7]/O212, O212/[3,13], [3,13]/O212, O212/[3,19], [3,19]/O212, O212/[3,11], [3,11]/O212, O212/[3,17], [3,17]/O212, O212/[3,23], [3,23]/O212, O212/[5,2], [5,2]/O212, O212/[5,3], [5,3]/O212, O212/[5,5], [5,5]/O212, O212/[5,7], [5,7]/O212, O212/[5,13], [5,13]/O212, O212/[5,19], [5,19]/O212, O212/[5,11], [5,11]/O212, O212/[5,17], [5,17]/O212, O212/[5,23], [5,23]/O212, O212/[7,2], [7,2]/O212, O212/[7,3], [7,3]/O212, O212/[7,5], [7,5]/O212, O212/[7,7], [7,7]/O212, O212/[7,13], [7,13]/O212, O212/[7,19], [7,19]/O212, O212/[7,11], [7,11]/O212, O212/[7,17], [7,17]/O212, O212/[7,23], [7,23]/O212, O212/[13,2], [13,2]/O212, O212/[13,3], [13,3]/O212, O212/[13,5], [13,5]/O212, O212/[13,7], [13,7]/O212, O212/[13,13], [13,13]/O212, O212/[13,19], [13,19]/O212, O212/[13,11], [13,11]/O212, O212/[13,17], [13,17]/O212, O212/[13,23], [13,23]/O212, O212/[19,2], [19,2]/O212, O212/[19,3], [19,3]/O212, O212/[19,5], [19,5]/O212, O212/[19,7], [19,7]/O212, O212/[19,13], [19,13]/O212, O212/[19,19], [19,19]/O212, O212/[19,11], [19,11]/O212, O212/[19,17], [19,17]/O212, O212/[19,23], [19,23]/O212, O212/[11,2], [11,2]/O212, O212/[11,3], [11,3]/O212, O212/[11,5], [11,5]/O212, O212/[11,7], [11,7]/O212, O212/[11,13], [11,13]/O212, O212/[11,19], [11,19]/O212, O212/[11,11], [11,11]/O212, O212/[11,17], [11,17]/O212, O212/[11,23], [11,23]/O212, O212/[17,2], [17,2]/O212, O212/[17,3], [17,3]/O212, O212/[17,5], [17,5]/O212, O212/[17,7], [17,7]/O212, O212/[17,13], [17,13]/O212, O212/[17,19], [17,19]/O212, O212/[17,11], [17,11]/O212, O212/[17,17], [17,17]/O212, O212/[17,23], [17,23]/O212, O212/[23,2], [23,2]/O212, O212/[23,3], [23,3]/O212, O212/[23,5], [23,5]/O212, O212/[23,7], [23,7]/O212, O212/[23,13], [23,13]/O212, O212/[23,11], [23,11]/O212, O212/[23,17], [23,17]/O212, O212/2, 2/O212, O212/3, 3/O212, O212/5, 5/O212, O212/7, 7/O212, O212/13, 13/O212, O212/19, 19/O212, O212/11, 11/O212, O212/17, 17/O212, O212/23, 23/O212, 1/O212, [23,23]/O213, O213/[23,23], O213/4, 4/O213, O213/[2,3], [2,3]/O213, O213/[2,5], [2,5]/O213, O213/[2,7], [2,7]/O213, O213/[2,13], [2,13]/O213, O213/[2,19], [2,19]/O213, O213/[2,11], [2,11]/O213, O213/[2,17], [2,17]/O213, O213/[2,23], [2,23]/O213, O213/[3,2], [3,2]/O213, O213/[3,3], [3,3]/O213, O213/[3,5], [3,5]/O213, O213/[3,7], [3,7]/O213, O213/[3,13], [3,13]/O213, O213/[3,19], [3,19]/O213, O213/[3,11], [3,11]/O213, O213/[3,17], [3,17]/O213, O213/[3,23], [3,23]/O213, O213/[5,2], [5,2]/O213, O213/[5,3], [5,3]/O213, O213/[5,5], [5,5]/O213, O213/[5,7], [5,7]/O213, O213/[5,13], [5,13]/O213, O213/[5,19], [5,19]/O213, O213/[5,11], [5,11]/O213, O213/[5,17], [5,17]/O213, O213/[5,23], [5,23]/O213, O213/[7,2], [7,2]/O213, O213/[7,3], [7,3]/O213, O213/[7,5], [7,5]/O213, O213/[7,7], [7,7]/O213, O213/[7,13], [7,13]/O213, O213/[7,19], [7,19]/O213, O213/[7,11], [7,11]/O213, O213/[7,17], [7,17]/O213, O213/[7,23], [7,23]/O213, O213/[13,2], [13,2]/O213, O213/[13,3], [13,3]/O213, O213/[13,5], [13,5]/O213, O213/[13,7], [13,7]/O213, O213/[13,13], [13,13]/O213, O213/[13,19], [13,19]/O213, O213/[13,11], [13,11]/O213, O213/[13,17], [13,17]/O213, O213/[13,23], [13,23]/O213, O213/[19,2], [19,2]/O213, O213/[19,3], [19,3]/O213, O213/[19,5], [19,5]/O213, O213/[19,7], [19,7]/O213, O213/[19,13], [19,13]/O213, O213/[19,19], [19,19]/O213, O213/[19,11], [19,11]/O213, O213/[19,17], [19,17]/O213, O213/[19,23], [19,23]/O213, O213/[11,2], [11,2]/O213, O213/[11,3], [11,3]/O213, O213/[11,5], [11,5]/O213, O213/[11,7], [11,7]/O213, O213/[11,13], [11,13]/O213, O213/[11,19], [11,19]/O213, O213/[11,11], [11,11]/O213, O213/[11,17], [11,17]/O213, O213/[11,23], [11,23]/O213, O213/[17,2], [17,2]/O213, O213/[17,3], [17,3]/O213, O213/[17,5], [17,5]/O213, O213/[17,7], [17,7]/O213, O213/[17,13], [17,13]/O213, O213/[17,19], [17,19]/O213, O213/[17,11], [17,11]/O213, O213/[17,17], [17,17]/O213, O213/[17,23], [17,23]/O213, O213/2, 2/O213, O213/3, 3/O213, O213/5, 5/O213, O213/7, 7/O213, O213/13, 13/O213, O213/19, 19/O213, O213/11, 11/O213, O213/17, 17/O213, O213/23, 23/O213, 1/O213, [23,23]/O214, O214/[23,23], O214/4, 4/O214, O214/[2,3], [2,3]/O214, O214/[2,5], [2,5]/O214, O214/[2,7], [2,7]/O214, O214/[2,13], [2,13]/O214, O214/[2,19], [2,19]/O214, O214/[2,11], [2,11]/O214, O214/[2,17], [2,17]/O214, O214/[2,23], [2,23]/O214, O214/[3,2], [3,2]/O214, O214/[3,3], [3,3]/O214, O214/[3,5], [3,5]/O214, O214/[3,7], [3,7]/O214, O214/[3,13], [3,13]/O214, O214/[3,19], [3,19]/O214, O214/[3,11], [3,11]/O214, O214/[3,17], [3,17]/O214, O214/[3,23], [3,23]/O214, O214/[5,2], [5,2]/O214, O214/[5,3], [5,3]/O214, O214/[5,5], [5,5]/O214, O214/[5,7], [5,7]/O214, O214/[5,13], [5,13]/O214, O214/[5,19], [5,19]/O214, O214/[5,11], [5,11]/O214, O214/[5,17], [5,17]/O214, O214/[5,23], [5,23]/O214, O214/[7,2], [7,2]/O214, O214/[7,3], [7,3]/O214, O214/[7,5], [7,5]/O214, O214/[7,7], [7,7]/O214, O214/[7,13], [7,13]/O214, O214/[7,19], [7,19]/O214, O214/[7,11], [7,11]/O214, O214/[7,17], [7,17]/O214, O214/[7,23], [7,23]/O214, O214/[13,2], [13,2]/O214, O214/[13,3], [13,3]/O214, O214/[13,5], [13,5]/O214, O214/[13,7], [13,7]/O214, O214/[13,13], [13,13]/O214, O214/[13,11], [13,11]/O214, O214/[13,17], [13,17]/O214, [19,23]/O214, O214/[19,23], O214/[11,2], [11,2]/O214, O214/[11,3], [11,3]/O214, O214/[11,5], [11,5]/O214, O214/[11,7], [11,7]/O214, O214/[11,13], [11,13]/O214, O214/[11,19], [11,19]/O214, O214/[11,11], [11,11]/O214, O214/[11,17], [11,17]/O214, O214/[11,23], [11,23]/O214, O214/[17,2], [17,2]/O214, O214/[17,3], [17,3]/O214, O214/[17,5], [17,5]/O214, O214/[17,7], [17,7]/O214, O214/[17,13], [17,13]/O214, O214/[17,11], [17,11]/O214, O214/[17,17], [17,17]/O214, [17,23]/O214, O214/[17,23], O214/2, 2/O214, O214/3, 3/O214, O214/5, 5/O214, O214/7, 7/O214, O214/13, 13/O214, O214/19, 19/O214, O214/11, 11/O214, O214/17, 17/O214, O214/23, 23/O214, 1/O214, [23,23]/O215, O215/[23,23], O215/4, 4/O215, O215/[2,3], [2,3]/O215, O215/[2,5], [2,5]/O215, O215/[2,7], [2,7]/O215, O215/[2,13], [2,13]/O215, O215/[2,19], [2,19]/O215, O215/[2,11], [2,11]/O215, O215/[2,17], [2,17]/O215, O215/[2,23], [2,23]/O215, O215/[3,2], [3,2]/O215, O215/[3,3], [3,3]/O215, O215/[3,5], [3,5]/O215, O215/[3,7], [3,7]/O215, O215/[3,13], [3,13]/O215, O215/[3,19], [3,19]/O215, O215/[3,11], [3,11]/O215, O215/[3,17], [3,17]/O215, O215/[3,23], [3,23]/O215, O215/[5,2], [5,2]/O215, O215/[5,3], [5,3]/O215, O215/[5,5], [5,5]/O215, O215/[5,7], [5,7]/O215, O215/[5,13], [5,13]/O215, O215/[5,19], [5,19]/O215, O215/[5,11], [5,11]/O215, O215/[5,17], [5,17]/O215, O215/[5,23], [5,23]/O215, O215/[7,2], [7,2]/O215, O215/[7,3], [7,3]/O215, O215/[7,5], [7,5]/O215, O215/[7,7], [7,7]/O215, O215/[7,13], [7,13]/O215, O215/[7,19], [7,19]/O215, O215/[7,11], [7,11]/O215, O215/[7,17], [7,17]/O215, O215/[7,23], [7,23]/O215, O215/[13,2], [13,2]/O215, O215/[13,3], [13,3]/O215, O215/[13,5], [13,5]/O215, O215/[13,7], [13,7]/O215, O215/[13,11], [13,11]/O215, O215/[19,2], [19,2]/O215, O215/[19,3], [19,3]/O215, O215/[19,5], [19,5]/O215, O215/[19,7], [19,7]/O215, O215/[19,11], [19,11]/O215, O215/[11,2], [11,2]/O215, O215/[11,3], [11,3]/O215, O215/[11,5], [11,5]/O215, O215/[11,7], [11,7]/O215, O215/[11,13], [11,13]/O215, O215/[11,19], [11,19]/O215, O215/[11,11], [11,11]/O215, O215/[11,17], [11,17]/O215, O215/[11,23], [11,23]/O215, O215/[17,2], [17,2]/O215, O215/[17,3], [17,3]/O215, O215/[17,5], [17,5]/O215, O215/[17,7], [17,7]/O215, O215/[17,11], [17,11]/O215, O215/[23,2], [23,2]/O215, O215/[23,3], [23,3]/O215, O215/[23,5], [23,5]/O215, O215/[23,7], [23,7]/O215, O215/[23,11], [23,11]/O215, O215/2, 2/O215, O215/3, 3/O215, O215/5, 5/O215, O215/7, 7/O215, O215/13, 13/O215, O215/19, 19/O215, O215/11, 11/O215, O215/17, 17/O215, O215/23, 23/O215, 1/O215, [23,23]/O216, O216/[23,23], O216/4, 4/O216, O216/[2,3], [2,3]/O216, O216/[2,5], [2,5]/O216, O216/[2,7], [2,7]/O216, O216/[2,13], [2,13]/O216, O216/[2,19], [2,19]/O216, O216/[2,11], [2,11]/O216, O216/[2,17], [2,17]/O216, O216/[2,23], [2,23]/O216, O216/[3,2], [3,2]/O216, O216/[3,3], [3,3]/O216, O216/[3,5], [3,5]/O216, O216/[3,7], [3,7]/O216, O216/[3,13], [3,13]/O216, O216/[3,19], [3,19]/O216, O216/[3,11], [3,11]/O216, O216/[3,17], [3,17]/O216, O216/[3,23], [3,23]/O216, O216/[5,2], [5,2]/O216, O216/[5,3], [5,3]/O216, O216/[5,5], [5,5]/O216, O216/[5,7], [5,7]/O216, O216/[5,13], [5,13]/O216, O216/[5,19], [5,19]/O216, O216/[5,11], [5,11]/O216, O216/[5,17], [5,17]/O216, O216/[5,23], [5,23]/O216, O216/[7,2], [7,2]/O216, O216/[7,3], [7,3]/O216, O216/[7,5], [7,5]/O216, O216/[7,7], [7,7]/O216, O216/[7,13], [7,13]/O216, O216/[7,19], [7,19]/O216, O216/[7,11], [7,11]/O216, O216/[7,17], [7,17]/O216, O216/[7,23], [7,23]/O216, [19,23]/O216, O216/[19,23], O216/[11,2], [11,2]/O216, O216/[11,3], [11,3]/O216, O216/[11,5], [11,5]/O216, O216/[11,7], [11,7]/O216, O216/[11,13], [11,13]/O216, O216/[11,19], [11,19]/O216, O216/[11,11], [11,11]/O216, O216/[11,17], [11,17]/O216, O216/[11,23], [11,23]/O216, O216/2, 2/O216, O216/3, 3/O216, O216/5, 5/O216, O216/7, 7/O216, O216/13, 13/O216, O216/19, 19/O216, O216/11, 11/O216, O216/17, 17/O216, O216/23, 23/O216, 1/O216, [23,23]/O217, O217/[23,23], O217/4, 4/O217, O217/[2,3], [2,3]/O217, O217/[2,5], [2,5]/O217, O217/[2,7], [2,7]/O217, O217/[2,13], [2,13]/O217, O217/[2,19], [2,19]/O217, O217/[2,11], [2,11]/O217, O217/[2,17], [2,17]/O217, O217/[2,23], [2,23]/O217, O217/[3,2], [3,2]/O217, O217/[3,3], [3,3]/O217, O217/[3,5], [3,5]/O217, O217/[3,7], [3,7]/O217, O217/[3,13], [3,13]/O217, O217/[3,19], [3,19]/O217, O217/[3,11], [3,11]/O217, O217/[3,17], [3,17]/O217, O217/[3,23], [3,23]/O217, O217/[5,2], [5,2]/O217, O217/[5,3], [5,3]/O217, O217/[5,5], [5,5]/O217, O217/[5,7], [5,7]/O217, O217/[5,13], [5,13]/O217, O217/[5,19], [5,19]/O217, O217/[5,11], [5,11]/O217, O217/[5,17], [5,17]/O217, O217/[5,23], [5,23]/O217, O217/[7,2], [7,2]/O217, O217/[7,3], [7,3]/O217, O217/[7,5], [7,5]/O217, O217/[7,7], [7,7]/O217, O217/[7,13], [7,13]/O217, O217/[7,19], [7,19]/O217, O217/[7,11], [7,11]/O217, O217/[7,17], [7,17]/O217, O217/[7,23], [7,23]/O217, O217/[13,2], [13,2]/O217, O217/[13,3], [13,3]/O217, O217/[13,5], [13,5]/O217, O217/[13,7], [13,7]/O217, O217/[13,13], [13,13]/O217, O217/[13,19], [13,19]/O217, O217/[13,11], [13,11]/O217, O217/[13,17], [13,17]/O217, O217/[13,23], [13,23]/O217, O217/[19,2], [19,2]/O217, O217/[19,3], [19,3]/O217, O217/[19,5], [19,5]/O217, O217/[19,7], [19,7]/O217, O217/[19,13], [19,13]/O217, O217/[19,11], [19,11]/O217, O217/[19,17], [19,17]/O217, O217/[11,2], [11,2]/O217, O217/[11,3], [11,3]/O217, O217/[11,5], [11,5]/O217, O217/[11,7], [11,7]/O217, O217/[11,13], [11,13]/O217, O217/[11,19], [11,19]/O217, O217/[11,11], [11,11]/O217, O217/[11,17], [11,17]/O217, O217/[11,23], [11,23]/O217, O217/[17,2], [17,2]/O217, O217/[17,3], [17,3]/O217, O217/[17,5], [17,5]/O217, O217/[17,7], [17,7]/O217, O217/[17,13], [17,13]/O217, O217/[17,19], [17,19]/O217, O217/[17,11], [17,11]/O217, O217/[17,17], [17,17]/O217, O217/[17,23], [17,23]/O217, O217/[23,2], [23,2]/O217, O217/[23,3], [23,3]/O217, O217/[23,5], [23,5]/O217, O217/[23,7], [23,7]/O217, O217/[23,13], [23,13]/O217, O217/[23,11], [23,11]/O217, O217/[23,17], [23,17]/O217, O217/2, 2/O217, O217/3, 3/O217, O217/5, 5/O217, O217/7, 7/O217, O217/13, 13/O217, O217/19, 19/O217, O217/11, 11/O217, O217/17, 17/O217, O217/23, 23/O217, 1/O217, [23,23]/O218, O218/[23,23], O218/4, 4/O218, O218/[2,3], [2,3]/O218, O218/[2,5], [2,5]/O218, O218/[2,7], [2,7]/O218, O218/[2,13], [2,13]/O218, O218/[2,19], [2,19]/O218, O218/[2,11], [2,11]/O218, O218/[2,17], [2,17]/O218, O218/[2,23], [2,23]/O218, O218/[3,2], [3,2]/O218, O218/[3,3], [3,3]/O218, O218/[3,5], [3,5]/O218, O218/[3,7], [3,7]/O218, O218/[3,13], [3,13]/O218, O218/[3,19], [3,19]/O218, O218/[3,11], [3,11]/O218, O218/[3,17], [3,17]/O218, O218/[3,23], [3,23]/O218, O218/[5,2], [5,2]/O218, O218/[5,3], [5,3]/O218, O218/[5,5], [5,5]/O218, O218/[5,7], [5,7]/O218, O218/[5,13], [5,13]/O218, O218/[5,19], [5,19]/O218, O218/[5,11], [5,11]/O218, O218/[5,17], [5,17]/O218, O218/[5,23], [5,23]/O218, O218/[7,2], [7,2]/O218, O218/[7,3], [7,3]/O218, O218/[7,5], [7,5]/O218, O218/[7,7], [7,7]/O218, O218/[7,13], [7,13]/O218, O218/[7,19], [7,19]/O218, O218/[7,11], [7,11]/O218, O218/[7,17], [7,17]/O218, O218/[7,23], [7,23]/O218, O218/[13,2], [13,2]/O218, O218/[13,3], [13,3]/O218, O218/[13,5], [13,5]/O218, O218/[13,7], [13,7]/O218, O218/[13,13], [13,13]/O218, O218/[13,19], [13,19]/O218, O218/[13,11], [13,11]/O218, O218/[13,17], [13,17]/O218, O218/[13,23], [13,23]/O218, [19,23]/O218, O218/[19,23], O218/[11,2], [11,2]/O218, O218/[11,3], [11,3]/O218, O218/[11,5], [11,5]/O218, O218/[11,7], [11,7]/O218, O218/[11,13], [11,13]/O218, O218/[11,19], [11,19]/O218, O218/[11,11], [11,11]/O218, O218/[11,17], [11,17]/O218, O218/[11,23], [11,23]/O218, O218/[17,2], [17,2]/O218, O218/[17,3], [17,3]/O218, O218/[17,5], [17,5]/O218, O218/[17,7], [17,7]/O218, O218/[17,13], [17,13]/O218, O218/[17,19], [17,19]/O218, O218/[17,11], [17,11]/O218, O218/[17,17], [17,17]/O218, O218/[17,23], [17,23]/O218, O218/2, 2/O218, O218/3, 3/O218, O218/5, 5/O218, O218/7, 7/O218, O218/13, 13/O218, O218/19, 19/O218, O218/11, 11/O218, O218/17, 17/O218, O218/23, 23/O218, 1/O218), Pq([23,23]/4, 4/[23,23], [23,23]/[2,3], [2,3]/[23,23], [23,23]/[2,5], [2,5]/[23,23], [23,23]/[2,7], [2,7]/[23,23], [23,23]/[2,13], [2,13]/[23,23], [23,23]/[2,19], [2,19]/[23,23], [23,23]/[2,11], [2,11]/[23,23], [23,23]/[2,17], [2,17]/[23,23], [23,23]/[2,23], [2,23]/[23,23], [23,23]/[3,2], [3,2]/[23,23], [23,23]/[3,3], [3,3]/[23,23], [23,23]/[3,5], [3,5]/[23,23], [23,23]/[3,7], [3,7]/[23,23], [23,23]/[3,13], [3,13]/[23,23], [23,23]/[3,19], [3,19]/[23,23], [23,23]/[3,11], [3,11]/[23,23], [23,23]/[3,17], [3,17]/[23,23], [23,23]/[3,23], [3,23]/[23,23], [23,23]/[5,2], [5,2]/[23,23], [23,23]/[5,3], [5,3]/[23,23], [23,23]/[5,5], [5,5]/[23,23], [23,23]/[5,7], [5,7]/[23,23], [23,23]/[5,13], [5,13]/[23,23], [23,23]/[5,19], [5,19]/[23,23], [23,23]/[5,11], [5,11]/[23,23], [23,23]/[5,17], [5,17]/[23,23], [23,23]/[5,23], [5,23]/[23,23], [23,23]/[7,2], [7,2]/[23,23], [23,23]/[7,3], [7,3]/[23,23], [23,23]/[7,5], [7,5]/[23,23], [23,23]/[7,7], [7,7]/[23,23], [23,23]/[7,13], [7,13]/[23,23], [23,23]/[7,19], [7,19]/[23,23], [23,23]/[7,11], [7,11]/[23,23], [23,23]/[7,17], [7,17]/[23,23], [23,23]/[7,23], [7,23]/[23,23], [23,23]/[13,2], [13,2]/[23,23], [23,23]/[13,3], [13,3]/[23,23], [23,23]/[13,5], [13,5]/[23,23], [23,23]/[13,7], [13,7]/[23,23], [23,23]/[13,13], [13,13]/[23,23], [23,23]/[13,19], [13,19]/[23,23], [23,23]/[13,11], [13,11]/[23,23], [23,23]/[13,17], [13,17]/[23,23], [23,23]/[13,23], [13,23]/[23,23], [23,23]/[19,2], [19,2]/[23,23], [23,23]/[19,3], [19,3]/[23,23], [23,23]/[19,5], [19,5]/[23,23], [23,23]/[19,7], [19,7]/[23,23], [23,23]/[19,13], [19,13]/[23,23], [23,23]/[19,19], [19,19]/[23,23], [23,23]/[19,11], [19,11]/[23,23], [23,23]/[19,17], [19,17]/[23,23], [23,23]/[19,23], [19,23]/[23,23], [23,23]/[11,2], [11,2]/[23,23], [23,23]/[11,3], [11,3]/[23,23], [23,23]/[11,5], [11,5]/[23,23], [23,23]/[11,7], [11,7]/[23,23], [23,23]/[11,13], [11,13]/[23,23], [23,23]/[11,19], [11,19]/[23,23], [23,23]/[11,11], [11,11]/[23,23], [23,23]/[11,17], [11,17]/[23,23], [23,23]/[11,23], [11,23]/[23,23], [23,23]/[17,2], [17,2]/[23,23], [23,23]/[17,3], [17,3]/[23,23], [23,23]/[17,5], [17,5]/[23,23], [23,23]/[17,7], [17,7]/[23,23], [23,23]/[17,13], [17,13]/[23,23], [23,23]/[17,19], [17,19]/[23,23], [23,23]/[17,11], [17,11]/[23,23], [23,23]/[17,17], [17,17]/[23,23], [23,23]/[17,23], [17,23]/[23,23], [23,23]/[23,2], [23,2]/[23,23], [23,23]/[23,3], [23,3]/[23,23], [23,23]/[23,5], [23,5]/[23,23], [23,23]/[23,7], [23,7]/[23,23], [23,23]/[23,13], [23,13]/[23,23], [23,23]/[23,19], [23,19]/[23,23], [23,23]/[23,11], [23,11]/[23,23], [23,23]/[23,17], [23,17]/[23,23], [23,23]/2, 2/[23,23], [23,23]/3, 3/[23,23], [23,23]/5, 5/[23,23], [23,23]/7, 7/[23,23], [23,23]/13, 13/[23,23], [23,23]/19, 19/[23,23], [23,23]/11, 11/[23,23], [23,23]/17, 17/[23,23], [[23,23]/23, [2,23]/2, [3,23]/3, [5,23]/5, [7,23]/7, [13,23]/13, [19,23]/19, [11,23]/11, [17,23]/17], [23/[23,23], 2/[2,23], 3/[3,23], 5/[5,23], 7/[7,23], 13/[13,23], 19/[19,23], 11/[11,23], 17/[17,23], 1/23], [[23,23]/23, [23,2]/2, [23,3]/3, [23,5]/5, [23,7]/7, [23,13]/13, [23,19]/19, [23,11]/11, [23,17]/17], [23/[23,23], 2/[23,2], 3/[23,3], 5/[23,5], 7/[23,7], 13/[23,13], 19/[23,19], 11/[23,11], 17/[23,17], 1/23], 1/[23,23], [2,3]/4, 4/[2,3], [2,5]/4, 4/[2,5], [2,7]/4, 4/[2,7], [2,13]/4, 4/[2,13], [2,19]/4, 4/[2,19], [2,11]/4, 4/[2,11], [2,17]/4, 4/[2,17], [2,23]/4, 4/[2,23], [3,2]/4, 4/[3,2], [3,3]/4, 4/[3,3], [3,5]/4, 4/[3,5], [3,7]/4, 4/[3,7], [3,13]/4, 4/[3,13], [3,19]/4, 4/[3,19], [3,11]/4, 4/[3,11], [3,17]/4, 4/[3,17], [3,23]/4, 4/[3,23], [5,2]/4, 4/[5,2], [5,3]/4, 4/[5,3], [5,5]/4, 4/[5,5], [5,7]/4, 4/[5,7], [5,13]/4, 4/[5,13], [5,19]/4, 4/[5,19], [5,11]/4, 4/[5,11], [5,17]/4, 4/[5,17], [5,23]/4, 4/[5,23], [7,2]/4, 4/[7,2], [7,3]/4, 4/[7,3], [7,5]/4, 4/[7,5], [7,7]/4, 4/[7,7], [7,13]/4, 4/[7,13], [7,19]/4, 4/[7,19], [7,11]/4, 4/[7,11], [7,17]/4, 4/[7,17], [7,23]/4, 4/[7,23], [13,2]/4, 4/[13,2], [13,3]/4, 4/[13,3], [13,5]/4, 4/[13,5], [13,7]/4, 4/[13,7], [13,13]/4, 4/[13,13], [13,19]/4, 4/[13,19], [13,11]/4, 4/[13,11], [13,17]/4, 4/[13,17], [13,23]/4, 4/[13,23], [19,2]/4, 4/[19,2], [19,3]/4, 4/[19,3], [19,5]/4, 4/[19,5], [19,7]/4, 4/[19,7], [19,13]/4, 4/[19,13], [19,19]/4, 4/[19,19], [19,11]/4, 4/[19,11], [19,17]/4, 4/[19,17], [19,23]/4, 4/[19,23], [11,2]/4, 4/[11,2], [11,3]/4, 4/[11,3], [11,5]/4, 4/[11,5], [11,7]/4, 4/[11,7], [11,13]/4, 4/[11,13], [11,19]/4, 4/[11,19], [11,11]/4, 4/[11,11], [11,17]/4, 4/[11,17], [11,23]/4, 4/[11,23], [17,2]/4, 4/[17,2], [17,3]/4, 4/[17,3], [17,5]/4, 4/[17,5], [17,7]/4, 4/[17,7], [17,13]/4, 4/[17,13], [17,19]/4, 4/[17,19], [17,11]/4, 4/[17,11], [17,17]/4, 4/[17,17], [17,23]/4, 4/[17,23], [23,2]/4, 4/[23,2], [23,3]/4, 4/[23,3], [23,5]/4, 4/[23,5], [23,7]/4, 4/[23,7], [23,13]/4, 4/[23,13], [23,19]/4, 4/[23,19], [23,11]/4, 4/[23,11], [23,17]/4, 4/[23,17], [4/2, [3,2]/3, [5,2]/5, [7,2]/7, [13,2]/13, [19,2]/19, [11,2]/11, [17,2]/17, [23,2]/23], [2/4, 3/[3,2], 5/[5,2], 7/[7,2], 13/[13,2], 19/[19,2], 11/[11,2], 17/[17,2], 23/[23,2], 1/2], [4/2, [2,3]/3, [2,5]/5, [2,7]/7, [2,13]/13, [2,19]/19, [2,11]/11, [2,17]/17, [2,23]/23], [2/4, 3/[2,3], 5/[2,5], 7/[2,7], 13/[2,13], 19/[2,19], 11/[2,11], 17/[2,17], 23/[2,23], 1/2], 1/4, [2,5]/[2,3], [2,3]/[2,5], [2,7]/[2,3], [2,3]/[2,7], [2,13]/[2,3], [2,3]/[2,13], [2,19]/[2,3], [2,3]/[2,19], [2,11]/[2,3], [2,3]/[2,11], [2,17]/[2,3], [2,3]/[2,17], [2,23]/[2,3], [2,3]/[2,23], [3,3]/[2,3], [2,3]/[3,3], [3,5]/[2,3], [2,3]/[3,5], [3,7]/[2,3], [2,3]/[3,7], [3,13]/[2,3], [2,3]/[3,13], [3,19]/[2,3], [2,3]/[3,19], [3,11]/[2,3], [2,3]/[3,11], [3,17]/[2,3], [2,3]/[3,17], [3,23]/[2,3], [2,3]/[3,23], [5,3]/[2,3], [2,3]/[5,3], [5,5]/[2,3], [2,3]/[5,5], [5,7]/[2,3], [2,3]/[5,7], [5,13]/[2,3], [2,3]/[5,13], [5,19]/[2,3], [2,3]/[5,19], [5,11]/[2,3], [2,3]/[5,11], [5,17]/[2,3], [2,3]/[5,17], [5,23]/[2,3], [2,3]/[5,23], [7,3]/[2,3], [2,3]/[7,3], [7,5]/[2,3], [2,3]/[7,5], [7,7]/[2,3], [2,3]/[7,7], [7,13]/[2,3], [2,3]/[7,13], [7,19]/[2,3], [2,3]/[7,19], [7,11]/[2,3], [2,3]/[7,11], [7,17]/[2,3], [2,3]/[7,17], [7,23]/[2,3], [2,3]/[7,23], [13,3]/[2,3], [2,3]/[13,3], [13,5]/[2,3], [2,3]/[13,5], [13,7]/[2,3], [2,3]/[13,7], [13,13]/[2,3], [2,3]/[13,13], [13,19]/[2,3], [2,3]/[13,19], [13,11]/[2,3], [2,3]/[13,11], [13,17]/[2,3], [2,3]/[13,17], [13,23]/[2,3], [2,3]/[13,23], [19,3]/[2,3], [2,3]/[19,3], [19,5]/[2,3], [2,3]/[19,5], [19,7]/[2,3], [2,3]/[19,7], [19,13]/[2,3], [2,3]/[19,13], [19,19]/[2,3], [2,3]/[19,19], [19,11]/[2,3], [2,3]/[19,11], [19,17]/[2,3], [2,3]/[19,17], [19,23]/[2,3], [2,3]/[19,23], [11,3]/[2,3], [2,3]/[11,3], [11,5]/[2,3], [2,3]/[11,5], [11,7]/[2,3], [2,3]/[11,7], [11,13]/[2,3], [2,3]/[11,13], [11,19]/[2,3], [2,3]/[11,19], [11,11]/[2,3], [2,3]/[11,11], [11,17]/[2,3], [2,3]/[11,17], [11,23]/[2,3], [2,3]/[11,23], [17,3]/[2,3], [2,3]/[17,3], [17,5]/[2,3], [2,3]/[17,5], [17,7]/[2,3], [2,3]/[17,7], [17,13]/[2,3], [2,3]/[17,13], [17,19]/[2,3], [2,3]/[17,19], [17,11]/[2,3], [2,3]/[17,11], [17,17]/[2,3], [2,3]/[17,17], [17,23]/[2,3], [2,3]/[17,23], [23,3]/[2,3], [2,3]/[23,3], [23,5]/[2,3], [2,3]/[23,5], [23,7]/[2,3], [2,3]/[23,7], [23,13]/[2,3], [2,3]/[23,13], [23,19]/[2,3], [2,3]/[23,19], [23,11]/[2,3], [2,3]/[23,11], [23,17]/[2,3], [2,3]/[23,17], [[2,3]/2, [3,3]/3, [5,3]/5, [7,3]/7, [13,3]/13, [19,3]/19, [11,3]/11, [17,3]/17, [23,3]/23], [2/[2,3], 3/[3,3], 5/[5,3], 7/[7,3], 13/[13,3], 19/[19,3], 11/[11,3], 17/[17,3], 23/[23,3], 1/3], [2,3]/2, 2/[2,3], 1/[2,3], [2,7]/[2,5], [2,5]/[2,7], [2,13]/[2,5], [2,5]/[2,13], [2,19]/[2,5], [2,5]/[2,19], [2,11]/[2,5], [2,5]/[2,11], [2,17]/[2,5], [2,5]/[2,17], [2,23]/[2,5], [2,5]/[2,23], [3,5]/[2,5], [2,5]/[3,5], [3,7]/[2,5], [2,5]/[3,7], [3,13]/[2,5], [2,5]/[3,13], [3,19]/[2,5], [2,5]/[3,19], [3,11]/[2,5], [2,5]/[3,11], [3,17]/[2,5], [2,5]/[3,17], [3,23]/[2,5], [2,5]/[3,23], [5,5]/[2,5], [2,5]/[5,5], [5,7]/[2,5], [2,5]/[5,7], [5,13]/[2,5], [2,5]/[5,13], [5,19]/[2,5], [2,5]/[5,19], [5,11]/[2,5], [2,5]/[5,11], [5,17]/[2,5], [2,5]/[5,17], [5,23]/[2,5], [2,5]/[5,23], [7,5]/[2,5], [2,5]/[7,5], [7,7]/[2,5], [2,5]/[7,7], [7,13]/[2,5], [2,5]/[7,13], [7,19]/[2,5], [2,5]/[7,19], [7,11]/[2,5], [2,5]/[7,11], [7,17]/[2,5], [2,5]/[7,17], [7,23]/[2,5], [2,5]/[7,23], [13,5]/[2,5], [2,5]/[13,5], [13,7]/[2,5], [2,5]/[13,7], [13,13]/[2,5], [2,5]/[13,13], [13,19]/[2,5], [2,5]/[13,19], [13,11]/[2,5], [2,5]/[13,11], [13,17]/[2,5], [2,5]/[13,17], [13,23]/[2,5], [2,5]/[13,23], [19,5]/[2,5], [2,5]/[19,5], [19,7]/[2,5], [2,5]/[19,7], [19,13]/[2,5], [2,5]/[19,13], [19,19]/[2,5], [2,5]/[19,19], [19,11]/[2,5], [2,5]/[19,11], [19,17]/[2,5], [2,5]/[19,17], [19,23]/[2,5], [2,5]/[19,23], [11,5]/[2,5], [2,5]/[11,5], [11,7]/[2,5], [2,5]/[11,7], [11,13]/[2,5], [2,5]/[11,13], [11,19]/[2,5], [2,5]/[11,19], [11,11]/[2,5], [2,5]/[11,11], [11,17]/[2,5], [2,5]/[11,17], [11,23]/[2,5], [2,5]/[11,23], [17,5]/[2,5], [2,5]/[17,5], [17,7]/[2,5], [2,5]/[17,7], [17,13]/[2,5], [2,5]/[17,13], [17,19]/[2,5], [2,5]/[17,19], [17,11]/[2,5], [2,5]/[17,11], [17,17]/[2,5], [2,5]/[17,17], [17,23]/[2,5], [2,5]/[17,23], [23,5]/[2,5], [2,5]/[23,5], [23,7]/[2,5], [2,5]/[23,7], [23,13]/[2,5], [2,5]/[23,13], [23,19]/[2,5], [2,5]/[23,19], [23,11]/[2,5], [2,5]/[23,11], [23,17]/[2,5], [2,5]/[23,17], [[2,5]/2, [3,5]/3, [5,5]/5, [7,5]/7, [13,5]/13, [19,5]/19, [11,5]/11, [17,5]/17, [23,5]/23], [2/[2,5], 3/[3,5], 5/[5,5], 7/[7,5], 13/[13,5], 19/[19,5], 11/[11,5], 17/[17,5], 23/[23,5], 1/5], [2,5]/2, 2/[2,5], [2,5]/3, 3/[2,5], 1/[2,5], [2,13]/[2,7], [2,7]/[2,13], [2,19]/[2,7], [2,7]/[2,19], [2,11]/[2,7], [2,7]/[2,11], [2,17]/[2,7], [2,7]/[2,17], [2,23]/[2,7], [2,7]/[2,23], [3,7]/[2,7], [2,7]/[3,7], [3,13]/[2,7], [2,7]/[3,13], [3,19]/[2,7], [2,7]/[3,19], [3,11]/[2,7], [2,7]/[3,11], [3,17]/[2,7], [2,7]/[3,17], [3,23]/[2,7], [2,7]/[3,23], [5,7]/[2,7], [2,7]/[5,7], [5,13]/[2,7], [2,7]/[5,13], [5,19]/[2,7], [2,7]/[5,19], [5,11]/[2,7], [2,7]/[5,11], [5,17]/[2,7], [2,7]/[5,17], [5,23]/[2,7], [2,7]/[5,23], [7,7]/[2,7], [2,7]/[7,7], [7,13]/[2,7], [2,7]/[7,13], [7,19]/[2,7], [2,7]/[7,19], [7,11]/[2,7], [2,7]/[7,11], [7,17]/[2,7], [2,7]/[7,17], [7,23]/[2,7], [2,7]/[7,23], [13,7]/[2,7], [2,7]/[13,7], [13,13]/[2,7], [2,7]/[13,13], [13,19]/[2,7], [2,7]/[13,19], [13,11]/[2,7], [2,7]/[13,11], [13,17]/[2,7], [2,7]/[13,17], [13,23]/[2,7], [2,7]/[13,23], [19,7]/[2,7], [2,7]/[19,7], [19,13]/[2,7], [2,7]/[19,13], [19,19]/[2,7], [2,7]/[19,19], [19,11]/[2,7], [2,7]/[19,11], [19,17]/[2,7], [2,7]/[19,17], [19,23]/[2,7], [2,7]/[19,23], [11,7]/[2,7], [2,7]/[11,7], [11,13]/[2,7], [2,7]/[11,13], [11,19]/[2,7], [2,7]/[11,19], [11,11]/[2,7], [2,7]/[11,11], [11,17]/[2,7], [2,7]/[11,17], [11,23]/[2,7], [2,7]/[11,23], [17,7]/[2,7], [2,7]/[17,7], [17,13]/[2,7], [2,7]/[17,13], [17,19]/[2,7], [2,7]/[17,19], [17,11]/[2,7], [2,7]/[17,11], [17,17]/[2,7], [2,7]/[17,17], [17,23]/[2,7], [2,7]/[17,23], [23,7]/[2,7], [2,7]/[23,7], [23,13]/[2,7], [2,7]/[23,13], [23,19]/[2,7], [2,7]/[23,19], [23,11]/[2,7], [2,7]/[23,11], [23,17]/[2,7], [2,7]/[23,17], [[2,7]/2, [3,7]/3, [5,7]/5, [7,7]/7, [13,7]/13, [19,7]/19, [11,7]/11, [17,7]/17, [23,7]/23], [2/[2,7], 3/[3,7], 5/[5,7], 7/[7,7], 13/[13,7], 19/[19,7], 11/[11,7], 17/[17,7], 23/[23,7], 1/7], [2,7]/2, 2/[2,7], [2,7]/3, 3/[2,7], [2,7]/5, 5/[2,7], 1/[2,7], [2,19]/[2,13], [2,13]/[2,19], [2,13]/[2,11], [2,11]/[2,13], [2,17]/[2,13], [2,13]/[2,17], [2,23]/[2,13], [2,13]/[2,23], [3,13]/[2,13], [2,13]/[3,13], [3,19]/[2,13], [2,13]/[3,19], [3,17]/[2,13], [2,13]/[3,17], [3,23]/[2,13], [2,13]/[3,23], [5,13]/[2,13], [2,13]/[5,13], [5,19]/[2,13], [2,13]/[5,19], [5,17]/[2,13], [2,13]/[5,17], [5,23]/[2,13], [2,13]/[5,23], [7,13]/[2,13], [2,13]/[7,13], [7,19]/[2,13], [2,13]/[7,19], [7,17]/[2,13], [2,13]/[7,17], [7,23]/[2,13], [2,13]/[7,23], [13,13]/[2,13], [2,13]/[13,13], [13,19]/[2,13], [2,13]/[13,19], [13,17]/[2,13], [2,13]/[13,17], [13,23]/[2,13], [2,13]/[13,23], [19,13]/[2,13], [2,13]/[19,13], [19,19]/[2,13], [2,13]/[19,19], [19,17]/[2,13], [2,13]/[19,17], [19,23]/[2,13], [2,13]/[19,23], [11,13]/[2,13], [2,13]/[11,13], [11,19]/[2,13], [2,13]/[11,19], [11,17]/[2,13], [2,13]/[11,17], [11,23]/[2,13], [2,13]/[11,23], [17,13]/[2,13], [2,13]/[17,13], [17,19]/[2,13], [2,13]/[17,19], [17,17]/[2,13], [2,13]/[17,17], [17,23]/[2,13], [2,13]/[17,23], [23,13]/[2,13], [2,13]/[23,13], [23,19]/[2,13], [2,13]/[23,19], [23,17]/[2,13], [2,13]/[23,17], [[2,13]/2, [3,13]/3, [5,13]/5, [7,13]/7, [13,13]/13, [19,13]/19, [11,13]/11, [17,13]/17, [23,13]/23], [2/[2,13], 3/[3,13], 5/[5,13], 7/[7,13], 13/[13,13], 19/[19,13], 11/[11,13], 17/[17,13], 23/[23,13], 1/13], [2,13]/2, 2/[2,13], [2,13]/3, 3/[2,13], [2,13]/5, 5/[2,13], [2,13]/7, 7/[2,13], [2,13]/11, 11/[2,13], 1/[2,13], [2,19]/[2,11], [2,11]/[2,19], [2,19]/[2,17], [2,17]/[2,19], [2,23]/[2,19], [2,19]/[2,23], [3,19]/[2,19], [2,19]/[3,19], [3,23]/[2,19], [2,19]/[3,23], [5,19]/[2,19], [2,19]/[5,19], [5,23]/[2,19], [2,19]/[5,23], [7,19]/[2,19], [2,19]/[7,19], [7,23]/[2,19], [2,19]/[7,23], [13,19]/[2,19], [2,19]/[13,19], [13,23]/[2,19], [2,19]/[13,23], [19,19]/[2,19], [2,19]/[19,19], [19,23]/[2,19], [2,19]/[19,23], [11,19]/[2,19], [2,19]/[11,19], [11,23]/[2,19], [2,19]/[11,23], [17,19]/[2,19], [2,19]/[17,19], [17,23]/[2,19], [2,19]/[17,23], [23,19]/[2,19], [2,19]/[23,19], [[2,19]/2, [3,19]/3, [5,19]/5, [7,19]/7, [13,19]/13, [19,19]/19, [11,19]/11, [17,19]/17, [23,19]/23], [2/[2,19], 3/[3,19], 5/[5,19], 7/[7,19], 13/[13,19], 19/[19,19], 11/[11,19], 17/[17,19], 23/[23,19], 1/19], [2,19]/2, 2/[2,19], [2,19]/3, 3/[2,19], [2,19]/5, 5/[2,19], [2,19]/7, 7/[2,19], [2,19]/13, 13/[2,19], [2,19]/11, 11/[2,19], [2,19]/17, 17/[2,19], 1/[2,19], [2,17]/[2,11], [2,11]/[2,17], [2,23]/[2,11], [2,11]/[2,23], [3,13]/[2,11], [2,11]/[3,13], [3,19]/[2,11], [2,11]/[3,19], [3,11]/[2,11], [2,11]/[3,11], [3,17]/[2,11], [2,11]/[3,17], [3,23]/[2,11], [2,11]/[3,23], [5,13]/[2,11], [2,11]/[5,13], [5,19]/[2,11], [2,11]/[5,19], [5,11]/[2,11], [2,11]/[5,11], [5,17]/[2,11], [2,11]/[5,17], [5,23]/[2,11], [2,11]/[5,23], [7,13]/[2,11], [2,11]/[7,13], [7,19]/[2,11], [2,11]/[7,19], [7,11]/[2,11], [2,11]/[7,11], [7,17]/[2,11], [2,11]/[7,17], [7,23]/[2,11], [2,11]/[7,23], [13,13]/[2,11], [2,11]/[13,13], [13,19]/[2,11], [2,11]/[13,19], [13,11]/[2,11], [2,11]/[13,11], [13,17]/[2,11], [2,11]/[13,17], [13,23]/[2,11], [2,11]/[13,23], [19,13]/[2,11], [2,11]/[19,13], [19,19]/[2,11], [2,11]/[19,19], [19,11]/[2,11], [2,11]/[19,11], [19,17]/[2,11], [2,11]/[19,17], [19,23]/[2,11], [2,11]/[19,23], [11,13]/[2,11], [2,11]/[11,13], [11,19]/[2,11], [2,11]/[11,19], [11,11]/[2,11], [2,11]/[11,11], [11,17]/[2,11], [2,11]/[11,17], [11,23]/[2,11], [2,11]/[11,23], [17,13]/[2,11], [2,11]/[17,13], [17,19]/[2,11], [2,11]/[17,19], [17,11]/[2,11], [2,11]/[17,11], [17,17]/[2,11], [2,11]/[17,17], [17,23]/[2,11], [2,11]/[17,23], [23,13]/[2,11], [2,11]/[23,13], [23,19]/[2,11], [2,11]/[23,19], [23,11]/[2,11], [2,11]/[23,11], [23,17]/[2,11], [2,11]/[23,17], [[2,11]/2, [3,11]/3, [5,11]/5, [7,11]/7, [13,11]/13, [19,11]/19, [11,11]/11, [17,11]/17, [23,11]/23], [2/[2,11], 3/[3,11], 5/[5,11], 7/[7,11], 13/[13,11], 19/[19,11], 11/[11,11], 17/[17,11], 23/[23,11], 1/11], [2,11]/2, 2/[2,11], [2,11]/3, 3/[2,11], [2,11]/5, 5/[2,11], [2,11]/7, 7/[2,11], 1/[2,11], [2,23]/[2,17], [2,17]/[2,23], [3,19]/[2,17], [2,17]/[3,19], [3,17]/[2,17], [2,17]/[3,17], [3,23]/[2,17], [2,17]/[3,23], [5,19]/[2,17], [2,17]/[5,19], [5,17]/[2,17], [2,17]/[5,17], [5,23]/[2,17], [2,17]/[5,23], [7,19]/[2,17], [2,17]/[7,19], [7,17]/[2,17], [2,17]/[7,17], [7,23]/[2,17], [2,17]/[7,23], [13,19]/[2,17], [2,17]/[13,19], [13,17]/[2,17], [2,17]/[13,17], [13,23]/[2,17], [2,17]/[13,23], [19,19]/[2,17], [2,17]/[19,19], [19,17]/[2,17], [2,17]/[19,17], [19,23]/[2,17], [2,17]/[19,23], [11,19]/[2,17], [2,17]/[11,19], [11,17]/[2,17], [2,17]/[11,17], [11,23]/[2,17], [2,17]/[11,23], [17,19]/[2,17], [2,17]/[17,19], [17,17]/[2,17], [2,17]/[17,17], [17,23]/[2,17], [2,17]/[17,23], [23,19]/[2,17], [2,17]/[23,19], [23,17]/[2,17], [2,17]/[23,17], [[2,17]/2, [3,17]/3, [5,17]/5, [7,17]/7, [13,17]/13, [19,17]/19, [11,17]/11, [17,17]/17, [23,17]/23], [2/[2,17], 3/[3,17], 5/[5,17], 7/[7,17], 13/[13,17], 19/[19,17], 11/[11,17], 17/[17,17], 23/[23,17], 1/17], [2,17]/2, 2/[2,17], [2,17]/3, 3/[2,17], [2,17]/5, 5/[2,17], [2,17]/7, 7/[2,17], [2,17]/13, 13/[2,17], [2,17]/11, 11/[2,17], 1/[2,17], [3,23]/[2,23], [2,23]/[3,23], [5,23]/[2,23], [2,23]/[5,23], [7,23]/[2,23], [2,23]/[7,23], [13,23]/[2,23], [2,23]/[13,23], [19,23]/[2,23], [2,23]/[19,23], [11,23]/[2,23], [2,23]/[11,23], [17,23]/[2,23], [2,23]/[17,23], [2,23]/2, 2/[2,23], [2,23]/3, 3/[2,23], [2,23]/5, 5/[2,23], [2,23]/7, 7/[2,23], [2,23]/13, 13/[2,23], [2,23]/19, 19/[2,23], [2,23]/11, 11/[2,23], [2,23]/17, 17/[2,23], 1/[2,23], [3,3]/[3,2], [3,2]/[3,3], [3,5]/[3,2], [3,2]/[3,5], [3,7]/[3,2], [3,2]/[3,7], [3,13]/[3,2], [3,2]/[3,13], [3,19]/[3,2], [3,2]/[3,19], [3,11]/[3,2], [3,2]/[3,11], [3,17]/[3,2], [3,2]/[3,17], [3,23]/[3,2], [3,2]/[3,23], [5,2]/[3,2], [3,2]/[5,2], [5,3]/[3,2], [3,2]/[5,3], [5,5]/[3,2], [3,2]/[5,5], [5,7]/[3,2], [3,2]/[5,7], [5,13]/[3,2], [3,2]/[5,13], [5,19]/[3,2], [3,2]/[5,19], [5,11]/[3,2], [3,2]/[5,11], [5,17]/[3,2], [3,2]/[5,17], [5,23]/[3,2], [3,2]/[5,23], [7,2]/[3,2], [3,2]/[7,2], [7,3]/[3,2], [3,2]/[7,3], [7,5]/[3,2], [3,2]/[7,5], [7,7]/[3,2], [3,2]/[7,7], [7,13]/[3,2], [3,2]/[7,13], [7,19]/[3,2], [3,2]/[7,19], [7,11]/[3,2], [3,2]/[7,11], [7,17]/[3,2], [3,2]/[7,17], [7,23]/[3,2], [3,2]/[7,23], [13,2]/[3,2], [3,2]/[13,2], [13,3]/[3,2], [3,2]/[13,3], [13,5]/[3,2], [3,2]/[13,5], [13,7]/[3,2], [3,2]/[13,7], [13,13]/[3,2], [3,2]/[13,13], [13,19]/[3,2], [3,2]/[13,19], [13,11]/[3,2], [3,2]/[13,11], [13,17]/[3,2], [3,2]/[13,17], [13,23]/[3,2], [3,2]/[13,23], [19,2]/[3,2], [3,2]/[19,2], [19,3]/[3,2], [3,2]/[19,3], [19,5]/[3,2], [3,2]/[19,5], [19,7]/[3,2], [3,2]/[19,7], [19,13]/[3,2], [3,2]/[19,13], [19,19]/[3,2], [3,2]/[19,19], [19,11]/[3,2], [3,2]/[19,11], [19,17]/[3,2], [3,2]/[19,17], [19,23]/[3,2], [3,2]/[19,23], [11,2]/[3,2], [3,2]/[11,2], [11,3]/[3,2], [3,2]/[11,3], [11,5]/[3,2], [3,2]/[11,5], [11,7]/[3,2], [3,2]/[11,7], [11,13]/[3,2], [3,2]/[11,13], [11,19]/[3,2], [3,2]/[11,19], [11,11]/[3,2], [3,2]/[11,11], [11,17]/[3,2], [3,2]/[11,17], [11,23]/[3,2], [3,2]/[11,23], [17,2]/[3,2], [3,2]/[17,2], [17,3]/[3,2], [3,2]/[17,3], [17,5]/[3,2], [3,2]/[17,5], [17,7]/[3,2], [3,2]/[17,7], [17,13]/[3,2], [3,2]/[17,13], [17,19]/[3,2], [3,2]/[17,19], [17,11]/[3,2], [3,2]/[17,11], [17,17]/[3,2], [3,2]/[17,17], [17,23]/[3,2], [3,2]/[17,23], [23,2]/[3,2], [3,2]/[23,2], [23,3]/[3,2], [3,2]/[23,3], [23,5]/[3,2], [3,2]/[23,5], [23,7]/[3,2], [3,2]/[23,7], [23,13]/[3,2], [3,2]/[23,13], [23,19]/[3,2], [3,2]/[23,19], [23,11]/[3,2], [3,2]/[23,11], [23,17]/[3,2], [3,2]/[23,17], [3,2]/2, 2/[3,2], [[3,2]/2, [3,3]/3, [3,5]/5, [3,7]/7, [3,13]/13, [3,19]/19, [3,11]/11, [3,17]/17, [3,23]/23], [2/[3,2], 3/[3,3], 5/[3,5], 7/[3,7], 13/[3,13], 19/[3,19], 11/[3,11], 17/[3,17], 23/[3,23], 1/3], 1/[3,2], [3,5]/[3,3], [3,3]/[3,5], [3,7]/[3,3], [3,3]/[3,7], [3,13]/[3,3], [3,3]/[3,13], [3,19]/[3,3], [3,3]/[3,19], [3,11]/[3,3], [3,3]/[3,11], [3,17]/[3,3], [3,3]/[3,17], [3,23]/[3,3], [3,3]/[3,23], [5,3]/[3,3], [3,3]/[5,3], [5,5]/[3,3], [3,3]/[5,5], [5,7]/[3,3], [3,3]/[5,7], [5,13]/[3,3], [3,3]/[5,13], [5,19]/[3,3], [3,3]/[5,19], [5,11]/[3,3], [3,3]/[5,11], [5,17]/[3,3], [3,3]/[5,17], [5,23]/[3,3], [3,3]/[5,23], [7,3]/[3,3], [3,3]/[7,3], [7,5]/[3,3], [3,3]/[7,5], [7,7]/[3,3], [3,3]/[7,7], [7,13]/[3,3], [3,3]/[7,13], [7,19]/[3,3], [3,3]/[7,19], [7,11]/[3,3], [3,3]/[7,11], [7,17]/[3,3], [3,3]/[7,17], [7,23]/[3,3], [3,3]/[7,23], [13,3]/[3,3], [3,3]/[13,3], [13,5]/[3,3], [3,3]/[13,5], [13,7]/[3,3], [3,3]/[13,7], [13,13]/[3,3], [3,3]/[13,13], [13,19]/[3,3], [3,3]/[13,19], [13,11]/[3,3], [3,3]/[13,11], [13,17]/[3,3], [3,3]/[13,17], [13,23]/[3,3], [3,3]/[13,23], [19,3]/[3,3], [3,3]/[19,3], [19,5]/[3,3], [3,3]/[19,5], [19,7]/[3,3], [3,3]/[19,7], [19,13]/[3,3], [3,3]/[19,13], [19,19]/[3,3], [3,3]/[19,19], [19,11]/[3,3], [3,3]/[19,11], [19,17]/[3,3], [3,3]/[19,17], [19,23]/[3,3], [3,3]/[19,23], [11,3]/[3,3], [3,3]/[11,3], [11,5]/[3,3], [3,3]/[11,5], [11,7]/[3,3], [3,3]/[11,7], [11,13]/[3,3], [3,3]/[11,13], [11,19]/[3,3], [3,3]/[11,19], [11,11]/[3,3], [3,3]/[11,11], [11,17]/[3,3], [3,3]/[11,17], [11,23]/[3,3], [3,3]/[11,23], [17,3]/[3,3], [3,3]/[17,3], [17,5]/[3,3], [3,3]/[17,5], [17,7]/[3,3], [3,3]/[17,7], [17,13]/[3,3], [3,3]/[17,13], [17,19]/[3,3], [3,3]/[17,19], [17,11]/[3,3], [3,3]/[17,11], [17,17]/[3,3], [3,3]/[17,17], [17,23]/[3,3], [3,3]/[17,23], [23,3]/[3,3], [3,3]/[23,3], [23,5]/[3,3], [3,3]/[23,5], [23,7]/[3,3], [3,3]/[23,7], [23,13]/[3,3], [3,3]/[23,13], [23,19]/[3,3], [3,3]/[23,19], [23,11]/[3,3], [3,3]/[23,11], [23,17]/[3,3], [3,3]/[23,17], [3,3]/2, 2/[3,3], 1/[3,3], [3,7]/[3,5], [3,5]/[3,7], [3,13]/[3,5], [3,5]/[3,13], [3,19]/[3,5], [3,5]/[3,19], [3,11]/[3,5], [3,5]/[3,11], [3,17]/[3,5], [3,5]/[3,17], [3,23]/[3,5], [3,5]/[3,23], [5,5]/[3,5], [3,5]/[5,5], [5,7]/[3,5], [3,5]/[5,7], [5,13]/[3,5], [3,5]/[5,13], [5,19]/[3,5], [3,5]/[5,19], [5,11]/[3,5], [3,5]/[5,11], [5,17]/[3,5], [3,5]/[5,17], [5,23]/[3,5], [3,5]/[5,23], [7,5]/[3,5], [3,5]/[7,5], [7,7]/[3,5], [3,5]/[7,7], [7,13]/[3,5], [3,5]/[7,13], [7,19]/[3,5], [3,5]/[7,19], [7,11]/[3,5], [3,5]/[7,11], [7,17]/[3,5], [3,5]/[7,17], [7,23]/[3,5], [3,5]/[7,23], [13,5]/[3,5], [3,5]/[13,5], [13,7]/[3,5], [3,5]/[13,7], [13,13]/[3,5], [3,5]/[13,13], [13,19]/[3,5], [3,5]/[13,19], [13,11]/[3,5], [3,5]/[13,11], [13,17]/[3,5], [3,5]/[13,17], [13,23]/[3,5], [3,5]/[13,23], [19,5]/[3,5], [3,5]/[19,5], [19,7]/[3,5], [3,5]/[19,7], [19,13]/[3,5], [3,5]/[19,13], [19,19]/[3,5], [3,5]/[19,19], [19,11]/[3,5], [3,5]/[19,11], [19,17]/[3,5], [3,5]/[19,17], [19,23]/[3,5], [3,5]/[19,23], [11,5]/[3,5], [3,5]/[11,5], [11,7]/[3,5], [3,5]/[11,7], [11,13]/[3,5], [3,5]/[11,13], [11,19]/[3,5], [3,5]/[11,19], [11,11]/[3,5], [3,5]/[11,11], [11,17]/[3,5], [3,5]/[11,17], [11,23]/[3,5], [3,5]/[11,23], [17,5]/[3,5], [3,5]/[17,5], [17,7]/[3,5], [3,5]/[17,7], [17,13]/[3,5], [3,5]/[17,13], [17,19]/[3,5], [3,5]/[17,19], [17,11]/[3,5], [3,5]/[17,11], [17,17]/[3,5], [3,5]/[17,17], [17,23]/[3,5], [3,5]/[17,23], [23,5]/[3,5], [3,5]/[23,5], [23,7]/[3,5], [3,5]/[23,7], [23,13]/[3,5], [3,5]/[23,13], [23,19]/[3,5], [3,5]/[23,19], [23,11]/[3,5], [3,5]/[23,11], [23,17]/[3,5], [3,5]/[23,17], [3,5]/2, 2/[3,5], [3,5]/3, 3/[3,5], 1/[3,5], [3,13]/[3,7], [3,7]/[3,13], [3,19]/[3,7], [3,7]/[3,19], [3,11]/[3,7], [3,7]/[3,11], [3,17]/[3,7], [3,7]/[3,17], [3,23]/[3,7], [3,7]/[3,23], [5,7]/[3,7], [3,7]/[5,7], [5,13]/[3,7], [3,7]/[5,13], [5,19]/[3,7], [3,7]/[5,19], [5,11]/[3,7], [3,7]/[5,11], [5,17]/[3,7], [3,7]/[5,17], [5,23]/[3,7], [3,7]/[5,23], [7,7]/[3,7], [3,7]/[7,7], [7,13]/[3,7], [3,7]/[7,13], [7,19]/[3,7], [3,7]/[7,19], [7,11]/[3,7], [3,7]/[7,11], [7,17]/[3,7], [3,7]/[7,17], [7,23]/[3,7], [3,7]/[7,23], [13,7]/[3,7], [3,7]/[13,7], [13,13]/[3,7], [3,7]/[13,13], [13,19]/[3,7], [3,7]/[13,19], [13,11]/[3,7], [3,7]/[13,11], [13,17]/[3,7], [3,7]/[13,17], [13,23]/[3,7], [3,7]/[13,23], [19,7]/[3,7], [3,7]/[19,7], [19,13]/[3,7], [3,7]/[19,13], [19,19]/[3,7], [3,7]/[19,19], [19,11]/[3,7], [3,7]/[19,11], [19,17]/[3,7], [3,7]/[19,17], [19,23]/[3,7], [3,7]/[19,23], [11,7]/[3,7], [3,7]/[11,7], [11,13]/[3,7], [3,7]/[11,13], [11,19]/[3,7], [3,7]/[11,19], [11,11]/[3,7], [3,7]/[11,11], [11,17]/[3,7], [3,7]/[11,17], [11,23]/[3,7], [3,7]/[11,23], [17,7]/[3,7], [3,7]/[17,7], [17,13]/[3,7], [3,7]/[17,13], [17,19]/[3,7], [3,7]/[17,19], [17,11]/[3,7], [3,7]/[17,11], [17,17]/[3,7], [3,7]/[17,17], [17,23]/[3,7], [3,7]/[17,23], [23,7]/[3,7], [3,7]/[23,7], [23,13]/[3,7], [3,7]/[23,13], [23,19]/[3,7], [3,7]/[23,19], [23,11]/[3,7], [3,7]/[23,11], [23,17]/[3,7], [3,7]/[23,17], [3,7]/2, 2/[3,7], [3,7]/3, 3/[3,7], [3,7]/5, 5/[3,7], 1/[3,7], [3,19]/[3,13], [3,13]/[3,19], [3,13]/[3,11], [3,11]/[3,13], [3,17]/[3,13], [3,13]/[3,17], [3,23]/[3,13], [3,13]/[3,23], [5,13]/[3,13], [3,13]/[5,13], [5,19]/[3,13], [3,13]/[5,19], [5,17]/[3,13], [3,13]/[5,17], [5,23]/[3,13], [3,13]/[5,23], [7,13]/[3,13], [3,13]/[7,13], [7,19]/[3,13], [3,13]/[7,19], [7,17]/[3,13], [3,13]/[7,17], [7,23]/[3,13], [3,13]/[7,23], [13,13]/[3,13], [3,13]/[13,13], [13,19]/[3,13], [3,13]/[13,19], [13,17]/[3,13], [3,13]/[13,17], [13,23]/[3,13], [3,13]/[13,23], [19,13]/[3,13], [3,13]/[19,13], [19,19]/[3,13], [3,13]/[19,19], [19,17]/[3,13], [3,13]/[19,17], [19,23]/[3,13], [3,13]/[19,23], [11,13]/[3,13], [3,13]/[11,13], [11,19]/[3,13], [3,13]/[11,19], [11,17]/[3,13], [3,13]/[11,17], [11,23]/[3,13], [3,13]/[11,23], [17,13]/[3,13], [3,13]/[17,13], [17,19]/[3,13], [3,13]/[17,19], [17,17]/[3,13], [3,13]/[17,17], [17,23]/[3,13], [3,13]/[17,23], [23,13]/[3,13], [3,13]/[23,13], [23,19]/[3,13], [3,13]/[23,19], [23,17]/[3,13], [3,13]/[23,17], [3,13]/2, 2/[3,13], [3,13]/3, 3/[3,13], [3,13]/5, 5/[3,13], [3,13]/7, 7/[3,13], [3,13]/11, 11/[3,13], 1/[3,13], [3,19]/[3,11], [3,11]/[3,19], [3,19]/[3,17], [3,17]/[3,19], [3,23]/[3,19], [3,19]/[3,23], [5,19]/[3,19], [3,19]/[5,19], [5,23]/[3,19], [3,19]/[5,23], [7,19]/[3,19], [3,19]/[7,19], [7,23]/[3,19], [3,19]/[7,23], [13,19]/[3,19], [3,19]/[13,19], [13,23]/[3,19], [3,19]/[13,23], [19,19]/[3,19], [3,19]/[19,19], [19,23]/[3,19], [3,19]/[19,23], [11,19]/[3,19], [3,19]/[11,19], [11,23]/[3,19], [3,19]/[11,23], [17,19]/[3,19], [3,19]/[17,19], [17,23]/[3,19], [3,19]/[17,23], [23,19]/[3,19], [3,19]/[23,19], [3,19]/2, 2/[3,19], [3,19]/3, 3/[3,19], [3,19]/5, 5/[3,19], [3,19]/7, 7/[3,19], [3,19]/13, 13/[3,19], [3,19]/11, 11/[3,19], [3,19]/17, 17/[3,19], 1/[3,19], [3,17]/[3,11], [3,11]/[3,17], [3,23]/[3,11], [3,11]/[3,23], [5,13]/[3,11], [3,11]/[5,13], [5,19]/[3,11], [3,11]/[5,19], [5,11]/[3,11], [3,11]/[5,11], [5,17]/[3,11], [3,11]/[5,17], [5,23]/[3,11], [3,11]/[5,23], [7,13]/[3,11], [3,11]/[7,13], [7,19]/[3,11], [3,11]/[7,19], [7,11]/[3,11], [3,11]/[7,11], [7,17]/[3,11], [3,11]/[7,17], [7,23]/[3,11], [3,11]/[7,23], [13,13]/[3,11], [3,11]/[13,13], [13,19]/[3,11], [3,11]/[13,19], [13,11]/[3,11], [3,11]/[13,11], [13,17]/[3,11], [3,11]/[13,17], [13,23]/[3,11], [3,11]/[13,23], [19,13]/[3,11], [3,11]/[19,13], [19,19]/[3,11], [3,11]/[19,19], [19,11]/[3,11], [3,11]/[19,11], [19,17]/[3,11], [3,11]/[19,17], [19,23]/[3,11], [3,11]/[19,23], [11,13]/[3,11], [3,11]/[11,13], [11,19]/[3,11], [3,11]/[11,19], [11,11]/[3,11], [3,11]/[11,11], [11,17]/[3,11], [3,11]/[11,17], [11,23]/[3,11], [3,11]/[11,23], [17,13]/[3,11], [3,11]/[17,13], [17,19]/[3,11], [3,11]/[17,19], [17,11]/[3,11], [3,11]/[17,11], [17,17]/[3,11], [3,11]/[17,17], [17,23]/[3,11], [3,11]/[17,23], [23,13]/[3,11], [3,11]/[23,13], [23,19]/[3,11], [3,11]/[23,19], [23,11]/[3,11], [3,11]/[23,11], [23,17]/[3,11], [3,11]/[23,17], [3,11]/2, 2/[3,11], [3,11]/3, 3/[3,11], [3,11]/5, 5/[3,11], [3,11]/7, 7/[3,11], 1/[3,11], [3,23]/[3,17], [3,17]/[3,23], [5,19]/[3,17], [3,17]/[5,19], [5,17]/[3,17], [3,17]/[5,17], [5,23]/[3,17], [3,17]/[5,23], [7,19]/[3,17], [3,17]/[7,19], [7,17]/[3,17], [3,17]/[7,17], [7,23]/[3,17], [3,17]/[7,23], [13,19]/[3,17], [3,17]/[13,19], [13,17]/[3,17], [3,17]/[13,17], [13,23]/[3,17], [3,17]/[13,23], [19,19]/[3,17], [3,17]/[19,19], [19,17]/[3,17], [3,17]/[19,17], [19,23]/[3,17], [3,17]/[19,23], [11,19]/[3,17], [3,17]/[11,19], [11,17]/[3,17], [3,17]/[11,17], [11,23]/[3,17], [3,17]/[11,23], [17,19]/[3,17], [3,17]/[17,19], [17,17]/[3,17], [3,17]/[17,17], [17,23]/[3,17], [3,17]/[17,23], [23,19]/[3,17], [3,17]/[23,19], [23,17]/[3,17], [3,17]/[23,17], [3,17]/2, 2/[3,17], [3,17]/3, 3/[3,17], [3,17]/5, 5/[3,17], [3,17]/7, 7/[3,17], [3,17]/13, 13/[3,17], [3,17]/11, 11/[3,17], 1/[3,17], [5,23]/[3,23], [3,23]/[5,23], [7,23]/[3,23], [3,23]/[7,23], [13,23]/[3,23], [3,23]/[13,23], [19,23]/[3,23], [3,23]/[19,23], [11,23]/[3,23], [3,23]/[11,23], [17,23]/[3,23], [3,23]/[17,23], [3,23]/2, 2/[3,23], [3,23]/3, 3/[3,23], [3,23]/5, 5/[3,23], [3,23]/7, 7/[3,23], [3,23]/13, 13/[3,23], [3,23]/19, 19/[3,23], [3,23]/11, 11/[3,23], [3,23]/17, 17/[3,23], 1/[3,23], [5,3]/[5,2], [5,2]/[5,3], [5,5]/[5,2], [5,2]/[5,5], [5,7]/[5,2], [5,2]/[5,7], [5,13]/[5,2], [5,2]/[5,13], [5,19]/[5,2], [5,2]/[5,19], [5,11]/[5,2], [5,2]/[5,11], [5,17]/[5,2], [5,2]/[5,17], [5,23]/[5,2], [5,2]/[5,23], [7,2]/[5,2], [5,2]/[7,2], [7,3]/[5,2], [5,2]/[7,3], [7,5]/[5,2], [5,2]/[7,5], [7,7]/[5,2], [5,2]/[7,7], [7,13]/[5,2], [5,2]/[7,13], [7,19]/[5,2], [5,2]/[7,19], [7,11]/[5,2], [5,2]/[7,11], [7,17]/[5,2], [5,2]/[7,17], [7,23]/[5,2], [5,2]/[7,23], [13,2]/[5,2], [5,2]/[13,2], [13,3]/[5,2], [5,2]/[13,3], [13,5]/[5,2], [5,2]/[13,5], [13,7]/[5,2], [5,2]/[13,7], [13,13]/[5,2], [5,2]/[13,13], [13,19]/[5,2], [5,2]/[13,19], [13,11]/[5,2], [5,2]/[13,11], [13,17]/[5,2], [5,2]/[13,17], [13,23]/[5,2], [5,2]/[13,23], [19,2]/[5,2], [5,2]/[19,2], [19,3]/[5,2], [5,2]/[19,3], [19,5]/[5,2], [5,2]/[19,5], [19,7]/[5,2], [5,2]/[19,7], [19,13]/[5,2], [5,2]/[19,13], [19,19]/[5,2], [5,2]/[19,19], [19,11]/[5,2], [5,2]/[19,11], [19,17]/[5,2], [5,2]/[19,17], [19,23]/[5,2], [5,2]/[19,23], [11,2]/[5,2], [5,2]/[11,2], [11,3]/[5,2], [5,2]/[11,3], [11,5]/[5,2], [5,2]/[11,5], [11,7]/[5,2], [5,2]/[11,7], [11,13]/[5,2], [5,2]/[11,13], [11,19]/[5,2], [5,2]/[11,19], [11,11]/[5,2], [5,2]/[11,11], [11,17]/[5,2], [5,2]/[11,17], [11,23]/[5,2], [5,2]/[11,23], [17,2]/[5,2], [5,2]/[17,2], [17,3]/[5,2], [5,2]/[17,3], [17,5]/[5,2], [5,2]/[17,5], [17,7]/[5,2], [5,2]/[17,7], [17,13]/[5,2], [5,2]/[17,13], [17,19]/[5,2], [5,2]/[17,19], [17,11]/[5,2], [5,2]/[17,11], [17,17]/[5,2], [5,2]/[17,17], [17,23]/[5,2], [5,2]/[17,23], [23,2]/[5,2], [5,2]/[23,2], [23,3]/[5,2], [5,2]/[23,3], [23,5]/[5,2], [5,2]/[23,5], [23,7]/[5,2], [5,2]/[23,7], [23,13]/[5,2], [5,2]/[23,13], [23,19]/[5,2], [5,2]/[23,19], [23,11]/[5,2], [5,2]/[23,11], [23,17]/[5,2], [5,2]/[23,17], [5,2]/2, 2/[5,2], [[5,2]/2, [5,3]/3, [5,5]/5, [5,7]/7, [5,13]/13, [5,19]/19, [5,11]/11, [5,17]/17, [5,23]/23], [2/[5,2], 3/[5,3], 5/[5,5], 7/[5,7], 13/[5,13], 19/[5,19], 11/[5,11], 17/[5,17], 23/[5,23], 1/5], [5,2]/3, 3/[5,2], 1/[5,2], [5,5]/[5,3], [5,3]/[5,5], [5,7]/[5,3], [5,3]/[5,7], [5,13]/[5,3], [5,3]/[5,13], [5,19]/[5,3], [5,3]/[5,19], [5,11]/[5,3], [5,3]/[5,11], [5,17]/[5,3], [5,3]/[5,17], [5,23]/[5,3], [5,3]/[5,23], [7,3]/[5,3], [5,3]/[7,3], [7,5]/[5,3], [5,3]/[7,5], [7,7]/[5,3], [5,3]/[7,7], [7,13]/[5,3], [5,3]/[7,13], [7,19]/[5,3], [5,3]/[7,19], [7,11]/[5,3], [5,3]/[7,11], [7,17]/[5,3], [5,3]/[7,17], [7,23]/[5,3], [5,3]/[7,23], [13,3]/[5,3], [5,3]/[13,3], [13,5]/[5,3], [5,3]/[13,5], [13,7]/[5,3], [5,3]/[13,7], [13,13]/[5,3], [5,3]/[13,13], [13,19]/[5,3], [5,3]/[13,19], [13,11]/[5,3], [5,3]/[13,11], [13,17]/[5,3], [5,3]/[13,17], [13,23]/[5,3], [5,3]/[13,23], [19,3]/[5,3], [5,3]/[19,3], [19,5]/[5,3], [5,3]/[19,5], [19,7]/[5,3], [5,3]/[19,7], [19,13]/[5,3], [5,3]/[19,13], [19,19]/[5,3], [5,3]/[19,19], [19,11]/[5,3], [5,3]/[19,11], [19,17]/[5,3], [5,3]/[19,17], [19,23]/[5,3], [5,3]/[19,23], [11,3]/[5,3], [5,3]/[11,3], [11,5]/[5,3], [5,3]/[11,5], [11,7]/[5,3], [5,3]/[11,7], [11,13]/[5,3], [5,3]/[11,13], [11,19]/[5,3], [5,3]/[11,19], [11,11]/[5,3], [5,3]/[11,11], [11,17]/[5,3], [5,3]/[11,17], [11,23]/[5,3], [5,3]/[11,23], [17,3]/[5,3], [5,3]/[17,3], [17,5]/[5,3], [5,3]/[17,5], [17,7]/[5,3], [5,3]/[17,7], [17,13]/[5,3], [5,3]/[17,13], [17,19]/[5,3], [5,3]/[17,19], [17,11]/[5,3], [5,3]/[17,11], [17,17]/[5,3], [5,3]/[17,17], [17,23]/[5,3], [5,3]/[17,23], [23,3]/[5,3], [5,3]/[23,3], [23,5]/[5,3], [5,3]/[23,5], [23,7]/[5,3], [5,3]/[23,7], [23,13]/[5,3], [5,3]/[23,13], [23,19]/[5,3], [5,3]/[23,19], [23,11]/[5,3], [5,3]/[23,11], [23,17]/[5,3], [5,3]/[23,17], [5,3]/2, 2/[5,3], [5,3]/3, 3/[5,3], 1/[5,3], [5,7]/[5,5], [5,5]/[5,7], [5,13]/[5,5], [5,5]/[5,13], [5,19]/[5,5], [5,5]/[5,19], [5,11]/[5,5], [5,5]/[5,11], [5,17]/[5,5], [5,5]/[5,17], [5,23]/[5,5], [5,5]/[5,23], [7,5]/[5,5], [5,5]/[7,5], [7,7]/[5,5], [5,5]/[7,7], [7,13]/[5,5], [5,5]/[7,13], [7,19]/[5,5], [5,5]/[7,19], [7,11]/[5,5], [5,5]/[7,11], [7,17]/[5,5], [5,5]/[7,17], [7,23]/[5,5], [5,5]/[7,23], [13,5]/[5,5], [5,5]/[13,5], [13,7]/[5,5], [5,5]/[13,7], [13,13]/[5,5], [5,5]/[13,13], [13,19]/[5,5], [5,5]/[13,19], [13,11]/[5,5], [5,5]/[13,11], [13,17]/[5,5], [5,5]/[13,17], [13,23]/[5,5], [5,5]/[13,23], [19,5]/[5,5], [5,5]/[19,5], [19,7]/[5,5], [5,5]/[19,7], [19,13]/[5,5], [5,5]/[19,13], [19,19]/[5,5], [5,5]/[19,19], [19,11]/[5,5], [5,5]/[19,11], [19,17]/[5,5], [5,5]/[19,17], [19,23]/[5,5], [5,5]/[19,23], [11,5]/[5,5], [5,5]/[11,5], [11,7]/[5,5], [5,5]/[11,7], [11,13]/[5,5], [5,5]/[11,13], [11,19]/[5,5], [5,5]/[11,19], [11,11]/[5,5], [5,5]/[11,11], [11,17]/[5,5], [5,5]/[11,17], [11,23]/[5,5], [5,5]/[11,23], [17,5]/[5,5], [5,5]/[17,5], [17,7]/[5,5], [5,5]/[17,7], [17,13]/[5,5], [5,5]/[17,13], [17,19]/[5,5], [5,5]/[17,19], [17,11]/[5,5], [5,5]/[17,11], [17,17]/[5,5], [5,5]/[17,17], [17,23]/[5,5], [5,5]/[17,23], [23,5]/[5,5], [5,5]/[23,5], [23,7]/[5,5], [5,5]/[23,7], [23,13]/[5,5], [5,5]/[23,13], [23,19]/[5,5], [5,5]/[23,19], [23,11]/[5,5], [5,5]/[23,11], [23,17]/[5,5], [5,5]/[23,17], [5,5]/2, 2/[5,5], [5,5]/3, 3/[5,5], 1/[5,5], [5,13]/[5,7], [5,7]/[5,13], [5,19]/[5,7], [5,7]/[5,19], [5,11]/[5,7], [5,7]/[5,11], [5,17]/[5,7], [5,7]/[5,17], [5,23]/[5,7], [5,7]/[5,23], [7,7]/[5,7], [5,7]/[7,7], [7,13]/[5,7], [5,7]/[7,13], [7,19]/[5,7], [5,7]/[7,19], [7,11]/[5,7], [5,7]/[7,11], [7,17]/[5,7], [5,7]/[7,17], [7,23]/[5,7], [5,7]/[7,23], [13,7]/[5,7], [5,7]/[13,7], [13,13]/[5,7], [5,7]/[13,13], [13,19]/[5,7], [5,7]/[13,19], [13,11]/[5,7], [5,7]/[13,11], [13,17]/[5,7], [5,7]/[13,17], [13,23]/[5,7], [5,7]/[13,23], [19,7]/[5,7], [5,7]/[19,7], [19,13]/[5,7], [5,7]/[19,13], [19,19]/[5,7], [5,7]/[19,19], [19,11]/[5,7], [5,7]/[19,11], [19,17]/[5,7], [5,7]/[19,17], [19,23]/[5,7], [5,7]/[19,23], [11,7]/[5,7], [5,7]/[11,7], [11,13]/[5,7], [5,7]/[11,13], [11,19]/[5,7], [5,7]/[11,19], [11,11]/[5,7], [5,7]/[11,11], [11,17]/[5,7], [5,7]/[11,17], [11,23]/[5,7], [5,7]/[11,23], [17,7]/[5,7], [5,7]/[17,7], [17,13]/[5,7], [5,7]/[17,13], [17,19]/[5,7], [5,7]/[17,19], [17,11]/[5,7], [5,7]/[17,11], [17,17]/[5,7], [5,7]/[17,17], [17,23]/[5,7], [5,7]/[17,23], [23,7]/[5,7], [5,7]/[23,7], [23,13]/[5,7], [5,7]/[23,13], [23,19]/[5,7], [5,7]/[23,19], [23,11]/[5,7], [5,7]/[23,11], [23,17]/[5,7], [5,7]/[23,17], [5,7]/2, 2/[5,7], [5,7]/3, 3/[5,7], [5,7]/5, 5/[5,7], 1/[5,7], [5,19]/[5,13], [5,13]/[5,19], [5,13]/[5,11], [5,11]/[5,13], [5,17]/[5,13], [5,13]/[5,17], [5,23]/[5,13], [5,13]/[5,23], [7,13]/[5,13], [5,13]/[7,13], [7,19]/[5,13], [5,13]/[7,19], [7,17]/[5,13], [5,13]/[7,17], [7,23]/[5,13], [5,13]/[7,23], [13,13]/[5,13], [5,13]/[13,13], [13,19]/[5,13], [5,13]/[13,19], [13,17]/[5,13], [5,13]/[13,17], [13,23]/[5,13], [5,13]/[13,23], [19,13]/[5,13], [5,13]/[19,13], [19,19]/[5,13], [5,13]/[19,19], [19,17]/[5,13], [5,13]/[19,17], [19,23]/[5,13], [5,13]/[19,23], [11,13]/[5,13], [5,13]/[11,13], [11,19]/[5,13], [5,13]/[11,19], [11,17]/[5,13], [5,13]/[11,17], [11,23]/[5,13], [5,13]/[11,23], [17,13]/[5,13], [5,13]/[17,13], [17,19]/[5,13], [5,13]/[17,19], [17,17]/[5,13], [5,13]/[17,17], [17,23]/[5,13], [5,13]/[17,23], [23,13]/[5,13], [5,13]/[23,13], [23,19]/[5,13], [5,13]/[23,19], [23,17]/[5,13], [5,13]/[23,17], [5,13]/2, 2/[5,13], [5,13]/3, 3/[5,13], [5,13]/5, 5/[5,13], [5,13]/7, 7/[5,13], [5,13]/11, 11/[5,13], 1/[5,13], [5,19]/[5,11], [5,11]/[5,19], [5,19]/[5,17], [5,17]/[5,19], [5,23]/[5,19], [5,19]/[5,23], [7,19]/[5,19], [5,19]/[7,19], [7,23]/[5,19], [5,19]/[7,23], [13,19]/[5,19], [5,19]/[13,19], [13,23]/[5,19], [5,19]/[13,23], [19,19]/[5,19], [5,19]/[19,19], [19,23]/[5,19], [5,19]/[19,23], [11,19]/[5,19], [5,19]/[11,19], [11,23]/[5,19], [5,19]/[11,23], [17,19]/[5,19], [5,19]/[17,19], [17,23]/[5,19], [5,19]/[17,23], [23,19]/[5,19], [5,19]/[23,19], [5,19]/2, 2/[5,19], [5,19]/3, 3/[5,19], [5,19]/5, 5/[5,19], [5,19]/7, 7/[5,19], [5,19]/13, 13/[5,19], [5,19]/11, 11/[5,19], [5,19]/17, 17/[5,19], 1/[5,19], [5,17]/[5,11], [5,11]/[5,17], [5,23]/[5,11], [5,11]/[5,23], [7,13]/[5,11], [5,11]/[7,13], [7,19]/[5,11], [5,11]/[7,19], [7,11]/[5,11], [5,11]/[7,11], [7,17]/[5,11], [5,11]/[7,17], [7,23]/[5,11], [5,11]/[7,23], [13,13]/[5,11], [5,11]/[13,13], [13,19]/[5,11], [5,11]/[13,19], [13,11]/[5,11], [5,11]/[13,11], [13,17]/[5,11], [5,11]/[13,17], [13,23]/[5,11], [5,11]/[13,23], [19,13]/[5,11], [5,11]/[19,13], [19,19]/[5,11], [5,11]/[19,19], [19,11]/[5,11], [5,11]/[19,11], [19,17]/[5,11], [5,11]/[19,17], [19,23]/[5,11], [5,11]/[19,23], [11,13]/[5,11], [5,11]/[11,13], [11,19]/[5,11], [5,11]/[11,19], [11,11]/[5,11], [5,11]/[11,11], [11,17]/[5,11], [5,11]/[11,17], [11,23]/[5,11], [5,11]/[11,23], [17,13]/[5,11], [5,11]/[17,13], [17,19]/[5,11], [5,11]/[17,19], [17,11]/[5,11], [5,11]/[17,11], [17,17]/[5,11], [5,11]/[17,17], [17,23]/[5,11], [5,11]/[17,23], [23,13]/[5,11], [5,11]/[23,13], [23,19]/[5,11], [5,11]/[23,19], [23,11]/[5,11], [5,11]/[23,11], [23,17]/[5,11], [5,11]/[23,17], [5,11]/2, 2/[5,11], [5,11]/3, 3/[5,11], [5,11]/5, 5/[5,11], [5,11]/7, 7/[5,11], 1/[5,11], [5,23]/[5,17], [5,17]/[5,23], [7,19]/[5,17], [5,17]/[7,19], [7,17]/[5,17], [5,17]/[7,17], [7,23]/[5,17], [5,17]/[7,23], [13,19]/[5,17], [5,17]/[13,19], [13,17]/[5,17], [5,17]/[13,17], [13,23]/[5,17], [5,17]/[13,23], [19,19]/[5,17], [5,17]/[19,19], [19,17]/[5,17], [5,17]/[19,17], [19,23]/[5,17], [5,17]/[19,23], [11,19]/[5,17], [5,17]/[11,19], [11,17]/[5,17], [5,17]/[11,17], [11,23]/[5,17], [5,17]/[11,23], [17,19]/[5,17], [5,17]/[17,19], [17,17]/[5,17], [5,17]/[17,17], [17,23]/[5,17], [5,17]/[17,23], [23,19]/[5,17], [5,17]/[23,19], [23,17]/[5,17], [5,17]/[23,17], [5,17]/2, 2/[5,17], [5,17]/3, 3/[5,17], [5,17]/5, 5/[5,17], [5,17]/7, 7/[5,17], [5,17]/13, 13/[5,17], [5,17]/11, 11/[5,17], 1/[5,17], [7,23]/[5,23], [5,23]/[7,23], [13,23]/[5,23], [5,23]/[13,23], [19,23]/[5,23], [5,23]/[19,23], [11,23]/[5,23], [5,23]/[11,23], [17,23]/[5,23], [5,23]/[17,23], [5,23]/2, 2/[5,23], [5,23]/3, 3/[5,23], [5,23]/5, 5/[5,23], [5,23]/7, 7/[5,23], [5,23]/13, 13/[5,23], [5,23]/19, 19/[5,23], [5,23]/11, 11/[5,23], [5,23]/17, 17/[5,23], 1/[5,23], [7,3]/[7,2], [7,2]/[7,3], [7,5]/[7,2], [7,2]/[7,5], [7,7]/[7,2], [7,2]/[7,7], [7,13]/[7,2], [7,2]/[7,13], [7,19]/[7,2], [7,2]/[7,19], [7,11]/[7,2], [7,2]/[7,11], [7,17]/[7,2], [7,2]/[7,17], [7,23]/[7,2], [7,2]/[7,23], [13,2]/[7,2], [7,2]/[13,2], [13,3]/[7,2], [7,2]/[13,3], [13,5]/[7,2], [7,2]/[13,5], [13,7]/[7,2], [7,2]/[13,7], [13,13]/[7,2], [7,2]/[13,13], [13,19]/[7,2], [7,2]/[13,19], [13,11]/[7,2], [7,2]/[13,11], [13,17]/[7,2], [7,2]/[13,17], [13,23]/[7,2], [7,2]/[13,23], [19,2]/[7,2], [7,2]/[19,2], [19,3]/[7,2], [7,2]/[19,3], [19,5]/[7,2], [7,2]/[19,5], [19,7]/[7,2], [7,2]/[19,7], [19,13]/[7,2], [7,2]/[19,13], [19,19]/[7,2], [7,2]/[19,19], [19,11]/[7,2], [7,2]/[19,11], [19,17]/[7,2], [7,2]/[19,17], [19,23]/[7,2], [7,2]/[19,23], [11,2]/[7,2], [7,2]/[11,2], [11,3]/[7,2], [7,2]/[11,3], [11,5]/[7,2], [7,2]/[11,5], [11,7]/[7,2], [7,2]/[11,7], [11,13]/[7,2], [7,2]/[11,13], [11,19]/[7,2], [7,2]/[11,19], [11,11]/[7,2], [7,2]/[11,11], [11,17]/[7,2], [7,2]/[11,17], [11,23]/[7,2], [7,2]/[11,23], [17,2]/[7,2], [7,2]/[17,2], [17,3]/[7,2], [7,2]/[17,3], [17,5]/[7,2], [7,2]/[17,5], [17,7]/[7,2], [7,2]/[17,7], [17,13]/[7,2], [7,2]/[17,13], [17,19]/[7,2], [7,2]/[17,19], [17,11]/[7,2], [7,2]/[17,11], [17,17]/[7,2], [7,2]/[17,17], [17,23]/[7,2], [7,2]/[17,23], [23,2]/[7,2], [7,2]/[23,2], [23,3]/[7,2], [7,2]/[23,3], [23,5]/[7,2], [7,2]/[23,5], [23,7]/[7,2], [7,2]/[23,7], [23,13]/[7,2], [7,2]/[23,13], [23,19]/[7,2], [7,2]/[23,19], [23,11]/[7,2], [7,2]/[23,11], [23,17]/[7,2], [7,2]/[23,17], [7,2]/2, 2/[7,2], [[7,2]/2, [7,3]/3, [7,5]/5, [7,7]/7, [7,13]/13, [7,19]/19, [7,11]/11, [7,17]/17, [7,23]/23], [2/[7,2], 3/[7,3], 5/[7,5], 7/[7,7], 13/[7,13], 19/[7,19], 11/[7,11], 17/[7,17], 23/[7,23], 1/7], [7,2]/3, 3/[7,2], [7,2]/5, 5/[7,2], 1/[7,2], [7,5]/[7,3], [7,3]/[7,5], [7,7]/[7,3], [7,3]/[7,7], [7,13]/[7,3], [7,3]/[7,13], [7,19]/[7,3], [7,3]/[7,19], [7,11]/[7,3], [7,3]/[7,11], [7,17]/[7,3], [7,3]/[7,17], [7,23]/[7,3], [7,3]/[7,23], [13,3]/[7,3], [7,3]/[13,3], [13,5]/[7,3], [7,3]/[13,5], [13,7]/[7,3], [7,3]/[13,7], [13,13]/[7,3], [7,3]/[13,13], [13,19]/[7,3], [7,3]/[13,19], [13,11]/[7,3], [7,3]/[13,11], [13,17]/[7,3], [7,3]/[13,17], [13,23]/[7,3], [7,3]/[13,23], [19,3]/[7,3], [7,3]/[19,3], [19,5]/[7,3], [7,3]/[19,5], [19,7]/[7,3], [7,3]/[19,7], [19,13]/[7,3], [7,3]/[19,13], [19,19]/[7,3], [7,3]/[19,19], [19,11]/[7,3], [7,3]/[19,11], [19,17]/[7,3], [7,3]/[19,17], [19,23]/[7,3], [7,3]/[19,23], [11,3]/[7,3], [7,3]/[11,3], [11,5]/[7,3], [7,3]/[11,5], [11,7]/[7,3], [7,3]/[11,7], [11,13]/[7,3], [7,3]/[11,13], [11,19]/[7,3], [7,3]/[11,19], [11,11]/[7,3], [7,3]/[11,11], [11,17]/[7,3], [7,3]/[11,17], [11,23]/[7,3], [7,3]/[11,23], [17,3]/[7,3], [7,3]/[17,3], [17,5]/[7,3], [7,3]/[17,5], [17,7]/[7,3], [7,3]/[17,7], [17,13]/[7,3], [7,3]/[17,13], [17,19]/[7,3], [7,3]/[17,19], [17,11]/[7,3], [7,3]/[17,11], [17,17]/[7,3], [7,3]/[17,17], [17,23]/[7,3], [7,3]/[17,23], [23,3]/[7,3], [7,3]/[23,3], [23,5]/[7,3], [7,3]/[23,5], [23,7]/[7,3], [7,3]/[23,7], [23,13]/[7,3], [7,3]/[23,13], [23,19]/[7,3], [7,3]/[23,19], [23,11]/[7,3], [7,3]/[23,11], [23,17]/[7,3], [7,3]/[23,17], [7,3]/2, 2/[7,3], [7,3]/3, 3/[7,3], [7,3]/5, 5/[7,3], 1/[7,3], [7,7]/[7,5], [7,5]/[7,7], [7,13]/[7,5], [7,5]/[7,13], [7,19]/[7,5], [7,5]/[7,19], [7,11]/[7,5], [7,5]/[7,11], [7,17]/[7,5], [7,5]/[7,17], [7,23]/[7,5], [7,5]/[7,23], [13,5]/[7,5], [7,5]/[13,5], [13,7]/[7,5], [7,5]/[13,7], [13,13]/[7,5], [7,5]/[13,13], [13,19]/[7,5], [7,5]/[13,19], [13,11]/[7,5], [7,5]/[13,11], [13,17]/[7,5], [7,5]/[13,17], [13,23]/[7,5], [7,5]/[13,23], [19,5]/[7,5], [7,5]/[19,5], [19,7]/[7,5], [7,5]/[19,7], [19,13]/[7,5], [7,5]/[19,13], [19,19]/[7,5], [7,5]/[19,19], [19,11]/[7,5], [7,5]/[19,11], [19,17]/[7,5], [7,5]/[19,17], [19,23]/[7,5], [7,5]/[19,23], [11,5]/[7,5], [7,5]/[11,5], [11,7]/[7,5], [7,5]/[11,7], [11,13]/[7,5], [7,5]/[11,13], [11,19]/[7,5], [7,5]/[11,19], [11,11]/[7,5], [7,5]/[11,11], [11,17]/[7,5], [7,5]/[11,17], [11,23]/[7,5], [7,5]/[11,23], [17,5]/[7,5], [7,5]/[17,5], [17,7]/[7,5], [7,5]/[17,7], [17,13]/[7,5], [7,5]/[17,13], [17,19]/[7,5], [7,5]/[17,19], [17,11]/[7,5], [7,5]/[17,11], [17,17]/[7,5], [7,5]/[17,17], [17,23]/[7,5], [7,5]/[17,23], [23,5]/[7,5], [7,5]/[23,5], [23,7]/[7,5], [7,5]/[23,7], [23,13]/[7,5], [7,5]/[23,13], [23,19]/[7,5], [7,5]/[23,19], [23,11]/[7,5], [7,5]/[23,11], [23,17]/[7,5], [7,5]/[23,17], [7,5]/2, 2/[7,5], [7,5]/3, 3/[7,5], [7,5]/5, 5/[7,5], 1/[7,5], [7,13]/[7,7], [7,7]/[7,13], [7,19]/[7,7], [7,7]/[7,19], [7,11]/[7,7], [7,7]/[7,11], [7,17]/[7,7], [7,7]/[7,17], [7,23]/[7,7], [7,7]/[7,23], [13,7]/[7,7], [7,7]/[13,7], [13,13]/[7,7], [7,7]/[13,13], [13,19]/[7,7], [7,7]/[13,19], [13,11]/[7,7], [7,7]/[13,11], [13,17]/[7,7], [7,7]/[13,17], [13,23]/[7,7], [7,7]/[13,23], [19,7]/[7,7], [7,7]/[19,7], [19,13]/[7,7], [7,7]/[19,13], [19,19]/[7,7], [7,7]/[19,19], [19,11]/[7,7], [7,7]/[19,11], [19,17]/[7,7], [7,7]/[19,17], [19,23]/[7,7], [7,7]/[19,23], [11,7]/[7,7], [7,7]/[11,7], [11,13]/[7,7], [7,7]/[11,13], [11,19]/[7,7], [7,7]/[11,19], [11,11]/[7,7], [7,7]/[11,11], [11,17]/[7,7], [7,7]/[11,17], [11,23]/[7,7], [7,7]/[11,23], [17,7]/[7,7], [7,7]/[17,7], [17,13]/[7,7], [7,7]/[17,13], [17,19]/[7,7], [7,7]/[17,19], [17,11]/[7,7], [7,7]/[17,11], [17,17]/[7,7], [7,7]/[17,17], [17,23]/[7,7], [7,7]/[17,23], [23,7]/[7,7], [7,7]/[23,7], [23,13]/[7,7], [7,7]/[23,13], [23,19]/[7,7], [7,7]/[23,19], [23,11]/[7,7], [7,7]/[23,11], [23,17]/[7,7], [7,7]/[23,17], [7,7]/2, 2/[7,7], [7,7]/3, 3/[7,7], [7,7]/5, 5/[7,7], 1/[7,7], [7,19]/[7,13], [7,13]/[7,19], [7,13]/[7,11], [7,11]/[7,13], [7,17]/[7,13], [7,13]/[7,17], [7,23]/[7,13], [7,13]/[7,23], [13,13]/[7,13], [7,13]/[13,13], [13,19]/[7,13], [7,13]/[13,19], [13,17]/[7,13], [7,13]/[13,17], [13,23]/[7,13], [7,13]/[13,23], [19,13]/[7,13], [7,13]/[19,13], [19,19]/[7,13], [7,13]/[19,19], [19,17]/[7,13], [7,13]/[19,17], [19,23]/[7,13], [7,13]/[19,23], [11,13]/[7,13], [7,13]/[11,13], [11,19]/[7,13], [7,13]/[11,19], [11,17]/[7,13], [7,13]/[11,17], [11,23]/[7,13], [7,13]/[11,23], [17,13]/[7,13], [7,13]/[17,13], [17,19]/[7,13], [7,13]/[17,19], [17,17]/[7,13], [7,13]/[17,17], [17,23]/[7,13], [7,13]/[17,23], [23,13]/[7,13], [7,13]/[23,13], [23,19]/[7,13], [7,13]/[23,19], [23,17]/[7,13], [7,13]/[23,17], [7,13]/2, 2/[7,13], [7,13]/3, 3/[7,13], [7,13]/5, 5/[7,13], [7,13]/7, 7/[7,13], [7,13]/11, 11/[7,13], 1/[7,13], [7,19]/[7,11], [7,11]/[7,19], [7,19]/[7,17], [7,17]/[7,19], [7,23]/[7,19], [7,19]/[7,23], [13,19]/[7,19], [7,19]/[13,19], [13,23]/[7,19], [7,19]/[13,23], [19,19]/[7,19], [7,19]/[19,19], [19,23]/[7,19], [7,19]/[19,23], [11,19]/[7,19], [7,19]/[11,19], [11,23]/[7,19], [7,19]/[11,23], [17,19]/[7,19], [7,19]/[17,19], [17,23]/[7,19], [7,19]/[17,23], [23,19]/[7,19], [7,19]/[23,19], [7,19]/2, 2/[7,19], [7,19]/3, 3/[7,19], [7,19]/5, 5/[7,19], [7,19]/7, 7/[7,19], [7,19]/13, 13/[7,19], [7,19]/11, 11/[7,19], [7,19]/17, 17/[7,19], 1/[7,19], [7,17]/[7,11], [7,11]/[7,17], [7,23]/[7,11], [7,11]/[7,23], [13,13]/[7,11], [7,11]/[13,13], [13,19]/[7,11], [7,11]/[13,19], [13,11]/[7,11], [7,11]/[13,11], [13,17]/[7,11], [7,11]/[13,17], [13,23]/[7,11], [7,11]/[13,23], [19,13]/[7,11], [7,11]/[19,13], [19,19]/[7,11], [7,11]/[19,19], [19,11]/[7,11], [7,11]/[19,11], [19,17]/[7,11], [7,11]/[19,17], [19,23]/[7,11], [7,11]/[19,23], [11,13]/[7,11], [7,11]/[11,13], [11,19]/[7,11], [7,11]/[11,19], [11,11]/[7,11], [7,11]/[11,11], [11,17]/[7,11], [7,11]/[11,17], [11,23]/[7,11], [7,11]/[11,23], [17,13]/[7,11], [7,11]/[17,13], [17,19]/[7,11], [7,11]/[17,19], [17,11]/[7,11], [7,11]/[17,11], [17,17]/[7,11], [7,11]/[17,17], [17,23]/[7,11], [7,11]/[17,23], [23,13]/[7,11], [7,11]/[23,13], [23,19]/[7,11], [7,11]/[23,19], [23,11]/[7,11], [7,11]/[23,11], [23,17]/[7,11], [7,11]/[23,17], [7,11]/2, 2/[7,11], [7,11]/3, 3/[7,11], [7,11]/5, 5/[7,11], [7,11]/7, 7/[7,11], 1/[7,11], [7,23]/[7,17], [7,17]/[7,23], [13,19]/[7,17], [7,17]/[13,19], [13,17]/[7,17], [7,17]/[13,17], [13,23]/[7,17], [7,17]/[13,23], [19,19]/[7,17], [7,17]/[19,19], [19,17]/[7,17], [7,17]/[19,17], [19,23]/[7,17], [7,17]/[19,23], [11,19]/[7,17], [7,17]/[11,19], [11,17]/[7,17], [7,17]/[11,17], [11,23]/[7,17], [7,17]/[11,23], [17,19]/[7,17], [7,17]/[17,19], [17,17]/[7,17], [7,17]/[17,17], [17,23]/[7,17], [7,17]/[17,23], [23,19]/[7,17], [7,17]/[23,19], [23,17]/[7,17], [7,17]/[23,17], [7,17]/2, 2/[7,17], [7,17]/3, 3/[7,17], [7,17]/5, 5/[7,17], [7,17]/7, 7/[7,17], [7,17]/13, 13/[7,17], [7,17]/11, 11/[7,17], 1/[7,17], [13,23]/[7,23], [7,23]/[13,23], [19,23]/[7,23], [7,23]/[19,23], [11,23]/[7,23], [7,23]/[11,23], [17,23]/[7,23], [7,23]/[17,23], [7,23]/2, 2/[7,23], [7,23]/3, 3/[7,23], [7,23]/5, 5/[7,23], [7,23]/7, 7/[7,23], [7,23]/13, 13/[7,23], [7,23]/19, 19/[7,23], [7,23]/11, 11/[7,23], [7,23]/17, 17/[7,23], 1/[7,23], [13,3]/[13,2], [13,2]/[13,3], [13,5]/[13,2], [13,2]/[13,5], [13,7]/[13,2], [13,2]/[13,7], [13,13]/[13,2], [13,2]/[13,13], [13,19]/[13,2], [13,2]/[13,19], [13,11]/[13,2], [13,2]/[13,11], [13,17]/[13,2], [13,2]/[13,17], [13,23]/[13,2], [13,2]/[13,23], [19,2]/[13,2], [13,2]/[19,2], [19,3]/[13,2], [13,2]/[19,3], [19,5]/[13,2], [13,2]/[19,5], [19,7]/[13,2], [13,2]/[19,7], [19,13]/[13,2], [13,2]/[19,13], [19,19]/[13,2], [13,2]/[19,19], [19,11]/[13,2], [13,2]/[19,11], [19,17]/[13,2], [13,2]/[19,17], [19,23]/[13,2], [13,2]/[19,23], [13,2]/[11,2], [11,2]/[13,2], [17,2]/[13,2], [13,2]/[17,2], [17,3]/[13,2], [13,2]/[17,3], [17,5]/[13,2], [13,2]/[17,5], [17,7]/[13,2], [13,2]/[17,7], [17,13]/[13,2], [13,2]/[17,13], [17,19]/[13,2], [13,2]/[17,19], [17,11]/[13,2], [13,2]/[17,11], [17,17]/[13,2], [13,2]/[17,17], [17,23]/[13,2], [13,2]/[17,23], [23,2]/[13,2], [13,2]/[23,2], [23,3]/[13,2], [13,2]/[23,3], [23,5]/[13,2], [13,2]/[23,5], [23,7]/[13,2], [13,2]/[23,7], [23,13]/[13,2], [13,2]/[23,13], [23,19]/[13,2], [13,2]/[23,19], [23,11]/[13,2], [13,2]/[23,11], [23,17]/[13,2], [13,2]/[23,17], [13,2]/2, 2/[13,2], [[13,2]/2, [13,3]/3, [13,5]/5, [13,7]/7, [13,13]/13, [13,19]/19, [13,11]/11, [13,17]/17, [13,23]/23], [2/[13,2], 3/[13,3], 5/[13,5], 7/[13,7], 13/[13,13], 19/[13,19], 11/[13,11], 17/[13,17], 23/[13,23], 1/13], [13,2]/3, 3/[13,2], [13,2]/5, 5/[13,2], [13,2]/7, 7/[13,2], [13,2]/11, 11/[13,2], 1/[13,2], [13,5]/[13,3], [13,3]/[13,5], [13,7]/[13,3], [13,3]/[13,7], [13,13]/[13,3], [13,3]/[13,13], [13,19]/[13,3], [13,3]/[13,19], [13,11]/[13,3], [13,3]/[13,11], [13,17]/[13,3], [13,3]/[13,17], [13,23]/[13,3], [13,3]/[13,23], [19,3]/[13,3], [13,3]/[19,3], [19,5]/[13,3], [13,3]/[19,5], [19,7]/[13,3], [13,3]/[19,7], [19,13]/[13,3], [13,3]/[19,13], [19,19]/[13,3], [13,3]/[19,19], [19,11]/[13,3], [13,3]/[19,11], [19,17]/[13,3], [13,3]/[19,17], [19,23]/[13,3], [13,3]/[19,23], [13,3]/[11,2], [11,2]/[13,3], [13,3]/[11,3], [11,3]/[13,3], [17,3]/[13,3], [13,3]/[17,3], [17,5]/[13,3], [13,3]/[17,5], [17,7]/[13,3], [13,3]/[17,7], [17,13]/[13,3], [13,3]/[17,13], [17,19]/[13,3], [13,3]/[17,19], [17,11]/[13,3], [13,3]/[17,11], [17,17]/[13,3], [13,3]/[17,17], [17,23]/[13,3], [13,3]/[17,23], [23,3]/[13,3], [13,3]/[23,3], [23,5]/[13,3], [13,3]/[23,5], [23,7]/[13,3], [13,3]/[23,7], [23,13]/[13,3], [13,3]/[23,13], [23,19]/[13,3], [13,3]/[23,19], [23,11]/[13,3], [13,3]/[23,11], [23,17]/[13,3], [13,3]/[23,17], [13,3]/2, 2/[13,3], [13,3]/3, 3/[13,3], [13,3]/5, 5/[13,3], [13,3]/7, 7/[13,3], [13,3]/11, 11/[13,3], 1/[13,3], [13,7]/[13,5], [13,5]/[13,7], [13,13]/[13,5], [13,5]/[13,13], [13,19]/[13,5], [13,5]/[13,19], [13,11]/[13,5], [13,5]/[13,11], [13,17]/[13,5], [13,5]/[13,17], [13,23]/[13,5], [13,5]/[13,23], [19,5]/[13,5], [13,5]/[19,5], [19,7]/[13,5], [13,5]/[19,7], [19,13]/[13,5], [13,5]/[19,13], [19,19]/[13,5], [13,5]/[19,19], [19,11]/[13,5], [13,5]/[19,11], [19,17]/[13,5], [13,5]/[19,17], [19,23]/[13,5], [13,5]/[19,23], [13,5]/[11,2], [11,2]/[13,5], [13,5]/[11,3], [11,3]/[13,5], [13,5]/[11,5], [11,5]/[13,5], [17,5]/[13,5], [13,5]/[17,5], [17,7]/[13,5], [13,5]/[17,7], [17,13]/[13,5], [13,5]/[17,13], [17,19]/[13,5], [13,5]/[17,19], [17,11]/[13,5], [13,5]/[17,11], [17,17]/[13,5], [13,5]/[17,17], [17,23]/[13,5], [13,5]/[17,23], [23,5]/[13,5], [13,5]/[23,5], [23,7]/[13,5], [13,5]/[23,7], [23,13]/[13,5], [13,5]/[23,13], [23,19]/[13,5], [13,5]/[23,19], [23,11]/[13,5], [13,5]/[23,11], [23,17]/[13,5], [13,5]/[23,17], [13,5]/2, 2/[13,5], [13,5]/3, 3/[13,5], [13,5]/5, 5/[13,5], [13,5]/7, 7/[13,5], [13,5]/11, 11/[13,5], 1/[13,5], [13,13]/[13,7], [13,7]/[13,13], [13,19]/[13,7], [13,7]/[13,19], [13,11]/[13,7], [13,7]/[13,11], [13,17]/[13,7], [13,7]/[13,17], [13,23]/[13,7], [13,7]/[13,23], [19,7]/[13,7], [13,7]/[19,7], [19,13]/[13,7], [13,7]/[19,13], [19,19]/[13,7], [13,7]/[19,19], [19,11]/[13,7], [13,7]/[19,11], [19,17]/[13,7], [13,7]/[19,17], [19,23]/[13,7], [13,7]/[19,23], [13,7]/[11,2], [11,2]/[13,7], [13,7]/[11,3], [11,3]/[13,7], [13,7]/[11,5], [11,5]/[13,7], [13,7]/[11,7], [11,7]/[13,7], [17,7]/[13,7], [13,7]/[17,7], [17,13]/[13,7], [13,7]/[17,13], [17,19]/[13,7], [13,7]/[17,19], [17,11]/[13,7], [13,7]/[17,11], [17,17]/[13,7], [13,7]/[17,17], [17,23]/[13,7], [13,7]/[17,23], [23,7]/[13,7], [13,7]/[23,7], [23,13]/[13,7], [13,7]/[23,13], [23,19]/[13,7], [13,7]/[23,19], [23,11]/[13,7], [13,7]/[23,11], [23,17]/[13,7], [13,7]/[23,17], [13,7]/2, 2/[13,7], [13,7]/3, 3/[13,7], [13,7]/5, 5/[13,7], [13,7]/7, 7/[13,7], [13,7]/11, 11/[13,7], 1/[13,7], [13,19]/[13,13], [13,13]/[13,19], [13,13]/[13,11], [13,11]/[13,13], [13,17]/[13,13], [13,13]/[13,17], [13,23]/[13,13], [13,13]/[13,23], [19,13]/[13,13], [13,13]/[19,13], [19,19]/[13,13], [13,13]/[19,19], [19,17]/[13,13], [13,13]/[19,17], [19,23]/[13,13], [13,13]/[19,23], [13,13]/[11,2], [11,2]/[13,13], [13,13]/[11,3], [11,3]/[13,13], [13,13]/[11,5], [11,5]/[13,13], [13,13]/[11,7], [11,7]/[13,13], [13,13]/[11,13], [11,13]/[13,13], [13,13]/[11,11], [11,11]/[13,13], [17,13]/[13,13], [13,13]/[17,13], [17,19]/[13,13], [13,13]/[17,19], [17,17]/[13,13], [13,13]/[17,17], [17,23]/[13,13], [13,13]/[17,23], [23,13]/[13,13], [13,13]/[23,13], [23,19]/[13,13], [13,13]/[23,19], [23,17]/[13,13], [13,13]/[23,17], [13,13]/2, 2/[13,13], [13,13]/3, 3/[13,13], [13,13]/5, 5/[13,13], [13,13]/7, 7/[13,13], [13,13]/11, 11/[13,13], 1/[13,13], [13,19]/[13,11], [13,11]/[13,19], [13,19]/[13,17], [13,17]/[13,19], [13,23]/[13,19], [13,19]/[13,23], [19,19]/[13,19], [13,19]/[19,19], [19,23]/[13,19], [13,19]/[19,23], [13,19]/[11,2], [11,2]/[13,19], [13,19]/[11,3], [11,3]/[13,19], [13,19]/[11,5], [11,5]/[13,19], [13,19]/[11,7], [11,7]/[13,19], [13,19]/[11,13], [11,13]/[13,19], [13,19]/[11,19], [11,19]/[13,19], [13,19]/[11,11], [11,11]/[13,19], [13,19]/[11,17], [11,17]/[13,19], [17,19]/[13,19], [13,19]/[17,19], [17,23]/[13,19], [13,19]/[17,23], [23,19]/[13,19], [13,19]/[23,19], [13,19]/2, 2/[13,19], [13,19]/3, 3/[13,19], [13,19]/5, 5/[13,19], [13,19]/7, 7/[13,19], [13,19]/13, 13/[13,19], [13,19]/11, 11/[13,19], [13,19]/17, 17/[13,19], 1/[13,19], [13,17]/[13,11], [13,11]/[13,17], [13,23]/[13,11], [13,11]/[13,23], [19,13]/[13,11], [13,11]/[19,13], [19,19]/[13,11], [13,11]/[19,19], [19,11]/[13,11], [13,11]/[19,11], [19,17]/[13,11], [13,11]/[19,17], [19,23]/[13,11], [13,11]/[19,23], [13,11]/[11,2], [11,2]/[13,11], [13,11]/[11,3], [11,3]/[13,11], [13,11]/[11,5], [11,5]/[13,11], [13,11]/[11,7], [11,7]/[13,11], [13,11]/[11,11], [11,11]/[13,11], [17,13]/[13,11], [13,11]/[17,13], [17,19]/[13,11], [13,11]/[17,19], [17,11]/[13,11], [13,11]/[17,11], [17,17]/[13,11], [13,11]/[17,17], [17,23]/[13,11], [13,11]/[17,23], [23,13]/[13,11], [13,11]/[23,13], [23,19]/[13,11], [13,11]/[23,19], [23,11]/[13,11], [13,11]/[23,11], [23,17]/[13,11], [13,11]/[23,17], [13,11]/2, 2/[13,11], [13,11]/3, 3/[13,11], [13,11]/5, 5/[13,11], [13,11]/7, 7/[13,11], [13,11]/11, 11/[13,11], 1/[13,11], [13,23]/[13,17], [13,17]/[13,23], [19,19]/[13,17], [13,17]/[19,19], [19,17]/[13,17], [13,17]/[19,17], [19,23]/[13,17], [13,17]/[19,23], [13,17]/[11,2], [11,2]/[13,17], [13,17]/[11,3], [11,3]/[13,17], [13,17]/[11,5], [11,5]/[13,17], [13,17]/[11,7], [11,7]/[13,17], [13,17]/[11,13], [11,13]/[13,17], [13,17]/[11,11], [11,11]/[13,17], [13,17]/[11,17], [11,17]/[13,17], [17,19]/[13,17], [13,17]/[17,19], [17,17]/[13,17], [13,17]/[17,17], [17,23]/[13,17], [13,17]/[17,23], [23,19]/[13,17], [13,17]/[23,19], [23,17]/[13,17], [13,17]/[23,17], [13,17]/2, 2/[13,17], [13,17]/3, 3/[13,17], [13,17]/5, 5/[13,17], [13,17]/7, 7/[13,17], [13,17]/13, 13/[13,17], [13,17]/11, 11/[13,17], 1/[13,17], [19,23]/[13,23], [13,23]/[19,23], [13,23]/[11,2], [11,2]/[13,23], [13,23]/[11,3], [11,3]/[13,23], [13,23]/[11,5], [11,5]/[13,23], [13,23]/[11,7], [11,7]/[13,23], [13,23]/[11,13], [11,13]/[13,23], [13,23]/[11,19], [11,19]/[13,23], [13,23]/[11,11], [11,11]/[13,23], [13,23]/[11,17], [11,17]/[13,23], [13,23]/[11,23], [11,23]/[13,23], [17,23]/[13,23], [13,23]/[17,23], [13,23]/2, 2/[13,23], [13,23]/3, 3/[13,23], [13,23]/5, 5/[13,23], [13,23]/7, 7/[13,23], [13,23]/13, 13/[13,23], [13,23]/19, 19/[13,23], [13,23]/11, 11/[13,23], [13,23]/17, 17/[13,23], 1/[13,23], [19,3]/[19,2], [19,2]/[19,3], [19,5]/[19,2], [19,2]/[19,5], [19,7]/[19,2], [19,2]/[19,7], [19,13]/[19,2], [19,2]/[19,13], [19,19]/[19,2], [19,2]/[19,19], [19,11]/[19,2], [19,2]/[19,11], [19,17]/[19,2], [19,2]/[19,17], [19,23]/[19,2], [19,2]/[19,23], [19,2]/[11,2], [11,2]/[19,2], [19,2]/[17,2], [17,2]/[19,2], [23,2]/[19,2], [19,2]/[23,2], [23,3]/[19,2], [19,2]/[23,3], [23,5]/[19,2], [19,2]/[23,5], [23,7]/[19,2], [19,2]/[23,7], [23,13]/[19,2], [19,2]/[23,13], [23,19]/[19,2], [19,2]/[23,19], [23,11]/[19,2], [19,2]/[23,11], [23,17]/[19,2], [19,2]/[23,17], [19,2]/2, 2/[19,2], [[19,2]/2, [19,3]/3, [19,5]/5, [19,7]/7, [19,13]/13, [19,19]/19, [19,11]/11, [19,17]/17, [19,23]/23], [2/[19,2], 3/[19,3], 5/[19,5], 7/[19,7], 13/[19,13], 19/[19,19], 11/[19,11], 17/[19,17], 23/[19,23], 1/19], [19,2]/3, 3/[19,2], [19,2]/5, 5/[19,2], [19,2]/7, 7/[19,2], [19,2]/13, 13/[19,2], [19,2]/11, 11/[19,2], [19,2]/17, 17/[19,2], 1/[19,2], [19,5]/[19,3], [19,3]/[19,5], [19,7]/[19,3], [19,3]/[19,7], [19,13]/[19,3], [19,3]/[19,13], [19,19]/[19,3], [19,3]/[19,19], [19,11]/[19,3], [19,3]/[19,11], [19,17]/[19,3], [19,3]/[19,17], [19,23]/[19,3], [19,3]/[19,23], [19,3]/[11,2], [11,2]/[19,3], [19,3]/[11,3], [11,3]/[19,3], [19,3]/[17,2], [17,2]/[19,3], [19,3]/[17,3], [17,3]/[19,3], [23,3]/[19,3], [19,3]/[23,3], [23,5]/[19,3], [19,3]/[23,5], [23,7]/[19,3], [19,3]/[23,7], [23,13]/[19,3], [19,3]/[23,13], [23,19]/[19,3], [19,3]/[23,19], [23,11]/[19,3], [19,3]/[23,11], [23,17]/[19,3], [19,3]/[23,17], [19,3]/2, 2/[19,3], [19,3]/3, 3/[19,3], [19,3]/5, 5/[19,3], [19,3]/7, 7/[19,3], [19,3]/13, 13/[19,3], [19,3]/11, 11/[19,3], [19,3]/17, 17/[19,3], 1/[19,3], [19,7]/[19,5], [19,5]/[19,7], [19,13]/[19,5], [19,5]/[19,13], [19,19]/[19,5], [19,5]/[19,19], [19,11]/[19,5], [19,5]/[19,11], [19,17]/[19,5], [19,5]/[19,17], [19,23]/[19,5], [19,5]/[19,23], [19,5]/[11,2], [11,2]/[19,5], [19,5]/[11,3], [11,3]/[19,5], [19,5]/[11,5], [11,5]/[19,5], [19,5]/[17,2], [17,2]/[19,5], [19,5]/[17,3], [17,3]/[19,5], [19,5]/[17,5], [17,5]/[19,5], [23,5]/[19,5], [19,5]/[23,5], [23,7]/[19,5], [19,5]/[23,7], [23,13]/[19,5], [19,5]/[23,13], [23,19]/[19,5], [19,5]/[23,19], [23,11]/[19,5], [19,5]/[23,11], [23,17]/[19,5], [19,5]/[23,17], [19,5]/2, 2/[19,5], [19,5]/3, 3/[19,5], [19,5]/5, 5/[19,5], [19,5]/7, 7/[19,5], [19,5]/13, 13/[19,5], [19,5]/11, 11/[19,5], [19,5]/17, 17/[19,5], 1/[19,5], [19,13]/[19,7], [19,7]/[19,13], [19,19]/[19,7], [19,7]/[19,19], [19,11]/[19,7], [19,7]/[19,11], [19,17]/[19,7], [19,7]/[19,17], [19,23]/[19,7], [19,7]/[19,23], [19,7]/[11,2], [11,2]/[19,7], [19,7]/[11,3], [11,3]/[19,7], [19,7]/[11,5], [11,5]/[19,7], [19,7]/[11,7], [11,7]/[19,7], [19,7]/[17,2], [17,2]/[19,7], [19,7]/[17,3], [17,3]/[19,7], [19,7]/[17,5], [17,5]/[19,7], [19,7]/[17,7], [17,7]/[19,7], [23,7]/[19,7], [19,7]/[23,7], [23,13]/[19,7], [19,7]/[23,13], [23,19]/[19,7], [19,7]/[23,19], [23,11]/[19,7], [19,7]/[23,11], [23,17]/[19,7], [19,7]/[23,17], [19,7]/2, 2/[19,7], [19,7]/3, 3/[19,7], [19,7]/5, 5/[19,7], [19,7]/7, 7/[19,7], [19,7]/13, 13/[19,7], [19,7]/11, 11/[19,7], [19,7]/17, 17/[19,7], 1/[19,7], [19,19]/[19,13], [19,13]/[19,19], [19,13]/[19,11], [19,11]/[19,13], [19,17]/[19,13], [19,13]/[19,17], [19,23]/[19,13], [19,13]/[19,23], [19,13]/[11,2], [11,2]/[19,13], [19,13]/[11,3], [11,3]/[19,13], [19,13]/[11,5], [11,5]/[19,13], [19,13]/[11,7], [11,7]/[19,13], [19,13]/[11,13], [11,13]/[19,13], [19,13]/[11,11], [11,11]/[19,13], [19,13]/[17,2], [17,2]/[19,13], [19,13]/[17,3], [17,3]/[19,13], [19,13]/[17,5], [17,5]/[19,13], [19,13]/[17,7], [17,7]/[19,13], [19,13]/[17,13], [17,13]/[19,13], [19,13]/[17,11], [17,11]/[19,13], [23,13]/[19,13], [19,13]/[23,13], [23,19]/[19,13], [19,13]/[23,19], [23,17]/[19,13], [19,13]/[23,17], [19,13]/2, 2/[19,13], [19,13]/3, 3/[19,13], [19,13]/5, 5/[19,13], [19,13]/7, 7/[19,13], [19,13]/13, 13/[19,13], [19,13]/11, 11/[19,13], [19,13]/17, 17/[19,13], 1/[19,13], [19,19]/[19,11], [19,11]/[19,19], [19,19]/[19,17], [19,17]/[19,19], [19,23]/[19,19], [19,19]/[19,23], [19,19]/[11,2], [11,2]/[19,19], [19,19]/[11,3], [11,3]/[19,19], [19,19]/[11,5], [11,5]/[19,19], [19,19]/[11,7], [11,7]/[19,19], [19,19]/[11,13], [11,13]/[19,19], [19,19]/[11,19], [11,19]/[19,19], [19,19]/[11,11], [11,11]/[19,19], [19,19]/[11,17], [11,17]/[19,19], [19,19]/[17,2], [17,2]/[19,19], [19,19]/[17,3], [17,3]/[19,19], [19,19]/[17,5], [17,5]/[19,19], [19,19]/[17,7], [17,7]/[19,19], [19,19]/[17,13], [17,13]/[19,19], [19,19]/[17,19], [17,19]/[19,19], [19,19]/[17,11], [17,11]/[19,19], [19,19]/[17,17], [17,17]/[19,19], [23,19]/[19,19], [19,19]/[23,19], [19,19]/2, 2/[19,19], [19,19]/3, 3/[19,19], [19,19]/5, 5/[19,19], [19,19]/7, 7/[19,19], [19,19]/13, 13/[19,19], [19,19]/11, 11/[19,19], [19,19]/17, 17/[19,19], 1/[19,19], [19,17]/[19,11], [19,11]/[19,17], [19,23]/[19,11], [19,11]/[19,23], [19,11]/[11,2], [11,2]/[19,11], [19,11]/[11,3], [11,3]/[19,11], [19,11]/[11,5], [11,5]/[19,11], [19,11]/[11,7], [11,7]/[19,11], [19,11]/[11,11], [11,11]/[19,11], [19,11]/[17,2], [17,2]/[19,11], [19,11]/[17,3], [17,3]/[19,11], [19,11]/[17,5], [17,5]/[19,11], [19,11]/[17,7], [17,7]/[19,11], [19,11]/[17,11], [17,11]/[19,11], [23,13]/[19,11], [19,11]/[23,13], [23,19]/[19,11], [19,11]/[23,19], [23,11]/[19,11], [19,11]/[23,11], [23,17]/[19,11], [19,11]/[23,17], [19,11]/2, 2/[19,11], [19,11]/3, 3/[19,11], [19,11]/5, 5/[19,11], [19,11]/7, 7/[19,11], [19,11]/13, 13/[19,11], [19,11]/11, 11/[19,11], [19,11]/17, 17/[19,11], 1/[19,11], [19,23]/[19,17], [19,17]/[19,23], [19,17]/[11,2], [11,2]/[19,17], [19,17]/[11,3], [11,3]/[19,17], [19,17]/[11,5], [11,5]/[19,17], [19,17]/[11,7], [11,7]/[19,17], [19,17]/[11,13], [11,13]/[19,17], [19,17]/[11,11], [11,11]/[19,17], [19,17]/[11,17], [11,17]/[19,17], [19,17]/[17,2], [17,2]/[19,17], [19,17]/[17,3], [17,3]/[19,17], [19,17]/[17,5], [17,5]/[19,17], [19,17]/[17,7], [17,7]/[19,17], [19,17]/[17,13], [17,13]/[19,17], [19,17]/[17,11], [17,11]/[19,17], [19,17]/[17,17], [17,17]/[19,17], [23,19]/[19,17], [19,17]/[23,19], [23,17]/[19,17], [19,17]/[23,17], [19,17]/2, 2/[19,17], [19,17]/3, 3/[19,17], [19,17]/5, 5/[19,17], [19,17]/7, 7/[19,17], [19,17]/13, 13/[19,17], [19,17]/11, 11/[19,17], [19,17]/17, 17/[19,17], 1/[19,17], [19,23]/[11,2], [11,2]/[19,23], [19,23]/[11,3], [11,3]/[19,23], [19,23]/[11,5], [11,5]/[19,23], [19,23]/[11,7], [11,7]/[19,23], [19,23]/[11,13], [11,13]/[19,23], [19,23]/[11,19], [11,19]/[19,23], [19,23]/[11,11], [11,11]/[19,23], [19,23]/[11,17], [11,17]/[19,23], [19,23]/[11,23], [11,23]/[19,23], [19,23]/[17,2], [17,2]/[19,23], [19,23]/[17,3], [17,3]/[19,23], [19,23]/[17,5], [17,5]/[19,23], [19,23]/[17,7], [17,7]/[19,23], [19,23]/[17,13], [17,13]/[19,23], [19,23]/[17,19], [17,19]/[19,23], [19,23]/[17,11], [17,11]/[19,23], [19,23]/[17,17], [17,17]/[19,23], [19,23]/[17,23], [17,23]/[19,23], [19,23]/2, 2/[19,23], [19,23]/3, 3/[19,23], [19,23]/5, 5/[19,23], [19,23]/7, 7/[19,23], [19,23]/13, 13/[19,23], [19,23]/19, 19/[19,23], [19,23]/11, 11/[19,23], [19,23]/17, 17/[19,23], 1/[19,23], [11,3]/[11,2], [11,2]/[11,3], [11,5]/[11,2], [11,2]/[11,5], [11,7]/[11,2], [11,2]/[11,7], [11,13]/[11,2], [11,2]/[11,13], [11,19]/[11,2], [11,2]/[11,19], [11,11]/[11,2], [11,2]/[11,11], [11,17]/[11,2], [11,2]/[11,17], [11,23]/[11,2], [11,2]/[11,23], [17,2]/[11,2], [11,2]/[17,2], [17,3]/[11,2], [11,2]/[17,3], [17,5]/[11,2], [11,2]/[17,5], [17,7]/[11,2], [11,2]/[17,7], [17,13]/[11,2], [11,2]/[17,13], [17,19]/[11,2], [11,2]/[17,19], [17,11]/[11,2], [11,2]/[17,11], [17,17]/[11,2], [11,2]/[17,17], [17,23]/[11,2], [11,2]/[17,23], [23,2]/[11,2], [11,2]/[23,2], [23,3]/[11,2], [11,2]/[23,3], [23,5]/[11,2], [11,2]/[23,5], [23,7]/[11,2], [11,2]/[23,7], [23,13]/[11,2], [11,2]/[23,13], [23,19]/[11,2], [11,2]/[23,19], [23,11]/[11,2], [11,2]/[23,11], [23,17]/[11,2], [11,2]/[23,17], [11,2]/2, 2/[11,2], [[11,2]/2, [11,3]/3, [11,5]/5, [11,7]/7, [11,13]/13, [11,19]/19, [11,11]/11, [11,17]/17, [11,23]/23], [2/[11,2], 3/[11,3], 5/[11,5], 7/[11,7], 13/[11,13], 19/[11,19], 11/[11,11], 17/[11,17], 23/[11,23], 1/11], [11,2]/3, 3/[11,2], [11,2]/5, 5/[11,2], [11,2]/7, 7/[11,2], 1/[11,2], [11,5]/[11,3], [11,3]/[11,5], [11,7]/[11,3], [11,3]/[11,7], [11,13]/[11,3], [11,3]/[11,13], [11,19]/[11,3], [11,3]/[11,19], [11,11]/[11,3], [11,3]/[11,11], [11,17]/[11,3], [11,3]/[11,17], [11,23]/[11,3], [11,3]/[11,23], [17,3]/[11,3], [11,3]/[17,3], [17,5]/[11,3], [11,3]/[17,5], [17,7]/[11,3], [11,3]/[17,7], [17,13]/[11,3], [11,3]/[17,13], [17,19]/[11,3], [11,3]/[17,19], [17,11]/[11,3], [11,3]/[17,11], [17,17]/[11,3], [11,3]/[17,17], [17,23]/[11,3], [11,3]/[17,23], [23,3]/[11,3], [11,3]/[23,3], [23,5]/[11,3], [11,3]/[23,5], [23,7]/[11,3], [11,3]/[23,7], [23,13]/[11,3], [11,3]/[23,13], [23,19]/[11,3], [11,3]/[23,19], [23,11]/[11,3], [11,3]/[23,11], [23,17]/[11,3], [11,3]/[23,17], [11,3]/2, 2/[11,3], [11,3]/3, 3/[11,3], [11,3]/5, 5/[11,3], [11,3]/7, 7/[11,3], 1/[11,3], [11,7]/[11,5], [11,5]/[11,7], [11,13]/[11,5], [11,5]/[11,13], [11,19]/[11,5], [11,5]/[11,19], [11,11]/[11,5], [11,5]/[11,11], [11,17]/[11,5], [11,5]/[11,17], [11,23]/[11,5], [11,5]/[11,23], [17,5]/[11,5], [11,5]/[17,5], [17,7]/[11,5], [11,5]/[17,7], [17,13]/[11,5], [11,5]/[17,13], [17,19]/[11,5], [11,5]/[17,19], [17,11]/[11,5], [11,5]/[17,11], [17,17]/[11,5], [11,5]/[17,17], [17,23]/[11,5], [11,5]/[17,23], [23,5]/[11,5], [11,5]/[23,5], [23,7]/[11,5], [11,5]/[23,7], [23,13]/[11,5], [11,5]/[23,13], [23,19]/[11,5], [11,5]/[23,19], [23,11]/[11,5], [11,5]/[23,11], [23,17]/[11,5], [11,5]/[23,17], [11,5]/2, 2/[11,5], [11,5]/3, 3/[11,5], [11,5]/5, 5/[11,5], [11,5]/7, 7/[11,5], 1/[11,5], [11,13]/[11,7], [11,7]/[11,13], [11,19]/[11,7], [11,7]/[11,19], [11,11]/[11,7], [11,7]/[11,11], [11,17]/[11,7], [11,7]/[11,17], [11,23]/[11,7], [11,7]/[11,23], [17,7]/[11,7], [11,7]/[17,7], [17,13]/[11,7], [11,7]/[17,13], [17,19]/[11,7], [11,7]/[17,19], [17,11]/[11,7], [11,7]/[17,11], [17,17]/[11,7], [11,7]/[17,17], [17,23]/[11,7], [11,7]/[17,23], [23,7]/[11,7], [11,7]/[23,7], [23,13]/[11,7], [11,7]/[23,13], [23,19]/[11,7], [11,7]/[23,19], [23,11]/[11,7], [11,7]/[23,11], [23,17]/[11,7], [11,7]/[23,17], [11,7]/2, 2/[11,7], [11,7]/3, 3/[11,7], [11,7]/5, 5/[11,7], [11,7]/7, 7/[11,7], 1/[11,7], [11,19]/[11,13], [11,13]/[11,19], [11,13]/[11,11], [11,11]/[11,13], [11,17]/[11,13], [11,13]/[11,17], [11,23]/[11,13], [11,13]/[11,23], [17,13]/[11,13], [11,13]/[17,13], [17,19]/[11,13], [11,13]/[17,19], [17,17]/[11,13], [11,13]/[17,17], [17,23]/[11,13], [11,13]/[17,23], [23,13]/[11,13], [11,13]/[23,13], [23,19]/[11,13], [11,13]/[23,19], [23,17]/[11,13], [11,13]/[23,17], [11,13]/2, 2/[11,13], [11,13]/3, 3/[11,13], [11,13]/5, 5/[11,13], [11,13]/7, 7/[11,13], [11,13]/11, 11/[11,13], 1/[11,13], [11,19]/[11,11], [11,11]/[11,19], [11,19]/[11,17], [11,17]/[11,19], [11,23]/[11,19], [11,19]/[11,23], [17,19]/[11,19], [11,19]/[17,19], [17,23]/[11,19], [11,19]/[17,23], [23,19]/[11,19], [11,19]/[23,19], [11,19]/2, 2/[11,19], [11,19]/3, 3/[11,19], [11,19]/5, 5/[11,19], [11,19]/7, 7/[11,19], [11,19]/13, 13/[11,19], [11,19]/11, 11/[11,19], [11,19]/17, 17/[11,19], 1/[11,19], [11,17]/[11,11], [11,11]/[11,17], [11,23]/[11,11], [11,11]/[11,23], [17,13]/[11,11], [11,11]/[17,13], [17,19]/[11,11], [11,11]/[17,19], [17,11]/[11,11], [11,11]/[17,11], [17,17]/[11,11], [11,11]/[17,17], [17,23]/[11,11], [11,11]/[17,23], [23,13]/[11,11], [11,11]/[23,13], [23,19]/[11,11], [11,11]/[23,19], [23,11]/[11,11], [11,11]/[23,11], [23,17]/[11,11], [11,11]/[23,17], [11,11]/2, 2/[11,11], [11,11]/3, 3/[11,11], [11,11]/5, 5/[11,11], [11,11]/7, 7/[11,11], 1/[11,11], [11,23]/[11,17], [11,17]/[11,23], [17,19]/[11,17], [11,17]/[17,19], [17,17]/[11,17], [11,17]/[17,17], [17,23]/[11,17], [11,17]/[17,23], [23,19]/[11,17], [11,17]/[23,19], [23,17]/[11,17], [11,17]/[23,17], [11,17]/2, 2/[11,17], [11,17]/3, 3/[11,17], [11,17]/5, 5/[11,17], [11,17]/7, 7/[11,17], [11,17]/13, 13/[11,17], [11,17]/11, 11/[11,17], 1/[11,17], [17,23]/[11,23], [11,23]/[17,23], [11,23]/2, 2/[11,23], [11,23]/3, 3/[11,23], [11,23]/5, 5/[11,23], [11,23]/7, 7/[11,23], [11,23]/13, 13/[11,23], [11,23]/19, 19/[11,23], [11,23]/11, 11/[11,23], [11,23]/17, 17/[11,23], 1/[11,23], [17,3]/[17,2], [17,2]/[17,3], [17,5]/[17,2], [17,2]/[17,5], [17,7]/[17,2], [17,2]/[17,7], [17,13]/[17,2], [17,2]/[17,13], [17,19]/[17,2], [17,2]/[17,19], [17,11]/[17,2], [17,2]/[17,11], [17,17]/[17,2], [17,2]/[17,17], [17,23]/[17,2], [17,2]/[17,23], [23,2]/[17,2], [17,2]/[23,2], [23,3]/[17,2], [17,2]/[23,3], [23,5]/[17,2], [17,2]/[23,5], [23,7]/[17,2], [17,2]/[23,7], [23,13]/[17,2], [17,2]/[23,13], [23,19]/[17,2], [17,2]/[23,19], [23,11]/[17,2], [17,2]/[23,11], [23,17]/[17,2], [17,2]/[23,17], [17,2]/2, 2/[17,2], [[17,2]/2, [17,3]/3, [17,5]/5, [17,7]/7, [17,13]/13, [17,19]/19, [17,11]/11, [17,17]/17, [17,23]/23], [2/[17,2], 3/[17,3], 5/[17,5], 7/[17,7], 13/[17,13], 19/[17,19], 11/[17,11], 17/[17,17], 23/[17,23], 1/17], [17,2]/3, 3/[17,2], [17,2]/5, 5/[17,2], [17,2]/7, 7/[17,2], [17,2]/13, 13/[17,2], [17,2]/11, 11/[17,2], 1/[17,2], [17,5]/[17,3], [17,3]/[17,5], [17,7]/[17,3], [17,3]/[17,7], [17,13]/[17,3], [17,3]/[17,13], [17,19]/[17,3], [17,3]/[17,19], [17,11]/[17,3], [17,3]/[17,11], [17,17]/[17,3], [17,3]/[17,17], [17,23]/[17,3], [17,3]/[17,23], [23,3]/[17,3], [17,3]/[23,3], [23,5]/[17,3], [17,3]/[23,5], [23,7]/[17,3], [17,3]/[23,7], [23,13]/[17,3], [17,3]/[23,13], [23,19]/[17,3], [17,3]/[23,19], [23,11]/[17,3], [17,3]/[23,11], [23,17]/[17,3], [17,3]/[23,17], [17,3]/2, 2/[17,3], [17,3]/3, 3/[17,3], [17,3]/5, 5/[17,3], [17,3]/7, 7/[17,3], [17,3]/13, 13/[17,3], [17,3]/11, 11/[17,3], 1/[17,3], [17,7]/[17,5], [17,5]/[17,7], [17,13]/[17,5], [17,5]/[17,13], [17,19]/[17,5], [17,5]/[17,19], [17,11]/[17,5], [17,5]/[17,11], [17,17]/[17,5], [17,5]/[17,17], [17,23]/[17,5], [17,5]/[17,23], [23,5]/[17,5], [17,5]/[23,5], [23,7]/[17,5], [17,5]/[23,7], [23,13]/[17,5], [17,5]/[23,13], [23,19]/[17,5], [17,5]/[23,19], [23,11]/[17,5], [17,5]/[23,11], [23,17]/[17,5], [17,5]/[23,17], [17,5]/2, 2/[17,5], [17,5]/3, 3/[17,5], [17,5]/5, 5/[17,5], [17,5]/7, 7/[17,5], [17,5]/13, 13/[17,5], [17,5]/11, 11/[17,5], 1/[17,5], [17,13]/[17,7], [17,7]/[17,13], [17,19]/[17,7], [17,7]/[17,19], [17,11]/[17,7], [17,7]/[17,11], [17,17]/[17,7], [17,7]/[17,17], [17,23]/[17,7], [17,7]/[17,23], [23,7]/[17,7], [17,7]/[23,7], [23,13]/[17,7], [17,7]/[23,13], [23,19]/[17,7], [17,7]/[23,19], [23,11]/[17,7], [17,7]/[23,11], [23,17]/[17,7], [17,7]/[23,17], [17,7]/2, 2/[17,7], [17,7]/3, 3/[17,7], [17,7]/5, 5/[17,7], [17,7]/7, 7/[17,7], [17,7]/13, 13/[17,7], [17,7]/11, 11/[17,7], 1/[17,7], [17,19]/[17,13], [17,13]/[17,19], [17,13]/[17,11], [17,11]/[17,13], [17,17]/[17,13], [17,13]/[17,17], [17,23]/[17,13], [17,13]/[17,23], [23,13]/[17,13], [17,13]/[23,13], [23,19]/[17,13], [17,13]/[23,19], [23,17]/[17,13], [17,13]/[23,17], [17,13]/2, 2/[17,13], [17,13]/3, 3/[17,13], [17,13]/5, 5/[17,13], [17,13]/7, 7/[17,13], [17,13]/13, 13/[17,13], [17,13]/11, 11/[17,13], 1/[17,13], [17,19]/[17,11], [17,11]/[17,19], [17,19]/[17,17], [17,17]/[17,19], [17,23]/[17,19], [17,19]/[17,23], [23,19]/[17,19], [17,19]/[23,19], [17,19]/2, 2/[17,19], [17,19]/3, 3/[17,19], [17,19]/5, 5/[17,19], [17,19]/7, 7/[17,19], [17,19]/13, 13/[17,19], [17,19]/11, 11/[17,19], [17,19]/17, 17/[17,19], 1/[17,19], [17,17]/[17,11], [17,11]/[17,17], [17,23]/[17,11], [17,11]/[17,23], [23,13]/[17,11], [17,11]/[23,13], [23,19]/[17,11], [17,11]/[23,19], [23,11]/[17,11], [17,11]/[23,11], [23,17]/[17,11], [17,11]/[23,17], [17,11]/2, 2/[17,11], [17,11]/3, 3/[17,11], [17,11]/5, 5/[17,11], [17,11]/7, 7/[17,11], [17,11]/13, 13/[17,11], [17,11]/11, 11/[17,11], 1/[17,11], [17,23]/[17,17], [17,17]/[17,23], [23,19]/[17,17], [17,17]/[23,19], [23,17]/[17,17], [17,17]/[23,17], [17,17]/2, 2/[17,17], [17,17]/3, 3/[17,17], [17,17]/5, 5/[17,17], [17,17]/7, 7/[17,17], [17,17]/13, 13/[17,17], [17,17]/11, 11/[17,17], 1/[17,17], [17,23]/2, 2/[17,23], [17,23]/3, 3/[17,23], [17,23]/5, 5/[17,23], [17,23]/7, 7/[17,23], [17,23]/13, 13/[17,23], [17,23]/19, 19/[17,23], [17,23]/11, 11/[17,23], [17,23]/17, 17/[17,23], 1/[17,23], [23,3]/[23,2], [23,2]/[23,3], [23,5]/[23,2], [23,2]/[23,5], [23,7]/[23,2], [23,2]/[23,7], [23,13]/[23,2], [23,2]/[23,13], [23,19]/[23,2], [23,2]/[23,19], [23,11]/[23,2], [23,2]/[23,11], [23,17]/[23,2], [23,2]/[23,17], [23,2]/2, 2/[23,2], [23,2]/3, 3/[23,2], [23,2]/5, 5/[23,2], [23,2]/7, 7/[23,2], [23,2]/13, 13/[23,2], [23,2]/19, 19/[23,2], [23,2]/11, 11/[23,2], [23,2]/17, 17/[23,2], 1/[23,2], [23,5]/[23,3], [23,3]/[23,5], [23,7]/[23,3], [23,3]/[23,7], [23,13]/[23,3], [23,3]/[23,13], [23,19]/[23,3], [23,3]/[23,19], [23,11]/[23,3], [23,3]/[23,11], [23,17]/[23,3], [23,3]/[23,17], [23,3]/2, 2/[23,3], [23,3]/3, 3/[23,3], [23,3]/5, 5/[23,3], [23,3]/7, 7/[23,3], [23,3]/13, 13/[23,3], [23,3]/19, 19/[23,3], [23,3]/11, 11/[23,3], [23,3]/17, 17/[23,3], 1/[23,3], [23,7]/[23,5], [23,5]/[23,7], [23,13]/[23,5], [23,5]/[23,13], [23,19]/[23,5], [23,5]/[23,19], [23,11]/[23,5], [23,5]/[23,11], [23,17]/[23,5], [23,5]/[23,17], [23,5]/2, 2/[23,5], [23,5]/3, 3/[23,5], [23,5]/5, 5/[23,5], [23,5]/7, 7/[23,5], [23,5]/13, 13/[23,5], [23,5]/19, 19/[23,5], [23,5]/11, 11/[23,5], [23,5]/17, 17/[23,5], 1/[23,5], [23,13]/[23,7], [23,7]/[23,13], [23,19]/[23,7], [23,7]/[23,19], [23,11]/[23,7], [23,7]/[23,11], [23,17]/[23,7], [23,7]/[23,17], [23,7]/2, 2/[23,7], [23,7]/3, 3/[23,7], [23,7]/5, 5/[23,7], [23,7]/7, 7/[23,7], [23,7]/13, 13/[23,7], [23,7]/19, 19/[23,7], [23,7]/11, 11/[23,7], [23,7]/17, 17/[23,7], 1/[23,7], [23,19]/[23,13], [23,13]/[23,19], [23,13]/[23,11], [23,11]/[23,13], [23,17]/[23,13], [23,13]/[23,17], [23,13]/2, 2/[23,13], [23,13]/3, 3/[23,13], [23,13]/5, 5/[23,13], [23,13]/7, 7/[23,13], [23,13]/13, 13/[23,13], [23,13]/19, 19/[23,13], [23,13]/11, 11/[23,13], [23,13]/17, 17/[23,13], 1/[23,13], [23,19]/[23,11], [23,11]/[23,19], [23,19]/[23,17], [23,17]/[23,19], [23,19]/2, 2/[23,19], [23,19]/3, 3/[23,19], [23,19]/5, 5/[23,19], [23,19]/7, 7/[23,19], [23,19]/13, 13/[23,19], [23,19]/19, 19/[23,19], [23,19]/11, 11/[23,19], [23,19]/17, 17/[23,19], 1/[23,19], [23,17]/[23,11], [23,11]/[23,17], [23,11]/2, 2/[23,11], [23,11]/3, 3/[23,11], [23,11]/5, 5/[23,11], [23,11]/7, 7/[23,11], [23,11]/13, 13/[23,11], [23,11]/19, 19/[23,11], [23,11]/11, 11/[23,11], [23,11]/17, 17/[23,11], 1/[23,11], [23,17]/2, 2/[23,17], [23,17]/3, 3/[23,17], [23,17]/5, 5/[23,17], [23,17]/7, 7/[23,17], [23,17]/13, 13/[23,17], [23,17]/19, 19/[23,17], [23,17]/11, 11/[23,17], [23,17]/17, 17/[23,17], 1/[23,17], 3/2, 2/3, 5/2, 2/5, 7/2, 2/7, 13/2, 2/13, 19/2, 2/19, 11/2, 2/11, 17/2, 2/17, 23/2, 2/23, 5/3, 3/5, 7/3, 3/7, 13/3, 3/13, 19/3, 3/19, 11/3, 3/11, 17/3, 3/17, 23/3, 3/23, 7/5, 5/7, 13/5, 5/13, 19/5, 5/19, 11/5, 5/11, 17/5, 5/17, 23/5, 5/23, 13/7, 7/13, 19/7, 7/19, 11/7, 7/11, 17/7, 7/17, 23/7, 7/23, 19/13, 13/19, 13/11, 11/13, 17/13, 13/17, 23/13, 13/23, 19/11, 11/19, 19/17, 17/19, 23/19, 19/23, 17/11, 11/17, 23/11, 11/23, 23/17, 17/23), Pn(119)}
limit of the container: O210/[23,23] = MM[O210] (1D) over MM[23,23] (2D)
rail after: 2 3 5 7 13 19 11 17 23 29 31 41 37 43 47 59 61 103 53 71 89 67 83 109 149 79 127 73 107 131 97 157 101 191 181 137 113 233 293 151 139 229 199 193 167 227 239 211 163 197 277 173 179 251 241 223 337 263 313 349 311 O161 O162 O163 O164 O165 O166 O167 O168 O169 O170 O171 O172 O173 O174 O175 O176 O177 O178 O179 O180 O181 O182 O183 O184 O185 O186 O187 O188 O189 O190 O191 O192 O193 O194 O195 O196 O197 O198 O199 O200 O201 O202 O203 O204 O205 O206 O207 O208 O209 O210 O211 O212 O213 O214 O215 O216 O217 O218
seal sha256 c4d5bffc56a8fa6cf25c09581d2f62f5d1974f622feb347bb976d4ba151d6d09
